{"type":"FeatureCollection","features":[{"type":"Feature","id":76,"geometry":{"type":"MultiLineString","coordinates":[[[106.79849229959713,-6.239933899856922],[106.79849839919525,-6.2399602993393],[106.79850959957719,-6.240000799364239],[106.79851839960783,-6.2400437995185367],[106.79851949977373,-6.2401183992412257],[106.79851929968748,-6.2401860999470138],[106.79851839985727,-6.2403018994094932],[106.79851309963965,-6.2403744992335195],[106.79849759945914,-6.2404704998748075],[106.79848849990537,-6.2405237992624478],[106.79848769943031,-6.2408016999447096],[106.79848719987156,-6.2415070996270208],[106.7984879000204,-6.2417072993806659],[106.79849289956728,-6.2419660992003205],[106.79849859918488,-6.2420992997704889],[106.79850679986767,-6.2421940991555953],[106.79852289943014,-6.2422668998353723],[106.79854949929894,-6.2423261994990114],[106.79862039939754,-6.2424120999414203],[106.79869700003204,-6.242514399997364],[106.79877339998671,-6.2426163996259527],[106.79889819958365,-6.2427589999462683],[106.79902329919277,-6.2428909994200845],[106.79919009991271,-6.2430435992236895],[106.79935279951194,-6.2431453995453046],[106.79959189987528,-6.2432598991732222],[106.7998760994753,-6.2433480999133053],[106.80200979961089,-6.2433512999706773],[106.8022375994901,-6.243354299455131],[106.80234329971847,-6.2433449996362924],[106.80240689999553,-6.2433149998229105],[106.8024488998156,-6.2432733991533782],[106.80247329954636,-6.2432223991862568],[106.80248239941666,-6.2431613998025535],[106.80246659993277,-6.2430739994257536],[106.80237779966939,-6.2428062997604208],[106.80234959926899,-6.2426555992224539],[106.80239689941548,-6.242204699709764],[106.80239819991866,-6.2419206991911063],[106.80234319967605,-6.2417378996279336],[106.80232459963528,-6.2416838994276604],[106.80231859918099,-6.2416455997440217],[106.80231839998392,-6.2416097992582884],[106.80231879935253,-6.241128499788493],[106.80231819960711,-6.2410682994571012],[106.80232449989734,-6.2405564997348018],[106.80232859931586,-6.2402183995015879],[106.80226299927254,-6.240127699273839],[106.80221869969618,-6.2400763991932839],[106.80218229992907,-6.2400406999922611],[106.80217339981704,-6.2400337998799253],[106.80215989926634,-6.2400235998665838],[106.80201459936195,-6.2399447992449906],[106.80160089974112,-6.2399528994109694],[106.80141359949852,-6.2399564995740402],[106.80130149924132,-6.2399594997515573],[106.80121349984582,-6.2399617999170589],[106.8010790996111,-6.2399366992186884],[106.8009341999237,-6.239935899998855],[106.80061549924294,-6.2399339997047951],[106.79910369932449,-6.239934599883342],[106.79861469943101,-6.2399347992061971],[106.79853979961898,-6.2399346996807683],[106.79849229959713,-6.239933899856922]],[[106.79849229959713,-6.239933899856922],[106.79845889970498,-6.2399333999877209],[106.79843309974889,-6.2399278993252674],[106.79842109920536,-6.2399200992090327],[106.79840919949736,-6.2399060996459408],[106.79840399922375,-6.2398872000267813],[106.798401499373,-6.2398644999280304],[106.79840209926012,-6.2398098995111688],[106.79840239931031,-6.2397873996261506],[106.79841079953469,-6.2397446996837047],[106.7984107000062,-6.2396664996861837],[106.79841279951174,-6.2386223999196622],[106.7984204000081,-6.2377257993081088],[106.79841569982794,-6.2372301992940038],[106.79841589999383,-6.236785299245776],[106.79841719916234,-6.2367120991336416],[106.79841379969309,-6.2365799991930917],[106.7984130995747,-6.2365362995567679],[106.79841259925576,-6.2364199994130125],[106.79841409947691,-6.236121599299171],[106.79841339915939,-6.2356122998359886],[106.79840789919923,-6.2352760996839374],[106.79838859952847,-6.2348815994796549],[106.79838639968828,-6.2346387995336983],[106.79838479920998,-6.2343090998134221],[106.79838739923707,-6.2338936996459724],[106.7983814995187,-6.2334320992354684],[106.798382199513,-6.233154599368798],[106.79838459984711,-6.2328796995632842],[106.7983841995762,-6.2324926992494483],[106.79838689930655,-6.2322305998881351],[106.79839499961746,-6.2320679995614547],[106.79841169940271,-6.2318216992181608],[106.79845009937681,-6.2315243992809561],[106.79850669973425,-6.2312263998247852],[106.79858729968682,-6.2309131996251033],[106.79866479948686,-6.2306678999277558],[106.79876229999223,-6.2304079999396196],[106.79881769936662,-6.2302741993989841],[106.79896569998607,-6.229963499988366],[106.79906739977184,-6.2297573992314454],[106.79916739958657,-6.2295564997294068],[106.79919099966692,-6.2294982999598298],[106.7992211995377,-6.2294218999250486],[106.79923189997507,-6.2293679992621653],[106.79924029921743,-6.2293334994228493],[106.79924929937599,-6.2292960996231361],[106.79926219920779,-6.2292334995157397],[106.79928069960653,-6.2291765992785546],[106.7993292997017,-6.2290947999775153],[106.79938419936508,-6.2290323992921603],[106.79948849917771,-6.2289641997204281],[106.79963019979017,-6.2289091993399293],[106.79972249989093,-6.2288659998207283],[106.79978540002857,-6.2288188995741587],[106.7999108992428,-6.2287227994982963],[106.80021859966203,-6.2284371996440901],[106.8005234995999,-6.2281703991380111],[106.8008370998301,-6.2279153992052398],[106.80094579998581,-6.2278311993491808],[106.80159309914187,-6.2273571993132206],[106.80223819950913,-6.2268722991384173],[106.80397509962796,-6.2255462991976609],[106.80491149935926,-6.2248343997877722],[106.80544039979931,-6.2244270992633357],[106.80567529931919,-6.2242433994914874],[106.8058735992869,-6.2241046000029083],[106.80600309976388,-6.2240214993084084],[106.80680780003834,-6.2234884997823929],[106.80709609972375,-6.2233206995758739],[106.80762619944039,-6.222993799843902],[106.80842999954487,-6.2224704991667315],[106.80889269975374,-6.2221376999975009],[106.80963789966725,-6.2215545992569004],[106.81025829972683,-6.2210444997500227],[106.81040159934955,-6.2209337997943299],[106.81069370003792,-6.2207448998087251],[106.81343419989747,-6.2185737996078814],[106.81423209978811,-6.2179497991426631],[106.81448919946207,-6.2177394995132387],[106.81532599964966,-6.2170526995461621],[106.81557049998506,-6.2168613999134923],[106.81621669978163,-6.2163647995254019],[106.81661089914439,-6.2160413992841503],[106.81669959927724,-6.2159684998059097],[106.81697809920777,-6.2157568998992092],[106.81706519980477,-6.2156891994811607],[106.81795049959224,-6.2149726991658039],[106.81821059937884,-6.21474449998962],[106.81862290000608,-6.2143356995513077],[106.81884109964557,-6.2141020999380014],[106.81910709991992,-6.2137677995236107],[106.81927989972942,-6.2135506999294412],[106.8195171996129,-6.2132202993577836],[106.8198721991922,-6.2126500994876528],[106.82001029920436,-6.2124060997379598],[106.82044520002522,-6.2115823000120125],[106.82094369948901,-6.2105967991830067],[106.82122159932314,-6.2100457999040346],[106.82147069936343,-6.2095219997300886],[106.82163399952992,-6.2091342994035132],[106.82174639923589,-6.2087969994624705],[106.82187789924212,-6.2082784993944955],[106.82196689926893,-6.2078336994345138],[106.82203639991366,-6.20739829952148],[106.82212089966545,-6.2066080992773891],[106.82225189984283,-6.2052201993300304],[106.8223177996673,-6.2046574000193653],[106.82238159952207,-6.2042464994739506],[106.82253499990983,-6.2034514998258512],[106.82261259971159,-6.2031844992693159],[106.82268529937144,-6.2029396995221875],[106.82271049953165,-6.2028429998670873],[106.82295099973891,-6.2016924999352607],[106.82306109976945,-6.2011176995120465],[106.82310509927875,-6.2008365992000991],[106.82312349975894,-6.2006843993827783],[106.8231496991619,-6.2001108994508831],[106.82314159956088,-6.1996842995071617],[106.82311350002072,-6.1986284994872731],[106.8231058997489,-6.1983021997522059],[106.82310339934315,-6.1979544996303702],[106.82309749960925,-6.1976889998191096],[106.82309439940755,-6.1975517991781839],[106.82307569913937,-6.1966372992423873],[106.82307329914404,-6.196513499675131],[106.82304609971922,-6.1957050995216543],[106.82303309934669,-6.1956362994007375],[106.82301319968613,-6.1956015995588585],[106.82299469987922,-6.1955677999787984],[106.82291749958422,-6.1954739000174053],[106.82278419938217,-6.1953765996673198],[106.82269099996587,-6.1952827998494362],[106.82261919980154,-6.1951680996818572],[106.82258369974059,-6.1950387998031404],[106.82257879951391,-6.1949516993284712],[106.82259649923267,-6.194830799957475],[106.82264809976124,-6.1947199000005595],[106.82269749980013,-6.1946464992503252],[106.82274009957648,-6.1945920996077328],[106.82282589995529,-6.1944948997269993],[106.82292139981324,-6.1943923996878585],[106.82296839938932,-6.1942955998845042],[106.82299559950224,-6.1941916998290205],[106.8229914997837,-6.1940666999188805],[106.82298809922312,-6.1936830998160124],[106.82297879981573,-6.1932106992077252],[106.82297729952191,-6.1926756992336385],[106.82298189960815,-6.1921680992151664],[106.82296649932863,-6.1913273991259423],[106.82295399933233,-6.1908693994121728],[106.82290630001532,-6.1904999995848851],[106.82290229991668,-6.1904145000198572],[106.82290619979602,-6.189560999137103],[106.82291109965489,-6.1890319998045786],[106.82292019978932,-6.1887066995207194],[106.82296819915547,-6.1883711000280917],[106.82298099957927,-6.1880738996718927],[106.82302909917858,-6.1871217994752206],[106.82303139941438,-6.1870487992935468],[106.82303709940882,-6.1869657999127989],[106.82304359977273,-6.1868803999096675],[106.82305180002488,-6.1867245000232058],[106.8230418999992,-6.186607999338948],[106.82302629970225,-6.1864926999747416],[106.82299189953191,-6.1863536997900628],[106.82300409988451,-6.1861807994189846],[106.82301359944415,-6.1859083992750588],[106.82300719929572,-6.1857058994609275],[106.82300749953771,-6.1855796999203836],[106.82300819964627,-6.1853038995302834],[106.82300849992966,-6.1852248997666663],[106.82300549954599,-6.1851950993929883],[106.82299729977785,-6.1851441998384082],[106.8229763995717,-6.1850184998251931],[106.82293509947687,-6.1846153999868267],[106.82293209975113,-6.1844955997670139],[106.82291119945076,-6.1839921993063607],[106.82290119965654,-6.1835605999994527],[106.82289819939544,-6.1834334994558287],[106.82289669946459,-6.1833674997685311],[106.82289259987961,-6.1832807997617705],[106.82288449943378,-6.183150199465369],[106.82284049954076,-6.1824460996195372],[106.82279479917598,-6.181713599965434],[106.82277869941254,-6.1814382992640304],[106.82275089921666,-6.18101549977745],[106.82274729946482,-6.180993999968531],[106.82274279916939,-6.180930599214105],[106.82268959942559,-6.1809032992134929],[106.82267219959927,-6.1808891994831656],[106.82263399939232,-6.1808580993280113],[106.8225885996177,-6.1807976996203839],[106.82255949933297,-6.1807368995302729],[106.82254439964116,-6.1806670991827346],[106.82254529955217,-6.1805955992803678],[106.82256209913761,-6.1805261995183898],[106.8225940995805,-6.1804621998172324],[106.82263209998216,-6.1804132991771104],[106.82266499953523,-6.1803804995081908],[106.82267009986087,-6.1802921991793047],[106.82269309973002,-6.17975879935112],[106.82276379999099,-6.1772098991254936],[106.82278829977353,-6.1761777994833702],[106.82280029949344,-6.1756636999218451],[106.82283799991819,-6.1744661993197489],[106.82284029956686,-6.1743006991930658],[106.82288919956409,-6.1721120991226899],[106.82289069938462,-6.1718581995242445],[106.82286659980774,-6.1717435999682326],[106.82280679982877,-6.1715566999522045],[106.82271919992696,-6.1713875997750858],[106.8226427994867,-6.1712685996042991],[106.82248829924025,-6.1711436993975477],[106.82243319957159,-6.1711194996722947],[106.82238309948863,-6.1711108997606869],[106.82200959930053,-6.1710972999518283],[106.8219427994177,-6.1710836991851901],[106.82185439998908,-6.1710564993678245],[106.82177429951305,-6.1710271996635342],[106.82170059935309,-6.1709810992402661],[106.82164789938966,-6.1709349992763913],[106.8215994996276,-6.1708721998192591],[106.82153899962175,-6.1707578991539265],[106.82150279931295,-6.1706700999454833],[106.82146699956449,-6.1705778996365153],[106.82137019956656,-6.1700904996770802],[106.82130099949607,-6.1697321994731347],[106.82121159916068,-6.1692008997850367],[106.82093369978955,-6.1678792992700746],[106.82092489944436,-6.1678482997982504],[106.8208958998254,-6.1677461997835543],[106.82086559968468,-6.1676780994655616],[106.82083619933005,-6.1676038992028639],[106.8207954992012,-6.1675114993979223],[106.82059958992798,-6.1668261768600159],[106.82010419773506,-6.1646496503994026],[106.81976359993773,-6.1631531992569597],[106.81901539955365,-6.1597970993135274],[106.81783309955547,-6.1545927000190481],[106.81777979992684,-6.1543814998111301],[106.8176987995237,-6.1540565993398983],[106.81764579930127,-6.1538241995808303],[106.81760089966504,-6.1536275994261525],[106.81757459948508,-6.1534586996657072],[106.81751829941811,-6.1532132999482432],[106.81748969931463,-6.1530818997954499],[106.81748660003525,-6.1530662996887457],[106.81737839975878,-6.1526049994138807]],[[106.82306149973742,-6.1803721994071505],[106.8230137992183,-6.1802825991310506],[106.82299589951062,-6.1801939997480417],[106.82294229916468,-6.180020899154484],[106.82291309980427,-6.1798466994913293],[106.82289859964796,-6.1796194999702463],[106.82298589926774,-6.1761774993800849],[106.82299499936585,-6.1756677995747049],[106.82302639962001,-6.1748085991306221],[106.82303509927894,-6.1745139996382878],[106.8230402000319,-6.1742606998673697],[106.82309279917691,-6.1721202998247673],[106.82309459918957,-6.1716360992587704],[106.82307639923148,-6.1714932999656149],[106.8230195996056,-6.1713782997358164],[106.82296129966852,-6.1713008993715324],[106.82289459992663,-6.1712425995426248],[106.82272479984553,-6.1711725991379822],[106.82237969973994,-6.1710296991759446],[106.82218829963989,-6.1709305992426158],[106.8220439995865,-6.1708160999410291],[106.82184399984483,-6.1706045994256682],[106.82157129920574,-6.1701638999861759],[106.82153509983223,-6.1700461996390805],[106.82146479926111,-6.1696989993102784],[106.82123099953138,-6.1686240995913035],[106.82110099986927,-6.1679893000237822],[106.82105899980814,-6.1678238996375594],[106.82102609962422,-6.1676943992207747],[106.82098569929167,-6.1676069994224259],[106.82095499999075,-6.1675174995045383],[106.82093509960829,-6.1674444991668382],[106.82092466156296,-6.1674180560165794],[106.82089469965646,-6.1673706999837528],[106.82088089970982,-6.1672771991685691],[106.82087679952926,-6.1672497994298148],[106.82085609944092,-6.167149999287572],[106.8207817997199,-6.1668707991636378],[106.82071169968127,-6.166606299233198],[106.82060119984713,-6.166090799336664],[106.82052529970935,-6.1657535997576831],[106.82044939942556,-6.1654133991746214],[106.82041969920603,-6.1652609993475593],[106.82040799916747,-6.1652024992458188],[106.82039289973163,-6.1651262997228065],[106.82037069956102,-6.1649756997960452],[106.8203063995569,-6.1646370996745308],[106.8202746994305,-6.1644796993008084],[106.8201234999831,-6.163727999516289],[106.82004429956311,-6.1633893995059417],[106.81995720000431,-6.163053499173464],[106.81994070000461,-6.1630086992444921],[106.81992839932698,-6.162975899690192],[106.81989729947085,-6.1628929996278519],[106.81986669968346,-6.1627717995847275],[106.81980269977943,-6.162477499285032],[106.81969769957118,-6.1619766998687604],[106.81965549927754,-6.1617194994637154],[106.81947569981745,-6.160916399980592],[106.81934539964067,-6.1603627994140258],[106.81929759979955,-6.1601472996962245],[106.81922869960627,-6.1598536993946889],[106.81920449957164,-6.1597609996815486],[106.81917869966188,-6.1596515998271677],[106.81914939965604,-6.1595245994133272],[106.81893239969921,-6.1586326992554996],[106.81885629919555,-6.1582833997078614],[106.81884639968818,-6.1582504996590002],[106.81883159987657,-6.1581962994058905],[106.81880559958184,-6.158111299426591],[106.81878099952966,-6.1580230993004097],[106.81860719944919,-6.157282999476501],[106.8185556999367,-6.1570206991670684],[106.81851999921729,-6.1568637993559756],[106.81850769947755,-6.1568024999785118],[106.81850519946298,-6.1567901999134707],[106.81850059975893,-6.1567658995097414],[106.81846599951312,-6.1565821996899706],[106.81839839963126,-6.1562061994444379],[106.81835049946275,-6.1559395991628039],[106.81833489988864,-6.1558703994459707],[106.81750196772298,-6.1522264401492368],[106.81696559999759,-6.1500036995792202],[106.81694029927655,-6.1498705999640055],[106.816927899842,-6.1498116995664933],[106.81685279962809,-6.1495093992676058],[106.81679879955738,-6.1492872993519549],[106.81671789940313,-6.1489446995171635],[106.81666359952101,-6.1487129999878967],[106.81619939948796,-6.1469685999492389],[106.8161429999101,-6.1467179991474641],[106.81605759931047,-6.1464003994528147],[106.81583170003064,-6.1456050994262368],[106.81568709960226,-6.1450368999621414],[106.8155519000166,-6.1445021999710816],[106.81536989989732,-6.1439367999747692],[106.81532339927543,-6.143787599856438],[106.81520179948538,-6.143404099328448],[106.81509409944462,-6.1430734000023497],[106.81500859923925,-6.1428007993630738],[106.81498509939061,-6.1427124999564473],[106.8138258053481,-6.1386130909008694],[106.81382419957725,-6.1384935997012455],[106.81381429952864,-6.1384273992421381],[106.81382099953343,-6.1383770995138169],[106.81382849984419,-6.1382957999212326],[106.81377230000142,-6.1381203992222577],[106.81367629990628,-6.1378153995788711],[106.8135861992816,-6.1375224995480417],[106.81358159969994,-6.1374886996384204],[106.81358439996829,-6.1374402992499189],[106.81362249963269,-6.1373715997222273],[106.81362979942318,-6.1373583992511227],[106.81367569999688,-6.137322899258816],[106.81378359932594,-6.1372836999411264],[106.81391409997237,-6.1372390992883874],[106.81406389929012,-6.1371901998257998],[106.81409899999882,-6.13717259942303],[106.81419489967737,-6.1370911991567976],[106.81423839997738,-6.1370679996147475],[106.81434369936167,-6.1370346997621592],[106.81445079984182,-6.1369991993427018],[106.81453289983413,-6.1369728996071213],[106.81477749944098,-6.1369742992048435],[106.81482249956052,-6.1369719992072067],[106.81487129917208,-6.1369637992033024],[106.81507949971729,-6.1369031994119858],[106.81536989922844,-6.1368164991915988],[106.81544489953295,-6.1367765992196501],[106.81546769934465,-6.1367158992812616],[106.81548099996249,-6.1366038994053556],[106.81548879917514,-6.136580799160356],[106.81550069938665,-6.1364972992964351],[106.8154913992491,-6.1364137998940631],[106.81545589915699,-6.1362866993271901],[106.8152073994965,-6.1354517993327073],[106.81512809915071,-6.1351851991317661],[106.81502829969523,-6.13484999944564],[106.8149680993926,-6.1346476994682098],[106.81478179950611,-6.1340220994538495],[106.81468699949409,-6.133703600026835],[106.81466729952975,-6.1336372998648745],[106.81457579931089,-6.1333298997780163],[106.81455809928688,-6.1332704998718972],[106.81454569924718,-6.1332449996593486],[106.81452019979277,-6.1332406998644586],[106.81449219944732,-6.1332223991503358],[106.81443369991126,-6.1332276996239505],[106.81406219990713,-6.1333551998359752],[106.81289969952175,-6.1337207997991445],[106.81245559943589,-6.1338603995873058],[106.81211939945433,-6.1339598996795681],[106.81181549951029,-6.1340508995051621],[106.81163299931214,-6.1340836994823142],[106.8115227993454,-6.1341169998866674],[106.81132309928736,-6.134174799839216],[106.81122939918068,-6.1342018995600744],[106.81120059994377,-6.134210799186965],[106.81117309964594,-6.1342193996521734],[106.81111239980538,-6.1342352997472931],[106.81109319926526,-6.13425929931247],[106.81108879993107,-6.1343288992162162],[106.81113619991457,-6.1344966999553456],[106.81123479943851,-6.1348458992029338],[106.81129709940366,-6.1350999998724705],[106.81136019995111,-6.1351756998048597],[106.81138119969819,-6.135223299997258],[106.81140909989831,-6.1353306993956789],[106.81144099995518,-6.135456199654941],[106.8116314993312,-6.1362538996757614],[106.81167389924285,-6.136463299632009],[106.81167649962715,-6.1365326995162599],[106.81166769968328,-6.1365863997766201],[106.81168969927054,-6.1366667993927226],[106.81172159983475,-6.1367257996600202],[106.81176489971567,-6.1367771996629124],[106.81183949924116,-6.1368353998682963],[106.81189079969,-6.1368448991724076],[106.81195659999176,-6.1368414991488773],[106.81222289987373,-6.1367709991299186],[106.81224749917153,-6.1367638993947047],[106.81231049977174,-6.1367478999833986],[106.81302909952679,-6.1365574998463996],[106.81308419967183,-6.1365461999311828],[106.81313829949582,-6.1365430998033874],[106.813186499346,-6.1365626992534965],[106.81322050003372,-6.1366060996566629],[106.81338539914586,-6.1371440998411],[106.81342059961108,-6.1372590992136349],[106.81348329958969,-6.1374637997022514],[106.81350609981561,-6.1375382993673231],[106.8136744000066,-6.1380874996093455],[106.81368829970101,-6.1381329997516803],[106.81370529985493,-6.138188399218576],[106.81377649941707,-6.1384011993917982],[106.8137890748811,-6.1385014648731424],[106.81378249805223,-6.1385713505686192],[106.81377386411901,-6.1386275846636993],[106.81435460823495,-6.140632389487763],[106.81494289997715,-6.142821399863565],[106.81511439973372,-6.1434152995214433],[106.8152330000306,-6.143822199618282],[106.81527490002618,-6.1439658998707154],[106.81544779945382,-6.1445235991781892],[106.81557749963783,-6.1450349999900507],[106.81567579945566,-6.1453942994080766],[106.8159609999084,-6.1464906999450104],[106.81606559971048,-6.1469942993478774],[106.81649649999083,-6.1487763996062661],[106.81662659959477,-6.1493230991280514],[106.81673419915313,-6.149767999302755],[106.81673999983509,-6.1497961999314184],[106.81673979972042,-6.1498256000204581],[106.81677634303311,-6.1499677140735205],[106.81679469937832,-6.1500390999287049],[106.81682989927032,-6.1501872991438011],[106.81685829957843,-6.150293799914099],[106.81693859920765,-6.1506676998471743],[106.81707099952584,-6.15124049932232],[106.8171845994618,-6.1517525999716964],[106.81730029993693,-6.1522539996436754],[106.81736529999151,-6.1525460996373367]],[[106.8231215996753,-6.1804455995261263],[106.82314579999317,-6.1804829991341608],[106.82317329989132,-6.1805507993705371],[106.82318449991463,-6.1806230995368425],[106.82317889974914,-6.1806959998254776],[106.82315669958587,-6.1807656993092648],[106.82312949921938,-6.1808143992833147],[106.82310319965876,-6.1808465000196362],[106.82309409932775,-6.1808575992485721],[106.82305169975253,-6.1808939994041197],[106.8230506995444,-6.1809659996380182],[106.82305069989366,-6.1809974993161267],[106.82302880003671,-6.1810775994077254],[106.82302769971682,-6.181132499311472],[106.82307309946572,-6.1818581996067703],[106.82307849954314,-6.181970099957069],[106.82308169957484,-6.1820349997542188],[106.8231028996248,-6.1824698997408358],[106.82310609973625,-6.1825392996191226],[106.82310699997333,-6.1825591992461577],[106.82311349951458,-6.1826839993058487],[106.82312189981548,-6.182799799912968],[106.82315609919176,-6.1831400992851693],[106.82316949932348,-6.183273599144183],[106.82317609935562,-6.1833630998333282],[106.82317779968463,-6.1834147992839679],[106.82319799969427,-6.1837390993567194],[106.82320439958924,-6.1838418993420143],[106.82321939947253,-6.1840166991541121],[106.82324749996025,-6.184460599942355],[106.82326009927544,-6.1846566995033756],[106.82326909962065,-6.1848296997827639],[106.82327849969937,-6.1851543994510285],[106.82327959942775,-6.1852208995975504],[106.82327819947412,-6.1854558996206217],[106.82327739937392,-6.1855914997614114],[106.82326619997671,-6.1857184998238743],[106.82325699989973,-6.1858562997249846],[106.82324669965358,-6.1860141996084907],[106.82316359960258,-6.1862723991507336],[106.82313579920852,-6.1868827995256837],[106.82313259943651,-6.1869717000082076],[106.82312799930376,-6.1870547995886547],[106.82312550004029,-6.1871292995784382],[106.82307049923607,-6.1880787995109596],[106.82305889955047,-6.1883926000072718],[106.82305709947124,-6.1885028993315494],[106.82307569947245,-6.1887438995065063],[106.82306539935873,-6.1890345992769822],[106.8230547997681,-6.1895643993499805],[106.82303219971509,-6.1903357992558687],[106.82302179983446,-6.1905090994181116],[106.82301879938018,-6.1908683992281208],[106.82303019987872,-6.1913334995763529],[106.82306539976997,-6.1927398994803413],[106.82307849989654,-6.193209899986595],[106.82309099940665,-6.1936835997179749],[106.82310259945714,-6.1941887000140179],[106.82311029950603,-6.1942254997081223],[106.82315199982506,-6.194318399633457],[106.8232244998493,-6.1944145997065592],[106.8233170994851,-6.1945318992151872],[106.82336169993816,-6.1946002995510439],[106.82340319935646,-6.1946635992386518],[106.82342899980932,-6.1947017996409919],[106.82344489975794,-6.19472569928997],[106.82346059982996,-6.194749799447683],[106.82346519921954,-6.1947586997074406],[106.82347359916771,-6.1947753998732269],[106.82348639952606,-6.1948011999035497],[106.82349639929792,-6.194828099995096],[106.82350599951863,-6.1948551994758381],[106.82351289931185,-6.1948830993906761],[106.82351919988982,-6.1949111993814174],[106.82352289951444,-6.1949395994621987],[106.82352569940686,-6.1949682992033077],[106.82352619998102,-6.1949969996155598],[106.8235255992204,-6.1950256992961723],[106.82352279998199,-6.1950542998407014],[106.8235187996906,-6.1950827996304918],[106.82351659918514,-6.1950928996033268],[106.82351279955417,-6.1951108994214232],[106.82350539981945,-6.1951386993178952],[106.82349619922005,-6.1951658996056924],[106.82348549985137,-6.1951925996121551],[106.82347339951291,-6.1952185991828426],[106.8234594997726,-6.195243899683347],[106.82344449922566,-6.1952682997945256],[106.82342779942965,-6.1952916993970648],[106.82341009946082,-6.195314299535581],[106.82335239953777,-6.1953695992625688],[106.8233297996543,-6.1953883997186754],[106.8232993994928,-6.1954106999337908],[106.82326019941638,-6.1954455993427322],[106.82323579968843,-6.1954690995600989],[106.82319670003781,-6.1955071993983903],[106.82316959922969,-6.1955399993029481],[106.82315039958524,-6.1955749999343395],[106.823136799596,-6.1955962993271241],[106.82311719948989,-6.195636499436044],[106.82311429968487,-6.1956844994134581],[106.82313569955315,-6.1965143999671763],[106.82314069929863,-6.1967706992817515],[106.82314879980372,-6.1970990995212762],[106.82315699974433,-6.1974345998981537],[106.82316159997411,-6.1975823995435251],[106.82316609931962,-6.1977266000180649],[106.82316909966372,-6.1979609998293075],[106.82317669927366,-6.1983762993329856],[106.82321279915263,-6.1996556996291128],[106.82319539987763,-6.2002142992059834],[106.82319039995944,-6.200384699165908],[106.82317269999767,-6.2006960992020481],[106.82314619955112,-6.2008965998982744],[106.82310809991353,-6.2011850995642126],[106.82301449937889,-6.2017096994658782],[106.8227678993821,-6.2028702992190166],[106.82273799966808,-6.2029954992796403],[106.82267789978339,-6.2031978995769643],[106.82263689966847,-6.2033708999986237],[106.82257369976969,-6.203629799325757],[106.82252349970466,-6.2039303997049409],[106.82246729991354,-6.204256599856584],[106.82242659948781,-6.2045212998254398],[106.82234509947268,-6.2052376998667098],[106.82228129919449,-6.2058337999709634],[106.82224369982498,-6.206162199309265],[106.82217859998718,-6.2067381995785427],[106.82214399930518,-6.2070452998009609],[106.82211149975417,-6.2074292992471083],[106.82205869973258,-6.2077404992762615],[106.8219915996837,-6.2080881000193102],[106.82192039981277,-6.2084659993395253],[106.82180859916373,-6.2088518993536344],[106.82168059998567,-6.2092115997056574],[106.82158299973653,-6.2094561996490985],[106.8213878992219,-6.2098764992108944],[106.82124339923108,-6.2101825998979674],[106.82105579976725,-6.210544199882861],[106.82084909986871,-6.2109666994744881],[106.820590199658,-6.2114744996784585],[106.82031939917657,-6.2120335994998523],[106.82021309938608,-6.2122353995137702],[106.82010739939064,-6.2124263997951727],[106.81994919951519,-6.212715699243776],[106.81971989996129,-6.2130850993097697],[106.81960989915326,-6.2132530000157153],[106.81919689988682,-6.2138054000009939],[106.81901709925525,-6.214016599518156],[106.81880459969915,-6.2142545991856437],[106.81855009931594,-6.2145237999553826],[106.81822090002446,-6.2148359998399361],[106.81793369920129,-6.2150832998405221],[106.81738609934389,-6.2155323996581968],[106.8170196994604,-6.2158279997740129],[106.81672209967546,-6.2160696994295961],[106.81655599963898,-6.2162020994279681],[106.81539069995965,-6.2171303994033353],[106.81521689945781,-6.2172698999086959],[106.81438679980235,-6.2179002000064436],[106.81341559932216,-6.218668199193071],[106.8121073994247,-6.21971249990745],[106.81063139962157,-6.2208617997009732],[106.81033159997246,-6.221123299229788],[106.80994469974354,-6.2214199000059986],[106.80924099947507,-6.2219639998586089],[106.80861879968734,-6.2224345994025594],[106.80836929940284,-6.2226093000212073],[106.80796699926668,-6.2228718994009498],[106.80740519997592,-6.2232154996356783],[106.80637289938903,-6.2238828996034927],[106.8057344996221,-6.2243209992259443],[106.80336189930911,-6.2261164999226759],[106.8010036992946,-6.2279127997223691],[106.80049889966151,-6.2283118994983209],[106.7999673995472,-6.2287570995892327],[106.79988419922589,-6.2288289994998021],[106.79982799985734,-6.2288946995012324],[106.7997965996658,-6.2289552993718091],[106.79978019946216,-6.2290045999943908],[106.79976859998276,-6.2290544999880053],[106.7997592999363,-6.2290942996156584],[106.79974679957635,-6.2291592998696697],[106.79974109943115,-6.2292103000216903],[106.79972579948941,-6.2292711994056358],[106.79971279931576,-6.2293037998708627],[106.79969319924687,-6.2293367999031286],[106.79964579996663,-6.2293917995847643],[106.79958629959521,-6.2294414995283374],[106.79953559942977,-6.2294836999626177],[106.79949609973339,-6.2295126999499937],[106.79942869970647,-6.2295631999109782],[106.79941199914926,-6.2295757997504007],[106.79936049945366,-6.2296190996823704],[106.79931380003009,-6.2296747995168591],[106.79923869966754,-6.2297755993772066],[106.79915679941135,-6.2299294999537702],[106.79906969937446,-6.2300974991573712],[106.79899139971577,-6.2302553993287644],[106.79891059970139,-6.2304386993826997],[106.79883529969179,-6.2306392994601838],[106.79876630003916,-6.2308398997514152],[106.79869899974386,-6.2310560996016884],[106.79862699944599,-6.2313630994013787],[106.79855939972587,-6.2317908997547695],[106.79854339948136,-6.2319818000186746],[106.79853310002959,-6.2322093998391281],[106.7985298994095,-6.2331606996475637],[106.79852699934013,-6.2334853991911725],[106.79852989940902,-6.2346448995611219],[106.79851649916861,-6.2350988991832414],[106.79850449978028,-6.235611299925643],[106.79849409926193,-6.2361200992613384],[106.79849179944011,-6.2364237997211935],[106.79848999962095,-6.2365817997294659],[106.79848729945665,-6.2367136998621913],[106.79848719959396,-6.2367845992476578],[106.79848839993009,-6.2372263000073849],[106.79848949932865,-6.2377236998711449],[106.79847899967112,-6.2397445996859249],[106.79847939979368,-6.2398091996986071],[106.79848189943604,-6.239863099636648],[106.79848629966176,-6.239904399581869],[106.79849229959713,-6.239933899856922]]]},"properties":{"OBJECTID":76,"ID":"BRT_01","LINE":"1","NAME":"Blok M - Kota","MODE":"BRT","CLASS":"Koridor Utama","STATUS":"Eksisting","COLOR":"#D02127","SOURCE":"TransJakarta; RTRW DKI Jakarta","REMARK":"TIdak Ada"}},{"type":"Feature","id":137,"geometry":{"type":"MultiLineString","coordinates":[[[106.9087490993537,-6.1816279996371293],[106.90882189983454,-6.1817523999383024],[106.90886259981066,-6.1819203997728636],[106.90884999982502,-6.1820074994154295],[106.90882390000198,-6.1821574992162072],[106.90878669919397,-6.1822996991599481],[106.90874569970423,-6.1823839994558503],[106.90872119977651,-6.1824359991250679],[106.90870269993682,-6.1824533996025917],[106.90861019916692,-6.1825119995666453],[106.90861169924864,-6.1825813999108599],[106.90862229978107,-6.182660499643017],[106.90869330000258,-6.1831818991849135],[106.90872279935577,-6.1833789998617412],[106.90872979969848,-6.1834043998193877],[106.90875689943414,-6.1834341994057898],[106.90880519923942,-6.1834694995163924],[106.90885459962901,-6.1834826995757224],[106.90890659937496,-6.1834586997129755],[106.90914249959364,-6.1832600994112648],[106.90938439992992,-6.1830727999391213],[106.90952519942617,-6.1829479993125203],[106.90988639945505,-6.1826554992637526],[106.90991759966589,-6.1826089997358613],[106.90993670002375,-6.1825703996977435],[106.90995069995097,-6.1825101992978588],[106.90994599916618,-6.1824677997548276],[106.90993709969692,-6.1824191994007025],[106.90992569951833,-6.1823959996639912],[106.90988709937901,-6.1823419998910962],[106.90982359995931,-6.1822900994808165],[106.90954239959521,-6.1821417998541719],[106.9093522994345,-6.1820254999663131],[106.90926749941873,-6.1819694998068213],[106.90919109965314,-6.1819188996660976],[106.90892859990059,-6.1817551992378892],[106.9087490993537,-6.1816279996371293]],[[106.9087490993537,-6.1816279996371293],[106.90869919933034,-6.1815975992816368],[106.9085881992676,-6.1815179993659521],[106.90845809956353,-6.1814426993455038],[106.90813929999885,-6.1812670996247849],[106.90793459971461,-6.1811462991439061],[106.90732469962086,-6.1807950995680372],[106.90699349966617,-6.1806426991786232],[106.9066423995592,-6.1805121993056851],[106.90583979949847,-6.1802176997574012],[106.9049371997842,-6.1798683994431283],[106.90373619966577,-6.1794064997966096],[106.90296689967759,-6.1791024997735322],[106.90217839944235,-6.1787974992736707],[106.90166799934488,-6.1786081996576243],[106.90148909950494,-6.178551699853692],[106.90126469947926,-6.1784841992983681],[106.90096039950629,-6.1784239000233887],[106.90074999980892,-6.1784027991812067],[106.90014669957934,-6.1783460997116437],[106.89961729929053,-6.1783050998661668],[106.89886370003889,-6.1782544998368616],[106.898554099649,-6.1782303997737777],[106.89824439986225,-6.1782062998721106],[106.8975278998233,-6.1781722992197352],[106.89716119974534,-6.1781694992294263],[106.89688049956062,-6.1781698993694123],[106.89672639931082,-6.1781595993870724],[106.89657709934299,-6.1781156998125146],[106.89638689917271,-6.1780363998283505],[106.8962430997408,-6.1779545998125949],[106.89612459992271,-6.1778597993361917],[106.89542239939287,-6.1772219992446562],[106.89447229949282,-6.1763493000080096],[106.89435909967773,-6.176251199831567],[106.89419779984628,-6.1761148992042108],[106.89406889961916,-6.1760128992294998],[106.89385319930376,-6.1758161993732612],[106.89351299964216,-6.1755075994734545],[106.89291609953273,-6.17494979928476],[106.89251139989716,-6.1745861993214834],[106.89223879976358,-6.1743412994475433],[106.89191419982058,-6.1740468998709517],[106.89169279938329,-6.1738215992160193],[106.89142579969024,-6.1735449994657241],[106.89129739973005,-6.173435499542471],[106.89111749923384,-6.1733051992628214],[106.89068219923163,-6.1730041992670834],[106.89024609970105,-6.1727445995589125],[106.88918199989054,-6.1720941997672281],[106.88864519958216,-6.1717701991481198],[106.88831149996837,-6.1715687998012809],[106.88657329970367,-6.1705210997689113],[106.88636909953019,-6.1703914999542206],[106.88632069986045,-6.1703622994016181],[106.88551649994652,-6.1698643992130915],[106.88344479977199,-6.1685948993490438],[106.88251709922162,-6.1680312995274917],[106.88156769981961,-6.1674545998126504],[106.88144059996419,-6.1673777993529049],[106.88132259992751,-6.1673142992665912],[106.88122000003665,-6.1672548993085536],[106.88109459936655,-6.1671882996521479],[106.88075029954928,-6.1669942991315896],[106.88007599951702,-6.1666811996582354],[106.87985619999984,-6.166613299864717],[106.87976589960886,-6.1665901992615106],[106.87964459992037,-6.1665705994740048],[106.87954699922048,-6.1665515995784475],[106.87911049935646,-6.1665015993329186],[106.87895729981828,-6.1664839997509029],[106.87893849975953,-6.1664812993608917],[106.87889179997458,-6.1664756992139722],[106.87882569972761,-6.166467499338113],[106.87876989940897,-6.16645939966123],[106.87871969967286,-6.1664521997408972],[106.8786920996375,-6.1664517997898258],[106.87852859967425,-6.166443199222841],[106.87841369991271,-6.1664377997200308],[106.87786299920351,-6.1663884993991669],[106.87730799960666,-6.1663649999532728],[106.87680579972023,-6.1663941994160627],[106.87654009947306,-6.1664417994141072],[106.87587599954375,-6.1666277999259878],[106.87516509959889,-6.1668397996666471],[106.87438899974076,-6.1670713000131645],[106.87404949966658,-6.1671724998757851],[106.87351859974727,-6.1673359996974746],[106.87305379974129,-6.1674790995685775],[106.87282069996655,-6.1675606996684618],[106.87277059937827,-6.1675781993604089],[106.87267999954824,-6.1676108991667187],[106.87244599933797,-6.1677041993113111],[106.87230079943301,-6.1677709993999201],[106.87168799924041,-6.1680600992525205],[106.87083539964031,-6.168462199269924],[106.87063079990634,-6.1685583991368897],[106.87045459935881,-6.1686412000270776],[106.87039069981931,-6.1686704992789982],[106.8701795993157,-6.1687672996041645],[106.86859089984141,-6.1694955994849092],[106.86836319982098,-6.1695999999830624],[106.86769759916517,-6.1699173991265646],[106.86703689947846,-6.1702324993093853],[106.86678719983655,-6.1703515993417115],[106.866764199976,-6.1703618996391487],[106.8666006997712,-6.1704353992482286],[106.86652049958595,-6.1704708999398648],[106.86623359984598,-6.170600499944479],[106.86562869925288,-6.1708857994342514],[106.86539819959668,-6.1709944999361905],[106.8653177997755,-6.171027999397011],[106.86512429929586,-6.1711137999324723],[106.86501489934979,-6.1711643999775934],[106.86487629989374,-6.1712282993442651],[106.86418419934492,-6.1715501995126747],[106.86347469930345,-6.1718801996851376],[106.86323929945888,-6.1719896996627064],[106.86303389985606,-6.1720891000144009],[106.86264519958256,-6.1722772997384583],[106.86257859920896,-6.1723095996120279],[106.86253839926133,-6.1723276995423948],[106.86230949940095,-6.1724305996398705],[106.86204009985549,-6.1725516991648455],[106.86187489965683,-6.1726259993165575],[106.86164779988718,-6.1727280999580882],[106.86134879914134,-6.1728624998411883],[106.8609886993636,-6.1730366999602495],[106.86093239973519,-6.1730607991229061],[106.86039339961737,-6.1732911994062167],[106.86038209993535,-6.1732953998428126],[106.86015899981284,-6.1733780999951131],[106.86000499963333,-6.1734350992910887],[106.85977500001812,-6.1735102999364111],[106.85944519972712,-6.173617999278461],[106.85923319993596,-6.1736782996049095],[106.85887039999164,-6.1737814991284221],[106.85834169915543,-6.1739011991668828],[106.8583238996317,-6.1739046998426907],[106.8582227999438,-6.1739242997194443],[106.8579721997511,-6.1739729993436994],[106.85773409932226,-6.1740131995341807],[106.85757939979223,-6.1740337992666783],[106.85711869976322,-6.1740950999195139],[106.85707129960291,-6.1741013991643463],[106.85640789975626,-6.1742046995922015],[106.8555160995171,-6.174343599619907],[106.85529139967376,-6.1743785992755651],[106.85522299950885,-6.1743874996249026],[106.85484559952675,-6.1744367991540727],[106.85470539920736,-6.1744519000089531],[106.85448349998808,-6.1744770993425728],[106.85267639997528,-6.1746021996569205],[106.85229309994335,-6.1746343995427679],[106.8522421991528,-6.1746381997143782],[106.85218989993726,-6.1746414993266239],[106.85190069943231,-6.1746615991777585],[106.85185299916584,-6.1746647995715245],[106.85179779939871,-6.1746720993066919],[106.85131659964286,-6.1747120000237299],[106.8508902998269,-6.1747542997693534],[106.84955379954481,-6.1748474993508067],[106.84934779948956,-6.174845099686201],[106.8491747995453,-6.1748491991966015],[106.84755019963076,-6.1749631999526526],[106.84735149927332,-6.1749819994209023],[106.84722299916557,-6.1750189991267845],[106.84692789971014,-6.1750405996964579],[106.84631729994577,-6.1750867997495416],[106.84577799972844,-6.1751180997840027],[106.84563319961792,-6.1751406999144418],[106.84547489916001,-6.1751975993105637],[106.84536309922886,-6.1752454991665058],[106.84523719953964,-6.175334099166367],[106.84518729936583,-6.1753837996855223],[106.8448860993899,-6.1757727998158316],[106.84467289952394,-6.1760413998994048],[106.84457129997112,-6.1761816998155403],[106.84416369980123,-6.176725699130917],[106.84392439958479,-6.1771128995069748],[106.84387720000348,-6.1772266995735414],[106.84378469939749,-6.1773716994112915],[106.84369039952422,-6.1774867993021907],[106.84348149919816,-6.1776771993458608],[106.84321579935539,-6.1778678993041325],[106.84293689977945,-6.1780966000022524],[106.84267819918693,-6.1783065993869037],[106.84258119946199,-6.1783853999531235],[106.84254599933375,-6.1784154995527167],[106.84250369981099,-6.1784517992066199],[106.84244029947465,-6.1784840996085402],[106.84237489999424,-6.178510699835889],[106.84230389998909,-6.1785288998645278],[106.84226359986039,-6.1785304997190833],[106.84225319949171,-6.178526299731903]],[[106.84225319949171,-6.178526299731903],[106.84229619926096,-6.1784860998052658],[106.84240949945691,-6.1783886992502852],[106.8424736996906,-6.1783329998762477],[106.84250739927683,-6.178303699339236],[106.84261689995294,-6.1782131998630705],[106.84280289973307,-6.1780595993580452],[106.84282769986625,-6.1780308992726995],[106.84284919996129,-6.1779844998202451],[106.8428706994921,-6.177952299390963],[106.84287739990654,-6.1779461992748974],[106.84297079985036,-6.1778617999091052],[106.84308249933287,-6.1777686996226793],[106.84325980002872,-6.1776164999027641],[106.84356189997757,-6.1772720994376042],[106.84380369972278,-6.1770201997503138],[106.84412339969403,-6.1766820998541689],[106.84453219977918,-6.1761323992583588],[106.84462679984733,-6.1759999998080746],[106.84485849988297,-6.1757122992904652],[106.84513629947828,-6.1753381996014554],[106.84519529929179,-6.1752765994603029],[106.84531929970349,-6.1751766994761601],[106.84537399925362,-6.1751445999601868],[106.84560069936329,-6.1750562994745115],[106.84582289991448,-6.1750249994986737],[106.84637869946278,-6.1749981991779617],[106.8469237998973,-6.1749641994027336],[106.8476081995949,-6.174919499222459],[106.84781789946753,-6.1749015999860006],[106.84847249981065,-6.1748546993256177],[106.84912049943647,-6.1748038994773289],[106.84945449944026,-6.1747746995754351]],[[106.84225319949171,-6.178526299731903],[106.84218649974869,-6.178526199889701],[106.84213939972729,-6.1785087996359396],[106.84208040003961,-6.1784671998930758],[106.84203629941685,-6.1784369998007556],[106.84202409969464,-6.1784239994603922],[106.84199250001262,-6.1783880995937634],[106.8419548992959,-6.1783329997349519],[106.8419306993331,-6.1782977993728352],[106.841909399991,-6.1782679994861693],[106.84188099992139,-6.1782238994869969],[106.84181829958513,-6.178135200020769],[106.84177259924979,-6.178062999663064],[106.84169479969394,-6.177971099270656],[106.84088159996969,-6.1770031994265944],[106.84076610001669,-6.1768765998685957],[106.84073069970863,-6.1768377997973865],[106.84068829958531,-6.176791400007323],[106.84050810002813,-6.1765939992137744],[106.84043069947799,-6.1765091993582457],[106.84029439995972,-6.176359799783997],[106.84025679972018,-6.1763185994718848],[106.84019629929854,-6.1762451996050443],[106.84009849947461,-6.1761263994024524],[106.84001829974643,-6.1760288992490473],[106.83999749983936,-6.1760036997131413],[106.83997429932803,-6.1759841993076865],[106.83993229915883,-6.1759661997491735],[106.83987279933713,-6.1759407995168942],[106.83980759999501,-6.1759062995560612],[106.83974079933611,-6.1758543998980882],[106.83916149967075,-6.1752093994375947],[106.83862629949095,-6.1746117993549197],[106.83847119954666,-6.1744253994017333],[106.8383442994916,-6.1742780994503192],[106.83830920001363,-6.1742700994734943],[106.83827859915084,-6.1742658995468132],[106.83825769922463,-6.1742663994213212],[106.83819329975992,-6.174269899508543],[106.83812799939118,-6.1743073994423012],[106.83776299991608,-6.1746311997798689],[106.83713789982178,-6.175175699859639],[106.83709519969575,-6.1752124996048341],[106.83689659943502,-6.1753658995046807],[106.83675989947172,-6.1754692993839679],[106.83663169934161,-6.1755743995777923],[106.83645729948616,-6.1757061993200306],[106.83641809945617,-6.1757173998682058],[106.83637629947047,-6.1757246997588],[106.83635289919258,-6.1757247995234694],[106.83629129993599,-6.1757001999440924],[106.83625679948133,-6.1756793992635703],[106.83620679949604,-6.1756377992227165],[106.83599619959696,-6.1753774995843012],[106.83555080003927,-6.1748415998198123],[106.83548619930461,-6.1747213999254145],[106.8353911992784,-6.1745707999975199],[106.83539009992946,-6.1745689999701199],[106.83532319927816,-6.1744692991719319],[106.8350366996312,-6.1739963991514486],[106.83477619936798,-6.1735213992096476],[106.83473729953765,-6.1734504999041251],[106.83459249961768,-6.1732271997833381],[106.83449659959969,-6.1730894997213834],[106.83441319990716,-6.1730222999195083],[106.83431539914672,-6.1729819999758906],[106.83419599989543,-6.1729935996918073],[106.83413249950435,-6.1730283994390813],[106.83406919996875,-6.1731010995113396],[106.83345439953837,-6.1737744996490393],[106.83340009995142,-6.173841999537963],[106.83338199973576,-6.1738671996581491],[106.83281669947409,-6.1745927000231449],[106.83280019986687,-6.1746201993568404],[106.83275469974369,-6.1747163998619543],[106.83272939952387,-6.1748417997083829],[106.83272199999644,-6.1752012992430858],[106.83272319955893,-6.1752810999666661],[106.83271669990296,-6.1754033997541864],[106.83270469959851,-6.1756657999183409],[106.83269239946613,-6.1757855997617463],[106.83265769926527,-6.1758931999407887],[106.83260250002927,-6.1759602996793737],[106.83257629933173,-6.1759919997646247],[106.83247629973708,-6.1760729999475057],[106.83241059966387,-6.1761205994201225],[106.83231799993273,-6.1761555996955675],[106.83123009952382,-6.1763347996131559],[106.83119589945206,-6.1763403993440198],[106.83112479949071,-6.1763372995776873],[106.83106889994444,-6.1763189998786681],[106.8310118994665,-6.1762568995481706],[106.83096449981053,-6.1762302992135583],[106.83094719956421,-6.1762030997839812],[106.8308999998458,-6.1760934993790233],[106.83087659930378,-6.1760314994663235],[106.83054999976875,-6.1749272991354411],[106.83052999950181,-6.1748501995591516],[106.83048749934545,-6.1747112994524969],[106.83044169956307,-6.1745651999156372],[106.83041289951501,-6.1744621998364542],[106.83037489948555,-6.1743682993496707],[106.83028909937694,-6.1740913996480984],[106.83010769955372,-6.1734892994663113],[106.83002489921037,-6.1731744999671374],[106.8300157991895,-6.1730863997504697],[106.83002939929054,-6.1729689995221619],[106.83005669970335,-6.1728804992740169],[106.83010469916832,-6.1727634997613681],[106.83014619975567,-6.17271029930808],[106.83020509993739,-6.1726532993649386],[106.83024019936954,-6.1726320996963917],[106.83055579983851,-6.1724589991621892],[106.83080289916761,-6.1723425996751242],[106.83093649921557,-6.1722732991668492],[106.83108339995282,-6.1721951995889208],[106.83122349977792,-6.1721294996879319],[106.83142309916543,-6.1721000991735968],[106.83148979993892,-6.1720829996348261],[106.83186339941551,-6.1718893994148116],[106.83211279989496,-6.1717571993004903],[106.83225559937269,-6.1716813993501551],[106.83244259936926,-6.1715820997073578],[106.83252479945807,-6.1715366994935748],[106.83261569960192,-6.1714886996680471],[106.8331297999429,-6.1711982991839847],[106.8331887991683,-6.1711678994199382],[106.83325499961752,-6.1711227992551159],[106.83329669958852,-6.1710643999195032],[106.8333087996908,-6.1710395993379619],[106.83331899940822,-6.1710185991979891],[106.83333389948842,-6.1709788999915673],[106.83333519987546,-6.1709140999055379],[106.83332569935241,-6.170857299147225],[106.83331029963152,-6.1708191997759352],[106.83315529948638,-6.1705074997194904],[106.83276179980899,-6.1697156999946232],[106.83268939940425,-6.1695646994005608],[106.83254609924742,-6.1692702997790443],[106.83249389939394,-6.1691652998566902],[106.83218389934443,-6.1685477991918782],[106.83213119985631,-6.1684429998248493],[106.83211559980879,-6.1684177999723824],[106.83206779964183,-6.1683629998044003],[106.83189649984861,-6.1682306992832414],[106.83178229943589,-6.1681574997022777],[106.83167119944855,-6.1680489995971417],[106.83163339980598,-6.1680253995961545],[106.83158799931549,-6.1680079994133239],[106.83139509941407,-6.1679981996322351],[106.83119579986196,-6.1680202992779192],[106.83082829924606,-6.1681029996215671],[106.83061339921856,-6.1681484993272546],[106.83044989936585,-6.1681829993661692],[106.83031309965548,-6.1682086995216334],[106.83013869941126,-6.1682482993957786],[106.83006409935741,-6.1682463992800143],[106.82817129951623,-6.1678512991462435],[106.82781179950715,-6.1677762993148155],[106.82675359970885,-6.1675531996571076],[106.82660109964088,-6.1675193992560331],[106.82638529984989,-6.1674750995705594],[106.82569609992737,-6.1673473993310131],[106.82549259958803,-6.167320599888372],[106.82539499945257,-6.1673123998432997],[106.82512809949519,-6.1673216996904516],[106.82427969958786,-6.1674100992578724],[106.8232229995896,-6.1675134992537703],[106.82296199998132,-6.1675419997433183],[106.82284119942467,-6.1675550996423754],[106.82243439924949,-6.1675994996458012],[106.8220615994052,-6.1676174995443036],[106.82165249933468,-6.1676167992733033],[106.82122759937013,-6.1676044996764894],[106.82114259959911,-6.1676043996852998],[106.82102859995084,-6.1676042993665074],[106.82098569929167,-6.1676069994224259]],[[106.84945519924722,-6.1747745994943113],[106.84952319940756,-6.1747692998052406],[106.85003419957609,-6.1747276993825286],[106.85114509922992,-6.1746389997611937],[106.8522593992254,-6.1745723991655943],[106.85330619939344,-6.1744974997681981],[106.85427389989627,-6.1744186995499843]],[[106.85429569977434,-6.1744156995233297],[106.85443539951522,-6.1744177000014773],[106.85466189929303,-6.1743855994795798],[106.85469620001433,-6.1743805992598153],[106.85498959967802,-6.1743383992129184],[106.85521549946114,-6.1743075998454122],[106.85528989920371,-6.1742973991945789],[106.85569329950607,-6.1742491994937501],[106.85607509952705,-6.174193899448408],[106.85672489940005,-6.1740998991390832],[106.85702899943111,-6.174055899420388],[106.8571203996004,-6.1740407992423778],[106.85756619915121,-6.1739671998075734],[106.85787229954437,-6.1739165995380194],[106.85820669965183,-6.1738603993920265],[106.85835389937004,-6.1738318998356405],[106.85862499972465,-6.1737800995330172],[106.85882579917082,-6.1737311992862587],[106.8591045993678,-6.1736633999157018],[106.85921209926788,-6.1736335994238658],[106.8594282998606,-6.1735737998034743],[106.85982399986132,-6.1734394995093123],[106.85986909998479,-6.1734241999641064],[106.86021169945948,-6.1733011998292149],[106.86036769959617,-6.1732451998268845],[106.86054649968732,-6.1731683995029485],[106.86095099970582,-6.1729946998783136],[106.86162359980572,-6.1726808999187694],[106.86175689952766,-6.1726186996375416],[106.86185189926334,-6.172573099812718],[106.86201279923185,-6.1724956999003009],[106.86228249986577,-6.1723663995435549],[106.86249669962804,-6.1722632995467466],[106.86257919946017,-6.1722235995870882],[106.86258429986003,-6.1722211992895843],[106.86260739932706,-6.1722121998573343],[106.86275899946814,-6.1721531993530778],[106.86283179920764,-6.1721206996546698],[106.86296070003675,-6.1720631998850131],[106.86300439929265,-6.1720428996263719],[106.86345099928045,-6.1718359998135925],[106.86443639914607,-6.1713793992365398],[106.86449219920418,-6.1713530999305322],[106.86485599927978,-6.1711814999594514],[106.86499599915756,-6.1711209998400127],[106.86510379968527,-6.1710689994394468],[106.86529329972939,-6.1709797997461777],[106.86533299975743,-6.1709608994325311],[106.86537399949944,-6.1709413996270541],[106.86571929934665,-6.1707786994518541],[106.86606259958477,-6.1706169997844071],[106.86611029925159,-6.1705944999796802],[106.86633129935937,-6.1704829998451265],[106.86648539920583,-6.1704059998271834],[106.86649039919162,-6.1704027996733348],[106.86656739925377,-6.1703679991732896],[106.86673239932747,-6.1702924997549857],[106.86700139945975,-6.1701718998952346],[106.86758419989971,-6.1699084994692059],[106.86848219924981,-6.169492099387182],[106.86919019993194,-6.169163899802804],[106.86953269934337,-6.1689968993721402],[106.87013599934329,-6.1687025996545888],[106.87016309933742,-6.1686893997034407],[106.8703563991788,-6.1685997992883159],[106.870593399274,-6.1684898999130278],[106.87080839929978,-6.1683901997258967],[106.87120639979285,-6.1682126998392457],[106.87170870001091,-6.1679885994184875],[106.87180049940537,-6.1679485999246504],[106.87218589983641,-6.1677804999391386],[106.87228269984563,-6.1677382992815559],[106.8724286997665,-6.1676682993120435],[106.87244670003668,-6.1676605995704934],[106.87265489972701,-6.1675779994490538],[106.87273569945401,-6.1675457997400525],[106.87280239977714,-6.1675212996167019],[106.8729775996042,-6.1674570991697362],[106.87344289988354,-6.1673038991436027],[106.87367649929517,-6.1672331993219283],[106.87404949917085,-6.1671204000045394],[106.8744758996051,-6.1669965998315304],[106.87488719960768,-6.1668771996811316],[106.87516569985553,-6.1667848993706693],[106.87551549925337,-6.1666688997115999],[106.87573169988907,-6.1665895995518092],[106.87584939962183,-6.1665564992133204],[106.87625899952803,-6.1664450995680919],[106.87656909974989,-6.166366399702774],[106.87680299972487,-6.1663308998436905],[106.87707599939209,-6.1663025993008009],[106.87755209955186,-6.1663037995712502],[106.87789779919027,-6.1663382995549423],[106.87840169959061,-6.1663762993603113],[106.87846809967853,-6.1663795995563513],[106.87856859929971,-6.1663836999332915],[106.87859379932445,-6.1663846996688241],[106.87866899954453,-6.166387799735829],[106.8787188997357,-6.1663928000214705],[106.87875089969393,-6.1663945994467566],[106.87885839986127,-6.16640849955329],[106.87888679958554,-6.1664145991441766],[106.87892229941727,-6.16642079936328],[106.87894499947669,-6.1664247997263777],[106.87896759925941,-6.1664287995366944],[106.87911309925023,-6.1664494994776193],[106.87913479969684,-6.1664525992060897],[106.87923029996077,-6.1664661997906025],[106.87943689939272,-6.1664928992220851],[106.87956439938252,-6.1665166995645659],[106.87964969977557,-6.1665326994927891],[106.8799309999916,-6.1665945994391071],[106.88015969968039,-6.1666688998962975],[106.88062369969877,-6.1668621998959043],[106.8812554992694,-6.1671942991634205],[106.88136219915727,-6.1672509993207481],[106.8814800998267,-6.1673080992961031],[106.882046999952,-6.1676092994855161],[106.88225169961225,-6.1677480995384339],[106.88257159936902,-6.1679450999825463],[106.882892899936,-6.1681421991853318],[106.88395169947626,-6.1687901993306822],[106.88562159967964,-6.169816799937248],[106.88619490001622,-6.1701782996337826],[106.88636419980207,-6.1702837993751238],[106.88641129940375,-6.1703139999924437],[106.88662739992165,-6.170444099208459],[106.88707039950089,-6.170711699211413],[106.88779929929481,-6.1711534998412443],[106.88868889914365,-6.1716871992788107],[106.88925529995961,-6.1720200991642757],[106.8895587994821,-6.1722094993695302],[106.89074709954562,-6.1729214991950041],[106.89127429975231,-6.173282699419242],[106.89136549975647,-6.1733588991304167],[106.89150329984085,-6.1734750996740289],[106.8916463998529,-6.1736135991515635],[106.89191579939556,-6.1739052993241881],[106.89213989946843,-6.1741135996209362],[106.89238659916228,-6.1743213998743762],[106.89258749958876,-6.1745093994322708],[106.8927265993407,-6.1746396000010515],[106.8929585991622,-6.1748508996255502],[106.89329839954962,-6.175170399137178],[106.89345469938894,-6.175328799820007],[106.89364549940323,-6.1755601999818364],[106.89392389986648,-6.1758081991815752],[106.89410779930468,-6.1759699994076502],[106.89423919950258,-6.1760796991705869],[106.89441489978984,-6.1762114992284598],[106.8945355999804,-6.1763223997131833],[106.89594169969965,-6.1775744993679584],[106.89626200001305,-6.177866599477742],[106.89646519986323,-6.1780008998552116],[106.89663309971796,-6.1780662995584565],[106.89681339972948,-6.1780933999512335],[106.89714039990521,-6.178101299224827],[106.89752099956202,-6.1780995000205063],[106.89818349915051,-6.178123499324891],[106.89855579961674,-6.1781504995668604],[106.89880969938521,-6.1781688999497213],[106.89960649915861,-6.1782275996408478],[106.9007143992085,-6.178324499819067],[106.90093399917333,-6.1783440994706433],[106.901116699619,-6.1783742999576434],[106.90148139917909,-6.1784664998872802],[106.90171139957897,-6.1785375995724783],[106.90263819969095,-6.1789041994152036],[106.90333419921393,-6.179184200004018],[106.90376159974629,-6.1793488995222754],[106.90520019999471,-6.179907599618204],[106.90586609918977,-6.1801527998577823],[106.90667219971027,-6.1804396993475086],[106.9070174999175,-6.1805875992703294],[106.90733059945096,-6.1807402996790213],[106.90833699949471,-6.1812826994652204],[106.90855599989503,-6.1814014999857712],[106.90866129941242,-6.1814762995528305],[106.90869429939035,-6.1815290999144867],[106.9087490993537,-6.1816279996371293]],[[106.82098569929167,-6.1676069994224259],[106.8209481997928,-6.1676206993212688],[106.82090699931186,-6.1676479998408942],[106.82086559968468,-6.1676780994655616],[106.82083619933005,-6.1676038992028639],[106.8207954992012,-6.1675114993979223],[106.82059958992798,-6.1668261768600159],[106.82010419773506,-6.1646496503994026],[106.82009670914758,-6.1646167503435203],[106.82019992625634,-6.1646023767294089],[106.82024682922928,-6.1646095928131315],[106.8203063995569,-6.1646370996745308],[106.82037069956102,-6.1649756997960452],[106.82039289973163,-6.1651262997228065],[106.82040799916747,-6.1652024992458188],[106.82041969920603,-6.1652609993475593],[106.82044939942556,-6.1654133991746214],[106.82052529970935,-6.1657535997576831],[106.82060119984713,-6.166090799336664],[106.82071169968127,-6.166606299233198],[106.8207817997199,-6.1668707991636378],[106.82085609944092,-6.167149999287572],[106.82087679952926,-6.1672497994298148],[106.82088089970982,-6.1672771991685691],[106.82089469965646,-6.1673706999837528],[106.82092466156296,-6.1674180560165794],[106.82093509960829,-6.1674444991668382],[106.82095499999075,-6.1675174995045383],[106.82098569929167,-6.1676069994224259]],[[106.82098569929167,-6.1676069994224259],[106.82102609962422,-6.1676943992207747],[106.82105899980814,-6.1678238996375594],[106.82110099986927,-6.1679893000237822],[106.82123099953138,-6.1686240995913035],[106.82146479926111,-6.1696989993102784],[106.82153509983223,-6.1700461996390805],[106.82157129920574,-6.1701638999861759],[106.82184399984483,-6.1706045994256682],[106.8220439995865,-6.1708160999410291],[106.82218829963989,-6.1709305992426158],[106.82237969973994,-6.1710296991759446],[106.82272479984553,-6.1711725991379822],[106.82289459992663,-6.1712425995426248],[106.82296129966852,-6.1713008993715324],[106.8230195996056,-6.1713782997358164],[106.82307639923148,-6.1714932999656149],[106.82309459918957,-6.1716360992587704],[106.82309279917691,-6.1721202998247673],[106.8230402000319,-6.1742606998673697],[106.82303509927894,-6.1745139996382878],[106.82302639962001,-6.1748085991306221],[106.82299499936585,-6.1756677995747049],[106.82298589926774,-6.1761774993800849],[106.82289859964796,-6.1796194999702463],[106.82291309980427,-6.1798466994913293],[106.82294229916468,-6.180020899154484],[106.82299589951062,-6.1801939997480417],[106.82306359962851,-6.1802955000165092],[106.82309339949796,-6.1803241994335947],[106.82317779935545,-6.1803508996180101],[106.82322389941616,-6.1803648999970937],[106.82331179946358,-6.1803950999703732],[106.82351159930964,-6.1804155994574748],[106.82373669937155,-6.1804139999165697],[106.82417229976308,-6.180455099171577],[106.8243769991753,-6.1804492998475551],[106.82489139984229,-6.1804540993847663],[106.82504139986621,-6.1804589995180725],[106.82520309961902,-6.1804649996013481],[106.82621219956252,-6.1804117997254009],[106.82636319921335,-6.1804078993413123],[106.82660649981682,-6.1803994999544054],[106.82724099996481,-6.180371199552801],[106.82760389998387,-6.1803396992689263],[106.82797849974226,-6.1802795992991584],[106.82962069914933,-6.180198699977681],[106.83090689940737,-6.1801367997742105],[106.83097189924372,-6.180118699521115],[106.83102869944136,-6.1800913995229427],[106.83106829988014,-6.180033599565208],[106.83108819952105,-6.1799212997906547],[106.83108169932788,-6.1797176999710519],[106.8310690993298,-6.1796336996935306],[106.83102829947326,-6.179532899366734],[106.83095899930646,-6.1794224999461171],[106.83088069956399,-6.1793434999301136],[106.83055379979442,-6.1790144996613865],[106.83047149934609,-6.1788927993286133],[106.83045779930207,-6.1788332995201634],[106.8304524994065,-6.1787943000236041],[106.83047099963076,-6.1787247995318753],[106.83050749976302,-6.1786725998887997],[106.83056439997166,-6.1786370996964362],[106.83057779995156,-6.1786297993919597],[106.83061259961165,-6.1786195998762192],[106.83063269962206,-6.1786175993679446],[106.83067559915793,-6.1786143991855358],[106.83072209928953,-6.1786283993296269],[106.83073289999621,-6.1786399997400672],[106.83074889948657,-6.1786574991556105],[106.83106349962208,-6.1789496994044777],[106.83126449972625,-6.1791374998568793],[106.83131309975813,-6.1791633997340716],[106.83136399951449,-6.1791741992503679],[106.83150470001294,-6.1791623997903553],[106.8317566995446,-6.1791571997792616],[106.83177989937961,-6.1791575999626209],[106.8318158997962,-6.1791581992722975],[106.831843999271,-6.1791578999224903],[106.83190209933275,-6.1791930998664428],[106.831971200019,-6.1792657000166331],[106.83210199918966,-6.179669699615971],[106.83216079977643,-6.179853599820154],[106.8322972995615,-6.180297099147241],[106.83254189990258,-6.1809694999766611],[106.83277739941306,-6.1815606993519037],[106.83289499997241,-6.1817880996551908],[106.83302309932618,-6.1820114998023099],[106.83310169950028,-6.182138699593108],[106.83317479963671,-6.1822409993837812],[106.83332529990903,-6.1824110999190856],[106.83334749998184,-6.1824314991761558],[106.83346699968651,-6.1825404996684155],[106.83349839987935,-6.1825651999570885],[106.8335939000219,-6.1826304996571002],[106.83364569997595,-6.1826497000021385],[106.83384389978984,-6.1827023991664509],[106.83398839977446,-6.1826860991866415],[106.83414389987382,-6.1826492998296816],[106.83426799985232,-6.1826074993587499],[106.83464130002669,-6.182471700009641],[106.83483859934969,-6.1824041997495289],[106.83498399971678,-6.1823453995370592],[106.83505989998051,-6.1823234997615364],[106.83520340001351,-6.1822721998205301],[106.83551989948565,-6.1821573992698609],[106.83581479963235,-6.182060499788073],[106.83620589924966,-6.1819178993059545],[106.83651629985923,-6.1817582996971998],[106.83675839934013,-6.1816397999241737],[106.83691019991284,-6.1815450997660548],[106.83706799952195,-6.1814975999647013],[106.83726299997659,-6.1814377996059555],[106.83747400001597,-6.1813794999542324],[106.83778069985907,-6.1813045997315239],[106.83820539930119,-6.1811838993094952],[106.83838969985634,-6.1811305995143755],[106.83852759977324,-6.1810832992860556],[106.83860119922043,-6.1810581999677101],[106.83866509983422,-6.1810334994801819],[106.83876499930908,-6.1809772998221204],[106.83878659982116,-6.18096559930565],[106.83887119990383,-6.1809196994991478],[106.83911409953818,-6.1807446992208357],[106.83952699951372,-6.1804687995322283],[106.83962090001344,-6.1803916999012918],[106.83982319989823,-6.1802253996896308],[106.84019339921871,-6.1799213000275541],[106.84050509953785,-6.1796651997396177],[106.84068129949902,-6.1795210993104028],[106.84116339985516,-6.1791971993761994],[106.84125069944876,-6.1791323992239144],[106.84134859947095,-6.1790598995403112],[106.84181559955806,-6.1787460995453376],[106.84190249919229,-6.1786889996932404],[106.8419432993185,-6.1786639992048569],[106.84200689919132,-6.1786305995937481],[106.84208539953846,-6.1785935995050751],[106.84225319949171,-6.178526299731903]]]},"properties":{"OBJECTID":137,"ID":"BRT_02","LINE":"2","NAME":"Pulo Gadung - Harmoni","MODE":"BRT","CLASS":"Koridor Utama","STATUS":"Eksisting","COLOR":"#294a99","SOURCE":"TransJakarta; RTRW DKI Jakarta","REMARK":"Perubahan menjadi Pulo Gadung - Monas selama pembangunan MRT Fase 2A"}},{"type":"Feature","id":182,"geometry":{"type":"LineString","coordinates":[[106.83320929948006,-6.169636399940079],[106.83308819967573,-6.1696931991385897],[106.83301629989984,-6.1697175997728673],[106.83293179974734,-6.1697184991577831],[106.83292249937928,-6.1697185998870978],[106.83284799986828,-6.1696799995630176],[106.8328378998891,-6.1696713994925307],[106.83277739926034,-6.1696194994357603],[106.83268939940425,-6.1695646994005608],[106.83254609924742,-6.1692702997790443],[106.83249389939394,-6.1691652998566902],[106.83218389934443,-6.1685477991918782],[106.83213119985631,-6.1684429998248493],[106.83211559980879,-6.1684177999723824],[106.83206779964183,-6.1683629998044003],[106.83189649984861,-6.1682306992832414],[106.83178229943589,-6.1681574997022777],[106.83167119944855,-6.1680489995971417],[106.83163339980598,-6.1680253995961545],[106.83158799931549,-6.1680079994133239],[106.83139509941407,-6.1679981996322351],[106.83119579986196,-6.1680202992779192],[106.83082829924606,-6.1681029996215671],[106.83061339921856,-6.1681484993272546],[106.83044989936585,-6.1681829993661692],[106.83031309965548,-6.1682086995216334],[106.83013869941126,-6.1682482993957786],[106.83006409935741,-6.1682463992800143],[106.82817129951623,-6.1678512991462435],[106.82781179950715,-6.1677762993148155],[106.82675359970885,-6.1675531996571076],[106.82660109964088,-6.1675193992560331],[106.82638529984989,-6.1674750995705594],[106.82569609992737,-6.1673473993310131],[106.82549259958803,-6.167320599888372],[106.82539499945257,-6.1673123998432997],[106.82512809949519,-6.1673216996904516],[106.82427969958786,-6.1674100992578724],[106.8232229995896,-6.1675134992537703],[106.82296199998132,-6.1675419997433183],[106.82284119942467,-6.1675550996423754],[106.82243439924949,-6.1675994996458012],[106.8220615994052,-6.1676174995443036],[106.82165249933468,-6.1676167992733033],[106.82122759937013,-6.1676044996764894],[106.82114259959911,-6.1676043996852998],[106.82102859995084,-6.1676042993665074],[106.82098569929167,-6.1676069994224259],[106.8209481997928,-6.1676206993212688],[106.82090699931186,-6.1676479998408942],[106.82086559968468,-6.1676780994655616],[106.82083619933005,-6.1676038992028639],[106.8207954992012,-6.1675114993979223],[106.82059958992798,-6.1668261768600159],[106.82010419773506,-6.1646496503994026],[106.81917569932953,-6.1647924999927088],[106.81809559916866,-6.16495239916269],[106.81630139956224,-6.1652566996414029],[106.81583219939141,-6.1653302000070358],[106.81573299966801,-6.1653483992091074],[106.81559729954327,-6.1653656992294712],[106.81350559957302,-6.1654687991233752],[106.8134118991721,-6.1654716994526231],[106.81330659999026,-6.1654791999283125],[106.81323599978305,-6.1654835994119797],[106.81297259968017,-6.1654987998172937],[106.81080799971031,-6.1656637999580308],[106.81074279935166,-6.1656679999321025],[106.81067819976795,-6.1656721996720565],[106.81064429956234,-6.1656742995516414],[106.81039239987635,-6.1656935998996136],[106.81036100000139,-6.1656955999451162],[106.81029739925501,-6.1657012998965701],[106.81022589952413,-6.1657076993923337],[106.8091418997808,-6.1657767995953217],[106.80849649937029,-6.1658214998579304],[106.8082070996104,-6.1658441996392437],[106.80803359999817,-6.1658603991396674],[106.80566159980856,-6.1660358996956468],[106.80540970003965,-6.1660471993644599],[106.80480879927708,-6.1660623992196184],[106.80445999938512,-6.1660661991474734],[106.80438369918507,-6.1660712000023716],[106.80427839993638,-6.1660601991275081],[106.80336099993758,-6.1660548997024982],[106.80250659954748,-6.1660635993756729],[106.80166029928502,-6.1660576993225398],[106.80080989982851,-6.1660410998670754],[106.79989329989463,-6.1660701996960077],[106.79866059952083,-6.1661860993985487],[106.79850220000355,-6.16621049926305],[106.79807949965178,-6.1662506993836468],[106.79735949923166,-6.1662993997549558],[106.79675509930796,-6.166329699706866],[106.79631699949344,-6.1663516993648448],[106.79363039983529,-6.1665411991524097],[106.79203359961527,-6.1666697994559101],[106.79189949949536,-6.1666822997715185],[106.79177119925386,-6.1666925996347199],[106.79119650004253,-6.1667336999593392],[106.79054069933581,-6.1667947999418011],[106.78998719948062,-6.1668355999067934],[106.78949449981197,-6.1668755992342774],[106.7893417998563,-6.1668857996637758],[106.78914309945598,-6.166899199859694],[106.7889138997818,-6.1669122991314058],[106.78879009917108,-6.1669152999276564],[106.78807349980757,-6.1668489995853042],[106.78803539992451,-6.1668459998564646],[106.78793289980942,-6.1668406998948422],[106.78789329987738,-6.166837599397744],[106.78782889993562,-6.1668307998866858],[106.78773289938998,-6.1668190998923444],[106.78764579924749,-6.1668083998875112],[106.7874843998126,-6.1667800000198776],[106.78688209979849,-6.1666586993417223],[106.78648949987834,-6.1665714999158823],[106.78632669963983,-6.1665335000047756],[106.78614179955015,-6.1664641994909015],[106.78594589914444,-6.166345199659844],[106.78566149954149,-6.1661397000030806],[106.78536489954963,-6.1659369997091327],[106.78522329980956,-6.1658590994684186],[106.78510009927001,-6.1658048997782053],[106.78491209990791,-6.1657358993491593],[106.78477829956215,-6.1656930998991824],[106.78464679975463,-6.1656595995810326],[106.78404319949306,-6.1655389993424068],[106.78332889927667,-6.1653926999671285],[106.78308909920636,-6.1653394993591926],[106.78284619945273,-6.1652889998852514],[106.78237929923425,-6.1651969992057563],[106.78163359961847,-6.1650382999847455],[106.78120249968097,-6.1649516000246125],[106.78107779975697,-6.1649249994167148],[106.78096819917201,-6.1649146998065296],[106.78081909918279,-6.1649037997718157],[106.78049789984166,-6.1649091996190961],[106.77983289979639,-6.1649427994067709],[106.77956409998849,-6.1649593993930845],[106.77940399971521,-6.1649636999902961],[106.77927339937548,-6.1649519999222946],[106.77916849916822,-6.1649337996378204],[106.77899579929039,-6.1648868000167143],[106.77880239955337,-6.1648163991633531],[106.77863419917055,-6.1647553991564301],[106.77744789956053,-6.1642896992661562],[106.77720919927036,-6.1641897992076471],[106.77708020000044,-6.1641384992368859],[106.77673649922917,-6.1640034998980502],[106.77566729927001,-6.1636010992557013],[106.77509719972009,-6.1633705998438346],[106.77263339983101,-6.1623973992492775],[106.77240979914212,-6.1623056998794299],[106.77235749919792,-6.1622999991549543],[106.77229519940218,-6.1623128994383878],[106.772181899972,-6.1622591994207001],[106.77212329972723,-6.162189599830115],[106.77206909925275,-6.1621504996781473],[106.77181879930703,-6.1620475997921176],[106.77021549990909,-6.1614181992775867],[106.77009679976351,-6.1613635997669904],[106.77002239966173,-6.1613288993359445],[106.76990169939619,-6.1612475998929632],[106.7698224997277,-6.1611881998925488],[106.7697594997107,-6.161118199489886],[106.76967769917501,-6.1610121991681446],[106.76960389951017,-6.1609061993972105],[106.7695328997449,-6.160765599150813],[106.76948989958288,-6.160658899464333],[106.76894139961725,-6.159159499419995],[106.7688595995139,-6.1589614998123494],[106.76876779920276,-6.158802199759549],[106.76867719932679,-6.1586741991983152],[106.76860079920849,-6.1585981992642571],[106.76848409998716,-6.1584807992518824],[106.76829099985281,-6.1583307991373513],[106.76732669947729,-6.157698799764602],[106.76727579995809,-6.1576727998117828],[106.76717389997258,-6.1576194999830509],[106.76704840003433,-6.1575807997990548],[106.766882199191,-6.1575621991908065],[106.76676619965686,-6.1575660997808601],[106.76664549940256,-6.1575827995441621],[106.76652879933539,-6.1576100995794336],[106.7663685996999,-6.1576654997970515],[106.76513389936156,-6.1581847992457437],[106.76477119992607,-6.1582959993213633],[106.764572599983,-6.1583485992235865],[106.76410479948021,-6.1584152997899153],[106.76252259970721,-6.1584653999391339],[106.76229289928627,-6.1584661994998706],[106.76202129919128,-6.1584592997020104],[106.76178169931509,-6.1584215998939271],[106.76148000001746,-6.1583523999335039],[106.76018219919064,-6.1578890992015358],[106.76004339998387,-6.1578490992780495],[106.75992309958106,-6.1578241991319524],[106.75986709985942,-6.1578232997159184],[106.75982839925581,-6.157829299293172],[106.75979809973802,-6.1577968993205348],[106.75974949946551,-6.1577724995469323],[106.75785849987591,-6.1571783998564449],[106.75742029983331,-6.157041499464861],[106.75600549915838,-6.1566303994171072],[106.75560929929487,-6.1565159995568495],[106.75521779937377,-6.1563922994755975],[106.75456349962101,-6.156166899566438],[106.75433459981883,-6.1561214994224152],[106.75386749971914,-6.1560464996962949],[106.75347189993467,-6.1560027998413354],[106.75231039924365,-6.1558936997788933],[106.75223159930589,-6.1558841993623092],[106.75123219949111,-6.1557279994861664],[106.75111939958757,-6.1557137991467572],[106.75029579945931,-6.1555972995171642],[106.7498260995558,-6.1555507998230734],[106.74941539963247,-6.1555106998222424],[106.74929539945323,-6.1554992995055793],[106.74822769970757,-6.1553902993947149],[106.74778430001223,-6.1553452994503068],[106.74699789962716,-6.1552519994400514],[106.74668429960346,-6.1552180996577279],[106.7462718998506,-6.1551886995076979],[106.74550699962371,-6.1551546993169248],[106.74478999938542,-6.1551034996890186],[106.7442280997043,-6.1550528998998901],[106.74290550001994,-6.1548501993454394],[106.7423789000037,-6.1548019995540564],[106.73905849943607,-6.1546075995480267],[106.73873139933328,-6.1546243994042173],[106.73823499990563,-6.1546353991796243],[106.73811159928924,-6.1546393997922184],[106.73801099980773,-6.1546425991503053],[106.73779579984536,-6.1546335993478358],[106.73758379921591,-6.1546079993612262],[106.7375400997183,-6.1546027000263974],[106.73746539939179,-6.1545992991763345],[106.73743339948331,-6.1545978996207484],[106.73727109935038,-6.1545904996813396],[106.7357082993626,-6.1545732991834177],[106.73544739966526,-6.1545726998179253],[106.73461279984758,-6.154544299299646],[106.73435189969749,-6.1545591995230673],[106.73404169987877,-6.1546067999183913],[106.73306249963439,-6.1547795998951598],[106.7326712991574,-6.154856699604176],[106.73237159999323,-6.1548893996528689],[106.73205469985822,-6.1549105994202336],[106.73175339969562,-6.1549117994831954],[106.73135609948214,-6.1549076991848057],[106.73066279980956,-6.1548719992098002],[106.7303778996117,-6.1548326995012381],[106.73017399914752,-6.1547968995488027],[106.72981449989692,-6.1547045998547576],[106.72907930002631,-6.1545358994991846],[106.72791699924318,-6.1542868995493576],[106.72713519936475,-6.1541296995370995],[106.72656849956012,-6.1540134999534484],[106.72621529973289,-6.1539382995031415],[106.72575259933558,-6.1538321992032268],[106.72548959963954,-6.1537740993617449],[106.72482109991302,-6.1536396991806317],[106.72437449981372,-6.1535452995245636],[106.72367049987972,-6.1533490992508666],[106.72337219968728,-6.1532577996666324],[106.72295599994398,-6.1531134994565262],[106.72259949983381,-6.1530100996566146],[106.72240969955975,-6.1529727996232308],[106.72222629994005,-6.1529457996973873],[106.72192380001152,-6.1529100999578867],[106.72162529918081,-6.1528823994844277],[106.7213794000389,-6.1528696994464331],[106.72133609984608,-6.1528674998099575],[106.72100239925446,-6.1528676993021705],[106.7208969999829,-6.1528736994663769],[106.72078909956632,-6.1528806996085645],[106.72063699931313,-6.1528967994239281],[106.71989189975251,-6.1529952993535177],[106.7195505999766,-6.1530429997426523],[106.71941199967611,-6.1530601996055241],[106.71885679994116,-6.1531349999156353],[106.7185709998648,-6.1532218992265761],[106.71823099991879,-6.1533576998167989],[106.71774429921676,-6.1535771991258805],[106.71718699996696,-6.1538352996984607],[106.71695739930873,-6.1539357997773312],[106.71685019982223,-6.1539822999295275],[106.71673809947589,-6.1540367992486278],[106.71650769975642,-6.154145400015862],[106.71619169972006,-6.1543037995666365],[106.71603789921858,-6.1543916993806072],[106.7152566994105,-6.1548427995589021],[106.71448989924643,-6.1553392992218692],[106.71438699957623,-6.1553996000063975],[106.71421580001646,-6.1554923992992858],[106.7140605993514,-6.1555557995289156],[106.71388949933728,-6.1556097997733001],[106.71362819925278,-6.1556524991943737],[106.71337599978176,-6.1556743991365499],[106.71325129935913,-6.1556776993177689],[106.71289779928308,-6.1556739999635512],[106.71242619940429,-6.1556583998861019],[106.71226719949534,-6.1556518995301008],[106.71214359997278,-6.1556502995117857],[106.71205169959228,-6.155645199691655],[106.71056529919089,-6.1556335991933704],[106.71034899984032,-6.1556523996170478],[106.70991349964856,-6.1557282991579445],[106.70930809933566,-6.1558438993754487],[106.70902189995901,-6.155885799311565],[106.70874179996309,-6.1558881999343873],[106.70827639959546,-6.1558570995254822],[106.70715939989354,-6.1557722995298256],[106.70699209987336,-6.1557726999203988],[106.70686549945509,-6.1557817999219218],[106.70672799977841,-6.1557945996084191],[106.70664169961768,-6.1557956993375784],[106.70659409925413,-6.1557928992333046],[106.70655259934222,-6.1557867999675437],[106.70650919946729,-6.155769099143841],[106.70647069945305,-6.1557452998745221],[106.70644529981527,-6.1557127997894883],[106.70643109938727,-6.1556833997712577],[106.70639369975844,-6.1555607996526014],[106.70627959958433,-6.1551647995945027],[106.70621349952556,-6.155085099355623],[106.70599249929785,-6.1549252999682453],[106.70593029947685,-6.1549007996486553],[106.70585039980448,-6.154888399361389],[106.70559709946818,-6.1548979997568969],[106.70552549995671,-6.1548405999769553],[106.70549119958265,-6.1547692995994643],[106.70545699976839,-6.1544946993276604],[106.70542409994987,-6.1542412991505762],[106.70545549999166,-6.1541861997763849],[106.70556219987488,-6.1541405993292893],[106.70571390000137,-6.1541139994934877],[106.70594449933232,-6.1541121992596199],[106.70598219948904,-6.1541772992702013],[106.70602259967924,-6.1544993997559727],[106.70606539971352,-6.1548492995146571],[106.70621239958599,-6.1549719996728909],[106.70635199954064,-6.1551193999261962],[106.70638429986724,-6.1551793991809758],[106.70641779979546,-6.1552967997884735],[106.70652339974184,-6.1556574995047901],[106.70654489981186,-6.155725299720034],[106.70659299915836,-6.1557462995244547],[106.70664029973729,-6.155751699354215],[106.70671179950361,-6.1557491992775715],[106.70688809916281,-6.1557270993654205],[106.70699309951019,-6.155720199724402],[106.70720679986937,-6.1557247996097857],[106.70731939953409,-6.1557264992529079],[106.70759439988643,-6.1557501991825738],[106.70828649981998,-6.1558023991687865],[106.70874099999183,-6.1558337994231485],[106.70895689999908,-6.1558408998848035],[106.70920109992538,-6.1558126997733895],[106.70942759971021,-6.1557721999319162],[106.71022569989456,-6.1556156995841071],[106.71040449998272,-6.1555944993006024],[106.7106503992073,-6.1555804994918848],[106.71134940002757,-6.1555839995635395],[106.71204839932098,-6.1555980999099136],[106.7121441998236,-6.1556011997288156],[106.71226899957962,-6.1556051993374732],[106.71242709999004,-6.1556103995863474],[106.71316679940804,-6.1556314995156161],[106.71334729925117,-6.1556296993817643],[106.71358799956623,-6.1556156995529134],[106.71380559926602,-6.1555821999546998],[106.71400909948609,-6.1555170993579438],[106.71419489929501,-6.1554308993053537],[106.71428099947531,-6.1553869991575105],[106.71444269921041,-6.1552989992682123],[106.71474169930444,-6.1550754999850135],[106.71495229940085,-6.1549382993505199],[106.71521479960664,-6.1547792991363064],[106.71536459964679,-6.1546884998284028],[106.71558759974934,-6.1545705997125282],[106.71596279996947,-6.1543647000247974],[106.71614879914918,-6.1542645999542769],[106.71671689942511,-6.1539867994387265],[106.71682639933061,-6.1539352996700156],[106.71693029981734,-6.1538877992106569],[106.71715899949959,-6.1537815999834704],[106.71758639990681,-6.1535937996705741],[106.71821039963923,-6.1533149997973071],[106.71852619914979,-6.1531817999118905],[106.71873880003642,-6.1530959998035524],[106.71887280004027,-6.1530608000140541],[106.71940369985067,-6.1529882996447238],[106.71954599990462,-6.1529688996496228],[106.72032399940611,-6.1528815997322193],[106.72062879984512,-6.152842099388466],[106.72078489971422,-6.1528248998090627],[106.72089299973214,-6.1528161999868285],[106.72100779931793,-6.1528129997557865],[106.72121959932203,-6.1528121000291049],[106.72135439960186,-6.1528114999996291],[106.72163779951846,-6.1528313997534365],[106.7219335999098,-6.1528604996348291],[106.72220399936479,-6.1528868998769521],[106.72239859961731,-6.1529140996892746],[106.7226437995604,-6.1529663993158463],[106.72287149950367,-6.1530359997573445],[106.72318779917686,-6.1531357991717108],[106.72341319969374,-6.1532170992891944],[106.72393850000844,-6.153376099441707],[106.72421169970357,-6.1534538991830958],[106.72436819944505,-6.1534898999805758],[106.7254017999489,-6.1536919993210839],[106.7254928998011,-6.1537104991745846],[106.72576719930169,-6.1537650993209692],[106.72584779920059,-6.1537801997154782],[106.72623150002151,-6.1538659996905398],[106.72667789943019,-6.1539658995653994],[106.72683659919826,-6.1540088992570876],[106.72706779988505,-6.1540575996619076],[106.72713609939748,-6.1540712992075424],[106.72791179961615,-6.1542224995781636],[106.72799589934453,-6.1542450996574667],[106.72941369990691,-6.1545427995784046],[106.73015159969613,-6.1546959995694221],[106.73038579973988,-6.1547339998490216],[106.73069559976052,-6.1547841996975468],[106.73111829961663,-6.1548329996813065],[106.73144049932638,-6.1548468995908419],[106.73166529982571,-6.1548485999811229],[106.73207469966353,-6.1548456992062999],[106.73238449926701,-6.1548243995058991],[106.73259369971625,-6.1547950992166713],[106.73299339943381,-6.1547256994434525],[106.73351369918885,-6.1546310995842068],[106.73408559941518,-6.1545302995944846],[106.73441289949248,-6.1544877000139193],[106.73468509959824,-6.154472999957834],[106.73525369986912,-6.1544913991573598],[106.73570169938468,-6.1545127994772422],[106.73661089937104,-6.1545317000204109],[106.73728819923853,-6.1545302999733789],[106.73747059989634,-6.1545384998218271],[106.73753839951394,-6.1545409999259899],[106.7375861993051,-6.1545419999231141],[106.73789029940578,-6.1545690000041304],[106.73810559934851,-6.1545642996493539],[106.73832349969302,-6.1545596992429035],[106.73866950002423,-6.1545462994281666],[106.7389350995916,-6.154535699454013],[106.73918579950734,-6.1545422999906982],[106.73943929955527,-6.1545542994020348],[106.74240539954999,-6.1547417998956773],[106.74290799917742,-6.154789299518737],[106.74332999981698,-6.1548457993168189],[106.74372559923522,-6.1549141994778029],[106.74424229950894,-6.1549898993612677],[106.74471120002762,-6.1550390996158679],[106.7456136999276,-6.1550989998034371],[106.746486099736,-6.1551516999023761],[106.74779209977655,-6.1552906992332659],[106.74822569987715,-6.1553276991567403],[106.74942819979087,-6.1554331994320881],[106.74984189925762,-6.1554774996164143],[106.75029909916272,-6.1555297992324727],[106.75112829966669,-6.1556465996996943],[106.75123899993368,-6.1556640991639986],[106.7515042996824,-6.1557071994469137],[106.75223639933866,-6.1558312999234426],[106.75231689928481,-6.1558410000182784],[106.75346889931215,-6.1559365998079505],[106.7538727997961,-6.1559835998927523],[106.75437139956496,-6.1560672994643104],[106.75460689924158,-6.1561215997364345],[106.75477419940168,-6.1561811000173199],[106.7554162991883,-6.1564097994436073],[106.75613199920238,-6.1566174996104035],[106.75719629936552,-6.1569120999002296],[106.75771119992626,-6.1570571994918417],[106.75787879957743,-6.1571103998217849],[106.759582199492,-6.1576484995033844],[106.75973859957581,-6.1576934996544104],[106.75978719951267,-6.1576963991895015],[106.75983739921995,-6.1576824996051345],[106.75987159989184,-6.1577099994673619],[106.75990599927484,-6.1577308997738109],[106.76020479937083,-6.1578393999516097],[106.76149940002097,-6.1583108997137703],[106.76181849990827,-6.1583826996644975],[106.76197559976359,-6.1584096994155022],[106.76214029914593,-6.1584223993069385],[106.76247079974515,-6.1584213997165493],[106.76410269993796,-6.1583821992586314],[106.76458279934695,-6.1583046997971733],[106.76473169941566,-6.1582682000078766],[106.76510849942864,-6.1581542000043106],[106.76640270003038,-6.1576007996028181],[106.76661599950559,-6.1575321994119001],[106.76678830003732,-6.1575047993366798],[106.76691099994633,-6.1575067999940112],[106.7670873995791,-6.1575354993281195],[106.76718049994386,-6.1575728998794261],[106.76734749993422,-6.1576574991784812],[106.76744609956425,-6.1577194993003559],[106.76832589975527,-6.1583054995874722],[106.76851899935643,-6.1584607992257361],[106.76867390003102,-6.1586127993890925],[106.76873959998598,-6.1587021998137139],[106.76881669959791,-6.1588060992911888],[106.7688689991904,-6.1588941995694286],[106.76891999929509,-6.1590001992219054],[106.76899439943648,-6.1591801998809776],[106.76953619938602,-6.1606595993970048],[106.7696139996076,-6.1608381996955304],[106.76971659915999,-6.1609995993094282],[106.76981049981762,-6.1611048993957622],[106.76990299956876,-6.1611941997250224],[106.77004649918115,-6.1612921991459837],[106.77025639965564,-6.1613901995977347],[106.77183369951226,-6.1620115992276734],[106.77208739979937,-6.1621040994453571],[106.77214259955664,-6.1621110998444948],[106.772221299156,-6.1621169000111529],[106.77228149930507,-6.1621420998063101],[106.77234340004014,-6.1621692994605688],[106.77236229985587,-6.1621983998295029],[106.77239309993732,-6.1622329997649272],[106.77243469976604,-6.1622570000155799],[106.77512419967412,-6.1633093995973711],[106.77554889928048,-6.1634728993310386],[106.77596569979733,-6.1636318994511257],[106.77633929987807,-6.1637908993852868],[106.77689039922147,-6.1640021992857772],[106.77709959961686,-6.1640893998583026],[106.77723069998898,-6.1641435998180416],[106.77764219916392,-6.1643004992853339],[106.77825049946307,-6.1645407996148505],[106.77871870001181,-6.1647275996689235],[106.7789661994136,-6.1648204999690472],[106.77914129990126,-6.1648680992103655],[106.77925479916254,-6.1648960994256434],[106.77937830003991,-6.1649098992447193],[106.77957209985807,-6.1649086996439397],[106.78020139930618,-6.1648784998743835],[106.78059899961146,-6.1648597991879859],[106.7807702995164,-6.1648541000034713],[106.78092670001357,-6.1648570992004501],[106.78110849965034,-6.1648708999860293],[106.78133719983147,-6.1649145994346313],[106.78184249915056,-6.1650218992520704],[106.78285669918763,-6.1652348992654522],[106.78310159967654,-6.1652833992003764],[106.78373849993429,-6.1654170994772644],[106.78396659990318,-6.1654611993296831],[106.78459629954106,-6.1655828994827111],[106.78478939977178,-6.1656232995540794],[106.7850048998034,-6.1656979992846095],[106.78518579982708,-6.1657828993204715],[106.78546829916046,-6.1659324993552964],[106.78588709962169,-6.1662052999752444],[106.78610359971486,-6.1663265997786869],[106.78623539962305,-6.1663905998368032],[106.78636050000551,-6.166437699421417],[106.78651449932845,-6.1664795996976052],[106.78684749957988,-6.1665619997331049],[106.78748869999876,-6.1667019997988692],[106.78764319917298,-6.1667363995430851],[106.78774389937173,-6.1667515992933639],[106.78785309951613,-6.1667679992968703],[106.78791309936854,-6.1667719997271728],[106.78794349961605,-6.1667742992370052],[106.78805729979031,-6.1667827991938191],[106.78810719990713,-6.1667861996568663],[106.7888003997079,-6.1668458992746373],[106.78896649981189,-6.1668392997096841],[106.78948809993952,-6.1667947994741548],[106.78996169918439,-6.1667550994393956],[106.79053659923397,-6.1666931997064687],[106.79127350001812,-6.1666459993956524],[106.79284229999608,-6.1665157993000737],[106.79350479982151,-6.1664677993384318],[106.79475469934509,-6.1663770999352439],[106.7967533993011,-6.1662482000226317],[106.79727989998665,-6.1662141998240863],[106.7982956999449,-6.1661490993447732],[106.79851459950831,-6.1661211995568026],[106.79865359952049,-6.1661149995847815],[106.79916049998189,-6.1660714992656507],[106.79988259952177,-6.1659988999614948],[106.80029379946933,-6.1659747993440295],[106.8008176997369,-6.1659804992923091],[106.80166029956017,-6.1659972996450598],[106.80337649984209,-6.1660034994295527],[106.80427029921675,-6.1660153997549534],[106.80433939930366,-6.1660125996779467],[106.80441159942764,-6.1660050999839147],[106.80449009959626,-6.1660142991417395],[106.80479979964441,-6.1660111994735534],[106.80514800001687,-6.1660053995014179],[106.80535589978913,-6.166001999721491],[106.80559539921117,-6.1659893993883497],[106.80652750003333,-6.1659227995529626],[106.80744359956807,-6.16585619999102],[106.80783999994395,-6.1658322993972714],[106.80839179928491,-6.1657816995272245],[106.80951939920865,-6.1657070999967027],[106.8102952994075,-6.1656569993746313],[106.81035749928122,-6.165652999526702],[106.81038979964889,-6.1656519991602536],[106.81063939987229,-6.165632899222361],[106.81067469959599,-6.1656303000012223],[106.81073959978232,-6.1656254997738227],[106.81129239961227,-6.1655841994782765],[106.8120117992505,-6.1655294999631289],[106.81256049949579,-6.1654806995072899],[106.81322749961622,-6.1654261992752177],[106.81329579950524,-6.1654243999078204],[106.81340509996295,-6.1654200992846286],[106.81349829928989,-6.1654164999211805],[106.81350149966551,-6.1654168995285792],[106.8138446994199,-6.1654028992498997],[106.81535779974782,-6.1653332992620644],[106.81556799991019,-6.16531819941188],[106.81565089966709,-6.1653088995666447],[106.81569869960296,-6.165301699459051],[106.81581529979324,-6.1652841995779175],[106.81587499922126,-6.1652752997382585],[106.81664789947421,-6.1651475992343681],[106.81796479943038,-6.1649258999730252],[106.81837229961596,-6.164864399843994],[106.81879139983441,-6.1648074991801449],[106.81998419943906,-6.1646334992999607],[106.82009670914758,-6.1646167503435203],[106.82019992625634,-6.1646023767294089],[106.82024682922928,-6.1646095928131315],[106.8203063995569,-6.1646370996745308],[106.82037069956102,-6.1649756997960452],[106.82039289973163,-6.1651262997228065],[106.82040799916747,-6.1652024992458188],[106.82041969920603,-6.1652609993475593],[106.82044939942556,-6.1654133991746214],[106.82052529970935,-6.1657535997576831],[106.82060119984713,-6.166090799336664],[106.82071169968127,-6.166606299233198],[106.8207817997199,-6.1668707991636378],[106.82085609944092,-6.167149999287572],[106.82087679952926,-6.1672497994298148],[106.82088089970982,-6.1672771991685691],[106.82089469965646,-6.1673706999837528],[106.82092466156296,-6.1674180560165794],[106.82093309935674,-6.1674097991613266],[106.82095649970874,-6.1673922992906327],[106.82097019983172,-6.1673810994313518],[106.82100469997167,-6.1673636999522659],[106.82104729928945,-6.1673462999115296],[106.82110999920917,-6.1673432997906232],[106.82122309975149,-6.1673378000014587],[106.82128759974448,-6.1673396997720138],[106.82188549921608,-6.1673799995999516],[106.82229229974267,-6.1673729995062985],[106.82251099948607,-6.1673558992678696],[106.82282159967974,-6.1673125997195228],[106.82294139954269,-6.1672958992220579],[106.82355630001365,-6.167210099554576],[106.82509099976284,-6.1670966998428902],[106.82539059931234,-6.1670795997917436],[106.82551729952556,-6.1670864993884287],[106.82553820001995,-6.1670861999141362],[106.82557749920025,-6.1670887000042889],[106.82576179948569,-6.1671179992859813],[106.82665329956185,-6.1672745994828571],[106.82685769969846,-6.1673161994296981],[106.82746619932911,-6.1674313998851584],[106.82786569943687,-6.1675025999679844],[106.82819440000583,-6.1675691999667874],[106.82883879996933,-6.1677128997788646],[106.82929149965678,-6.167813299831824],[106.82996240003266,-6.1679991997770029],[106.83014309977277,-6.168031499841411],[106.83035359958599,-6.1680426998330358],[106.83057259996838,-6.1680481995570249],[106.83070509941591,-6.1680477993132561],[106.83096649947805,-6.1679920998082487],[106.83122369972941,-6.1679248999980203],[106.8314301999863,-6.1678660996667753],[106.83158619934784,-6.1678099991807311],[106.83161809974158,-6.1677930999151229],[106.83165049991709,-6.1677730994312707],[106.83168300003034,-6.1677429999068014],[106.83176119966062,-6.1676960992281407],[106.83182839968266,-6.1676358998361414],[106.83199619924493,-6.167501099352882],[106.83209709975822,-6.1674196996605311],[106.83219319932,-6.1673592995797888],[106.83230669954439,-6.1672959996294487],[106.83251779924025,-6.167182399408687],[106.83286349944858,-6.1669963992556491],[106.83314679981568,-6.166839399774223],[106.83316249941886,-6.1668309993467352],[106.83322449974598,-6.1667964998225839],[106.83332389948146,-6.1667395991461342],[106.83380639975729,-6.1664635000229033],[106.83393909938846,-6.1663942991352334],[106.83437709956607,-6.1661657992060999],[106.83442639986646,-6.1661405993088083],[106.83458599970183,-6.1661238000185161],[106.83471989991546,-6.1661347992956861],[106.83483069997143,-6.1661707997390289],[106.83497139923844,-6.1662882000004036],[106.83506119999244,-6.1664275994731952],[106.83511869969175,-6.1665405999174947],[106.83514369998167,-6.166593699805202],[106.8351764992635,-6.166669599505779],[106.83520879956775,-6.1667482993289848],[106.83524579921351,-6.1668355996960447],[106.83529399917522,-6.1669490995860965],[106.83540979959162,-6.1672439998568898],[106.83542199985962,-6.1672719997498238],[106.83561529974358,-6.1677474994258805],[106.83570689962946,-6.1679603996725838],[106.83571589944508,-6.1679813996442183],[106.8357553998265,-6.1680725991299328],[106.83578049982908,-6.1681456997432331],[106.83578069917135,-6.1682353999364476],[106.83576489937121,-6.1682957995983969],[106.83573519921904,-6.1683342993471193],[106.83566669988383,-6.168393499977106],[106.83494420003237,-6.1687671994909969],[106.83481139990884,-6.1688358992859529],[106.83464749943455,-6.1689239993915761],[106.83458210000786,-6.1689554999451071],[106.83447689984162,-6.1690101993651041],[106.83428589940422,-6.1691074995515898],[106.8339581995716,-6.1692670000205965],[106.83320929948006,-6.169636399940079]]},"properties":{"OBJECTID":182,"ID":"BRT_03","LINE":"3","NAME":"Kalideres - Pasar Baru","MODE":"BRT","CLASS":"Koridor Utama","STATUS":"Eksisting","COLOR":"#fbc71f","SOURCE":"TransJakarta; RTRW DKI Jakarta","REMARK":"Perubahan menjadi Kalideres - Monas selama pembangunan MRT Fase 2A"}},{"type":"Feature","id":273,"geometry":{"type":"MultiLineString","coordinates":[[[106.85979469932767,-6.1951486999424095],[106.85938069982811,-6.1954380994793841],[106.85845129928164,-6.1960640995864047],[106.8581178994171,-6.19629039967925],[106.85786869948824,-6.1964539996339036],[106.85772879991288,-6.1965397998383116],[106.85766219998818,-6.196580599141865],[106.8575997997785,-6.1966204994528997],[106.85733959973837,-6.1967935998073251],[106.85723649920611,-6.1968614997872793],[106.85704849989388,-6.1969853996163593],[106.85686689942791,-6.1971050997815729],[106.85640259928158,-6.1974218991928405],[106.85626149936334,-6.1974784999338999],[106.85597509982868,-6.1976538995587127],[106.85570089930565,-6.197818399238546],[106.85562949992921,-6.1979072992556565],[106.85553489915019,-6.1979905996562099],[106.85517079963279,-6.1982465991967537],[106.85459499998966,-6.1986847996483725],[106.85441069957064,-6.1988318993604024],[106.85415949987456,-6.1990444998470089],[106.85412979998614,-6.199088599257589],[106.85412129979767,-6.1991295991854498],[106.85411809946704,-6.1991602993700949],[106.85410279972481,-6.1991991992145321],[106.85407199921357,-6.1992359995761595],[106.8540319996433,-6.1992714993876259],[106.8539595991917,-6.1993299995405673],[106.85387969927517,-6.1993944997046384],[106.8538067996671,-6.1994533994241214],[106.85379369967229,-6.1994637996844064],[106.85375099953565,-6.1994984997087048],[106.85366009938788,-6.1995719000052052],[106.8536304996412,-6.1995957992208384],[106.85317389968417,-6.1999645999481467],[106.85282449982572,-6.2002607994994126],[106.85237119919965,-6.2006544997579089],[106.8518974995725,-6.2010559998806256],[106.85178219941466,-6.2011522999816622],[106.85163099915093,-6.2012687997135405],[106.85143589978428,-6.2014042991650813],[106.8512867998156,-6.2014984994106559],[106.85113099923454,-6.2015904997127231],[106.85095769936156,-6.2016824996396451],[106.85085389945947,-6.2017340993007766],[106.85071599965926,-6.2017956996516235],[106.85051719915378,-6.201888699954849],[106.8504321997294,-6.2019346995107183],[106.85002179952835,-6.2022143994814085],[106.84981169952266,-6.2023559997848547],[106.84970619977166,-6.2024256993159641],[106.84965379955456,-6.2024624999406894],[106.84960449941413,-6.2025068991638053],[106.84956599913872,-6.2025527995576244],[106.84952059987101,-6.2026079998355703],[106.84950979917748,-6.202625699448137],[106.84949089965251,-6.2026671995645488],[106.84947509939532,-6.2027113995365752],[106.84945049944459,-6.2028001999937725],[106.84944279959262,-6.2028606999452309],[106.84942279994407,-6.2030030993348815],[106.8493140995708,-6.2036080992492106],[106.84929269916175,-6.203723699661567],[106.84927809984177,-6.2038070999121251],[106.84926179944689,-6.2039104998374404],[106.84920209972985,-6.2042296993853787],[106.84915009936674,-6.2045177996225425],[106.8490976992907,-6.2047987999759231],[106.84904459989141,-6.2051012992345056],[106.84898989983128,-6.2054113999565539],[106.84894289966992,-6.2056946997514206],[106.84890579932561,-6.2058832992011173],[106.84885709915142,-6.2061254999277429],[106.84884279996025,-6.2061801992346064],[106.84881189990963,-6.2062979992243585],[106.84871279952718,-6.2067736995556961],[106.84870419996359,-6.2068472000041339],[106.84870349971169,-6.2069616992249461],[106.8487117993751,-6.2070674997132977],[106.84873579955431,-6.2072040998979441],[106.84878099987746,-6.2074261995559912],[106.84885559935819,-6.2077778000032087],[106.8488565996694,-6.2078381999649617],[106.8488478999855,-6.207905000013775],[106.84883819999177,-6.2079386000128753],[106.84881689973145,-6.2079963997466034],[106.84876659950484,-6.2080652999197055],[106.84858129971799,-6.2082289992802213],[106.84826769955971,-6.2084294994591351],[106.84790369952644,-6.2086193997031973],[106.84779579995021,-6.2086712992690885],[106.84762470000695,-6.2087285994284862],[106.84735339960928,-6.2088208995811076],[106.84721039991786,-6.2088655996753763],[106.84713999958286,-6.2088732993372169],[106.84704689953352,-6.2088833992089718],[106.84692051619871,-6.2089098404404117],[106.84666316515458,-6.2088921797258001],[106.84541049964504,-6.2085575994480449],[106.84530479933257,-6.2085081992353253],[106.84521759956576,-6.2084753991311761],[106.84451209927931,-6.2082457993673819],[106.84297189935509,-6.2077184998056003],[106.84255009956445,-6.2075749999415892],[106.84209369946979,-6.2074213993992791],[106.84173629918368,-6.2073033999391649],[106.84164489934317,-6.2072697999892119],[106.84156089935783,-6.2072336995710851],[106.84143609962356,-6.207191499618391],[106.84115249948586,-6.2070919998567833],[106.84108509978134,-6.2070682992037476],[106.84103029930965,-6.2070508992551305],[106.84096799918086,-6.2070363997242026],[106.84092480000609,-6.2070248997862398],[106.84008789919221,-6.2067458996305493],[106.83975019960479,-6.2066319991940464],[106.83962669952795,-6.2065904000037948],[106.83878609984694,-6.2062850998728223],[106.83868759953664,-6.2062482997036286],[106.83863069950277,-6.2062269998448585],[106.83858379963932,-6.2062099998238711],[106.83853159970207,-6.2061910995595779],[106.83797939941282,-6.2059891995111052],[106.8378965994042,-6.2059553998393691],[106.83732979998361,-6.2057239996272857],[106.83718849953736,-6.2056744994217929],[106.83709199921356,-6.2056492996597159],[106.83668899935094,-6.2055845995239443],[106.83624729979326,-6.2055237991322008],[106.83580519945015,-6.2054571000291281],[106.83519739920311,-6.2053752992997815],[106.83491029970163,-6.2053322992704363],[106.83485379951277,-6.2053238991350224],[106.83424259939441,-6.2052331993182328],[106.83408259984797,-6.2052113997795857],[106.83396459932166,-6.2051952992726909],[106.83385119993727,-6.2051798998118572],[106.83359669954923,-6.2051328999746405],[106.83339579963432,-6.2050959993514789],[106.83314719987263,-6.2050502998361088],[106.83266769996047,-6.20497809980073],[106.83219019952199,-6.2049304993736527],[106.83159529935534,-6.2048654996564219],[106.83120779945007,-6.2048179992689789],[106.83086589918635,-6.2047712993408117],[106.8303929995008,-6.2046737999491386],[106.8299888992664,-6.2045794999948942],[106.8299445999922,-6.2045703997914838],[106.82990139996204,-6.2045619992290613],[106.82982749930397,-6.204544599740319],[106.82880609954765,-6.2043141998417166],[106.82767129920408,-6.2040487997573148],[106.82732449993944,-6.203971800001038],[106.82712199928474,-6.2039251995786708],[106.82655079942536,-6.2038079998752567],[106.825569699711,-6.2035951992198868],[106.82548519943285,-6.2035803998190717],[106.82534989934479,-6.2035535998751712],[106.82533939920445,-6.2035517996886904],[106.82530819974667,-6.203545899882478],[106.82522399968047,-6.2035295993740869],[106.82519439915822,-6.2035343994707191],[106.82517229942177,-6.2035449993103837],[106.82516309955984,-6.2035547997104974]],[[106.82516309955984,-6.2035547997104974],[106.82508869938761,-6.2035394997823827],[106.82502649918527,-6.2035268992615693],[106.82497279983647,-6.2035268998467004],[106.82492709978303,-6.2035244994038319],[106.82343819963349,-6.2031961995007032],[106.8232067996032,-6.2032481995111963],[106.82313269931292,-6.2033303999650675],[106.82308979964608,-6.2034842998906061],[106.82306909967762,-6.2038482997983673],[106.82305329945622,-6.2041063994229875],[106.82305219954345,-6.2041677994078572],[106.82305399974169,-6.2042551998166493],[106.82318929937603,-6.204283899999683],[106.8234224999234,-6.2043315997429636],[106.82373619994502,-6.2043981996868807],[106.82381409991591,-6.20441809992617],[106.82388919976222,-6.2044402991628367],[106.82412979968707,-6.2045191996368745],[106.82420890000877,-6.2045423995257041],[106.82429409992783,-6.2045645991645957],[106.82439099953939,-6.2045871997167339],[106.82476119925842,-6.2046640999717715],[106.82479019928432,-6.2046640994983768],[106.82481569960842,-6.2046607999937446],[106.82484389928719,-6.2046526999704215],[106.82486909966325,-6.2046388995188648],[106.82488869942968,-6.2046224998755797],[106.82490739958496,-6.2046003998037973],[106.82492659923898,-6.2045716993456024],[106.82500059991575,-6.2042355997017049],[106.825096799611,-6.2037932997498784],[106.82514339914853,-6.2035828997067073],[106.82515449990669,-6.2035639000203799],[106.82516309955984,-6.2035547997104974]],[[106.85132599979111,-6.2015718996610802],[106.85100190001022,-6.2017514999800376],[106.85091999924408,-6.2017841994067755],[106.85083079999737,-6.2018175997295986],[106.85074589992314,-6.2018412996502796],[106.85070439937424,-6.2018542999945536],[106.85063869964193,-6.2018802999184475],[106.85058389938061,-6.2019057997329163],[106.85052929975613,-6.2019364995798325],[106.8504082999771,-6.2020162000253132],[106.85009099992222,-6.2022268992530467],[106.84972059975676,-6.2024755994533578],[106.84965619972647,-6.2025232991572921],[106.84963249949877,-6.2025438991541675],[106.84961009994133,-6.2025669991412089],[106.8495902994563,-6.2025902998141431],[106.8495806992758,-6.2026024997392986],[106.84954619915946,-6.2026570995734653],[106.84953010002731,-6.2026914994771971],[106.84952159998838,-6.202715799575099],[106.8495059998033,-6.2027766996224196],[106.8494757998417,-6.2029104998838456],[106.84933369969946,-6.2037309995576964],[106.84931829921071,-6.2038141991683409],[106.84924220000585,-6.2042404997180496],[106.84900959962889,-6.205565699663822],[106.84894459995094,-6.2059485997216361],[106.84892539971473,-6.2061292993840862],[106.84892219951557,-6.2061841995286704],[106.84890569963781,-6.2063202992005087],[106.84890909937353,-6.2066645995011172],[106.84888579953231,-6.2068111994485351],[106.84887429940606,-6.206883799533446],[106.84886069946907,-6.2069731999547564],[106.84885059952887,-6.2070687997440555],[106.84884569972479,-6.2071694998335554],[106.84884889954519,-6.2072890993620806],[106.8488599999725,-6.2074111993312941],[106.84886139934163,-6.2074564992927623],[106.84891099945018,-6.207749499691162],[106.8489186000043,-6.2078775992377055],[106.84890790002989,-6.207944399948401],[106.84888919986777,-6.2079930992468002],[106.84885139966772,-6.2080659991681673],[106.84873479917356,-6.2081835000069372],[106.84861569931662,-6.2082731993439069],[106.84831669950621,-6.2085011992860988],[106.84828959943997,-6.2085171999607969],[106.84815389968895,-6.2086034996960304],[106.84812249953936,-6.2086198996517412],[106.84804099946155,-6.2086720000104307],[106.8479384997994,-6.2087424992647566],[106.84790149961607,-6.2087551999448189],[106.84787059933015,-6.2087638992001786],[106.8478373997623,-6.2087733994323901],[106.84749069928237,-6.2088899991950006],[106.84739499949933,-6.2089289998241828],[106.84735509991275,-6.2089452992195548],[106.84724559996818,-6.2089815993458197],[106.8471787995645,-6.2089953994981517],[106.8471074997551,-6.2089956999156639],[106.84701559923849,-6.2089867991380414],[106.84692559989632,-6.2089745996504897],[106.8468757993486,-6.2089660998271974],[106.84675619969674,-6.2089687993402647],[106.84663541171993,-6.2089703935676237],[106.84513909941857,-6.2085175998233186],[106.84498559992917,-6.2084451996988843],[106.84303879914326,-6.2077872998538606],[106.84165129969151,-6.2073194996013683],[106.841481699542,-6.2072802991455642],[106.84113089965494,-6.2071558991594769],[106.841019099975,-6.2071159992852385],[106.84092470003091,-6.2070699999385868],[106.83973729932829,-6.2066698996791159],[106.83867369976845,-6.2062884993352201],[106.83862319933301,-6.2062703997023014],[106.83857009952585,-6.2062514998574061],[106.83816779939689,-6.2061077996851299],[106.83787649981886,-6.2059960992916627],[106.83714139949849,-6.2057000998134342],[106.8370380999054,-6.2056702997218345],[106.83484709932415,-6.205364899301876],[106.83407609994019,-6.2052619997325591],[106.83395799925194,-6.2052461997610955],[106.8338467996754,-6.20523179992494],[106.83365039963539,-6.2052062998725104],[106.83338549925152,-6.2051673993386123],[106.83312519956075,-6.2051193994401475],[106.83288349918759,-6.2050651993204529],[106.83266049981458,-6.2050268992837188],[106.832187299392,-6.2049699999597534],[106.83189719934869,-6.2049376994565222],[106.8316269997393,-6.2049075994107685],[106.83100639944486,-6.2048345991864338],[106.83068259928517,-6.2047757993156889],[106.8302163995419,-6.2046742991448181],[106.82998739926261,-6.2046228999943027],[106.82990039950784,-6.2046024996304903],[106.82766039952546,-6.2040943995459559],[106.82731469962269,-6.2040128995440904],[106.82710669958492,-6.2039665992913262],[106.82626159928381,-6.2037887997866754],[106.82545679962611,-6.2036166999241624],[106.82539289997231,-6.2036019994824789],[106.82532419999576,-6.2035870000263085],[106.82516309955984,-6.2035547997104974]],[[106.8597740999729,-6.1952769997312398],[106.85938619992422,-6.1955350998759444],[106.85849659952567,-6.1961269000247103],[106.85829359927114,-6.1962642993501422],[106.85816249994495,-6.1963522993478328],[106.85794909990682,-6.1964922992279705],[106.857768599343,-6.1966106991804688],[106.85772739931657,-6.1966388995625827],[106.85763569979518,-6.1967016999780418],[106.85732959980614,-6.1969083996374428],[106.85717269916854,-6.197087299915486],[106.8571070992505,-6.1971311996482337],[106.85661069950332,-6.1974634995270614],[106.85637609997715,-6.197620599477605],[106.85635279926935,-6.1976361991467561],[106.85624059973452,-6.1977376995790427],[106.85610579990953,-6.1978690991940351],[106.85564389977097,-6.1981860996242144],[106.85526109916074,-6.1984649992621446],[106.8549951999056,-6.1986682997303477],[106.85485659990633,-6.1987741998174943],[106.85457219930368,-6.1990013000037596],[106.85424599964217,-6.1992616991674749],[106.85420020003777,-6.1992987997560896],[106.85413129995513,-6.1993529992484309],[106.8540549997021,-6.1994123991349923],[106.85397829969419,-6.1994721991466646],[106.85391789934903,-6.199527699817823],[106.85388829979793,-6.1995575999486183],[106.85385149985383,-6.1995903995924699],[106.8537867999077,-6.1996458999269395],[106.85369109932407,-6.1997279996699701],[106.85361909930477,-6.1997914993139771],[106.85346509964856,-6.1999277993925439],[106.85341559984623,-6.1999696995052052],[106.85332059936671,-6.2000499992990052],[106.85321789955537,-6.2001346994355977],[106.85306609916428,-6.200259999887261],[106.85291409949602,-6.20038879920856],[106.85271239974234,-6.2005585996493497],[106.85213869959024,-6.2010472996157686],[106.8518628991456,-6.2012621998641677],[106.85181229949231,-6.2012856995488876],[106.85172239976585,-6.2013155997134897]],[[106.85979469932767,-6.1951486999424095],[106.86010729961889,-6.1949015997002999],[106.86059059999047,-6.1945747995013365],[106.86121019915817,-6.1941558999059092],[106.86128429925647,-6.1940785994392602]],[[106.85979469932767,-6.1951486999424095],[106.85990549942423,-6.1951063991736701],[106.86007399915138,-6.1949889992796008],[106.86039229964041,-6.1947657993113587],[106.86077529951763,-6.1944992991270835],[106.86090529956005,-6.1944118993403556],[106.86099389920015,-6.1943523996798842],[106.86107879967946,-6.1943048993981717],[106.86116639989901,-6.19424689960666],[106.8613795995078,-6.1941025994753902],[106.86165129961844,-6.1939362992873397],[106.86183179995933,-6.1938281995790314],[106.86220569960551,-6.193610399607719],[106.86245779934737,-6.1934779996620035],[106.8627097997568,-6.1933587997483812],[106.86300459927644,-6.1932213997919874],[106.86317639952921,-6.193150599611112],[106.86348129942991,-6.1930353998704657],[106.86388169988975,-6.1929050996294306],[106.86414459979171,-6.1928165994640842],[106.8644096994537,-6.192740199908485],[106.86458119961513,-6.1927008993711805],[106.86467929963419,-6.1926806993494798],[106.86486969922309,-6.1926414995715779],[106.8651340996511,-6.1925862991582949],[106.86534889976011,-6.1925497991489165],[106.86546849990808,-6.1925339998731204],[106.86571899917001,-6.1924986996915949],[106.86605450002226,-6.1924598997362352],[106.86622109931992,-6.1924405995701877],[106.86658739950749,-6.1923974993090196],[106.8668975992303,-6.1923671992072675],[106.8669376998069,-6.1923631991779668],[106.86714129987701,-6.1923430000112347],[106.8674606996848,-6.1923112992428155],[106.86766309918093,-6.1922908997771184],[106.86814569937987,-6.192242299621868],[106.86818499946398,-6.1922382996104162],[106.86846059945339,-6.1922099993072468],[106.86856149982334,-6.1921995997331649],[106.86867859921814,-6.1921874993444987],[106.86928809991129,-6.1921247994589592],[106.86973519972662,-6.1920805996530097],[106.8700721993697,-6.1920472992242868],[106.87021699924915,-6.1920321994610372],[106.87030879940646,-6.1920223994615551],[106.87086139928527,-6.1919636994968306],[106.87127819948292,-6.1919288999800255],[106.87167289936281,-6.1919183994117928],[106.87169879914923,-6.1919183993685287],[106.87199669993734,-6.1919183999609499],[106.87206629994742,-6.1919183994271805],[106.87236079954987,-6.1919307995803168],[106.87256129978168,-6.1919392998931331],[106.87259789971631,-6.1919430992568838],[106.87288819941526,-6.1919729993009334],[106.87310309944672,-6.1920024999059464],[106.87337859975131,-6.1920402999324828],[106.87356209928829,-6.1920703994423736],[106.87402189982362,-6.1921457992559557],[106.87460119945094,-6.1922348992492964],[106.87493039974548,-6.1922725999875965],[106.87501329983469,-6.192281999509019],[106.87512459938755,-6.1922946991500192],[106.87517519971718,-6.1923004994571205],[106.87523920000442,-6.1923106999081696],[106.87537319963945,-6.1923239991821202],[106.87543229986376,-6.1923298996160119],[106.87547629956237,-6.192334899542371],[106.87571499921522,-6.1923662994742941],[106.87604299933214,-6.192414899610311],[106.87613870000109,-6.1924290999199521],[106.8765514995134,-6.1924835995888037],[106.8766616995981,-6.1924980993189696],[106.87693669970159,-6.1925295999082017],[106.87708229970947,-6.1925462997790888],[106.87733149948919,-6.1925726998101212],[106.87759529994136,-6.1926006999244239],[106.87774192791645,-6.192616595792706],[106.87784249999991,-6.1926274991796193],[106.87831619954058,-6.1926756996116801],[106.87844419923231,-6.1926886992328409],[106.87895189963514,-6.1927404992416468],[106.87920279949233,-6.1927660993839746],[106.87953049917704,-6.1927989995486596],[106.87977929965729,-6.1928238997928826],[106.88004239960033,-6.1928502998485344],[106.88012549956443,-6.1928584998112139],[106.88036269945886,-6.1928819996668585],[106.88040839994804,-6.1928869000032787],[106.88052169982576,-6.1928993996667838],[106.88065859978126,-6.1929145995097512],[106.88138009978347,-6.192987299724436],[106.88147149955502,-6.1929959998622923],[106.88193549944214,-6.1930400993112045],[106.88202779989561,-6.1930492997600757],[106.88294919949108,-6.1931411995955417],[106.88305889952088,-6.1931532991696985],[106.88356929957142,-6.193209599296436],[106.88368939931927,-6.1932227992211857],[106.88376099960725,-6.1932307998166669],[106.8838154998798,-6.1932357996903225],[106.88397979987616,-6.1932506996963284],[106.88403179996698,-6.1932611992951996],[106.88414369947013,-6.1932708993584615],[106.88423929965496,-6.1932791998054553],[106.88437070001069,-6.1932909995916576],[106.8848243995234,-6.1933332993455918],[106.88492849972607,-6.1933391997003087],[106.88524669969719,-6.1933573995536975],[106.88542609923054,-6.1933675999316451],[106.88548739965998,-6.1933749000101352],[106.88550519934432,-6.1933769994570014],[106.88563969972994,-6.1933995996456472],[106.88585019983243,-6.1934145997289258],[106.88594439987844,-6.1934165993301935],[106.88601279919634,-6.1934171997190628],[106.88614089975222,-6.1934153997950698],[106.88623439968327,-6.1934135999114659],[106.88636659974318,-6.1934101994948536],[106.88639029920505,-6.1934095998549905],[106.88650489952911,-6.1934107998795485],[106.88664779971811,-6.1934121994119495],[106.88682679981203,-6.1934139994208088],[106.88726769949633,-6.1934184996072252],[106.8873852993634,-6.1934194998089422],[106.88774799944258,-6.19342269918344],[106.88799919961733,-6.193424899170652],[106.8880222998545,-6.1934249995884256],[106.88835769977639,-6.1934268997174371],[106.88851650002073,-6.1934289998071623],[106.88874929928198,-6.1934289991616245],[106.88917809989167,-6.193430999286079],[106.88973569980384,-6.1934336993535686],[106.89025289971215,-6.1934360997624625],[106.89030889997491,-6.1934401994034705],[106.89031459928812,-6.1934415995022185],[106.89037019915871,-6.1934552998326522],[106.89043149963489,-6.1934633994805619],[106.89054179963328,-6.1934633996906348],[106.89073289938271,-6.193465299912372],[106.89077299962149,-6.1934656994658299],[106.89098429931562,-6.1934650999736043],[106.89101739984166,-6.1934639991769922],[106.89113959949853,-6.1934595997882642],[106.89125500003186,-6.1934564994498222],[106.89136519938701,-6.1934520993927551],[106.89139289990894,-6.1934511995558434],[106.89170179977631,-6.1934530998217499],[106.89215119933279,-6.1934592997508071],[106.89272949952249,-6.1934662997564986],[106.89307100001754,-6.1934713992818242],[106.89311079917424,-6.1934719995467571],[106.89350249956621,-6.1934780995373409],[106.895391599428,-6.1934856998486634],[106.89798849984061,-6.1934952992276013],[106.89840859921324,-6.1935010995679844],[106.89856499955545,-6.1934964992261392],[106.89900479986255,-6.193492699876348],[106.89909859942682,-6.1934942998336675],[106.89910699985391,-6.1934943999550205],[106.89936909987796,-6.193498799563983],[106.89968339989665,-6.1935079993278688],[106.90066739972409,-6.1935129996030458],[106.90078519967651,-6.1935135991776633],[106.90135769949656,-6.1935118991469373],[106.90153559967247,-6.1935068999063017],[106.9018353997425,-6.1935098991592881],[106.90216569962035,-6.1935179994115552],[106.90235579934483,-6.1935088992912952],[106.90249909961987,-6.1934936994912988],[106.90282739967634,-6.1934360993843933],[106.90309159995195,-6.1933502994438934],[106.90340489950911,-6.193192899281029],[106.90400389969408,-6.1928514994348554],[106.90409179929777,-6.1928010994244707],[106.90438630001596,-6.1926321997469884],[106.90466049969756,-6.1924632996118767],[106.90484179968249,-6.1923758997535945],[106.90492169949387,-6.1923373996562852],[106.90516469955541,-6.1922353997443604],[106.9053098997742,-6.1921956995011929],[106.90549839951358,-6.1921371995822225],[106.90560959936161,-6.192111099298959],[106.90574359922988,-6.1920777997666292],[106.90576139974428,-6.1920632995261178],[106.90577559961926,-6.1920473999665013],[106.90578929939504,-6.1920038999041598],[106.90580129979195,-6.1919487995782694],[106.90580719992917,-6.1919067000079782],[106.90595489917092,-6.1911566997002705],[106.90599790000368,-6.1909724998242126],[106.90604219975823,-6.190749199648212],[106.906041299164,-6.1907189993971938],[106.90603030001627,-6.1906807000237292],[106.90604389953592,-6.1906288994765113],[106.90609759964946,-6.1904925992509598],[106.9061391991969,-6.1903491998293854],[106.9061467994824,-6.1903163995031871],[106.90620369939924,-6.1901500994903786],[106.90633489980853,-6.1897030993569748],[106.90635589979159,-6.1895972999963593],[106.90638329991853,-6.1894595997126247],[106.90639169931622,-6.1893762997635227],[106.90639799920342,-6.1893113992344944],[106.90639879966625,-6.1892841991221683],[106.9063966996964,-6.1892608999148164],[106.90641489958912,-6.1892209993367562],[106.90642159926767,-6.1891841996478512],[106.90641359952794,-6.1890609995161396],[106.90640209941266,-6.1889703996345986],[106.90636579984947,-6.1888208995265837],[106.90634279953126,-6.1887469995936568],[106.90613189935635,-6.1880943992463466],[106.90608629931629,-6.1879584998918231],[106.90604379985803,-6.187827399390577],[106.90601129970399,-6.1877356994827153],[106.90594939970612,-6.1875728991497381],[106.90593469964136,-6.1875391997027513],[106.90589629935553,-6.1874227992248727],[106.90586969949219,-6.1873421998638882],[106.90583929922438,-6.1872114998137473],[106.90583109962985,-6.1871826991286119],[106.90579899988583,-6.1870700995976922],[106.90578079966319,-6.1869946995816765],[106.90576309978944,-6.1869005993807171],[106.90574989954376,-6.1868038999153541],[106.90574899961406,-6.1867193991789025],[106.90577459989822,-6.1866155995408203],[106.905801199883,-6.1865416996356926],[106.90585249998624,-6.1864581996038899],[106.90587639969576,-6.186418599569719],[106.90588879997361,-6.1863991993712917],[106.90589459973377,-6.1863683991291962],[106.90588789975391,-6.1863183992596236],[106.90606269942528,-6.1861162992821219],[106.90613189941848,-6.1860344998687049],[106.90640969997052,-6.1857432993932422],[106.90652969993516,-6.1856174996912197],[106.90662519961214,-6.1855136995981201],[106.90664259948058,-6.1854950996929174],[106.90742649918927,-6.184844299303502],[106.90772969929851,-6.1846061992684147],[106.90789319932614,-6.1844631993949042],[106.90797529935405,-6.184385899540553],[106.90821400000728,-6.1841610993559888],[106.90827029947323,-6.1841129998007336],[106.90859099982373,-6.1838167994855526],[106.90870119944634,-6.1837498992196105]],[[106.86487929990972,-6.1927474996402063],[106.86442649958853,-6.1928497994703049],[106.86403419964924,-6.1929617995439488],[106.86351959967098,-6.1931408995966928],[106.86321799948192,-6.1932458997577386],[106.86280499964828,-6.1934273991821698],[106.86239359940143,-6.1936227995684732],[106.86222589963995,-6.1937162993767361],[106.86170589920408,-6.1940029998373758],[106.86122329949957,-6.1943297991457289],[106.86098860004216,-6.1944886999649658],[106.86084569971432,-6.1945853999815546],[106.86074799955681,-6.194651599713378],[106.86067739988546,-6.194698899708623],[106.85993379995769,-6.1951824995561608],[106.8597740999729,-6.1952769997312398]],[[106.90870119944634,-6.1837498992196105],[106.90863699921684,-6.1838592993342631],[106.90832239991458,-6.1841701997533391],[106.90820499957954,-6.1842782991392919],[106.90795419970172,-6.1845106995313861],[106.90793629916459,-6.1845256991913509],[106.90770379917575,-6.1847204996360849],[106.90712319931561,-6.1852045995288023],[106.90685519963843,-6.1854279993022327],[106.90676169983558,-6.1855128000077597],[106.90669639926973,-6.1855774991430472],[106.90659699928763,-6.1856849993974707],[106.90622169946371,-6.1861040996364896],[106.90615369928562,-6.18617759932732],[106.90601789919154,-6.1863504995983183],[106.90596889973733,-6.1863869999357135],[106.90594159915021,-6.1864115999414793],[106.90590999995872,-6.1864474998655234],[106.90586499994015,-6.1865119995262434],[106.90583759936962,-6.186561899357236],[106.90580139937337,-6.1866593999646655],[106.90579149984453,-6.1867579996368178],[106.90579909955287,-6.1868699999664436],[106.90582119950423,-6.1869848993433507],[106.9058444999383,-6.1870636995799861],[106.9058803994847,-6.1871689999574393],[106.90588989948311,-6.1871968999716529],[106.90595919952038,-6.1874048994413569],[106.90599399952544,-6.1875093999673192],[106.90606229944899,-6.1877654992762494],[106.90614419938746,-6.1880245993719978],[106.90623589933089,-6.1882961991458316],[106.90638859937394,-6.1887689999568307],[106.90642309972927,-6.1888976996972218],[106.90644049945055,-6.1889646994983067],[106.90645109956327,-6.1890302997051343],[106.90646249975465,-6.1891151993818347],[106.9064712998818,-6.1891947993225376],[106.90648870002485,-6.1892540995137688],[106.90648369939794,-6.1893008991434106],[106.90648309955201,-6.1893066995069539],[106.90646909978248,-6.1893871995744298],[106.9064248994698,-6.1896061992939257],[106.90640229937449,-6.1897184996946804],[106.90624419998368,-6.1902680998580077],[106.90622239950213,-6.1903433993496044],[106.90617749972429,-6.1905023996919422],[106.90616799927632,-6.1905451993295193],[106.90614819950324,-6.1906528994007815],[106.90613479959093,-6.1907066991740107],[106.90610679982083,-6.1907300992644343],[106.90609539980025,-6.1907545997331983],[106.9059886992585,-6.191173699877921],[106.90584249987148,-6.1919521994143834],[106.90582049948107,-6.1920543994268167],[106.90579269999789,-6.1921046994926421],[106.90573569977548,-6.1921475992300561],[106.90567859933377,-6.1921748994014809],[106.90562239935309,-6.192191299717229],[106.90553429916753,-6.1922143994016015],[106.90532869915987,-6.1922634998971136],[106.90519559927982,-6.1922999000094938],[106.90489309941893,-6.1924332998700669],[106.90487880002951,-6.1924400996709288],[106.90468940004236,-6.1925302997929528],[106.90411309957126,-6.1928525993282504],[106.90403189990788,-6.1928979998441598],[106.90343029965311,-6.1932394000206008],[106.9032070999948,-6.1933494999062262],[106.90305709951561,-6.1934149992467438],[106.90288409917025,-6.1934707992277929],[106.90262329960402,-6.1935243996856695],[106.90231879997893,-6.1935556998323618],[106.90209419987617,-6.1935689994948708],[106.90184729954046,-6.1935721993585959],[106.90152999989407,-6.1935688993898443],[106.90092479978385,-6.1935665993792357],[106.90066889920485,-6.1935636999995305],[106.90049229997126,-6.1935603997505737],[106.90004829941694,-6.1935642994814337],[106.89910009957535,-6.1935608995240754],[106.89892819954173,-6.1935602997631047],[106.8979723991944,-6.1935504992881798],[106.89339319978907,-6.1935335997211709],[106.89310959916322,-6.1935413992974429],[106.89291969975046,-6.1935395996359732],[106.89170609953744,-6.1935249998510322],[106.89139189941395,-6.193519099592236],[106.89136419965429,-6.1935191992624317],[106.8912624996256,-6.1935194994778389],[106.89114419952533,-6.1935140994795876],[106.89109419951768,-6.1935131999984394],[106.89101749942745,-6.1935132998313813],[106.89074099994949,-6.1935138993758869],[106.89053719938032,-6.1935151998811131],[106.8904320993087,-6.1935158999363296],[106.88996479959995,-6.1935124991660695],[106.88946199924005,-6.1935087994917417],[106.88857809914482,-6.1935022999445701],[106.88851299979886,-6.1935015995373304],[106.88836609987872,-6.1935000999329564],[106.88801999957609,-6.1934963997902299],[106.88639529963875,-6.1934792996775929],[106.88636539997329,-6.1934788996855152],[106.88624129985371,-6.1934773997811581],[106.8861274995803,-6.1934704998472982],[106.88600929932196,-6.1934675991884358],[106.88587900000434,-6.1934602994572439],[106.88529149969659,-6.1934272997550082],[106.88493349923807,-6.1933788991900194],[106.88489439966513,-6.1933735996930492],[106.88461259928488,-6.1933485995329054],[106.88436889935564,-6.1933329998874083],[106.88425259991213,-6.1933290993226313],[106.88415099998699,-6.193329199801898],[106.88411089987159,-6.1933275999421626],[106.88402689921205,-6.1933249995947408],[106.88397439935812,-6.1933220992973785],[106.883809999542,-6.1933052991397401],[106.88368589933927,-6.1932925998850772],[106.88360489954536,-6.1932842999324853],[106.88356759949782,-6.1932804993440742],[106.88224349914447,-6.1931447997881293],[106.88157959953483,-6.1930766993781807],[106.88110999944499,-6.1930285996407237],[106.88054209954126,-6.1929703996054641],[106.88051929931851,-6.1929682996258499],[106.88039449970492,-6.1929565993017857],[106.88011899914237,-6.1929306999831581],[106.87988290002012,-6.1929085993571062],[106.87977349997891,-6.1928973000061909],[106.87908019946542,-6.1928255997713864],[106.87843799969124,-6.1927596994887182],[106.87773499956658,-6.1926876999076681],[106.87741549968125,-6.192654899758689],[106.8769695997437,-6.1926102999177619],[106.87667899973947,-6.1925812993541278],[106.87618509947116,-6.1925116998134939],[106.87598489941597,-6.1924737996839827],[106.87578499983309,-6.1924403992647861],[106.87564269938554,-6.1924165997289364],[106.87556569975152,-6.1924079995216452],[106.87542109957529,-6.1923920000055714],[106.87536259973884,-6.1923864997998539],[106.87522489975753,-6.1923734993133568],[106.87516449944009,-6.1923680998315369],[106.87511359931497,-6.1923625998594485],[106.87499889971436,-6.1923502992115713],[106.87491909943638,-6.192339399602389],[106.87415669976012,-6.192229499470125],[106.87401119933715,-6.1922097993257665],[106.87354689946807,-6.1921463999171946],[106.87320099953475,-6.1920990999988543],[106.87299629914965,-6.192071099592737],[106.87257889943007,-6.1920140996452444],[106.87208459998652,-6.1919919996494777],[106.87163319925965,-6.1919962991590971],[106.87149279983167,-6.1919976994474935],[106.8712051999123,-6.1920153998994314],[106.87091039946796,-6.1920335993671296],[106.87087369962991,-6.1920370994489282],[106.87043459927459,-6.1920794998387345],[106.87030829977638,-6.192091699934692],[106.87008049933951,-6.1921132992832053],[106.86966289973307,-6.1921546992405494],[106.86963409957789,-6.1921576994382912],[106.86927269980433,-6.1921948992975526],[106.86908299924924,-6.1922144996432795],[106.86889830000058,-6.192233299318346],[106.86868139959128,-6.1922554998395842],[106.86856769987979,-6.192267100018694],[106.86846459997263,-6.1922775995674542],[106.86815399993971,-6.1923092997718054],[106.86757749963601,-6.1923681996782634],[106.86699879983856,-6.192427299322528],[106.86656999935711,-6.1924710998607235],[106.86640489915497,-6.1924878993974017],[106.86605099987452,-6.1925238999231365],[106.86548569947423,-6.1925987998015399],[106.86542559975177,-6.1926090996765346],[106.86511259914964,-6.1926628996622108],[106.86494709979925,-6.1926913999350166],[106.86469689952258,-6.1927524996987549],[106.86460029939944,-6.1927760995003824],[106.86459809946282,-6.1927765999975319],[106.86442939984137,-6.1928186999176695],[106.86415939997379,-6.1928837994064088],[106.86381519988163,-6.1929884992494344],[106.86325179921191,-6.1931881999131235],[106.86272219992556,-6.1934222993591383],[106.8624951998378,-6.1935314992491142],[106.86226009917307,-6.1936537997908667],[106.86190879999869,-6.1938449997698806],[106.86150629930515,-6.1940933998877217],[106.86094969956896,-6.1944719992564643],[106.86084289919229,-6.1945446992592856],[106.85988269960619,-6.1951867999184955],[106.85983799918647,-6.1952209999995134],[106.8597740999729,-6.1952769997312398]],[[106.90870119944634,-6.1837498992196105],[106.90881449930892,-6.1836438994526164]],[[106.90881449930892,-6.1836438994526164],[106.90903869986172,-6.1834571997917296],[106.90943379955138,-6.1831280999599834],[106.90947949941457,-6.1830903997845539],[106.90952519942617,-6.1829479993125203],[106.90988639945505,-6.1826554992637526],[106.90991759966589,-6.1826089997358613],[106.90993670002375,-6.1825703996977435],[106.90995069995097,-6.1825101992978588],[106.90994599916618,-6.1824677997548276],[106.90992089978059,-6.1824372995728858],[106.90989999991308,-6.1824227991848471],[106.90987339957921,-6.1824082993872587],[106.90980699931424,-6.1823709993822442],[106.9090269992777,-6.1819984994861965],[106.90886259981066,-6.1819203997728636],[106.90884999982502,-6.1820074994154295],[106.90882390000198,-6.1821574992162072],[106.90878669919397,-6.1822996991599481],[106.90874569970423,-6.1823839994558503],[106.90872119977651,-6.1824359991250679],[106.90870269993682,-6.1824533996025917],[106.90861019916692,-6.1825119995666453],[106.90861169924864,-6.1825813999108599],[106.90862229978107,-6.182660499643017],[106.90869330000258,-6.1831818991849135],[106.90872279935577,-6.1833789998617412],[106.90872979969848,-6.1834043998193877],[106.90871029924521,-6.1835150995146932],[106.90878289965427,-6.1836019997603069],[106.90881449930892,-6.1836438994526164]]]},"properties":{"OBJECTID":273,"ID":"BRT_04","LINE":"4","NAME":"Pulo Gadung - Galunggung","MODE":"BRT","CLASS":"Koridor Utama","STATUS":"Eksisiting","COLOR":"#502d5f","SOURCE":"TransJakarta; RTRW DKI Jakarta","REMARK":"Tidak Ada"}},{"type":"Feature","id":297,"geometry":{"type":"MultiLineString","coordinates":[[[106.83064709934418,-6.1295617993750087],[106.83068719958513,-6.1296291996392522],[106.83071239927531,-6.129667799527228],[106.83073839927246,-6.1297084997841553],[106.8308002992743,-6.1298007997341646],[106.83083949940298,-6.1298497995046306],[106.83087519931279,-6.1299258993580139],[106.83093509971643,-6.1301917992714978],[106.83097859963154,-6.1303916999028525],[106.83101009916894,-6.1305517991332481],[106.83104289942233,-6.130709999664524],[106.83106779970082,-6.1308376995819964],[106.83113909934447,-6.1312744998289457],[106.83118239969465,-6.131494199753126],[106.83118719979974,-6.1315271992346574],[106.83116769964442,-6.1315708000174407],[106.83118459982987,-6.1316576993065164],[106.83121959975186,-6.1318393998690448],[106.83123659926298,-6.1319230998437106],[106.83125039928058,-6.1319779992777317],[106.83131729929814,-6.1322085996672939],[106.83132319949986,-6.132250799861235],[106.83146019948013,-6.1327598999297432],[106.83160959937939,-6.1334126992790639],[106.83168279973519,-6.1337085999378447],[106.83188459999332,-6.1345248994850881],[106.83192899975424,-6.134706499887093],[106.83194790002192,-6.134781399289075],[106.83198439915176,-6.1349177999788811],[106.83202819982193,-6.1350778993643571],[106.83204509944891,-6.1351377999509999],[106.83206859954821,-6.1352279993775021],[106.83214989955955,-6.13557579963188],[106.832215499942,-6.1358560992139433],[106.83234109921781,-6.1364454999868228],[106.83241349995816,-6.1367853991408197],[106.8324432993759,-6.1369191996488839],[106.83246969943607,-6.137037399439409],[106.83250250003204,-6.1371915995434732],[106.83263939984818,-6.1378354992081112],[106.83269839939719,-6.1381448993422767],[106.83271209958923,-6.138216699763908],[106.83273039957002,-6.1383124992484577],[106.83281819920296,-6.1386749000145713],[106.83285999938111,-6.1388472991255627],[106.8329777996495,-6.1393175995049614],[106.83298069965473,-6.1393305997032375],[106.83308689927895,-6.1398143992339316],[106.83315239984178,-6.1400998995043432],[106.8333119993259,-6.1408810996762027],[106.83347399993175,-6.1416741993541502],[106.83348159934604,-6.1417077994568476],[106.83349889940096,-6.1417543999399413],[106.83352319927577,-6.1418446994567093],[106.83362059921802,-6.1422448991675207],[106.83371209936649,-6.1426521996024315],[106.83392959993803,-6.1436617000161844],[106.83409069945775,-6.1444007994656387],[106.83413309966976,-6.1445899992532453],[106.83423279999907,-6.145010699956428],[106.8343032995852,-6.1453429995994844],[106.83432859997841,-6.1455648994884529],[106.83433419961979,-6.1456881992844918],[106.8343379996995,-6.1458963997034308],[106.83432879952484,-6.1461763997682857],[106.83432699963159,-6.1465000992458965],[106.8343221993658,-6.1467309000047781],[106.83431889962732,-6.1468883998722319],[106.83432289985791,-6.1471293993119493],[106.83433899915711,-6.1473044991946262],[106.83438239969082,-6.1475080997683902],[106.83466889935808,-6.1485847994544818],[106.83470759980128,-6.1487258998775278],[106.83479009968835,-6.1489854997000704],[106.83484110003302,-6.149151699227402],[106.83486309951199,-6.1492323995848333],[106.83492669948809,-6.1493943993388305],[106.83508059921286,-6.1499417999903354],[106.83515559963895,-6.1502587995583982],[106.83542710002843,-6.1513374996855594],[106.83705989944853,-6.1577874994136872],[106.83729999949365,-6.1587657994428557],[106.83734359941344,-6.1589483999751522],[106.83735799974662,-6.1590085996990549],[106.83736300000807,-6.1590295998877496],[106.83737379930429,-6.1590747991873682],[106.83737669991989,-6.1590862992690747],[106.83737949944199,-6.159097299695504],[106.83738399999453,-6.159120099999627],[106.83740419950763,-6.1591871993482243],[106.83742099917487,-6.1592428997891195],[106.83746999999175,-6.1594499991353269],[106.83746989957689,-6.1594538991605221],[106.83818139953404,-6.1623240996262227],[106.83828129984394,-6.1627192991610968],[106.83834029975441,-6.1630074993083381],[106.83834700002305,-6.1630430995486201],[106.83848559960732,-6.163597699715746],[106.83849029972362,-6.1636164992517894],[106.83851819925802,-6.1637165993693284],[106.83855059997148,-6.1638175998757179],[106.83860639979314,-6.163977599841771],[106.83868619949374,-6.1642757996193227],[106.8386925996861,-6.1642977000094801],[106.83876560001248,-6.1645996999173498],[106.83881429997733,-6.1647863999913595],[106.83910629933675,-6.1660082998441172],[106.83941919979513,-6.1673172995736261],[106.83956969940704,-6.1678955992727857],[106.83958519915123,-6.1679552994877929],[106.83960549966919,-6.1680322997469466],[106.83961969972017,-6.1680933995803526],[106.83964850004024,-6.1682079992355066],[106.83970659929743,-6.168455499869399],[106.84001689953556,-6.169674599546255],[106.84002359932228,-6.1697007999665736],[106.84006449988185,-6.169865299429099],[106.84007129922976,-6.1698925998778424],[106.84024549935106,-6.1706226999737073],[106.84041389922002,-6.1712846999319204],[106.8409046992936,-6.1731892992885626],[106.84105939938975,-6.1737940000081934],[106.84117329947448,-6.1742414995167341],[106.84133109978596,-6.1747801995126848],[106.84135759976998,-6.1748747993871556],[106.84148089936652,-6.1753869999615425],[106.8415382995025,-6.1755456995386497],[106.84155729928767,-6.1755879994039544],[106.84157809952323,-6.175642299468775],[106.84158229941555,-6.1756534993114673],[106.84165059946602,-6.1758087994325424],[106.84169629933619,-6.1759888995027863],[106.84181489959084,-6.1765659999768614],[106.84205139964233,-6.1776073992036675],[106.8421223996495,-6.177938499521952],[106.84216049979709,-6.1781050994378504],[106.84217289950914,-6.1781612992459953],[106.84218919996991,-6.1782343997785167],[106.8422117000014,-6.1783106994780725],[106.84222529981417,-6.1783682992955207],[106.84225319949171,-6.178526299731903],[106.84226299964625,-6.1785781992840434],[106.84227000002257,-6.1786245994492068],[106.84228099940647,-6.1787909993655639],[106.8422913999979,-6.1788884993655087],[106.84230609922498,-6.1790251999659889],[106.84273819976464,-6.1809290995629933],[106.84292539954008,-6.1817521999156373],[106.84296019959437,-6.1819245995092702],[106.84296819937916,-6.1820638992053665],[106.84296580003765,-6.1822846993983607],[106.84298149967165,-6.1824048999145083],[106.84301629929008,-6.1825606999057507],[106.84313869941819,-6.1829975995501432],[106.84314659917158,-6.1830257992943052],[106.84322829959892,-6.183237299521215],[106.84332139968397,-6.1834380991529532],[106.84333200003796,-6.1834540995603238],[106.8435476995238,-6.1837810994245261],[106.84363809923514,-6.1839181998962136],[106.84396759966013,-6.1844340996675564],[106.84401689998872,-6.1845147997935834],[106.84404799953282,-6.184568099974654],[106.84412649992385,-6.1847029992626421],[106.84421909987654,-6.1848619998271079],[106.84430879949478,-6.1850135998860827],[106.84450129933897,-6.1853377997711183],[106.84485459968437,-6.1859712991868347],[106.84495739979994,-6.1861429992119863],[106.84507689975872,-6.1863632997027862],[106.84551469994157,-6.1871183995736398],[106.84556799949483,-6.1872102998548026],[106.84585879967041,-6.1877117991314803],[106.84598609930737,-6.1879313993782343],[106.84612049935046,-6.1881616991669883],[106.84645309983992,-6.1887369000165018],[106.84658739999094,-6.1889754992292323],[106.84663519967305,-6.1890592999320706],[106.84677089925066,-6.1892967992332544],[106.84693519922246,-6.189583399914885],[106.84712470001897,-6.1899138994483174],[106.84724839926398,-6.1901356996732027],[106.84757679973347,-6.1907243992747629],[106.84765139934919,-6.1908631998682555],[106.8477705997301,-6.1910864992271728],[106.8482620995823,-6.1920237996927581],[106.84844099966404,-6.1923649997543633],[106.8485042999238,-6.1924802995760162],[106.84858949935213,-6.1926356995447778],[106.84868689949157,-6.1928132993759428],[106.84884169976631,-6.193119199617537],[106.84895909972865,-6.1933408997843369],[106.84921690003326,-6.1938405997186665],[106.84939789975358,-6.1941914997452727],[106.84978689979427,-6.1949539992652847],[106.8499673997393,-6.1952910994760453],[106.84999819943118,-6.1953491992638492],[106.85004369993136,-6.1954297993707312],[106.85016749952145,-6.195650499229215],[106.85019019931268,-6.1956871995244756],[106.85031539923628,-6.195889699977803],[106.85056289967517,-6.196210799206999],[106.85065689955159,-6.1963221992845234],[106.85080939999087,-6.1964879992516657],[106.85087019936832,-6.1965458992860603],[106.85106109990697,-6.1967275994845208],[106.85126509966935,-6.1969216996204439],[106.85147099949765,-6.1971175995067904],[106.85206849970788,-6.1976817993191506],[106.85217419955822,-6.1977834998329326],[106.85239459961537,-6.1979956993345624],[106.85303719950932,-6.1985926991945544],[106.8534545995625,-6.198978499690794],[106.85351539944536,-6.1990368992439562],[106.85376489970132,-6.1992895991888846],[106.8538294996676,-6.1993549998671593],[106.85387969927517,-6.1993944997046384],[106.85397829969419,-6.1994721991466646],[106.85400949917927,-6.1995027997888439],[106.85438299987868,-6.1998640998885337],[106.85439559996894,-6.1998755992027066],[106.85447059952014,-6.1999540998946854],[106.85458219922478,-6.2000687998018762],[106.85479949918658,-6.2002919995332615],[106.85486839977843,-6.2003627999640161],[106.85547379954531,-6.2009692997046972],[106.85609539954777,-6.2015919992478761],[106.85614709983736,-6.2016438000068659],[106.85616619945139,-6.2016637999852735],[106.85618039916577,-6.2016779997719196],[106.85629459948832,-6.2017951999300598],[106.85644409960835,-6.2019486994636912],[106.85653139981405,-6.2020450996038861],[106.85674879976149,-6.2022852994789766],[106.85696109950374,-6.2025906996613625],[106.85710019984512,-6.2028325996233269],[106.8571103999337,-6.2028503992841513],[106.85718379956973,-6.2030264997757332],[106.8572120994663,-6.2030942992021298],[106.85723349966031,-6.2031455993269748],[106.85730589975006,-6.2033189998501959],[106.85731389995402,-6.203338099258116],[106.85755299937998,-6.2039729994642325],[106.85779699999161,-6.2046207998857232],[106.85799139921041,-6.2051370997817683],[106.85828279940729,-6.2059107999672882],[106.85838479923849,-6.2061817000010162],[106.85856299938854,-6.2066171992172627],[106.85883479952261,-6.2072814992834973],[106.8592909993644,-6.2084016998021205],[106.85934619954111,-6.2085370995543219],[106.85939319972111,-6.2086546999370062],[106.85940289973723,-6.2086789994256693],[106.85949719918663,-6.2089249992551636],[106.85987119998696,-6.2098451994282025],[106.86002939955816,-6.2102415996191791],[106.86008929957482,-6.2103909997870552],[106.86018119957518,-6.2106133993046981],[106.86019339960257,-6.2106394991860014],[106.86021549980073,-6.2106984999502561],[106.86024039976083,-6.2107831996517611],[106.86025629989615,-6.2108497999508074],[106.86035359937476,-6.2110729995728793],[106.86048009994781,-6.2113593991316938],[106.86070529998429,-6.2118802996256415],[106.86080409983218,-6.2120862994322668],[106.86083390004349,-6.2121484999738126],[106.86088409979745,-6.2122530996582777],[106.86104639925655,-6.2125434995046804],[106.86108829993525,-6.2126082993777541],[106.86110959977597,-6.21265029931378],[106.86117949939545,-6.2127884000076961],[106.86124949933959,-6.2129264994224691],[106.8612585000234,-6.2129442995071091],[106.86132599921649,-6.2130585000170981],[106.86139389933442,-6.2131733998176166],[106.8614549997137,-6.2132645993974069],[106.8614822994742,-6.2133008991799148],[106.86151439997188,-6.2133244994700512],[106.86157439992594,-6.2133666000184098],[106.86161369975036,-6.2133861993824331],[106.86182819983092,-6.2135103993794774],[106.86205189947704,-6.2135932994074459],[106.86223399915443,-6.2136591994292569],[106.86234239976366,-6.2136897994332934],[106.86243129972308,-6.2137252999018813],[106.86347719960551,-6.2141743993292309],[106.86594519998904,-6.215298899523571],[106.86607399929845,-6.215377299697189],[106.86614570003773,-6.2154332993819148],[106.86622469929269,-6.2155341997533391],[106.86628799982874,-6.2156230995496475],[106.86634349948706,-6.215712699564051],[106.86640519923657,-6.2158123996654382],[106.86643099962022,-6.2158532992510747],[106.866539799888,-6.2160562997568851],[106.86675639972263,-6.2164325991290585],[106.86681909956511,-6.2165434998621834],[106.86688409941732,-6.2166555995002533],[106.86699319924182,-6.2168803996836877],[106.86707879922791,-6.2170817992808125],[106.86714169917418,-6.2172462992018769],[106.86729409949805,-6.2176781997161257],[106.86747219915604,-6.2181943992566566],[106.86765179921504,-6.2187154992490754],[106.86765759962151,-6.2187323999561483],[106.86767369960651,-6.2187791998312614],[106.8677922995828,-6.2191216993006408],[106.86814239955342,-6.2201145992315929],[106.86816199917538,-6.2202540993430464],[106.86815349927404,-6.2205421994699464],[106.86815169937037,-6.2206692997744266],[106.86814729932021,-6.220971399757123],[106.86813469978172,-6.2214278991351497],[106.8681197993326,-6.2219662993120926],[106.8681122994938,-6.2223450995252216],[106.86810259996236,-6.2227520998789982],[106.86810119944175,-6.2228090998618129],[106.86808949967036,-6.2231289000276924],[106.86807489951968,-6.2232455999449972],[106.86803899996559,-6.2233273999189427],[106.86769699988704,-6.2240111995383556],[106.86750729965362,-6.2243808994837675],[106.86748709969983,-6.2244001995512797],[106.86747539978579,-6.2244112996259728],[106.86743959973836,-6.2244322995344525],[106.86742059988411,-6.2244416994122584],[106.86741609971996,-6.2244442993992468],[106.86740569991083,-6.2244489998073727],[106.86739739932037,-6.224453299483371],[106.86739289989639,-6.2244555992866628],[106.86735639979965,-6.2244745998765785],[106.86731380004379,-6.2244909999964602],[106.86729199989976,-6.2244979993055427],[106.86727119958817,-6.224502599975656],[106.86722479962125,-6.224511299309361],[106.86717609976934,-6.2245126994117896],[106.86689209976934,-6.2245220998661175],[106.86659289940137,-6.2245212999258115],[106.86652489930205,-6.2245214996921181],[106.86646339945189,-6.2244831993413703],[106.86642429960537,-6.2244475991435326],[106.86635769949618,-6.2243534998400643],[106.86631939919033,-6.2242863997332805],[106.86613809962216,-6.2236412991801684],[106.86590469928363,-6.2227709997829335],[106.865873899684,-6.2226653995654804],[106.86563159944011,-6.2218767997542361],[106.86549519955858,-6.2214086996305635],[106.8654637995798,-6.2213484999017652],[106.86542619987161,-6.2212485998920082],[106.8653014999569,-6.2209913999949977],[106.86509809989001,-6.2206179000015878],[106.86499689975923,-6.2204079991285877],[106.86490099985296,-6.2201973995785371],[106.86486409973799,-6.2201192997600607],[106.86472299933112,-6.2198125998855982],[106.86468149928353,-6.2196592997226015],[106.86460679994691,-6.2195006999459146],[106.86458139981384,-6.2194277999679581],[106.86447289976296,-6.2191767991804792],[106.86423779917385,-6.2185697995164588],[106.86416549916196,-6.2182383991316756],[106.86412689921661,-6.2179461996785221],[106.86406679951607,-6.2174837994026548],[106.86404539928797,-6.2173192998416669],[106.86399819920102,-6.21673279953189],[106.86397949930844,-6.216536399995749],[106.86395329922296,-6.2164496999158851],[106.86391359933428,-6.2163429996265593],[106.86383119984282,-6.2162290991243445],[106.86372999922132,-6.2161057993010997],[106.86359049991798,-6.2159462992129351],[106.86342149958415,-6.2158081995225478],[106.86309539987407,-6.215526099935361],[106.86289639998176,-6.2153595995322837],[106.86213379989346,-6.2146211991721092],[106.861991399226,-6.2144403000269604],[106.86188189944438,-6.214276499174936],[106.86171399998136,-6.2139503991394562],[106.86160399931691,-6.2137722998097624],[106.86149749921738,-6.213624899558714],[106.86148690002804,-6.2135599995144366],[106.86144949943858,-6.2134951992403744],[106.86140849967131,-6.213412999398078],[106.86138109964837,-6.2133599993078823],[106.86132789968367,-6.2132575992579566],[106.86126149927351,-6.2131305992796353],[106.86118299993686,-6.212979299276058],[106.86110519979331,-6.2128294994902946],[106.86103899923457,-6.2127019996522961],[106.86103350000191,-6.2126904991516465],[106.86087259928179,-6.2123512998095203],[106.86078909973207,-6.2121687000198653],[106.8607598997815,-6.2121047993541447],[106.86068629937699,-6.2119436998884314],[106.86066470000891,-6.2118963998993522],[106.86045579949207,-6.2114034998250736],[106.86021449989092,-6.2108683998670413],[106.86018549943573,-6.2108061991447467],[106.86014049930269,-6.2107318991954816],[106.8601152996943,-6.2106706995613177],[106.86009339962868,-6.2106125995248771],[106.86005439989407,-6.2105118997024427],[106.86001819948508,-6.2104166999580057],[106.85989879924553,-6.2101367995725019],[106.8596998991755,-6.2096605995390641],[106.8595982993311,-6.2094145992535408],[106.85949419995092,-6.2091472994409713],[106.85942139964708,-6.2089615991513405],[106.85939679997654,-6.2089072996554462],[106.85931799985217,-6.2087107994562407],[106.85926019930109,-6.2085665996458612],[106.85920509928228,-6.2084290991726396],[106.85909909974445,-6.2081646991324284],[106.85889359927255,-6.2076555993532514],[106.85870399977588,-6.2071859995047838],[106.85866389943378,-6.2070865998392897],[106.85863849916618,-6.2070237000117334],[106.85849359945585,-6.2066607999271524],[106.85818459921667,-6.2058870000189312],[106.85808689974793,-6.2056422999467999],[106.85796209999202,-6.2053101995932272],[106.85776810001964,-6.2047938992043887],[106.8575323997425,-6.2041645000235404],[106.85731209949584,-6.2035762996680477],[106.85722299983918,-6.2033533999137314],[106.85714529914937,-6.203159099356105],[106.85713639964088,-6.2031367996637945],[106.85705479972569,-6.202946899718853],[106.85701959992835,-6.202872599159158],[106.85700549968918,-6.2028426992591337],[106.856888399246,-6.2026344996856126],[106.85688059995108,-6.2026221997329767],[106.85675589973575,-6.2024245999650613],[106.85666349928592,-6.2023082991646215],[106.85666090001499,-6.2023051997778307],[106.85655929972248,-6.2021865993639258],[106.85654619926352,-6.2021712999014156],[106.85634339945251,-6.2019589998948019],[106.85623729919084,-6.2018478997684205],[106.85611869922185,-6.2017255992852212],[106.85605329934852,-6.2016581991560038],[106.85602179934951,-6.2016256992214371],[106.85562339979099,-6.2012375994164044],[106.85558959916281,-6.2012028995442448],[106.85516419916654,-6.2007658991821799],[106.85500949986553,-6.2006070999146594],[106.85486719981044,-6.2004676993040402],[106.85474369966734,-6.2003444995642072],[106.85451649943217,-6.2001253995564101],[106.85441539987876,-6.2000171999646581],[106.85432559960955,-6.1999313993357452],[106.85424339985373,-6.199842399386454],[106.85400759967824,-6.1996170000054489],[106.85394829990506,-6.1995589994584837],[106.85391789934903,-6.199527699817823],[106.8538067996671,-6.1994533994241214],[106.85375719936933,-6.1994201994741074],[106.85369669927768,-6.1993609996453172],[106.85350609933285,-6.1991988993830303],[106.85222039929023,-6.1980034997385864],[106.85208769943226,-6.1978807995206289],[106.85152629957437,-6.1973614991396211],[106.85144699922343,-6.1972634991987379],[106.85135870003926,-6.1971474998771532],[106.85131479945144,-6.1971029993716433],[106.85119909951369,-6.196988599309079],[106.85100189983963,-6.1967933994565723],[106.85080999949224,-6.1966034992711405],[106.85079489957623,-6.1965885998588526],[106.85058769915425,-6.19635249966207],[106.85042029947752,-6.1961411999264611],[106.85038919962884,-6.1961020000225737],[106.85021759920103,-6.1958686993992798],[106.85020279934646,-6.1958462997974122],[106.85009549937402,-6.1956846999045316],[106.85004809919964,-6.1956028993819743],[106.84996879943535,-6.1954647000134466],[106.84992659965108,-6.1953893994306055],[106.84989619969126,-6.1953295993217523],[106.84972669948274,-6.1949940999560633],[106.84968519948274,-6.1949100997579825],[106.8494983995803,-6.1945577997513386],[106.84935789963292,-6.1942927996029704],[106.84916209992926,-6.1939087991410773],[106.84914809965036,-6.19388169956569],[106.84888490000138,-6.1933709993797761],[106.84877859960177,-6.1931647994446601],[106.84877059980519,-6.1931492992344719],[106.84858499974492,-6.1927887999154985],[106.84852389958246,-6.1926701994975497],[106.84844119964858,-6.1925094996427159],[106.84842989954167,-6.1924874991427075],[106.84829569967891,-6.1922403996423219],[106.84810399962163,-6.191887499898943],[106.84809169956374,-6.1918631999612881],[106.8479781999105,-6.1916386991757939],[106.84797119987618,-6.1916248998040109],[106.8478263999686,-6.1913581994476559],[106.84770289974631,-6.1911324991711885],[106.84757469966901,-6.1908822997123796],[106.84750860000688,-6.1907609994340254],[106.84739069926823,-6.190536999224511],[106.84737699991406,-6.1905108994133791],[106.84721599981405,-6.1902240994758602],[106.84705199922404,-6.1899319997303541],[106.84689389973177,-6.1896584996882078],[106.84656819952451,-6.1890952999130002],[106.84653129947789,-6.1890313999071394],[106.84632949958124,-6.1886791993955761],[106.84630679962294,-6.1886406994749663],[106.84604949932992,-6.1882040999834675],[106.84591679944219,-6.187972199317187],[106.84578439940179,-6.1877469992047489],[106.84562509915284,-6.1874758994948493],[106.84552409994599,-6.1873041998159017],[106.84549339915736,-6.1872497998710436],[106.84543809976148,-6.1871514996159913],[106.8452808995727,-6.1868725994017852],[106.84522089984374,-6.1867654998332284],[106.84489469950499,-6.186174899858762],[106.84478699957411,-6.1859889997485569],[106.84454759980125,-6.1855571991735268],[106.84429899947158,-6.1851463997079676],[106.84424249925706,-6.1850525997758377],[106.8440552998571,-6.1847415993105397],[106.84397509966793,-6.1846083994123005],[106.84389709951158,-6.1844780996485476],[106.84373949926632,-6.1842252995094746],[106.84358889946554,-6.1839986994021015],[106.8435029994789,-6.1838708998288983],[106.84332259917483,-6.1836025997890456],[106.84330259995028,-6.1835650992837623],[106.84319659989386,-6.1833661997545573],[106.84306239954169,-6.183046899829133],[106.84305019941573,-6.1830019996812355],[106.84297910001041,-6.1827416991557884],[106.84294279953833,-6.1825706999147974],[106.84293149922645,-6.182517699834067],[106.84290369999106,-6.1823870999687207],[106.84281539930757,-6.1819641995733514],[106.84279749961725,-6.1818921996135519],[106.84276129942688,-6.1817461992599183],[106.84266409984103,-6.1814541995097967],[106.84264869918023,-6.1814231993236399],[106.84256139997028,-6.1811701998488395],[106.84244779964456,-6.1806580996212537],[106.8420679997479,-6.1789449998550348],[106.84206239948166,-6.1789162993182645],[106.84203319920192,-6.1787677998256347],[106.84201659948772,-6.1786854995267362],[106.84200689919132,-6.1786305995937481],[106.8419954994945,-6.1785701991756881],[106.84199009992602,-6.1785255999789035],[106.8419548992959,-6.1783329997349519],[106.84194539960862,-6.1782767998175183],[106.84191749943764,-6.1781180995079135],[106.84189559987075,-6.1779930992956373],[106.84187879919831,-6.1779022996017829],[106.84165509951085,-6.1768905993914514],[106.84159489927798,-6.1765551992409913],[106.84154909914778,-6.1762940997366789],[106.84139549963001,-6.1755067992891304],[106.84124929989972,-6.1749019999184194],[106.84121329925655,-6.1746940992032293],[106.84120409914946,-6.1746405998333591],[106.84117289977193,-6.1744539991273033],[106.84113389992525,-6.1742536992410102],[106.84102679997787,-6.1738443998513857],[106.84086189936471,-6.1732158996520079],[106.84073029988807,-6.1727138991608976],[106.8405008995219,-6.1718005991737472],[106.84037009937182,-6.171301899434126],[106.84021359944272,-6.1706948995143867],[106.84011599996792,-6.170292599259338],[106.84002109932986,-6.1699117997538124],[106.840013499341,-6.1698791991254351],[106.83997259998989,-6.1697029997232624],[106.83996130000494,-6.1696547996146371],[106.83965889941611,-6.1684682000208113],[106.83956999990312,-6.1681037991867704],[106.83955459917367,-6.1680418996911639],[106.83953589955931,-6.1679656995116847],[106.83952639976764,-6.1679309996100322],[106.8393737992444,-6.1673253000004333],[106.83927999921586,-6.1669495993402208],[106.83915809913918,-6.166491699143366],[106.83910479968546,-6.1663165992729025],[106.8390692992613,-6.1661718993765513],[106.83903239964779,-6.1660261997682193],[106.83899889969996,-6.1658938999473092],[106.83889210003386,-6.1654569991682342],[106.83883709977287,-6.1651541994244257],[106.83878659922306,-6.1648840996583028],[106.83873619934033,-6.1646570994211229],[106.8387253996773,-6.164609799848674],[106.83867399922153,-6.1644044000086726],[106.83865189975342,-6.1643132999010444],[106.83856819980357,-6.1640026993289414],[106.8385634995137,-6.1639890996693252],[106.83851279968158,-6.1638414999569999],[106.83847889995198,-6.1637377993442408],[106.83845739981497,-6.1636800998412857],[106.83844039999852,-6.1636303993621944],[106.8384197996786,-6.163554599814093],[106.83810789933773,-6.1623400991507928],[106.83806349917728,-6.1621661997230097],[106.83801159962034,-6.1618614992229039],[106.83799039985492,-6.161749799843447],[106.83742309951407,-6.1594658995827842],[106.83742299954272,-6.1594630997147544],[106.83737259994854,-6.1592650993151903],[106.83735849944378,-6.1592053994750593],[106.83733159922214,-6.1590969999563292],[106.83731199944846,-6.1590161994651229],[106.83729779957562,-6.1589606998275457],[106.83729209987497,-6.1589377996688182],[106.83712519980418,-6.1582436993134868],[106.83701809972952,-6.1577978993386582],[106.8369511994258,-6.1575460996564351],[106.83686479938696,-6.1572001996169634],[106.8367597999336,-6.1567660994097908],[106.83671659952192,-6.1565988998597474],[106.83664889919703,-6.1563341993885583],[106.83642699919963,-6.1554682999593435],[106.83602189953255,-6.1538896998074435],[106.83572299969087,-6.152725399557883],[106.83550820003306,-6.1518269992590335],[106.83536689933948,-6.1512790991457873],[106.83513689939089,-6.1503411994021215],[106.83511709998747,-6.150268799950835],[106.83485569936563,-6.1493162995101009],[106.8348317998248,-6.1492407992362752],[106.83480769936865,-6.1491644000018679],[106.83466889923167,-6.1487275997009467],[106.83464039934496,-6.1486366999890176],[106.83444719914004,-6.1479379996716075],[106.83434259960323,-6.147516599971139],[106.83429569919473,-6.1472965997938402],[106.83427419961079,-6.1471565993808603],[106.83425139965941,-6.1469792991273442],[106.83424199928226,-6.1468672991492843],[106.83424509963478,-6.146724899616415],[106.83424879970818,-6.1465552996488428],[106.83425679989207,-6.1462912993928844],[106.83427559977396,-6.1461218998715639],[106.83428629963761,-6.1459618998840426],[106.83429029998999,-6.1458271998991112],[106.83429479943969,-6.1457363993341927],[106.83429269994289,-6.1456875993712883],[106.83428729964102,-6.1455678992983227],[106.83424769968471,-6.1453459996460893],[106.83422659923856,-6.1452646993407525],[106.83407759996859,-6.1446042992475984],[106.83403549944829,-6.1444115992779409],[106.8338962995353,-6.1437700996156259],[106.83345619956106,-6.1418237995399174],[106.83343249957903,-6.1417313993729286],[106.8334219999039,-6.1416849998131706],[106.83341289955187,-6.1416517999782405],[106.83340339983251,-6.14160959957914],[106.83332609996265,-6.1412356992173533],[106.83321329984221,-6.1407263995550725],[106.83319350000137,-6.1406144992681222],[106.83318179962373,-6.1405484995467567],[106.83311069916439,-6.1402149997236917],[106.83308139965418,-6.140078299787346],[106.83302789929147,-6.1398283999412335],[106.83285049947085,-6.1390670997596919],[106.83275699968191,-6.1386801992029927],[106.83274479981327,-6.1386294997439848],[106.83267159930416,-6.1382767995455989],[106.83257910000134,-6.1378240997259974],[106.8325654994642,-6.1377639998435312],[106.83246929989417,-6.1373399992915942],[106.83245259922037,-6.1372743999864472],[106.83243510000524,-6.1372058992122227],[106.83238499974827,-6.1370095994680627],[106.83236879943411,-6.1369354992187022],[106.83233969938503,-6.1368027993998187],[106.83231119982817,-6.1366879992299888],[106.83230369986779,-6.1366376995595671],[106.83223659969951,-6.1363203991939788],[106.83216239946526,-6.135967999600239],[106.83211769962749,-6.1357554993044454],[106.83203389938679,-6.1353786999355391],[106.83199369944515,-6.135197699138411],[106.83198299973576,-6.1351507992352241],[106.83196909927395,-6.1350946000172772],[106.83196019933376,-6.1350572998846626],[106.83187829965087,-6.1347128994701148],[106.83186889920285,-6.1346731995634904],[106.83183609960416,-6.1345357997399574],[106.83174699947564,-6.1341614993778242],[106.83165539970044,-6.1338590992023461],[106.83162139989825,-6.1337206998033595],[106.83159769973244,-6.1336236998049785],[106.83156949938621,-6.1334616997297005],[106.83156289976942,-6.1334265996983044],[106.83154199982624,-6.1333162996733632],[106.83130529963165,-6.132298499226672],[106.83128149933215,-6.1322538999659395],[106.83126389943961,-6.1322221992440102],[106.83124789983437,-6.1321577999524832],[106.83122099991735,-6.1320495999854243],[106.83118509968551,-6.131910899561527],[106.83116129985963,-6.1317914998409746],[106.83112279934191,-6.1315629000133924],[106.83110839959417,-6.1315389994888596],[106.83108179986149,-6.131437999305974],[106.83105629959131,-6.1313017995098553],[106.83096729947137,-6.1307176993508543],[106.83094179917545,-6.1305607993851163],[106.83091149978885,-6.1304018994992795],[106.83089919939059,-6.1303392994878569],[106.83089649929171,-6.1303257994575304],[106.83087259949232,-6.1302042996309423],[106.83082099930557,-6.1299410992372438],[106.8307922000409,-6.1298813992112091],[106.83075379947125,-6.1298212997822263],[106.83070239965883,-6.1297362995138602],[106.83067389937565,-6.1296741996776651],[106.83066139934688,-6.129639399145085],[106.83064709934418,-6.1295617993750087]],[[106.83042999957557,-6.1279904993128156],[106.83064709934418,-6.1295617993750087]],[[106.83042999957557,-6.1279904993128156],[106.83040659946973,-6.1277819998947924],[106.83037229938823,-6.1275365994740341],[106.83035859924736,-6.1274297991298488],[106.83034319948651,-6.1273294992694396],[106.83034519923633,-6.1272938996401614],[106.83037909939023,-6.1272395994782176],[106.83043299980095,-6.1272067991949841],[106.8305470996473,-6.1271896995868227],[106.83059869971734,-6.1271922992152081],[106.83064609988395,-6.1272109993279296],[106.83069259961063,-6.1272551993067568],[106.83071579951,-6.1273174999249553],[106.83073969933538,-6.1274732996474759],[106.83076840002225,-6.1276755999869303],[106.83076729977526,-6.1276930995024292],[106.83076339987585,-6.1277131999415078],[106.83074699981825,-6.1277312996390512],[106.83063229973517,-6.1278293999546287],[106.83046239929935,-6.1279642996521249],[106.83042999957557,-6.1279904993128156]]]},"properties":{"OBJECTID":297,"ID":"BRT_05","LINE":"5","NAME":"Ancol - Kampung Melayu","MODE":"BRT","CLASS":"Koridor Utama","STATUS":"Eksisting","COLOR":"#cc6128","SOURCE":"TransJakarta; RTRW DKI Jakarta","REMARK":"Tidak Ada"}},{"type":"Feature","id":464,"geometry":{"type":"MultiLineString","coordinates":[[[106.82057229918514,-6.3057846994950717],[106.82056779973539,-6.3057294991653849],[106.82059749930794,-6.3055877991948952],[106.82063949980949,-6.3053873998309884],[106.82070329978616,-6.3051179992111264],[106.82076389956529,-6.3048194999249167],[106.82081599953436,-6.304538099314728],[106.82085289919257,-6.3043232998496164],[106.82085759987304,-6.3042654995386549],[106.8208533996641,-6.3041965999474927],[106.82085249950862,-6.3041672997463749],[106.82085189926819,-6.3041459995259572],[106.82085299971494,-6.304098799656602],[106.82093199957872,-6.3036002999625422],[106.82100269973527,-6.3031259996324653],[106.82103059921654,-6.3029350999869864],[106.82109639977536,-6.302479199537415],[106.82114650001211,-6.3020695996687213],[106.82116139989,-6.3019673995961467],[106.82116859933625,-6.301915599699953],[106.82124189996944,-6.3013901991627721],[106.82124789979476,-6.3013392994945354],[106.8212592992674,-6.3011915991986172],[106.82127129958603,-6.3010702995661312],[106.82126859940054,-6.3009795996513978],[106.82126189932488,-6.3008729993513821],[106.82123769913886,-6.3006383994276627],[106.82119389977076,-6.30043049943417],[106.82117870003555,-6.3003606997141954],[106.82115329921049,-6.300243799257899],[106.82108089994279,-6.2999398999484768],[106.82107449929443,-6.299734099944053],[106.82106729918668,-6.2995376998024044],[106.82106509945903,-6.2995155995459768],[106.82108269996712,-6.2994650997142294],[106.82108709943681,-6.2994045996989252],[106.82108730000984,-6.2992876993607236],[106.8210877997124,-6.2988843993416879],[106.8210913994522,-6.2982779994554843],[106.82109140001894,-6.2981990994967241],[106.82109189922889,-6.2981636993766301],[106.82108919916443,-6.2979850993418927],[106.82108919957378,-6.2978892994860285],[106.82108389919534,-6.297287699248173],[106.82108919946829,-6.2972146995119811],[106.82110429923509,-6.2971443998015255],[106.82113079994019,-6.2970669996157351],[106.82119009915351,-6.2969306992612175],[106.82139359983091,-6.2964134992463912],[106.82182609917157,-6.2953183999768276],[106.82200789931422,-6.294822299599435],[106.82209189931864,-6.2946118992925788],[106.82220659928868,-6.2943246999172926],[106.82227099992583,-6.2941722992734146],[106.82231019979808,-6.2940737993259317],[106.82245289982198,-6.2937155997355383],[106.8224870992934,-6.2936267991233708],[106.82249819951865,-6.2936005999595244],[106.82251819996092,-6.2935495999194497],[106.82254139995884,-6.2934904999853938],[106.82285099988964,-6.2927458993415639],[106.82291249924742,-6.2926003995413309],[106.82319539922617,-6.2919323996007357],[106.82344169982552,-6.2913242995662726],[106.8234953999826,-6.2912117994593268],[106.82361179962203,-6.2909831999646659],[106.82377679982008,-6.2906593996075726],[106.82397059990087,-6.2902856996314993],[106.8241579995925,-6.2899270999713526],[106.82443329969777,-6.2893663994392588],[106.82476449941311,-6.2887032997830339],[106.82504979940131,-6.2881390995739617],[106.82508679925401,-6.2880667993939845],[106.82516129987856,-6.2879209992649754],[106.82547629971582,-6.2872982994342799],[106.8255522998526,-6.2871264991468738],[106.82564439972124,-6.2869183998321416],[106.82575229980992,-6.2866826997583374],[106.82590159982948,-6.2863183994967198],[106.82591159915243,-6.2862939998698808],[106.82593169993528,-6.2862376992616609],[106.82594989936037,-6.2861867995801646],[106.82597829996857,-6.2861071993275939],[106.82598909924334,-6.2860649992077411],[106.82600219916722,-6.2860139997964479],[106.82601189963391,-6.2859717998933791],[106.82604999986127,-6.2858608995310954],[106.82614819927717,-6.2856093995222189],[106.82622679984425,-6.2854164000233501],[106.82636049946547,-6.2850878997949122],[106.82652469955832,-6.284690699918019],[106.82665879994573,-6.2843333995621347],[106.82679029996122,-6.2839414993622853],[106.82695249969591,-6.2834175996552757],[106.82699409923026,-6.2832949997937888],[106.82704239962771,-6.283172299666715],[106.8271174992627,-6.282990999756926],[106.82719739917439,-6.2828216995083537],[106.82732129940524,-6.282565799615595],[106.82740050002647,-6.2824164993525748],[106.82768479977769,-6.2819165993272827],[106.82785110003631,-6.2816166999406562],[106.82794360000928,-6.2814179999766102],[106.82808850001936,-6.2810941000238572],[106.82826009990812,-6.2806927993341803],[106.82840089965939,-6.2803928995512583],[106.82849349961565,-6.2802275992971817],[106.82856189965824,-6.2801209991412215],[106.828654599275,-6.2799834999595872],[106.8289164993717,-6.2795739993563862],[106.82892509964103,-6.2795588995019864],[106.8289339991902,-6.2795422994871917],[106.82898469933519,-6.2794473996557603],[106.82902909923314,-6.2793764995205237],[106.8290427997412,-6.2793518998135918],[106.82921199965736,-6.2791162993583987],[106.82930609934874,-6.2790053995468638],[106.82945799954089,-6.2787925994087352],[106.82959409957628,-6.2785951991499616],[106.82972309964246,-6.2783922992317978],[106.8298069999646,-6.2782603995477677],[106.82985359975724,-6.2781852999834467],[106.82995369935303,-6.2779768997610796],[106.83004459921935,-6.2777614999745808],[106.8301202998415,-6.2775650992962468],[106.83019509945186,-6.2772868997712505],[106.83024649929077,-6.2770451992821572],[106.83026939934405,-6.2769540992168338],[106.83028159952069,-6.2768624000260953],[106.83028889978807,-6.2767663996482597],[106.83028289961089,-6.2765830994055625],[106.83027369989915,-6.2764326995005444],[106.83024939990969,-6.2762718992741169],[106.83017679966727,-6.2758910999273203],[106.83015929981714,-6.2757034998433596],[106.83016670000336,-6.2755731994486554],[106.83022789946403,-6.2751608995301709],[106.83024019924051,-6.2750285991742079],[106.83026039941916,-6.2745900995841444],[106.83026459922745,-6.2744411998656267],[106.83027419961122,-6.2743219995070074],[106.8302863992929,-6.2741824996051543],[106.83031849929966,-6.2740184995109338],[106.83037339922187,-6.2735557997458127],[106.83039539923524,-6.2732880996048719],[106.83042609920591,-6.273022499295327],[106.83045999919871,-6.2728408996008778],[106.83049069945042,-6.2727208994820547],[106.83059119925097,-6.2724248994437559],[106.83062939945104,-6.2722937997651398],[106.83065419952382,-6.2721738998418832],[106.83067259999173,-6.27205519950419],[106.83070049955785,-6.2718586992915029],[106.83070819927291,-6.2717139998930236],[106.83069680000109,-6.2716115991575636],[106.83066989973187,-6.2714716997187976],[106.83064399977678,-6.2713229992119341],[106.83065619918878,-6.2711543995535148],[106.83068309948273,-6.2709156998382616],[106.8307872000171,-6.2700356997764271],[106.83081649952312,-6.2697713991877109],[106.83097059922147,-6.2690785991454874],[106.83098499935781,-6.2689955994644384],[106.83100249936987,-6.2688018996635142],[106.83100539935251,-6.2685364996148056],[106.83098689937356,-6.2683147995662027],[106.83093969969129,-6.2678881992637479],[106.83089589933668,-6.2676537998804056],[106.83086659917728,-6.2675313999220172],[106.83069719918244,-6.2670362995825988],[106.83064099989996,-6.266823099161309],[106.83060479929807,-6.2665657000085853],[106.83060299981787,-6.2664447998535273],[106.83061069983508,-6.2662103996023983],[106.83061639996232,-6.2661106995481761],[106.83062419946278,-6.2659716996731429],[106.8306369993487,-6.2655472993522405],[106.83062229959729,-6.265321199800586],[106.8306111996107,-6.2651945996684661],[106.83054699941854,-6.2647622997925634],[106.83049799999451,-6.2644086999996569],[106.83048709974474,-6.264216999845738],[106.83050369995998,-6.264049899311205],[106.8305272993249,-6.2638897997527634],[106.83055169970937,-6.2637471994104583],[106.83056149980609,-6.2636493991736479],[106.83056019964879,-6.2634368000004406],[106.83055639956973,-6.263146999798594],[106.83054269931721,-6.2630535998644126],[106.83051599970125,-6.2629483997586464],[106.83047429951048,-6.2628783997647108],[106.83040659992007,-6.2628024994355727],[106.83033109945472,-6.2627425993620314],[106.83025660003045,-6.2626906994954705],[106.83009089943849,-6.2625951994730347],[106.82998379950521,-6.2625273995038846],[106.82990669993839,-6.2624786994480184],[106.82976819990334,-6.262368399912738],[106.82967139920213,-6.2622912998141027],[106.82960639959691,-6.2622215997504345],[106.82950479986285,-6.2620761999559598],[106.82945919926294,-6.2620051998427577],[106.82940739915104,-6.2619128991931117],[106.82934019963854,-6.2617762999573481],[106.82922979986246,-6.2615121996187195],[106.82911829997197,-6.2612403995320554],[106.8290189997973,-6.2609686997264422],[106.82886209989888,-6.2604901997932094],[106.82875409945643,-6.2600571999192702],[106.8286906993596,-6.2597837997941728],[106.82863879943559,-6.2595644995051094],[106.82860999956249,-6.2594485992579996],[106.82856719916317,-6.2592701999553402],[106.82853379976291,-6.2591211995543636],[106.82845619953109,-6.2587794998017037],[106.82839529953652,-6.258469299222277],[106.82831139951652,-6.25808019937217],[106.82823729956309,-6.2576800995681134],[106.82815519992268,-6.2572800998968834],[106.82810729965827,-6.2570932000064472],[106.82808119978729,-6.256981899708121],[106.8279818997764,-6.2565583998187728],[106.82794219982809,-6.2563868992047169],[106.82788659970902,-6.2561495995124856],[106.8278097998262,-6.2558869998175819],[106.8275825995737,-6.2551462994276061],[106.82749919927869,-6.2548817993780554],[106.8274279995442,-6.2546332995685692],[106.82738809927034,-6.2544775998985491],[106.82733719984536,-6.2542773998896806],[106.82730349926997,-6.2541378994706189],[106.82727399957852,-6.2540176993398218],[106.8271995997579,-6.2536783991875193],[106.82708119975683,-6.2531284995378806],[106.82700739927671,-6.252623899248233],[106.82699799924451,-6.252554599139156],[106.82697559923072,-6.2523854992652339],[106.82690219963473,-6.2518327991768246],[106.82687489951607,-6.2516146993485116],[106.826822799697,-6.2512732997124818],[106.82678259960777,-6.2510697991384614],[106.8266193995992,-6.2502543999726923],[106.82655389962241,-6.2498655994358367],[106.82642659935756,-6.2489204992733454],[106.82637299970433,-6.2485201996035542],[106.82634609989054,-6.2483393998413348],[106.82631729940191,-6.2481448994202822],[106.82630329923784,-6.2480342999747185],[106.82627799973939,-6.2478693999264312],[106.82625460001341,-6.2477074996470119],[106.82620379915021,-6.2473824995588387],[106.82617999971839,-6.2471951997393127],[106.82611859982242,-6.2466823991453344],[106.82607859992783,-6.2463496995338996],[106.82597659966356,-6.2456062995093964],[106.82588059927566,-6.2448369993267114],[106.82585149968229,-6.2445191996000631],[106.8257805995884,-6.243684099630574],[106.82576529949084,-6.2434724994894406],[106.82574269949664,-6.2430248000048536],[106.82570469936607,-6.2428198998356743],[106.8256981995261,-6.24268459939469],[106.82569689960138,-6.2426418998322806],[106.82569069984888,-6.2424447999582853],[106.82568869986122,-6.2423504998847585],[106.82568579985075,-6.242205299824894],[106.8256777992403,-6.2421612997920564],[106.82566349988635,-6.2421156995183189],[106.82568629935307,-6.2419067999745526],[106.82568999958995,-6.2415642992194051],[106.82570149937409,-6.2412272995231515],[106.82572739970375,-6.2403847993122117],[106.82574249928798,-6.2402233991600031],[106.82581219954839,-6.2398389998625605],[106.8258257995424,-6.2397958996259417],[106.82591289922307,-6.2394988997297816],[106.82602519939599,-6.2391433993105858],[106.82641339977695,-6.2381585993987088],[106.82650479924489,-6.2379615996751339],[106.82656559989857,-6.2378458998228856],[106.82668229919123,-6.2376626995551421],[106.82688539938771,-6.2373607992178588],[106.82698009989959,-6.2372179994959893],[106.82716799957531,-6.2368814000028481],[106.82731399931467,-6.2366574998704092],[106.8274688999723,-6.2364208995997918],[106.82767149941486,-6.2361076997088567],[106.82779069924146,-6.2359122997854435],[106.82796659989143,-6.235658599282357],[106.8282209000125,-6.2353753994368715],[106.82851079997586,-6.2350900995032106],[106.82855099916254,-6.2350316997374744],[106.82859459915947,-6.2349604995700636],[106.82864979974049,-6.2349526994317435],[106.82870199987381,-6.2349326997660182],[106.82877219962963,-6.23489349995016],[106.82894159970888,-6.2347756998515687],[106.82905949950435,-6.2347009994620501],[106.82921439976741,-6.234619499660341],[106.82949229998616,-6.2344895993678033],[106.82971489949901,-6.2343904998537694],[106.83012529917825,-6.2342072995703033],[106.83051679921266,-6.2340026996827627],[106.83084599997153,-6.2337937996538857],[106.83114969937026,-6.2335674996254236],[106.83174349973582,-6.2330147997523992],[106.83193419998072,-6.2327878993431218],[106.83202239974959,-6.232670999251229],[106.83223929916049,-6.2323838994632936],[106.83240409928611,-6.2321186997773816],[106.83252589945411,-6.2318854998136324],[106.83276159951788,-6.2314035991471943],[106.83285250001036,-6.2311637000039291],[106.83300799991881,-6.2306840998498121],[106.83314269993586,-6.2302175992894053],[106.83318919915259,-6.2299682992519632],[106.83321030003464,-6.2296769993232504],[106.83321069969033,-6.22945449996545],[106.83318809995386,-6.2291696991863352],[106.83315899925567,-6.2287570000182209],[106.83315409982922,-6.2286565999965813],[106.83313179926276,-6.2282696993495481],[106.83309889952564,-6.2277285995862952],[106.83309559936806,-6.2276583995900117],[106.83309319998691,-6.2276071993899231],[106.8330854997858,-6.227486499638502],[106.83307839921096,-6.2273966995977776],[106.83287759927315,-6.2252223993048714],[106.83284959930218,-6.2248726995500077],[106.83281039916646,-6.2243284993413006],[106.83279429955589,-6.224171899712597],[106.83277559974346,-6.2240306998864039],[106.83272309927449,-6.2237968993156363],[106.83260890000648,-6.2233420996306235],[106.83244679964997,-6.2226643992584352],[106.83236089964387,-6.2223258000149126],[106.83221749969438,-6.2217480998836905],[106.83204809964641,-6.2210703999766492],[106.83201139995958,-6.2209375998029799],[106.83192359965034,-6.2206552996248989],[106.83186229980402,-6.2204847994674877],[106.83176269922704,-6.2202463996312209],[106.83151069972428,-6.2196801994679012],[106.8314311997827,-6.2194670999018831],[106.8313621995581,-6.2192647000306325],[106.83124109956698,-6.2188964994111062],[106.83116139953634,-6.218651599843418],[106.83107939973897,-6.2183848996121194],[106.83098649957388,-6.2180717998090183],[106.83090059930549,-6.2176981993350973],[106.83083759921207,-6.217399499647712],[106.83076469949016,-6.217018499520071],[106.83072549936257,-6.2168092998595315],[106.8306841997227,-6.216564099756015],[106.83065799914074,-6.2163673995163276],[106.83062729928766,-6.2160643997111213],[106.83060089928227,-6.2157242995304696],[106.83055049982578,-6.2149169996209466],[106.83049609949066,-6.2142406998489887],[106.83041539995375,-6.2131741992507044],[106.83040139977945,-6.2130137998273485],[106.83039109921245,-6.2127084995886213],[106.83039699924304,-6.2122572995618164],[106.83039679936032,-6.2122106992682289],[106.83038959973889,-6.2112861991841308],[106.83038269936966,-6.2111045994766974],[106.83034889962238,-6.2105571991410171],[106.83031840000645,-6.2102044997448198],[106.83029439965027,-6.2099716998906818],[106.83024889931643,-6.2096510997990135],[106.8301827999168,-6.2093190997084404],[106.83014879951685,-6.2091486996209584],[106.83007499954513,-6.2088424995146898],[106.83001309923969,-6.2086222991777378],[106.82995829915311,-6.2084469998351439],[106.82984679916795,-6.2081204993206596],[106.82966429921224,-6.2076859994683096],[106.82952369947029,-6.2073817994947946],[106.82935199975981,-6.2070156997162602],[106.82931829976131,-6.2069491995077133],[106.82929839951746,-6.206911999217378],[106.82924349932819,-6.2068140998442658],[106.82915459957073,-6.2066730994300032],[106.82908539980878,-6.206559699488337],[106.82900209973761,-6.2064463997792592],[106.82884359929973,-6.2062689999647231],[106.82878189948214,-6.2061534998618084],[106.82837609980112,-6.2054998991319925],[106.82829869940636,-6.205358699592086],[106.82807949915157,-6.2049422992687164],[106.82794229939283,-6.2046228992464707],[106.82784729924164,-6.204253299385571],[106.82784079595699,-6.2041353191579303]],[[106.81992360002025,-6.3057174992731237],[106.81974870001739,-6.3057500996373808],[106.81960699978858,-6.3057609996029411],[106.81950709971771,-6.3057684000265315],[106.81938839976519,-6.3057596994331488],[106.81929049995853,-6.305747799572746],[106.8188356991718,-6.3056922992072009],[106.81860379978826,-6.3056639994503456],[106.81853279962161,-6.3056477993571916],[106.81849549974717,-6.30560879955903],[106.81847849945349,-6.3055424997219269],[106.81847979957914,-6.3054871995078674],[106.81850589923579,-6.3054568999855292],[106.81855619977706,-6.305451999267345],[106.81860379962346,-6.3054821998717454],[106.81864839960188,-6.3055129995568313],[106.81872569914637,-6.3055488995019715],[106.81887879997736,-6.3055716992515487],[106.81903699962703,-6.3055888996908926],[106.81912419978244,-6.3055677993480606],[106.81919389937097,-6.3055854994017837],[106.81926609955975,-6.3055933994177717],[106.81981579992757,-6.3056755992449585],[106.8198631996967,-6.3056934991267433],[106.81992360002025,-6.3057174992731237]],[[106.81992360002025,-6.3057174992731237],[106.82006769972045,-6.3057413997116063],[106.8202440993682,-6.3057705996793993],[106.82043459956674,-6.3057981996752339],[106.8204863992846,-6.3057958993603815],[106.82057229918514,-6.3057846994950717]],[[106.82873119924665,-6.2351070998908202],[106.8286366995779,-6.2351417998867849],[106.82855759987854,-6.2352033997782792],[106.82828849967946,-6.2354642999446179],[106.82788979931527,-6.2359840998741296],[106.82775419917944,-6.2361715999963145],[106.82754579931257,-6.2364939991848791],[106.82705179938243,-6.2372641999657672],[106.82698939985097,-6.237354399580985],[106.82692890002204,-6.2374102991664957],[106.82669749968713,-6.2377553995436053],[106.82656829949167,-6.2379723995380543],[106.82641779941385,-6.2382901999920222],[106.82607150001193,-6.2391669995203367],[106.82596299995507,-6.2395179993594398],[106.82588079923823,-6.2398488995936381],[106.82581059922795,-6.2402282996392264],[106.8257979992988,-6.2403164992511559],[106.82578819922398,-6.2403847991663692],[106.8257679997502,-6.2412552998907325],[106.82576169933158,-6.241566299241148],[106.82576249967795,-6.2417759994027859],[106.82575979974304,-6.2419290996503234],[106.82575829970745,-6.242000799406668],[106.82575519930433,-6.2424494000078603],[106.82576279932132,-6.2426878997897326],[106.82576739991759,-6.2428291996714842],[106.82577729926739,-6.2429971994644964],[106.82579619920466,-6.2432896997180665],[106.82581309923745,-6.2435040999575033],[106.8258267998896,-6.2436806997014349],[106.82583469917317,-6.2437827994791313],[106.82587169927318,-6.2442528995566562],[106.8259271000006,-6.2448409998699841],[106.82598259915653,-6.2452988998743013],[106.82605189988675,-6.2457949993284609],[106.82621369944101,-6.2470736994249663],[106.82624450001735,-6.2473431994476112],[106.82628609914414,-6.2476035994454104],[106.82632609938652,-6.2478653992077406],[106.82634819977601,-6.2480264992760572],[106.8263666000296,-6.2481424994278001],[106.82639049916187,-6.2483352998410453],[106.82641549927905,-6.2485177997105783],[106.82650789989351,-6.249186999152192],[106.82659109929764,-6.2498025995087225],[106.82660499986359,-6.2498898996448524],[106.82663119962024,-6.2500414997321574],[106.82680519971652,-6.2509388996035176],[106.82687299926407,-6.2512772998088293],[106.82690379973386,-6.251462599501699],[106.82692999931024,-6.2516616992734715],[106.82695559960972,-6.2518209000231071],[106.8269894997884,-6.2520364994587112],[106.82703699966876,-6.2523793996601098],[106.82705669987153,-6.2525216993213553],[106.8270612999242,-6.2526447998537762],[106.82706669955188,-6.2527100993424662],[106.82709349976561,-6.252911399534697],[106.82711499985624,-6.253060699352412],[106.82714179918021,-6.2531859993944794],[106.82717929999903,-6.25336999991206],[106.82731609916155,-6.2540084994601557],[106.82734739981458,-6.2541263994372169],[106.82738829971885,-6.2542808994287],[106.82743679952542,-6.254463999944285],[106.82747439982957,-6.2546057996446276],[106.82752529979486,-6.2548003991746377],[106.82757899998184,-6.2549936995929816],[106.82765949948637,-6.255240399335511],[106.82791959941947,-6.2560828997084093],[106.82800009996799,-6.2563827998074206],[106.82803559970317,-6.2565429993340738],[106.82813919950561,-6.2569676994434102],[106.82814729999289,-6.2570006997029681],[106.82819419964343,-6.2572321994937923],[106.82820769973871,-6.257301799875032],[106.82824219972595,-6.2574794994338498],[106.82832449965429,-6.2578998991733368],[106.8284669992503,-6.2585911993819918],[106.82854569978285,-6.2589834999314844],[106.8285721993159,-6.2591082998246881],[106.82860759974751,-6.2592641993027529],[106.82864829942494,-6.2594433997778438],[106.82873179922471,-6.2597813998087952],[106.82879519989646,-6.2600546995596122],[106.82885539927554,-6.2603053998442526],[106.82888279949756,-6.2604170996271256],[106.82891999927152,-6.2605498993426654],[106.82900399943279,-6.2608154996412901],[106.82908540003706,-6.2610397992295699],[106.82914559935291,-6.2612085996540232],[106.8292251999659,-6.2614047993239126],[106.8293685998289,-6.2617398994260043],[106.82941459970402,-6.2618453994921381],[106.82944819965262,-6.2619095995963541],[106.82949069925405,-6.2619852995506493],[106.82956849972261,-6.26209259922567],[106.82966499948347,-6.2621901997547749],[106.82981169957057,-6.2623090992364885],[106.82999939981541,-6.2624628000257561],[106.83010999960564,-6.2625516992519303],[106.83032239976565,-6.2626914998180609],[106.8304028999265,-6.2627498996155939],[106.83047290000297,-6.2628078993102392],[106.83052899936881,-6.2628925996939584],[106.83056749994041,-6.2629726995670998],[106.83059319967488,-6.2630805993901282],[106.83060019980502,-6.2631954994353114],[106.83060019995872,-6.2635762000073667],[106.83059549985833,-6.2636921996548729],[106.83057339944742,-6.2638418996455369],[106.83053950000672,-6.2640519995509392],[106.83053019934449,-6.264144799795841],[106.83052309936181,-6.2642480997188006],[106.83052549943756,-6.2643432994905872],[106.83056049958695,-6.2646089995692877],[106.83058279971661,-6.2647571992123421],[106.8306305995266,-6.2650755993182923],[106.830655099659,-6.2652542997494995],[106.83066559921808,-6.2653900991883145],[106.83067259965647,-6.2655350999096484],[106.83067379946191,-6.2657729998680889],[106.83066629918906,-6.2659630996377613],[106.83065879931928,-6.2661063995972031],[106.83065449968349,-6.2662052999943141],[106.83063779969893,-6.2664473999212378],[106.83063869927625,-6.2665493997488806],[106.8306468997181,-6.266608599637201],[106.83065969945672,-6.2667141999138041],[106.83070179914945,-6.266904599396014],[106.83078469917304,-6.2671899994305473],[106.83084999931448,-6.2673849996504858],[106.83089559959093,-6.2675149991932777],[106.8309247994839,-6.2676228993353567],[106.83095630000595,-6.2677644997722108],[106.83098429940286,-6.2679211993923305],[106.83100419973351,-6.2681311991298365],[106.83103449959847,-6.2684595996532417],[106.83104149950924,-6.2685988995302582],[106.83103919915351,-6.2687926999418586],[106.83102869983104,-6.2688971997978236],[106.83101469961372,-6.2690305991831705],[106.83098779997339,-6.2691663998900173],[106.83094229998287,-6.2693775991375871],[106.83088389960578,-6.2696201991385987],[106.83086059939045,-6.2697524999027054],[106.8308464996154,-6.2698684998114613],[106.83082679986923,-6.27004239967623],[106.83078819953452,-6.2703814994142801],[106.830744999744,-6.2707075997135799],[106.83069359927678,-6.2711044998039451],[106.83068429986507,-6.2711879997706674],[106.83067839983541,-6.271285499770114],[106.83068189945908,-6.2713505000232477],[106.8307017995878,-6.271452599809443],[106.83072629916509,-6.2715883999923685],[106.83074259935312,-6.271677799733582],[106.83074150002544,-6.2717705993634043],[106.83072049962311,-6.2719655998590609],[106.83068079935214,-6.2722092991541096],[106.83066089941033,-6.2722892999589419],[106.83062589979147,-6.2724273993793496],[106.83054419933617,-6.2726583999148966],[106.83051259971306,-6.2727720993043006],[106.830478799215,-6.272900899683985],[106.83045429943033,-6.2730529996524291],[106.83043679991536,-6.2732304995040495],[106.8303923996493,-6.273723699977773],[106.83037019947321,-6.2738907993226789],[106.83036199978906,-6.273975599276735],[106.83036199961676,-6.2740671997641231],[106.8303562993398,-6.274187999522904],[106.83034849925265,-6.2743279994237131],[106.8303401993892,-6.2744526998116257],[106.83032199959663,-6.2746275999207386],[106.83030769945925,-6.2749346994637065],[106.83029250002251,-6.2751619992657472],[106.83025689954567,-6.2753751993253033],[106.83022339979878,-6.2755792997203441],[106.83021829984207,-6.2757358997805195],[106.8302253994736,-6.2758893992977631],[106.83024169992541,-6.276022799519267],[106.83025999967847,-6.2761358995729744],[106.83028159972419,-6.2762596997801889],[106.83029659956441,-6.2763652995236354],[106.83031889974004,-6.276593599351119],[106.83032909934201,-6.2767430997216342],[106.83032199919084,-6.2768562994085242],[106.83029959970965,-6.277000699400177],[106.83023559979603,-6.2773310995431144],[106.83018880002676,-6.277552299995711],[106.83013389966473,-6.2777300997217447],[106.83003229983726,-6.2779767000158868],[106.82990849919072,-6.2782100993003827],[106.82978459914237,-6.2784222997741113],[106.82971539945852,-6.2785406994550046],[106.82958399921591,-6.2787419992599744],[106.82947479962223,-6.2788878998333812],[106.8293445991428,-6.2790355998697827],[106.82925059957354,-6.2791435996679859],[106.82921899973219,-6.2791894999791049],[106.82908189939374,-6.2793716991974629],[106.82906169966678,-6.2794028994591153],[106.82901909978456,-6.2794706992338343],[106.82896869983388,-6.2795640998092086],[106.82895149933917,-6.2795968999113931],[106.82866869988169,-6.280050999412027],[106.8284569991979,-6.280423099909477],[106.82831720003362,-6.2807165992006224],[106.82813399926354,-6.2811234992723808],[106.82795249951793,-6.2815310995711409],[106.8278877992275,-6.2816748997380607],[106.82775249939517,-6.2819263999889339],[106.82758219965852,-6.2822187997036583],[106.82740269920461,-6.2825308999797898],[106.8271948998008,-6.2829612995213822],[106.827112200032,-6.2831700992065356],[106.82702279964856,-6.2834168992845818],[106.82675079959677,-6.2842531992218786],[106.82661839947281,-6.2846152993058428],[106.82642650000737,-6.2850961992000434],[106.82629190001791,-6.2854408998972655],[106.82605769991673,-6.2860409997880335],[106.82604059955489,-6.2860841993294247],[106.82600229975561,-6.2861839998820006],[106.82598089945098,-6.2862368999229368],[106.82594489984052,-6.2863313994285441],[106.82570129970586,-6.2869327998498958],[106.8256339998493,-6.2870864998898623],[106.82560379936608,-6.2871500998904439],[106.82557229987239,-6.2872189992542031],[106.82537939955223,-6.2876262996011194],[106.82518909960061,-6.2880081999346098],[106.8251437992261,-6.2880947996382073],[106.82510069953368,-6.2881827994534065],[106.82454019998367,-6.2893080995083741],[106.82379649960839,-6.2907665999957008],[106.82367319988549,-6.291008399181135],[106.82354989916634,-6.2912501992725351],[106.8234988996663,-6.2913651999394622],[106.82301149959288,-6.292511699157509],[106.82296849917934,-6.2926075992995383],[106.82294399924652,-6.2926654994078062],[106.82269499977664,-6.2932619993707766],[106.82258349938492,-6.2935282993572876],[106.82256739987362,-6.2935714999549797],[106.82254849922374,-6.2936219997648672],[106.82236619953404,-6.294097999359507],[106.82232659929529,-6.2941969998102021],[106.82224379935687,-6.2944122992496565],[106.8221568996774,-6.2946322993301846],[106.82116669971741,-6.2971358998229698],[106.82114859921022,-6.2971971999230734],[106.82114389923815,-6.2972484992130218],[106.82114929916996,-6.2979602997050108],[106.82114699954488,-6.2982078992588422],[106.82114639959114,-6.2982735000179586],[106.82114799967118,-6.2986191995903802],[106.82114879980888,-6.2988372996211686],[106.82115729950523,-6.2988740996383044],[106.82117039974658,-6.2989300999817379],[106.82116919936379,-6.2989439995027121],[106.82116819950301,-6.2989557997379633],[106.82116739958607,-6.2989953998879393],[106.82115859986284,-6.299409299551832],[106.82117279939702,-6.2998271994518955],[106.82118279993929,-6.3000551996925962],[106.82118679968154,-6.3000891998132555],[106.82126959920339,-6.3004368997880373],[106.82128609915118,-6.3004936992855951],[106.82134509932892,-6.3007436996243182],[106.82136119977997,-6.3008755993027075],[106.82136589937447,-6.3010135994617613],[106.82135379937829,-6.3013101995809153],[106.8213505995015,-6.3013562991617507],[106.8212518996813,-6.3021220000132931],[106.8212303997407,-6.3023099993095366],[106.82120219962496,-6.302540599514062],[106.82118749999132,-6.3026558994483324],[106.821167999932,-6.3027757994054401],[106.82113759925335,-6.3029459995062149],[106.82107289972868,-6.3033550997371552],[106.82103729936927,-6.3035542994690417],[106.82094749970851,-6.3041500996652085],[106.82090659944517,-6.3043746998698627],[106.82087479965939,-6.3045494998885792],[106.82087229949376,-6.3045632999735268],[106.82081599968879,-6.3048592995625148],[106.82075969953601,-6.3051564999045571],[106.82073149985185,-6.3053071992886629],[106.82065489921024,-6.3057494999266543],[106.82057229918514,-6.3057846994950717]],[[106.82799884809381,-6.204171170183665],[106.82800219938021,-6.2042165996152994],[106.82801179959317,-6.2043310998302053],[106.82801489936291,-6.2043682994522271],[106.82805709927806,-6.2045234996672365],[106.82806109975482,-6.2045383992816872],[106.82813429946022,-6.2047054998746454],[106.82815459993553,-6.204745899649164],[106.82823009962422,-6.2048955996064441],[106.82828310003359,-6.2049805996042089],[106.82845569932917,-6.2052574995481544],[106.82850779964032,-6.2053410993341682],[106.82856349924047,-6.2054248991598318],[106.82869519924938,-6.205622999625235],[106.82899789918453,-6.2060531998074513],[106.82910319998246,-6.2060758996331753],[106.82932059966893,-6.2061383998304347],[106.82935369996756,-6.2061478995114348],[106.82942029960385,-6.2061455997258781],[106.82957019989603,-6.2061014997290416],[106.82971639973405,-6.2060236995350913],[106.82978799946093,-6.2059012993901144],[106.8298278993998,-6.2057819998009105],[106.82985689925022,-6.2056266994097049],[106.82989849965018,-6.2046467997562145],[106.82990039950784,-6.2046024996304903],[106.82799884809381,-6.204171170183665]],[[106.82799884809381,-6.204171170183665],[106.82784079595699,-6.2041353191579303]],[[106.82784079595699,-6.2041353191579303],[106.82766039952546,-6.2040943995459559],[106.82731469962269,-6.2040128995440904],[106.82710669958492,-6.2039665992913262],[106.82626159928381,-6.2037887997866754],[106.82545679962611,-6.2036166999241624],[106.82539289997231,-6.2036019994824789],[106.82532419999576,-6.2035870000263085],[106.82516309955984,-6.2035547997104974]],[[106.82784079595699,-6.2041353191579303],[106.82783817844008,-6.2040878283850516]],[[106.82799541247662,-6.2041246017817064],[106.82799884809381,-6.204171170183665]],[[106.82799541247662,-6.2041246017817064],[106.82880609954765,-6.2043141998417166],[106.82982749930397,-6.204544599740319],[106.82990139996204,-6.2045619992290613],[106.8299445999922,-6.2045703997914838],[106.82996109939648,-6.2045834993760076],[106.82997519951419,-6.2045987998658347],[106.82998739926261,-6.2046228999943027],[106.82998599979119,-6.2046647996191799],[106.82997249957533,-6.2050590000004764],[106.8299530998675,-6.2056283994982975],[106.82993779923189,-6.2058035000067369],[106.82989119950273,-6.2059257992854215],[106.8297245991993,-6.2061999991484234],[106.82956479947892,-6.206462999939764],[106.82953849972762,-6.2065063997546313],[106.82943249993512,-6.2067047996052578],[106.82939449931052,-6.2067691994639809],[106.8293812993319,-6.2068259999480908],[106.8294006994531,-6.2068949998776928],[106.82952449992712,-6.2071521994888688],[106.82963319983344,-6.2073796000000421],[106.82978279920746,-6.2077041994729161],[106.82994149945803,-6.2080768991418784],[106.83006999988788,-6.2084424995980285],[106.83015029986817,-6.2087189996283962],[106.83021449974783,-6.2089462996657279],[106.83025679914803,-6.2091306992603563],[106.83028939917988,-6.2092976999688352],[106.83035739987056,-6.2096221996815109],[106.83039329974311,-6.2098433994371867],[106.83041779948682,-6.2100483997047906],[106.83046329983691,-6.2104983992995617],[106.83049539951567,-6.2109443999682776],[106.8305098000387,-6.2113213994575363],[106.83051429920204,-6.2116133995207559],[106.83051289975525,-6.2117885992797675],[106.83050059951749,-6.21219539950709],[106.83049939967768,-6.2122570997783164],[106.83049569936261,-6.2125196992508895],[106.83049279956683,-6.2126656994682499],[106.83049459989419,-6.2127936994591622],[106.83050149974623,-6.2130007000174592],[106.83051429974415,-6.2131805993248159],[106.83054049984439,-6.2135087995864273],[106.83056449986914,-6.2138298997624242],[106.83062359966092,-6.2146288991468062],[106.83071119969499,-6.215706599952088],[106.83073479993669,-6.2160853992836991],[106.83074799939682,-6.2162314992270602],[106.83076229927072,-6.2163780998827116],[106.83079419922471,-6.216567499983408],[106.83083439925153,-6.216796999330847],[106.83087109968372,-6.21698589995197],[106.83095119973038,-6.217390999276688],[106.83101279939332,-6.2176619999972127],[106.83109439990167,-6.2180193999326683],[106.83112519915311,-6.2181563998344105],[106.83123299981321,-6.2185568993200819],[106.83132839957133,-6.2188663998826819],[106.83141060003064,-6.2191199996946933],[106.83153529976742,-6.2194954997659213],[106.83159099964863,-6.2196344991661041],[106.8316953991901,-6.2198717992631236],[106.83188689976602,-6.2202922995030345],[106.83200619940627,-6.220592999730167],[106.83206009978215,-6.2207405993802816],[106.83211669999399,-6.2209090994884519],[106.832154000035,-6.2210367998558223],[106.83233069922139,-6.2217208993987176],[106.83240299972648,-6.2220110995518985],[106.83256759987283,-6.2227039994841276],[106.83274839956199,-6.2234520995107045],[106.83283129955389,-6.2237752992060198],[106.83287929954042,-6.2239644991278267],[106.83291899930295,-6.2242290994322111],[106.83292719969708,-6.2243648998315972],[106.83294699958063,-6.2246596997580648],[106.83295979967583,-6.224869199308035],[106.83302059933497,-6.2256589999304444],[106.83306029964891,-6.2261150996180499],[106.83310579959397,-6.2267742998801836],[106.83315479932477,-6.2273915995727362],[106.83316159982981,-6.2274897000224367],[106.83319729957364,-6.2279091991561124],[106.83320389943432,-6.2279754997590739],[106.83322369950237,-6.2282424999633861],[106.83324569953139,-6.2286437996241881],[106.83329209929641,-6.2293496996079396],[106.8332967992131,-6.2294279997001452],[106.83330459940814,-6.2295849996568222],[106.83329939938085,-6.2297280997947881],[106.83327139987405,-6.2299859992682372],[106.83322869963635,-6.2301747998867576],[106.83317359969165,-6.2304349997442099],[106.83306809990943,-6.2307744995588745],[106.83294239977995,-6.2311693993467721],[106.83284549991772,-6.2314282996689423],[106.83273809953667,-6.2316583998211108],[106.8326186992322,-6.2319157996866856],[106.83250429961433,-6.2321181996238746],[106.83226329923589,-6.2324855993319845],[106.83209079942836,-6.2327258996301484],[106.83196699980172,-6.2328724997417595],[106.83171759952124,-6.2331575994038717],[106.83153199996313,-6.2333374995958968],[106.83138019962689,-6.2334767999277743],[106.83116189937657,-6.2336496996568433],[106.83096459921404,-6.2338075994430735],[106.83072289953012,-6.2339769998327013],[106.83040889926532,-6.234148799562333],[106.83011349955591,-6.2342949998879265],[106.82948889929699,-6.2345688997342954],[106.8291655998329,-6.2347286994091133],[106.82899139989586,-6.2348343994184283],[106.82881369937093,-6.2349548992626875]],[[106.82783817844008,-6.2040878283850516],[106.82799541247662,-6.2041246017817064]],[[106.82783817844008,-6.2040878283850516],[106.82783319976653,-6.2039974997258396],[106.82784429992022,-6.2036369994038338],[106.82785419992396,-6.2033518994719792],[106.82785949923039,-6.2032481834227378]],[[106.82516309955984,-6.2035547997104974],[106.82517229942177,-6.2035449993103837],[106.82519439915822,-6.2035343994707191],[106.82522399968047,-6.2035295993740869],[106.82530819974667,-6.203545899882478],[106.82533939920445,-6.2035517996886904],[106.82534989934479,-6.2035535998751712],[106.82548519943285,-6.2035803998190717],[106.825569699711,-6.2035951992198868],[106.82655079942536,-6.2038079998752567],[106.82712199928474,-6.2039251995786708],[106.82732449993944,-6.203971800001038],[106.82767129920408,-6.2040487997573148],[106.82783817844008,-6.2040878283850516]],[[106.82516309955984,-6.2035547997104974],[106.82508869938761,-6.2035394997823827],[106.82502649918527,-6.2035268992615693],[106.82497279983647,-6.2035268998467004],[106.82492709978303,-6.2035244994038319],[106.82343819963349,-6.2031961995007032],[106.8232067996032,-6.2032481995111963],[106.82313269931292,-6.2033303999650675],[106.82308979964608,-6.2034842998906061],[106.82306909967762,-6.2038482997983673],[106.82305329945622,-6.2041063994229875],[106.82305219954345,-6.2041677994078572],[106.82305399974169,-6.2042551998166493],[106.82305039997961,-6.2042976993939805],[106.8230387997251,-6.2043808999264849],[106.82340059976541,-6.2044551999032462],[106.82342689978744,-6.2044605994952997],[106.82347059973894,-6.2044695992701149],[106.82366159996984,-6.2045084991864954],[106.82374639993016,-6.2045228999841848],[106.82382319945478,-6.2045335995029367],[106.82389709945251,-6.2045415991869683],[106.82439099953939,-6.2045871997167339],[106.82476119925842,-6.2046640999717715],[106.82479019928432,-6.2046640994983768],[106.82481569960842,-6.2046607999937446],[106.82484389928719,-6.2046526999704215],[106.82486909966325,-6.2046388995188648],[106.82488869942968,-6.2046224998755797],[106.82490739958496,-6.2046003998037973],[106.82492659923898,-6.2045716993456024],[106.82500059991575,-6.2042355997017049],[106.825096799611,-6.2037932997498784],[106.82514339914853,-6.2035828997067073],[106.82515449990669,-6.2035639000203799],[106.82516309955984,-6.2035547997104974]],[[106.82800859879531,-6.2032814984747366],[106.82800799945167,-6.2033125995599301],[106.82798789924314,-6.2040223992445718],[106.82799299950523,-6.2040918998568753],[106.82799541247662,-6.2041246017817064]],[[106.82800859879531,-6.2032814984747366],[106.8284331995591,-6.2033903997620694],[106.82852089999805,-6.2034109996516493],[106.82902169965716,-6.2035382994411474],[106.82993549931913,-6.2037795993090654],[106.83012900000553,-6.2030742998124619],[106.83037339960102,-6.2026106994282495],[106.83055439970582,-6.2023713998370278],[106.83133369925029,-6.2014630994115638],[106.83139749978288,-6.2013907992634874],[106.83148219972982,-6.2012368995789426],[106.83154540003882,-6.2011139995744538],[106.83166299975252,-6.200770799246075],[106.83182439960842,-6.2003204994734524],[106.83190049991549,-6.2002154999636874],[106.83181929934946,-6.200181199749216],[106.83172479925049,-6.2001472999289309],[106.83112489990482,-6.2000575998544347],[106.8308839998987,-6.2000230999188695],[106.82997999967958,-6.1998914999682668],[106.82838599965521,-6.1996838993737624],[106.8283067993387,-6.1996678993183618],[106.82828909935925,-6.1997971991944212],[106.82821069927505,-6.2003536994967723],[106.82818269989286,-6.2005522999654437],[106.82815149996739,-6.2007929998175184],[106.82814709998817,-6.2008317994820885],[106.82814239945539,-6.2010046998383128],[106.82813199946224,-6.2013969992721263],[106.82809689998072,-6.201862899497689],[106.82807839995961,-6.2020680993116777],[106.82802029973962,-6.2026739996424043],[106.82800859879531,-6.2032814984747366]],[[106.82785949923039,-6.2032481834227378],[106.82797779994719,-6.2032735992240253],[106.82800859879531,-6.2032814984747366]],[[106.82785949923039,-6.2032481834227378],[106.82786729959339,-6.2030954996011314],[106.82789999995559,-6.2026391999727144]],[[106.82790129920132,-6.2026045991317478],[106.82787949931497,-6.2024792999593972],[106.82788489935592,-6.20237989917685],[106.82788379970047,-6.2022830995281826],[106.82786289960646,-6.2022269999123374],[106.8278446998435,-6.2021857998818311],[106.82782130000055,-6.202142599679842],[106.82777869968906,-6.2020936998121181],[106.8277213994164,-6.2020480993497387],[106.82761779993385,-6.2020117997931861],[106.82754429931532,-6.2020083995967648],[106.8274615997678,-6.2020341997405524],[106.82739249973105,-6.2020886993365885],[106.82732919914997,-6.2021780998908449],[106.82731259976524,-6.2022565995842927],[106.82732099942284,-6.2023171999279407],[106.82734959921987,-6.2023906991456634],[106.82747729930166,-6.2025366993678901],[106.82749429931489,-6.2025592992923402],[106.82751989924866,-6.2025964999647352],[106.82756749970804,-6.202701599546911],[106.82760089972928,-6.2028181000039355],[106.82760709980285,-6.2028488991515767],[106.82764149953617,-6.2030185000289819],[106.82766519959671,-6.2030753992225236],[106.82769229942464,-6.2031217991799252],[106.82772569953896,-6.2031716991480694],[106.82777299925746,-6.2032295991883935],[106.82785949923039,-6.2032481834227378]]]},"properties":{"OBJECTID":464,"ID":"BRT_06","LINE":"6","NAME":"Ragunan - Galunggung","MODE":"BRT","CLASS":"Koridor Utama","STATUS":"Eksisting","COLOR":"#2ca74a","SOURCE":"TransJakarta; RTRW DKI Jakarta","REMARK":"Tidak Ada"}},{"type":"Feature","id":471,"geometry":{"type":"LineString","coordinates":[[106.86683559995646,-6.2619218993829628],[106.86674699988171,-6.2620206992666567],[106.86670319966979,-6.2620717994941364],[106.86664770000709,-6.2621454999173478],[106.86657029914876,-6.2622764992845861],[106.86652649962569,-6.2623450993604708],[106.86649179952313,-6.2623929999717785],[106.86617819982546,-6.262804999903576],[106.86597399931308,-6.2630993991801258],[106.86591720003108,-6.2631862994010197],[106.86589079972848,-6.2632437996991319],[106.86585039916245,-6.2633400999330524],[106.86583689971857,-6.2633865996487339],[106.86582669993872,-6.2634210994792499],[106.86582539991646,-6.2634437992223218],[106.86581459970679,-6.263595699883771],[106.86583069961344,-6.263670799347846],[106.86585349939782,-6.2637150994555446],[106.86584699983503,-6.2638434994762502],[106.86584479980675,-6.2642105992815678],[106.86584429988672,-6.2643020994190852],[106.86588319930023,-6.2649259994079962],[106.86591069993393,-6.2652905993367307],[106.86594849978016,-6.2657462992941655],[106.86595630001827,-6.2658397997081847],[106.86597839959852,-6.266064099892211],[106.86599169985288,-6.2661997991934486],[106.86602159950618,-6.2664625993195546],[106.86603299999706,-6.2665678996529195],[106.86605269944484,-6.2667508994699928],[106.8660654996817,-6.2668696992290363],[106.86607789934607,-6.2669845998982794],[106.86608980001466,-6.2671034995959065],[106.86609849924621,-6.2671755991422167],[106.86610159947392,-6.2672045996189745],[106.86613129948795,-6.2674314992616829],[106.86618029926406,-6.2678020993343004],[106.86620569989496,-6.2679307998834384],[106.86623379934959,-6.2680713994002009],[106.86625299962181,-6.2681311994442437],[106.86627389924912,-6.2681833000098512],[106.86633119964455,-6.2683030995271656],[106.86640389932192,-6.2684194997459777],[106.86656949977989,-6.2685932992286073],[106.86662789939446,-6.2686666991432505],[106.86669669979152,-6.2687727995185387],[106.86684209956859,-6.2690139993116532],[106.86692309964212,-6.2691821993955124],[106.86697989937235,-6.2693056994282426],[106.86703399980921,-6.2694003991875515],[106.86717949958414,-6.2696121999622134],[106.86731650002783,-6.2698380995241054],[106.86734739959239,-6.2698893994572806],[106.86739119922352,-6.2699649994894111],[106.86741999935975,-6.2700176992847458],[106.86743189925178,-6.2700404993520138],[106.86743849917097,-6.2700529992279357],[106.86745899953488,-6.2701169997335358],[106.86747169934773,-6.2701776998562231],[106.86747769949305,-6.270254999645033],[106.86747509985805,-6.2703275995645216],[106.86746769988488,-6.2704035999209893],[106.86737809996028,-6.2708620000033886],[106.86732679972894,-6.271124099951578],[106.86731959968454,-6.271159799787192],[106.86728309970997,-6.2713491993832262],[106.86723879970805,-6.2715643996026147],[106.86721990003871,-6.2718838998568041],[106.86721049937047,-6.2720024991906742],[106.86718589974829,-6.2723325992308032],[106.86718599977057,-6.2726180998983994],[106.86718609984011,-6.2729035996576439],[106.86720460003485,-6.2730673993133124],[106.86722589986839,-6.2732119992838715],[106.86728389979741,-6.2736063992237225],[106.86733009994138,-6.273844199782598],[106.86741679957223,-6.2743331998907124],[106.86751440000452,-6.2746264992292149],[106.86770649972527,-6.275077499789421],[106.86795459931612,-6.2755669998603416],[106.86814849987626,-6.2759190994495366],[106.86844809918696,-6.2763514999281034],[106.8685088995216,-6.2764330994931203],[106.86854549963427,-6.2764795995120686],[106.86879339918995,-6.2767943995941939],[106.86901299994905,-6.2770732999611587],[106.86918699970745,-6.2773359996908011],[106.86943839916509,-6.2777230997107871],[106.86952479929376,-6.2778560998604069],[106.86955109919214,-6.2779001998535149],[106.86989619945035,-6.2784333999222275],[106.87028909966971,-6.279009699500083],[106.87034889986988,-6.2791027994055657],[106.87040859979875,-6.27919589965604],[106.87069479980366,-6.2796278998463482],[106.87079629995301,-6.27977439970413],[106.87098939983811,-6.2800496998330546],[106.87102699938922,-6.2801023993247211],[106.87104579931754,-6.2801316997551018],[106.87150110000212,-6.2808215995529126],[106.87161909968019,-6.2810121996071571],[106.87199609973995,-6.2815964992648983],[106.87202399918405,-6.2816427994091315],[106.87204689931959,-6.28170939929496],[106.87207039972132,-6.2818412991290016],[106.87207769937575,-6.2819432997944391],[106.87207100002801,-6.2821492995668011],[106.87206099941675,-6.282212599510375],[106.87203819938107,-6.2822945996417863],[106.87175599934494,-6.2830695993255743],[106.87169109944597,-6.2832879998516606],[106.87161129967194,-6.2835896995511504],[106.87153549971093,-6.2839051994327679],[106.87144789965006,-6.2842699995568179],[106.87141339933315,-6.2844117994652215],[106.87140169943677,-6.2844597991786753],[106.87139229981935,-6.2845013992338634],[106.8713729993711,-6.2845818995389058],[106.87128179941396,-6.284961399566102],[106.87126159972804,-6.2850453994418416],[106.87121679966997,-6.2851991999160965],[106.8710427992885,-6.2858332998412711],[106.87095849963359,-6.2861474993198314],[106.87095229974851,-6.2861817995914517],[106.87093939938971,-6.286272899854672],[106.87093619983115,-6.2863704996781378],[106.87089769974946,-6.2869992992223427],[106.87089319915177,-6.2870847998680457],[106.87088089976318,-6.2874685998159094],[106.87087829923091,-6.2875413994163463],[106.87087610000796,-6.287773199338484],[106.87087339962889,-6.287922700024505],[106.87088129961221,-6.2880725000152813],[106.87088699980336,-6.2881450999170756],[106.87097369988933,-6.2885678993868259],[106.87110249983206,-6.289045699296774],[106.87122109926563,-6.2894620996495556],[106.87140099990143,-6.2900247993784184],[106.87145029956424,-6.2901845991533403],[106.8714679996602,-6.2902376996643943],[106.87151719943328,-6.290392800018215],[106.87156739988114,-6.2905633992978638],[106.8716105998916,-6.2907053992156561],[106.87162229933377,-6.290743899327162],[106.87165969940912,-6.2908677999811573],[106.87194289936915,-6.291839699929934],[106.8721344998207,-6.2926174998262132],[106.87219249976138,-6.2928528992507911],[106.87220179953067,-6.2929181996253991],[106.87221119923625,-6.292967499843078],[106.87221850001161,-6.2930281998485835],[106.87224189945039,-6.2932379993824599],[106.87224369946217,-6.2933406995877892],[106.87223609939919,-6.2935024996597742],[106.87220009995244,-6.2937324992503054],[106.87216569977485,-6.2939389997400195],[106.87211429969726,-6.2942445997233945],[106.87210979952344,-6.2942717999692936],[106.87206729923479,-6.2944976999746922],[106.87202029995323,-6.2947475995403792],[106.87198669948494,-6.294914499126615],[106.87188529956588,-6.2953855991501069],[106.87185379923017,-6.2955368991909184],[106.87177329975768,-6.2959183991957515],[106.87173509940951,-6.2960760993203779],[106.87169409986743,-6.2962214995099028],[106.87165089969182,-6.2963653000212787],[106.87162589933064,-6.2964356998275743],[106.87150369934059,-6.2968226992564844],[106.87147689998612,-6.2969054995830573],[106.87122789937412,-6.2974796991809816],[106.87116749965806,-6.2976199999460709],[106.87109459945773,-6.2977913994118131],[106.87097929980997,-6.2980357999378782],[106.87087319987192,-6.2982521994651979],[106.87083939955457,-6.2983224997407143],[106.87059719970556,-6.2988038994538424],[106.87046749991053,-6.2990054995069338],[106.87041980002415,-6.299079600025828],[106.87027729919501,-6.2992702994378851],[106.86998629928569,-6.2996378998210645],[106.86988890003138,-6.2997614997906872],[106.86969309995868,-6.3000098994919727],[106.86945039933593,-6.3002846993345383],[106.86925569963996,-6.3005290996089398],[106.86922629975663,-6.300566099671709],[106.86918189942091,-6.3006254995370767],[106.86903969923533,-6.3008160992259779],[106.86869479951166,-6.3012456992685877],[106.8685856995058,-6.3013846998735161],[106.86841639994105,-6.3015921993233821],[106.86810279939759,-6.3019710999530458],[106.86805679936737,-6.3020266999538528],[106.86802779946372,-6.3020633992933019],[106.8679785000062,-6.3021259992842786],[106.86792079958005,-6.3022009999405251],[106.86782579995017,-6.3023163996071023],[106.86770699993066,-6.3024606997627135],[106.86769199933555,-6.3024792994105079],[106.86767519957314,-6.3024988991672508],[106.86751259999666,-6.3026998999046073],[106.8674458996373,-6.3027797998223711],[106.86742789964684,-6.3027995991693615],[106.86716249979636,-6.3031121992716743],[106.86692589968993,-6.3033864994819515],[106.86690839932557,-6.3034696996520942],[106.86682109991141,-6.3036024991809958],[106.86654399979659,-6.3039958997857015],[106.86609620002116,-6.304723899226417],[106.86598099980047,-6.3049163993134485],[106.86584259956182,-6.3051783995132133],[106.86567669968855,-6.3055017995647757],[106.86557799966316,-6.3056884992314037],[106.86555559916717,-6.3057960992081927],[106.86554859947483,-6.3058915998669614],[106.86555749960554,-6.3059512998204648],[106.86560889960599,-6.3061097996935533],[106.86567579945748,-6.3062479992249054],[106.86578989979134,-6.3064060991744286],[106.86585109938093,-6.3064360994783142],[106.86614369993505,-6.306584299851381],[106.86623259928521,-6.3066300994800644],[106.86647449924332,-6.3067569994763497],[106.86667589932962,-6.3068624994148621],[106.86688919966993,-6.3069735994175886],[106.86708749964808,-6.3070750994437166],[106.86736629939638,-6.307225799521456],[106.86749039983847,-6.3072921994449329],[106.86795859988025,-6.3074857993507223],[106.86837919998003,-6.3076760993086065],[106.86906309936757,-6.3080406991804496],[106.86930739966245,-6.3081640997354587],[106.86941829995665,-6.3082054996939547],[106.86956919957522,-6.3082510996129955],[106.8696485995455,-6.3082744997437494],[106.86979529915072,-6.3083112992115442],[106.87006229955722,-6.308362499364164],[106.87017599927553,-6.3083763993569502],[106.87040699947076,-6.3084000995836798],[106.870547499179,-6.308406399745321],[106.87068369921707,-6.3084050996648893],[106.87088209917543,-6.3083943999828014],[106.87109679999881,-6.3083781996140784],[106.87133270001789,-6.308347099508758],[106.87149319930231,-6.3083209997767646],[106.87176589920375,-6.3082750993081405],[106.87328599928193,-6.3079498994510548],[106.87364619930926,-6.3078671993550772],[106.87372209946169,-6.3078485993442177],[106.87381359953619,-6.3078260996928934],[106.87390129961111,-6.3078042999387804],[106.8740146999519,-6.3077766998596259],[106.87408939963574,-6.307759499216167],[106.87417119940824,-6.3077405994519182],[106.87428419967772,-6.3077165992611741],[106.87429179983937,-6.307714999608919],[106.87475099980203,-6.30760309953037],[106.87535399954311,-6.3074431994285751],[106.87541009972171,-6.3074267997340794],[106.87561359991788,-6.3073668999345038],[106.8757397995923,-6.3073298991670805],[106.87615959914565,-6.3072096996752531],[106.87678899982507,-6.3070243997036792],[106.87691909918787,-6.3069860998595599],[106.87753969984436,-6.3068249995271968],[106.87767849991488,-6.306789399596135],[106.87880939928463,-6.3064995993364592],[106.87933039949998,-6.3063408996498271],[106.88004259921783,-6.3061216998133203],[106.88011799968552,-6.3060992997921668],[106.88019329984047,-6.3060768992185086],[106.88036039992708,-6.3060276995334821],[106.88063079964763,-6.3059509991377931],[106.88075289918825,-6.3059206991917591],[106.88094279991067,-6.305868099766661],[106.88124899926321,-6.305804899846712],[106.88216029965224,-6.3056565995775404],[106.88238809944339,-6.3056303993994289],[106.88262009937,-6.3056139993218183],[106.88360409932335,-6.3055954994137711],[106.88484399967506,-6.3055725000152485],[106.88519139978294,-6.3055638992023315],[106.88616389928852,-6.3055370999373581],[106.88669719950981,-6.3055609991300603],[106.88708999971723,-6.3056189998175558],[106.88714369924782,-6.3056563995102142],[106.88717719946762,-6.305688399580009],[106.88719989991755,-6.3057234992664135],[106.88722479975668,-6.3058137995673187],[106.88723489944344,-6.3058956997493931],[106.88723090002503,-6.3059763996570055],[106.88721609914221,-6.3060389998308608],[106.88718229945722,-6.306087599487836],[106.88711679946897,-6.3061483995725078],[106.8870945992052,-6.306168399972897],[106.88692379925006,-6.3062875999883667],[106.88686489923415,-6.3063188993909645],[106.88679480002534,-6.3063562997872777],[106.88675269951547,-6.3063838991913279],[106.8867359995872,-6.3063948997481951],[106.88670449988157,-6.3064175992111977],[106.88667669964138,-6.3064462996161357],[106.88662249976244,-6.3064996999608294],[106.88621769997232,-6.306991899184001],[106.88602119916079,-6.3072379995595584],[106.88591929946396,-6.3073606994814417],[106.88579119932133,-6.3074739998496687],[106.88560809982481,-6.307592599506135],[106.88544849951033,-6.3076572996403328],[106.88538619994893,-6.3076778998943341],[106.88531849919967,-6.3076991996014149],[106.88523259985675,-6.307725899578795],[106.88514749967354,-6.3077491998006758],[106.88428359973543,-6.3079411999960033],[106.88406569931557,-6.3079670996553885],[106.88388699978343,-6.3079515997035109],[106.88374269958011,-6.307920299307896],[106.88349859928235,-6.3078060999886265],[106.88332579952203,-6.3077114995566168],[106.88279929993169,-6.3073764992874368],[106.88196359948438,-6.30684599943827],[106.88150339933925,-6.306535399397764],[106.88143329967669,-6.3065082000097714],[106.88135209995852,-6.3064847992095441],[106.88121719987942,-6.3064750992425189],[106.88106039998979,-6.3064795991896974],[106.88088569931085,-6.3065061994775311],[106.88073219964269,-6.3065470999716062],[106.88051279941679,-6.3066181997453841],[106.88051419962333,-6.3066794992094604],[106.88051869914361,-6.3067740997374315],[106.88054909962271,-6.3068714991440666],[106.88058829990403,-6.3069280998827821],[106.88071669928758,-6.3070680996007766],[106.88081589988599,-6.3072246998475441],[106.88091789984881,-6.3073779997739328],[106.8811686991929,-6.3078138992626718],[106.88129279998634,-6.3080797998379605],[106.88138750003458,-6.30828199936653],[106.88158169920339,-6.3086669997749221],[106.88162599955594,-6.3087442994582386],[106.88170369995669,-6.3088122996298024],[106.88178959961604,-6.3088468991700033],[106.8818968998152,-6.3088628991227749],[106.88213029939079,-6.3088695991363526],[106.88231149984837,-6.308861099165461],[106.88243959974926,-6.3088697997482432],[106.88254420001255,-6.3088950993773922],[106.88264279947123,-6.3089504996632959],[106.88271189916746,-6.3090264998236112],[106.88281789930787,-6.3092024994024971],[106.88289359936758,-6.3093350993522987],[106.8829881993359,-6.3094757998803113],[106.88303109973005,-6.3095964996046314],[106.88305289950924,-6.3097269996500778],[106.88304119923863,-6.3097817994870988],[106.8829636996627,-6.3098840994091825],[106.88266939959581,-6.3101482993400939],[106.88265989964668,-6.3101527992362998],[106.8824266999804,-6.3101895998964439],[106.88240319943938,-6.3101946992063782],[106.88239119987206,-6.3101938999193194],[106.88238169942196,-6.3101879994670611],[106.88204529950085,-6.3097835998441463],[106.88203269980302,-6.3097709991329856],[106.88176819973368,-6.3095725995640297],[106.88176019987601,-6.3095670996372384],[106.88171099923746,-6.3095073996511157],[106.88165189954721,-6.3093440998961485],[106.88161019929213,-6.3092285998671631],[106.8815619995065,-6.3090948994083869],[106.88143159972002,-6.3087973993824322],[106.881315299452,-6.3085356994224648],[106.88120729958085,-6.308296399400616],[106.88114289938184,-6.3081570992151166],[106.88109399989324,-6.3080740991656361],[106.88098000001756,-6.3078284998397622],[106.88082579939119,-6.3075898998801776],[106.88071040004013,-6.3074473000124325],[106.8805588994678,-6.3073326997065839],[106.88008329921257,-6.3069364998559907],[106.88004099941881,-6.3068211997009707],[106.87998959930071,-6.306761599570887],[106.87985739949455,-6.3067998995385386],[106.8797321995815,-6.3068362999359993],[106.87932239954964,-6.3069137993787772],[106.87880369988598,-6.3070118997208802],[106.87856009979151,-6.3070611994452381],[106.87816229991819,-6.307153899589097],[106.87805179992843,-6.3071829999390934],[106.87776479946305,-6.3072587998179275],[106.87760529918708,-6.3073072996907378],[106.87757419957052,-6.3073167994919936],[106.87709879962138,-6.3074579993113646],[106.87693949920481,-6.3074972995274212],[106.87657169970234,-6.3075838996905293],[106.87644739998197,-6.3076154996914395],[106.87640799950123,-6.3076254994814649],[106.87619459921159,-6.307672600002947],[106.87586569917781,-6.3077511999260683],[106.87562159995126,-6.307812499166439],[106.87541859997165,-6.3078662996613089],[106.87526889956621,-6.307905899412952],[106.87501209955286,-6.3079744998967682],[106.87495460001037,-6.307986499603909],[106.87458429973738,-6.3080850992482516],[106.87451479954245,-6.308103799325564],[106.87429189990463,-6.308163799351612],[106.87421579936698,-6.308180699475944],[106.87392639957253,-6.3082450994787393],[106.87378229946864,-6.3082730993167528],[106.87344899943311,-6.3083403992620024],[106.87331029986073,-6.3083712999609416],[106.87298159918548,-6.3084443994766239],[106.87225619960746,-6.3086059994842936],[106.87221919917563,-6.3086142996227252],[106.87205799933596,-6.308650399269049],[106.87134089940338,-6.3087874993880657],[106.8710788995615,-6.3088314996514274],[106.8709820992042,-6.308847699762028],[106.87092609917782,-6.3088540997295359],[106.87075749932474,-6.308870599261363],[106.87064469966812,-6.3088783993665771],[106.87046480003762,-6.3088911998300503],[106.87027529957689,-6.3088967997060283],[106.87015589939416,-6.3088956994679526],[106.87002599955677,-6.3088904995065844],[106.86981899960961,-6.3088737997388122],[106.86969209941869,-6.3088583991717622],[106.86945089948995,-6.3088129995500664],[106.86938029956296,-6.3087977991959256],[106.86924889976657,-6.3087711996032727],[106.86905279921841,-6.3087228992683633],[106.86891400003034,-6.3086797991868879],[106.86876449945495,-6.3086289997466212],[106.8686263991892,-6.3085797000289388],[106.86850029961469,-6.3085256999514616],[106.8683815993312,-6.3084636996080654],[106.86827769933326,-6.308405100001969],[106.8677439993738,-6.3081144996290286],[106.86760719972534,-6.308035199745003],[106.86753069914809,-6.3079871996206549],[106.86733809993453,-6.3078816993904274],[106.86716309988675,-6.3077922994833813],[106.86708699918624,-6.3077534993644644],[106.86648540003443,-6.3074689995083721],[106.866260399922,-6.307357099521778],[106.86619039955158,-6.3073151996576398],[106.86581969962658,-6.30710989990272],[106.86579059967957,-6.307082099305247],[106.86576949920642,-6.3070566995111959],[106.86574629928592,-6.3070200993850838],[106.86572819969506,-6.3069880993951548],[106.86571149994485,-6.3069487997057729],[106.86565749987574,-6.3067601991678437],[106.86561939962901,-6.3066264995791741],[106.86559379967414,-6.3065572998342763],[106.86554709916025,-6.3064800997515009],[106.86549909932842,-6.3064190994607561],[106.86543929919726,-6.3063549000226997],[106.86533919928996,-6.3062822996924339],[106.86530809922138,-6.3062659997680619],[106.86527129985066,-6.3062463992985407],[106.86499939924526,-6.3060986992686967],[106.86503789919175,-6.3060335991440386],[106.86512619926386,-6.3058753993991017],[106.86562289948156,-6.3050272994727559],[106.86626079931038,-6.3039380996127132],[106.86668999960288,-6.3034445000026826],[106.866761399168,-6.3033898995062252],[106.86727519969205,-6.3027791995964462],[106.86758099973204,-6.3024238991817088],[106.8677240000075,-6.3022477993150492],[106.86781739933171,-6.3021371992018773],[106.86791549915188,-6.3020210000246504],[106.86800329949594,-6.3019156992852379],[106.8680145995198,-6.3019020992754653],[106.86810350002551,-6.3017885993762297],[106.86815929955644,-6.3017323991804988],[106.86824619999184,-6.3016465996335906],[106.86830939948101,-6.3015757998383979],[106.86861279970556,-6.3012120992283123],[106.86912659978857,-6.3005797000236115],[106.86919439971985,-6.3004945999621924],[106.86963119990705,-6.299954399566114],[106.86966499947195,-6.2999125998738759],[106.86993809992543,-6.2995747993631097],[106.87021639993945,-6.2992239993130044],[106.8703566994584,-6.2990362996309637],[106.87040479986051,-6.2989614996783709],[106.87052949985353,-6.2987676995684252],[106.87076229977598,-6.2983070991491692],[106.87090880002924,-6.298001699606198],[106.87101429922788,-6.29775709914919],[106.87108749986966,-6.2975896000098839],[106.87115309916058,-6.2974457996325537],[106.87136479946354,-6.2969013998038728],[106.87140959998281,-6.2967865995202486],[106.8714694994471,-6.2966105993734027],[106.87152229953476,-6.2964119992887548],[106.8715466995554,-6.2963303992400039],[106.87158809995026,-6.2961916991551385],[106.87166180002234,-6.295919499730668],[106.87178159974259,-6.2954153992025512],[106.8719171997585,-6.2947706995003792],[106.87195099977411,-6.2944727999334784],[106.87197029940508,-6.2943027997683867],[106.87198889919358,-6.2942166997993416],[106.87201829919029,-6.2940806991642182],[106.87208269928995,-6.293882999673043],[106.87212059975947,-6.2936975993860891],[106.87212839980518,-6.2936579995855331],[106.87214659959827,-6.2935512991490388],[106.87215750002467,-6.2934387994560845],[106.87215989934676,-6.2934047994187647],[106.87216019958358,-6.2933760997891799],[106.87215759992044,-6.2933210998538085],[106.87213129997561,-6.2930822993150857],[106.87211060002946,-6.2929588994887586],[106.8720893991661,-6.2928613998585758],[106.87186209966467,-6.2918591999418245],[106.87157559920297,-6.2908898994061726],[106.87153869944224,-6.2907643993176023],[106.8715258992317,-6.2907207992311278],[106.87143569917636,-6.2904141993189278],[106.87137549962691,-6.2902097998857673],[106.87132179938475,-6.2900408993300712],[106.8712180997566,-6.2897155992312825],[106.8710310999236,-6.2890659999337286],[106.87086209919811,-6.2883679992925279],[106.87082919956282,-6.2881985991580454],[106.8708107993026,-6.2880544994370409],[106.87080249952993,-6.2878691994807046],[106.87080239954557,-6.2875156994289654],[106.87080519925615,-6.2874333992215679],[106.87082689922482,-6.2870774992883494],[106.87083179960796,-6.2869915993824064],[106.87083519933709,-6.2869135998772077],[106.87085329926317,-6.2865889999888163],[106.87086199926109,-6.2863589995506199],[106.87086869939273,-6.2862656999824207],[106.87087529976866,-6.2861722995073404],[106.87088500002596,-6.2861290998343353],[106.87102709915962,-6.2855771998910974],[106.87110649984697,-6.285298499464874],[106.87118349929176,-6.2850282994041979],[106.87124989930868,-6.2847534999088683],[106.87131619954258,-6.2844785995158725],[106.87132369927699,-6.2844456996483133],[106.87137599980264,-6.2842308992849194],[106.87145879986501,-6.2838877996242868],[106.87147729920336,-6.2838111999708444],[106.87167679989213,-6.2830530999496705],[106.87179609993417,-6.2827191996277936],[106.87195499987195,-6.2822818993564384],[106.87198099954026,-6.2821955994005201],[106.87199259934692,-6.2821185995061217],[106.87200259955564,-6.2820159998620619],[106.8720020000226,-6.2819326992196398],[106.87199259955095,-6.2818526994702779],[106.87197509996923,-6.281759999196149],[106.87193839920391,-6.281663799863237],[106.87191729938918,-6.2816240991696484],[106.87168339935327,-6.2812683996220828],[106.87135039959237,-6.2807779998620807],[106.8711594994801,-6.2804925991287774],[106.87093780003025,-6.2801563993865903],[106.87084729925415,-6.2800116993015216],[106.87072399969763,-6.2798248999208059],[106.87065549938339,-6.279723400017307],[106.87062259964644,-6.2796747993668918],[106.87043559956366,-6.2794025992286944],[106.87042669924007,-6.2793896998988732],[106.87025529978654,-6.2791308994225137],[106.87020559945563,-6.2790558997383314],[106.87009499954647,-6.2788984992165657],[106.86980359927855,-6.2784666996385985],[106.86945599983056,-6.2778934997966429],[106.86942069942275,-6.277835499896633],[106.86940549986974,-6.2778115996366335],[106.86912400000692,-6.2773699991521363],[106.86897079929903,-6.2771421000081977],[106.86893159962037,-6.2770925994140176],[106.86873469926121,-6.276843999218646],[106.86847909938848,-6.2765210991851168],[106.86844449971575,-6.2764765992361884],[106.8683799995262,-6.2763884993644146],[106.86826649945903,-6.2762201998868141],[106.86809689967072,-6.2759669991781006],[106.86790149953804,-6.2756286995346677],[106.86763759980225,-6.2751165995798583],[106.86759819987866,-6.2750386992360214],[106.86739509941626,-6.2745689993067897],[106.86733029942401,-6.2743574999407477],[106.86724639969644,-6.2738584998574121],[106.86720949976117,-6.2736177999659324],[106.86713289920283,-6.2731125993152146],[106.8671039993317,-6.2728765995817151],[106.86710639991243,-6.2723403996752296],[106.86712299934615,-6.2721209998226506],[106.86716589989241,-6.2715559994257273],[106.86724349923904,-6.2711520999779591],[106.86725129921186,-6.2711140996526131],[106.86727069939698,-6.2710189997395531],[106.86733919949283,-6.270696799265929],[106.867370499578,-6.2705495995600229],[106.86739529964716,-6.2703902992639611],[106.86740129953395,-6.2703095995981455],[106.86739929929898,-6.2702362999807537],[106.86739389915169,-6.2701749997093268],[106.8673744993409,-6.2701142999495314],[106.86733360000201,-6.2700350991983207],[106.86727119940794,-6.2699363992766965],[106.86723369982147,-6.2698778995927382],[106.86674149922416,-6.2690784998858273],[106.86663329942047,-6.2689116994944962],[106.8665876999268,-6.2688357992378316],[106.86634039994028,-6.2684672995580746],[106.86624629954315,-6.2682889995407338],[106.86620609918694,-6.2682011994484714],[106.86618379969718,-6.2681530993052528],[106.86617179963295,-6.2681269993851236],[106.86614669954784,-6.2680586996121477],[106.86612419966178,-6.2679770995496327],[106.8661064997473,-6.2679013991699213],[106.86608699916401,-6.2678020996044017],[106.86599779954855,-6.2670282996098354],[106.86590799990491,-6.2660363994328589],[106.86588949962264,-6.2658477995230193],[106.86585399945,-6.2654852000193388],[106.86580039996002,-6.2650182995356065],[106.86578859942222,-6.264932599884852],[106.86575299958579,-6.2644133997644369],[106.86573739941375,-6.2642638000286626],[106.86570609994365,-6.2640134992449132],[106.8656943998719,-6.2639061999369314],[106.86566959991379,-6.2637441999100387],[106.86573679962912,-6.2636751992697546],[106.86575709956324,-6.2635928998845536],[106.86577129993351,-6.263374099773424],[106.86577489945087,-6.2633294996225919],[106.86580509950214,-6.263213300027445],[106.86582849967783,-6.2631635996628052],[106.86586439957071,-6.2630878993632635],[106.86599579931419,-6.2629242995598364],[106.8661185993285,-6.2627503994895797],[106.86630299918565,-6.2624936996269636],[106.86632039937673,-6.262465799809231],[106.86645199941515,-6.2622820999723752],[106.86663619952778,-6.2620743000205596],[106.8666953994277,-6.2619981000199507],[106.86673459993123,-6.2619475993335865],[106.86678159968164,-6.2618870999204637],[106.86698589992665,-6.2616120997033722],[106.86744169920945,-6.2610239994182866],[106.86782529924542,-6.2605234996474799],[106.86817089946928,-6.2600778994592758],[106.86850829959549,-6.2596437993565006],[106.86867529986107,-6.2594194999755031],[106.86902669940741,-6.2589613999067675],[106.86933489963698,-6.2585528997472961],[106.8697761996369,-6.2579737998185729],[106.8699672000244,-6.2577080997370196],[106.87025449988199,-6.2572881993111711],[106.87046859965676,-6.2569466998096921],[106.87074279954977,-6.2564750997067078],[106.87099079950529,-6.2560615995428437],[106.87109399991201,-6.2558425995440174],[106.87115519937736,-6.2556615995715701],[106.87118029933943,-6.2556052991903695],[106.87133969942138,-6.2552450996165154],[106.87145249940289,-6.2550297995684829],[106.87152699975518,-6.2549076991438382],[106.87158439990934,-6.2548082995373333],[106.87162779957129,-6.254725399898053],[106.87166090003358,-6.2546364999486466],[106.87181909970316,-6.2541515999081225],[106.87224289940258,-6.2529479994668904],[106.87258039919391,-6.2522063994224339],[106.8733469996821,-6.2507212998200377],[106.87347899931747,-6.2504645991760235],[106.87358899931924,-6.2502443996491888],[106.87362489955039,-6.250169499544012],[106.87364039929992,-6.2500822997725356],[106.87365259916722,-6.2499980999776747],[106.87366309920642,-6.249915599708614],[106.87368059963374,-6.2498238991989039],[106.87371499971545,-6.2497011994061795],[106.8737493997933,-6.2495784996197541],[106.87377829929933,-6.2495017999010019],[106.87382249951519,-6.2493979998621976],[106.87398809929614,-6.2490089993699964],[106.87409009955228,-6.2487693991493973],[106.87414539977497,-6.2486394992974708],[106.87436459959517,-6.2481245995715167],[106.87453329959219,-6.2477281993797282],[106.87457719959725,-6.2476281996618974],[106.87458159935825,-6.2475734993036909],[106.87458179997286,-6.2475333996283222],[106.87457509984489,-6.2474885994738605],[106.87456599955111,-6.2474573999225091],[106.87455459979822,-6.2474289996759049],[106.87454029929602,-6.2474014994453695],[106.87451979957662,-6.2473754995926241],[106.87435919992529,-6.2472194997190718],[106.8740001994224,-6.2469761995950179],[106.87387349940965,-6.2469041997717918],[106.87355889935615,-6.2467369996320414],[106.87337609972774,-6.2466582999043503],[106.87323369995441,-6.2466009993803073],[106.8729484996542,-6.246501999798495],[106.87289920000087,-6.2464848997575846],[106.87268389945521,-6.2464142999865579],[106.87266099999313,-6.2464080994810232],[106.87237109936378,-6.2463229994645024],[106.87204819953295,-6.2462008995553244],[106.87176549998476,-6.246107100009703],[106.87131759942557,-6.2459709996083772],[106.87119669940374,-6.2459347998352222],[106.87101089958412,-6.2458761999719172],[106.87075049934757,-6.2457889994215972],[106.87067619959498,-6.2457605993538605],[106.87034399964307,-6.2456469995171293],[106.87012159917089,-6.245559999844974],[106.869830699323,-6.2453423993776598],[106.86973889976065,-6.2452853997658426],[106.86951689936134,-6.2451437993943291],[106.86928819984294,-6.2450170995933645],[106.86910849982768,-6.2449331998864848],[106.86891609983756,-6.2448571995649695],[106.86871019973609,-6.2447751992400926],[106.86839149179013,-6.2446559206946004],[106.86851069925396,-6.2442915991839039],[106.86857559941691,-6.2442203992011729],[106.8685876993697,-6.2441637997780495],[106.86864639917324,-6.2439617992909913],[106.86868159917488,-6.2438484999048915],[106.86874929967244,-6.2436285996323448],[106.86902979955674,-6.2427259996372753],[106.86914389914413,-6.2423293991850421],[106.86916909922256,-6.2422416992904379],[106.86917989943832,-6.2421831994511914],[106.86919919957951,-6.2420781996913259],[106.86923089948377,-6.2418650999395409],[106.86925839989867,-6.241676999497856],[106.86927259952616,-6.2414809997046969],[106.86927669997519,-6.2413212994552953],[106.86927669935018,-6.2409979995377736],[106.86927059996125,-6.2406463996477033],[106.86925629990378,-6.2402765993732974],[106.86922989920598,-6.2396521996985781],[106.86920759922414,-6.2394076997038486],[106.86916689922352,-6.239132900001878],[106.86910189967672,-6.2387832993107493],[106.86901039946545,-6.238326699548729],[106.86892299958548,-6.2379123994387591],[106.86882539961005,-6.2375203992675194],[106.86877619969904,-6.2373347996755566],[106.86876649963025,-6.2372980993263445],[106.86874639960214,-6.2372326992318374],[106.86873259986824,-6.2371991996507443],[106.86868919990819,-6.2370939991868593],[106.86860299985756,-6.2369054991661379],[106.86851309924653,-6.2367121994387276],[106.86838569977078,-6.2364335993904652],[106.86818989920866,-6.2360149997615624],[106.86803969999674,-6.2357136993539068],[106.86796189930276,-6.2355656997176467],[106.86790719946239,-6.2354359995703286],[106.86784089951277,-6.2352784998877802],[106.86783719918684,-6.2352696993315702],[106.86777649997244,-6.2351197999686905],[106.86776209936778,-6.2350790999831078],[106.86770039972126,-6.2348897993986716],[106.86765409914899,-6.2347332992909683],[106.86760019915118,-6.234560199650554],[106.86757249931172,-6.2344345999019328],[106.86754939953364,-6.2343151998918644],[106.86752319966706,-6.2341405997288231],[106.86750469981801,-6.2339721991680515],[106.86746469999103,-6.2335953999383964],[106.86742359919967,-6.2332431993275046],[106.86738229914083,-6.232917899731655],[106.86736469988466,-6.2327595998405023],[106.86732629945563,-6.2323392997252789],[106.86729569956218,-6.2320120996208841],[106.86727839938574,-6.2318925994339214],[106.86726669917411,-6.2318126993573015],[106.86726509926511,-6.2317820994762325],[106.86721719933463,-6.2305715994125386],[106.86717439921715,-6.2300003999871407],[106.8671731995187,-6.229739499356163],[106.8671778999984,-6.229313299709899],[106.86720329942698,-6.2285763998630994],[106.8672103994509,-6.2276870993916447],[106.86720809989485,-6.2273528993901488],[106.86720339997196,-6.2270951991672625],[106.86718239981143,-6.2268537997138766],[106.86713569986652,-6.2265960998082628],[106.86705630001789,-6.2262154993138772],[106.86699049921978,-6.2259377992700653],[106.86693569973183,-6.225710799505042],[106.86686889987593,-6.2254903999830296],[106.86683969914733,-6.2254001992284298],[106.86680459961877,-6.2253194993729535],[106.86678499936912,-6.225274799584458],[106.86668849950932,-6.2250918998915745],[106.86656619954999,-6.2248662996589719],[106.8665525992017,-6.2248378994930764],[106.86654609944874,-6.2248094995334853],[106.86655010001725,-6.2247825995028556],[106.86656809970694,-6.2247603994829914],[106.86658989996701,-6.2247500991368856],[106.86661139914769,-6.2247446000013582],[106.86667219943777,-6.2247382991394291],[106.86674519995979,-6.2247348999521455],[106.86703359928684,-6.2247313998488965],[106.867091399337,-6.2247325995525093],[106.86711789981098,-6.2247325998449243],[106.86713839975313,-6.2247375996251737],[106.86715269920833,-6.2247487994110617],[106.867172099548,-6.2247675995438803],[106.86718269982886,-6.22478639915537],[106.86719009966887,-6.2248237994626212],[106.86717899928759,-6.2248526992767186],[106.86707679926245,-6.2250383993807388],[106.86702759946988,-6.2251532995088255],[106.86699759932591,-6.2252265994790648],[106.86695939966599,-6.2254070000005131],[106.86694939950975,-6.2254915998513072],[106.86695439950724,-6.2255662995178014],[106.86707389944048,-6.2260510992131941],[106.86722699981328,-6.2268004994358881],[106.86724799917421,-6.2270114994794659],[106.86725829967421,-6.2272225997630102],[106.86726289974391,-6.2293111995495867],[106.86727349925488,-6.2297378992530481],[106.86727569969689,-6.2301394995838741],[106.86727149985468,-6.2302819997965111],[106.86727529919905,-6.2305712996655078],[106.86731819947421,-6.2317787993286444],[106.8673177999582,-6.2318065998015753],[106.86732619977734,-6.231889599245557],[106.86734479932835,-6.2320098995231366],[106.86735600000914,-6.2321237992881917],[106.86743249990673,-6.2328769997996956],[106.86746459977222,-6.2331162992053111],[106.86754510003512,-6.2338673995350042],[106.86761279997141,-6.2343940993698173],[106.86769669986784,-6.2346967996095515],[106.8678172999837,-6.2350084998484814],[106.86785449992634,-6.2350920996809087],[106.86791890002665,-6.235250699223517],[106.8679842998509,-6.2354065999260726],[106.8680449991913,-6.2355513998196352],[106.86811419975174,-6.2357280996725688],[106.86857919987173,-6.2367364991489653],[106.86876929986275,-6.23716629941155],[106.8687750992798,-6.2371850996477516],[106.8687867994326,-6.2372234999384615],[106.86881519920516,-6.2373263991903851],[106.86884829969156,-6.2374462996915989],[106.8689740993885,-6.2379221999566683],[106.86903539932709,-6.2382265999775033],[106.86916609971325,-6.2388496992578943],[106.86925539955928,-6.2394090996462168],[106.86929369945192,-6.2399620996853553],[106.86931809965074,-6.2403911998993848],[106.86933199937798,-6.2413755998899791],[106.86931409919441,-6.2416047996709612],[106.86930199970519,-6.2417376994546183],[106.86924899946341,-6.2420718999471179],[106.86923389995826,-6.2421934994623793],[106.86922309956996,-6.2422572994358285],[106.86920279969119,-6.242342299309918],[106.86919319994662,-6.2423815997676142],[106.86914109955248,-6.2425567994437845],[106.86906069984006,-6.2428239993261405],[106.86880169996985,-6.243650299439385],[106.86873679995681,-6.243869299177315],[106.86872499921365,-6.2439187999511443],[106.86875649945104,-6.2440205994726883],[106.86876389976129,-6.2440546000121744],[106.86877889945386,-6.2440915997542161],[106.86879209981362,-6.2441159993125117],[106.8688140993607,-6.2441392998176966],[106.86884579941784,-6.2441674998235541],[106.86890599966799,-6.2441959991434883],[106.86893769952709,-6.244205799672625],[106.86927719936457,-6.2443240999195853],[106.86941599987772,-6.2443903991615839],[106.86952109964474,-6.2444487991796152],[106.86963629996835,-6.2445239994698181],[106.86980849996331,-6.2446886997536506],[106.86983869977801,-6.2447266996630351],[106.86986199923707,-6.2447661996677848],[106.8699077996619,-6.2448584998464129],[106.86996299938517,-6.2449224992547805],[106.87005339995116,-6.2450198994362758],[106.87014519983214,-6.2451077992367479],[106.87024079957304,-6.2452049991549252],[106.87031149961255,-6.2452776991949337],[106.87035439937003,-6.2453237993947095],[106.87044289946425,-6.2454090996547311],[106.87051059995835,-6.2454713999303682],[106.87061849984683,-6.2455589991408758],[106.8707081996794,-6.2456393999979891],[106.87072179980188,-6.2456480992917491],[106.87080619960021,-6.2457017995290078],[106.87091909933645,-6.2457523993325088],[106.87120269930327,-6.2458402993709452],[106.87133239925227,-6.2458779000250377],[106.87156109957593,-6.2459346997808014],[106.87179169958681,-6.2460078993580508],[106.87184959941078,-6.2460240991348535],[106.87201949961701,-6.2460627997592182],[106.87234239918098,-6.2461212991505493],[106.87249689977713,-6.2461330999124733],[106.87260819984871,-6.2461415996577001],[106.8726908991746,-6.2461471994199238],[106.87277639932786,-6.2461608994074975],[106.87305139945538,-6.2462227993666426],[106.87313639964096,-6.2462419992013638],[106.87329999962527,-6.2462796991989649],[106.87331009934303,-6.2462819995530099],[106.87337699929492,-6.2462915993539569],[106.87343649978874,-6.2462931993700881],[106.8738465992449,-6.2463915991912984],[106.87405179935027,-6.2464535998110806],[106.87427920003036,-6.2465368998178592],[106.87447969926868,-6.2466255992988025],[106.87470410003795,-6.246750199491216],[106.87473609998528,-6.2467675996910224],[106.87475189958947,-6.2467755993401655],[106.87476729972893,-6.2467855994820285],[106.87479349939319,-6.2468058991559001],[106.87482039954197,-6.2468282993809359],[106.87483939935396,-6.246844899626983],[106.87484949976353,-6.2468544991255701],[106.8748587992644,-6.2468644993092601],[106.87488519995763,-6.2468932999614104],[106.87493009973795,-6.2469884000249953],[106.87495659931012,-6.2470898992253758],[106.87497049916627,-6.2471611995912726],[106.87498119938161,-6.2472468999700066],[106.87498819961807,-6.2473396993428114],[106.87499129937142,-6.2474380993472556],[106.8749892991756,-6.247484099570749],[106.87498199999403,-6.2475425995374971],[106.8749583998317,-6.247610899807519],[106.87490869975025,-6.2476612996826617],[106.87487769960244,-6.247703699897472],[106.87485080001056,-6.2477532996868677],[106.87467289970272,-6.2481443991444321],[106.87446069954005,-6.2486393998797709],[106.87426829948311,-6.2491052996794174],[106.87418769988584,-6.2492823000001403],[106.87411169987081,-6.2494312996369006],[106.87399449952878,-6.2496485999120663],[106.87395249968075,-6.2497186999366425],[106.87378709981101,-6.2500653991958952],[106.87368289975979,-6.2502784994831506],[106.87364240003467,-6.2503524991788293],[106.87356679965808,-6.2505117992689465],[106.87344329935458,-6.2507607997445191],[106.87274269980516,-6.2520639999651539],[106.87259879926778,-6.2523552996101444],[106.87247729975175,-6.2526243994400854],[106.87228400001557,-6.2530951000186281],[106.8722005991728,-6.2533141994015917],[106.87216359973822,-6.2534019993224916],[106.87212269938473,-6.2534952995150919],[106.87204349974134,-6.2536566992347966],[106.8720024992942,-6.2537459998307456],[106.87195679967952,-6.2538609995224883],[106.87192989933639,-6.2539414995334965],[106.87186549941177,-6.2541685998711172],[106.87180579961218,-6.2543811999085701],[106.87168059924332,-6.2547342993928234],[106.87132219973255,-6.255605800006335],[106.87127089980554,-6.2557159996526321],[106.8711926994352,-6.2558802999785925],[106.87084809983472,-6.2564932994760394],[106.87046119923154,-6.2571167994432511],[106.87019889984003,-6.2575363993017881],[106.87005129927988,-6.2577449996864267],[106.86975330003513,-6.2581630991733643],[106.86936260000994,-6.2586776995329121],[106.86880709943242,-6.259391199245826],[106.86874389971041,-6.2594700997813817],[106.86870219928282,-6.2595258995966745],[106.86758709923915,-6.2609792997975475],[106.86755449950883,-6.2610216993286558],[106.86752189922551,-6.261064199220292],[106.8671435998784,-6.2615542995416549],[106.86695399945671,-6.2617902993635024],[106.86683559995646,-6.2619218993829628]]},"properties":{"OBJECTID":471,"ID":"BRT_07","LINE":"7","NAME":"Kampung Rambutan - Kampung Melayu","MODE":"BRT","CLASS":"Koridor Utama","STATUS":"Eksisting","COLOR":"#E82860","SOURCE":"TransJakarta; RTRW DKI Jakarta","REMARK":"Tidak Ada"}},{"type":"Feature","id":700,"geometry":{"type":"MultiLineString","coordinates":[[[106.78495629979481,-6.2224715000204371],[106.78516329956173,-6.2226390995210688],[106.78526679971588,-6.2227325994049236],[106.78539819937916,-6.2228710997377812],[106.78551089935407,-6.2229883993474679],[106.78596659976492,-6.2235212992782643],[106.78670979924571,-6.2243921991292002],[106.78685679937817,-6.2245464992620887],[106.78760439959535,-6.2252306999558629],[106.78798039967658,-6.2255831000256006],[106.78837689989582,-6.2259472995324465],[106.78881189962668,-6.2263488992515148],[106.79005780003713,-6.2274759995851996],[106.79036089998029,-6.2277205999300902],[106.7905993995202,-6.2279574000039757],[106.79068809932498,-6.2280981996407991],[106.79075649933129,-6.2282389994367762],[106.79079779994477,-6.2283977995951378],[106.7908149997829,-6.2285723999923599],[106.79081739946368,-6.228710699474405],[106.79079539990718,-6.2288489995044758],[106.79074969947602,-6.2290221994536923],[106.79067359963427,-6.2291674998346185],[106.7906098997325,-6.2292993996140558],[106.79045129914334,-6.2295563997899643],[106.79031079999019,-6.2297869994571506],[106.79014879957303,-6.2300531995441384],[106.78993029940283,-6.2304046992150042],[106.78969749947241,-6.2307561994800373],[106.78937179923436,-6.2312281999970356],[106.78902789988527,-6.2317131993851635],[106.78864239978279,-6.2322288996972235],[106.78850049964234,-6.2324199999252254],[106.78833189917266,-6.2326141998652771],[106.78804459922,-6.2328814993625565],[106.78773689963998,-6.2331370999133346],[106.78757379965141,-6.2332528994437588],[106.78715779974033,-6.2335217996848256],[106.78666079926633,-6.2338538997068005],[106.78656199970982,-6.2339241991563181],[106.78639819981368,-6.2340407992325204],[106.78616969965077,-6.2342130997721723],[106.78578759936997,-6.2345198994084825],[106.78577049988446,-6.2345335998006686],[106.78567619974591,-6.2346062999082763],[106.78548349969439,-6.2347817991764796],[106.78536186768481,-6.2348907794424244],[106.78498393518254,-6.2352554845093477],[106.7847180212686,-6.2355220785831671],[106.78459587372485,-6.2356454353654875],[106.78443123269332,-6.2358550803052628],[106.78432434511362,-6.2359936445439139],[106.78424774586618,-6.2360999449756296],[106.78421334542811,-6.2361605447427673],[106.78417894554458,-6.2362210441441199],[106.78410244527872,-6.2363940447492521],[106.78385814957608,-6.2369539897186126],[106.78376329932377,-6.2371471996962065],[106.78369249956104,-6.2373621997804358],[106.78362720003095,-6.2375053991466949],[106.78359299980961,-6.2375840992860452],[106.78355749987223,-6.2376233999840887],[106.78352939919701,-6.2376920998891539],[106.78336969970005,-6.2381240999513539],[106.78329389921645,-6.2384127997078673],[106.78321949976318,-6.2386286999250951],[106.78317449942634,-6.2387472998148903],[106.78314779951388,-6.2388192998123513],[106.78306799982364,-6.2390665992587397],[106.78301829990747,-6.2393791998401458],[106.78292919928577,-6.2400111991494756],[106.78287079955801,-6.2404396998125726],[106.78285869918913,-6.2406676997366342],[106.78285199940818,-6.2408376999629658],[106.78285849967824,-6.2409657000063143],[106.78286069975472,-6.241146299794706],[106.78279699982318,-6.2419103999265477],[106.78277339983092,-6.2422294992303726],[106.78269809916118,-6.2430838998112037],[106.78266139980262,-6.2433921995064505],[106.78260099940887,-6.2437238995455173],[106.78249829972702,-6.2440960997426869],[106.78245779943751,-6.2442169992194696],[106.78242299932913,-6.2443366994149798],[106.78162173928094,-6.2466732098811235],[106.78138710239168,-6.2474369019926774],[106.78133819518176,-6.2475832694822024],[106.78131884557052,-6.2477445202742299],[106.78130164496055,-6.2480541230511362],[106.78126294513079,-6.248610977284109],[106.78127584512723,-6.2489850800555482],[106.7813037946474,-6.2492860829060906],[106.78132556655825,-6.2495096633534351],[106.78133949927793,-6.2495679999582388],[106.78135719987752,-6.2496361994059528],[106.78141109970402,-6.2498857000189094],[106.78141599949876,-6.2499083000202749],[106.7814849996124,-6.2503645991761614],[106.78154979948106,-6.2509469996392397],[106.78161549984885,-6.2516962994185681],[106.7816363993886,-6.2519817992070497],[106.7816728997371,-6.2525390991904972],[106.78167959948591,-6.252662300006973],[106.78169149981096,-6.2528792996179758],[106.78169779993402,-6.2531934991498588],[106.7816877999533,-6.2534109997875431],[106.78169030001659,-6.2535779995095178],[106.78170910002693,-6.2557403999718559],[106.78173259941705,-6.2569666997827582],[106.78173490003992,-6.2570853999405509],[106.78175459984814,-6.2581100999930843],[106.78181539975166,-6.2600635999563599],[106.78183789996554,-6.2604355991897496],[106.78187599943909,-6.260656299208514],[106.7819295994431,-6.2608708993407749],[106.78195769962936,-6.2609710997849994],[106.78203029988504,-6.2611875992858854],[106.78204819953038,-6.2612206997997761],[106.78207969940745,-6.2612580996847482],[106.78211109941638,-6.261284699317037],[106.78213229966707,-6.2613051995338012],[106.78214999954216,-6.2613499991709443],[106.78218789943783,-6.2614304991943914],[106.78221569972249,-6.2614901999924291],[106.78223919963509,-6.2615423997358999],[106.78226269921622,-6.261594500019684],[106.78228779929667,-6.2616423994070667],[106.78231289994143,-6.2616901993273029],[106.78239729932689,-6.2618143992804054],[106.78247049921563,-6.2618918995104673],[106.78250739930259,-6.2619511995547414],[106.7826716994844,-6.2621170997626479],[106.78300089922368,-6.2623737992604367],[106.78312559979219,-6.2624897993938955],[106.78326309944879,-6.2626343999011596],[106.78341719952428,-6.2628386993033276],[106.78351169989796,-6.2630219997126062],[106.7835574992795,-6.2631428991378462],[106.78360039992651,-6.2632975998874496],[106.7836397994293,-6.2640037994121753],[106.78368279958984,-6.2654124998437686],[106.78375509937992,-6.2657687996155405],[106.78376029917476,-6.2659984992343594],[106.78376439993981,-6.2665786991816894],[106.78374829957738,-6.2668832994880956],[106.78374119989529,-6.2672130997599655],[106.78372919923098,-6.267769799350992],[106.7837230995126,-6.2680015998525249],[106.78372219926406,-6.2680352994528032],[106.78371719987736,-6.268306899660117],[106.78371379964904,-6.2685387994835535],[106.78371519933778,-6.2691383998875336],[106.78371889932274,-6.2692427998018072],[106.78369489915711,-6.269709099283113],[106.78367949956645,-6.2698028992498172],[106.78365879976532,-6.2699576995945074],[106.78360869962114,-6.2701950994111266],[106.78359559975196,-6.2702359999201311],[106.78338370001669,-6.2709586996480491],[106.78311929976068,-6.2719432993273641],[106.78306099954068,-6.2721718000082607],[106.78295999923881,-6.2725620993614974],[106.78292729944997,-6.2726815993236542],[106.78275959921558,-6.2732582998567832],[106.78256469998313,-6.2739921991769654],[106.78251519973416,-6.2741913994345193],[106.78248819989857,-6.2742999998740832],[106.78244550001372,-6.2744719996777576],[106.78217639999384,-6.2754993994386323],[106.78159509958077,-6.2777327993497227],[106.78143039922062,-6.278318699212992],[106.78126269954566,-6.2789077993157436],[106.78095860002088,-6.2797957998813319],[106.78095269930142,-6.2798946998263245],[106.78098559976841,-6.2800262998790908],[106.7810107999431,-6.2800743000117434],[106.7810270998071,-6.2801258992858262],[106.781033899677,-6.2801795996852388],[106.78103109944041,-6.2802335994964835],[106.78100119951347,-6.2803280999439455],[106.78097269934436,-6.2803736995693633],[106.78093669950267,-6.2804135993668542],[106.7808941995045,-6.2804464993226077],[106.78084649967522,-6.2804715993165896],[106.78079509935752,-6.2804878996347107],[106.78068939996119,-6.2805861997710917],[106.78062089951369,-6.280686599431716],[106.78052479945802,-6.2810810996452471],[106.78043089970933,-6.2814989992473329],[106.78040709971037,-6.2816196996541338],[106.78034199995764,-6.2820139994671793],[106.7803034999535,-6.2822812997836159],[106.78027619997863,-6.2825789998546657],[106.78026399950814,-6.2829815991784974],[106.78026499988734,-6.2830384993849284],[106.78029899916288,-6.283733499580145],[106.78031269964093,-6.2840333992255148],[106.7803177997462,-6.2841465995457586],[106.78037169957179,-6.2850437999709925],[106.78039689931161,-6.2853702997716319],[106.78040489946682,-6.2856131994494158],[106.78040189922288,-6.2859069992667145],[106.78037779931628,-6.2861097996826238],[106.78034929970612,-6.2862533994589098],[106.7802795992181,-6.2864208999416604],[106.78020249970358,-6.286584699439592],[106.78006480002196,-6.2867939999732254],[106.77996119970821,-6.2869212997165151],[106.77993439992767,-6.2869506995005624],[106.77988709971632,-6.2870025994234844],[106.77977119961827,-6.2870511993291247],[106.77968899971455,-6.2871126994413871],[106.77913149979122,-6.2875980996084246],[106.77852690003004,-6.2880868000109613],[106.77765919991653,-6.2887897994453086],[106.77746409946495,-6.2889157998434015],[106.77723659915732,-6.2890435994207081],[106.7770455993075,-6.2891187998588824],[106.77684249976893,-6.2891735993430409],[106.77658709927462,-6.289217700019476],[106.77643179953847,-6.2893172997581264],[106.77626969971456,-6.289377499674015],[106.7762049992451,-6.2893905998736246],[106.77606889967976,-6.2894077991539499],[106.77579899987943,-6.2894095998755191],[106.77566369964711,-6.2894045992403953],[106.77446199928033,-6.2893907992470925],[106.77401539969418,-6.2893832999397095],[106.77367859922055,-6.289376799214736],[106.77358269942862,-6.2893566998384847],[106.77349109955107,-6.289328699441552],[106.77343109935009,-6.2893008992105788],[106.77338839996084,-6.2892803995073105],[106.77324679971255,-6.2891725997895058],[106.77289879958323,-6.2891610992474725],[106.77232079985718,-6.2891659995218063],[106.77211569914378,-6.289160399199452],[106.77178629989218,-6.2890987992576708],[106.77158339937819,-6.2890757999188303],[106.77114549968371,-6.2890711999839315],[106.77106639957341,-6.2890416991768623],[106.77097890003614,-6.2889427998082299],[106.77098259991025,-6.2887997992366529],[106.77097459994792,-6.28857289983047],[106.77100269939739,-6.2884071998746682],[106.77101349996862,-6.2883257999380735],[106.7711379997172,-6.2874331997838446],[106.7711670996899,-6.2872202991397454],[106.77123489936731,-6.2867926994394692],[106.77127979990978,-6.2865018992720652],[106.77128889943937,-6.2864526999772732],[106.77135009940588,-6.2861464994511724],[106.77139329993939,-6.2859036998742779],[106.77146609968827,-6.2854718995614194],[106.77148489985824,-6.2853545994018942],[106.77154709976784,-6.2849972993165375],[106.77157539940741,-6.2848346992266784],[106.77164079975097,-6.2844377998299956],[106.7716509995403,-6.2843713998846287],[106.77168919992845,-6.2841247997630063],[106.77171299960506,-6.2839643994768863],[106.77179460001786,-6.2834567994741368],[106.77186459994554,-6.2830657998045805],[106.77188659945432,-6.2829237997202707],[106.77189649955021,-6.2828590997821738],[106.77198069926844,-6.2821368996358826],[106.77200179941505,-6.2819560998764752],[106.77202059979945,-6.2817947996965309],[106.77203089917924,-6.2817126998424966],[106.77204209938607,-6.2815499000248511],[106.77206569921771,-6.2814922995665246],[106.77210159982646,-6.2814414995018506],[106.77214799967489,-6.2813999997141901],[106.77220259943095,-6.2813697999338736],[106.7722625996074,-6.2813524992229004],[106.77232499989563,-6.2813490996398667],[106.77238659959372,-6.2813595993711866],[106.77244419937169,-6.2813835996531049],[106.77249499953153,-6.2814196994220275],[106.77262139971347,-6.2815720994913704],[106.77308469997151,-6.2820986999029085],[106.77334899954158,-6.2823934998933186],[106.77385449992913,-6.2829561999417978],[106.77423319947128,-6.2833572991758944],[106.77467059993857,-6.2838475993677978],[106.77492249971198,-6.2841327995931344],[106.77498269948941,-6.2842009995055976],[106.77527809984026,-6.2845353991943123],[106.77537869993105,-6.2846680992180541],[106.77548939970919,-6.2848139996304315],[106.77558929979443,-6.2849392993107118],[106.77569789952743,-6.285091299242402],[106.77582529973276,-6.2853178992316812],[106.77603809992002,-6.2856911996056226],[106.77615719996751,-6.2858571995126589],[106.77638889934586,-6.2861643993067799],[106.77742949928877,-6.2873498993042487],[106.77786159975931,-6.287844599267018],[106.77797139919777,-6.2879694991853361],[106.77803999938912,-6.2880004994014396],[106.77813869998764,-6.2880239999795977],[106.77825569951452,-6.2880373999103911],[106.77826749927661,-6.2880386997780802],[106.77837339951778,-6.2880199996665374],[106.77858059945045,-6.2879139993701028],[106.77866439950365,-6.2878706998635305],[106.77925509983831,-6.2873779995471919],[106.77933109922631,-6.2873154997527179],[106.77939949925774,-6.2872538992696878],[106.77946779953716,-6.2871921996632274],[106.77958849965174,-6.2870848000237674],[106.77967849956319,-6.2869992995772055],[106.77978509976043,-6.2869021996678418],[106.77990909935313,-6.2867632993091931],[106.77995569924745,-6.2867036998548249],[106.7800120996973,-6.2866314996440957],[106.78010309979844,-6.2865002996318013],[106.78017929961422,-6.2863519992690957],[106.78024049972764,-6.2862081995232888],[106.78026309924421,-6.2860918993535897],[106.78028159958802,-6.2859571992411789],[106.78028960002615,-6.2858491995512953],[106.7802928996786,-6.285702399749109],[106.78028319939138,-6.2853793997348752],[106.78026829962313,-6.2850486992210151],[106.78021459927373,-6.2841457998259971],[106.78020959939353,-6.2840633996109263],[106.78020449921279,-6.2839809997322487],[106.78015309962584,-6.2830390999637897],[106.78015149934764,-6.2829816999677552],[106.78018109942685,-6.2825734996026688],[106.78018789962223,-6.2824076998049181],[106.78020309916192,-6.2822535997186995],[106.78023099980285,-6.2820453991959129],[106.78028849959011,-6.2816506993594539],[106.78042599951614,-6.281034599543629],[106.78049049979109,-6.2807818993998197],[106.78053289935551,-6.280618399911039],[106.78053509935314,-6.2804927999552325],[106.78049939978835,-6.2803939999548213],[106.78047149968424,-6.2803579994848109],[106.780449399194,-6.280318299210502],[106.78043339957692,-6.2802757995928209],[106.78042389968338,-6.2802313998465511],[106.7804211992956,-6.2801860998958849],[106.78042530000917,-6.2801408997782806],[106.78044009944172,-6.2800854992180613],[106.78046509959105,-6.2800336997137851],[106.78049699917933,-6.2799901998337297],[106.78053619986039,-6.2799529999450607],[106.78058129986515,-6.2799230994298751],[106.78063099934536,-6.2799016998575192],[106.78068379995196,-6.2798893000164977],[106.7808104993761,-6.2798134998318238],[106.78088110000289,-6.2797152992739251],[106.78093869917865,-6.2795782997167233],[106.7812179996827,-6.2787142994829317],[106.78148709952248,-6.2777056993277522],[106.78210189943569,-6.2753938000263698],[106.78237149947658,-6.2743488997314705],[106.78243869919734,-6.2740736997004225],[106.78257049971698,-6.2735341995150176],[106.78263750003308,-6.2732529999697793],[106.78266019970432,-6.2731643995500317],[106.78282999968737,-6.2725383998205304],[106.78319509988847,-6.2711706991552667],[106.78339039954247,-6.2704689997088137],[106.78348169981803,-6.2701729991274995],[106.78351679959641,-6.2700646993981124],[106.78354989971437,-6.2699276992763711],[106.78358619993958,-6.2696849999334203],[106.78360909953938,-6.2691771999392802],[106.78359989941211,-6.2684340999755701],[106.78359589932435,-6.2677660998828166],[106.78358699924337,-6.2677212993988425],[106.78356419968564,-6.2676628992194026],[106.78355219990701,-6.2675820998147582],[106.78354749935529,-6.2671958999623101],[106.78354249928621,-6.266721499860771],[106.78353989997562,-6.2665619992103849],[106.78352399916811,-6.2657276997516025],[106.78359659921777,-6.2654295992136202],[106.7835565996958,-6.2640039999998995],[106.7835231000174,-6.2633805998950765],[106.7835155998357,-6.2633224993757999],[106.78350149969968,-6.2632595992285527],[106.78345829998938,-6.2631402995229273],[106.78340049940407,-6.2630189996285379],[106.7832911997773,-6.2628449993793307],[106.78317259921225,-6.2626703995596777],[106.78311019948437,-6.2626036995400884],[106.78302439976495,-6.2625243995274191],[106.78283129947269,-6.2623610992472649],[106.78258049947566,-6.2621670994997958],[106.78244839916175,-6.2620557998999722],[106.7823333994784,-6.2619798992023616],[106.78227559915292,-6.2619104997610719],[106.78218550000372,-6.26176449914675],[106.7821385996285,-6.2616848995332441],[106.78210469978086,-6.2616205999209527],[106.78207819989622,-6.2615619996242797],[106.78206039972073,-6.2615203993602062],[106.78204949948831,-6.2614923991464808],[106.78201349965165,-6.2614096999896205],[106.78198979969366,-6.2613413999342438],[106.7819843993822,-6.2613220992750591],[106.78198829928651,-6.2613044994755258],[106.78199409943011,-6.2612732995782672],[106.78199549981363,-6.2612369995975685],[106.78199369991066,-6.2612196994478158],[106.78192589967601,-6.2609914996548559],[106.78188129995856,-6.2608321992781226],[106.78185819922713,-6.2607434000075726],[106.7818011998247,-6.2604615999817579],[106.78178729943856,-6.2603436996461541],[106.78176319998931,-6.2600388991594587],[106.78174929994428,-6.2595763998214338],[106.78172459916865,-6.2586805996452357],[106.78170149951933,-6.2578352995306128],[106.78166759950884,-6.2573467991667435],[106.78165529951593,-6.257135499197414],[106.78165459936636,-6.2570853992985604],[106.78165289920645,-6.2569686998908249],[106.78165069949726,-6.2568138994501954],[106.78165529969036,-6.2566591998203425],[106.78166919939476,-6.2563008993907854],[106.78167539976612,-6.2560359993476489],[106.78167379927424,-6.2557296992238136],[106.78166329932237,-6.2551389997790077],[106.78164459972191,-6.2542046992437097],[106.78163879922958,-6.2534189998632126],[106.78163409920725,-6.2531172998980571],[106.78161659960688,-6.2528050995208648],[106.78161019921293,-6.2526704994178628],[106.78160379973255,-6.2525358993144584],[106.78159209954801,-6.2521713996788391],[106.78158079991962,-6.2519518997167278],[106.78156069925515,-6.2516455998476923],[106.78152379920451,-6.251195399290209],[106.78145749969414,-6.2506026997145234],[106.78140049981427,-6.2501126994745428],[106.78136969978426,-6.2499135999460087],[106.78131599947424,-6.2496562999774197],[106.78130139947706,-6.2495745994467278],[106.78128946059726,-6.249510544290982],[106.78128153462215,-6.2494550635748345],[106.78125775676199,-6.2493035921565587],[106.7812199446894,-6.2489959162996191],[106.7812020561492,-6.2486739300743821],[106.78122682429887,-6.2480822455302159],[106.78125572036326,-6.2477217304612243],[106.78127360834105,-6.2475827531136447],[106.78130971490147,-6.2474172464944511],[106.78156959976401,-6.2466615993920236],[106.7818767649901,-6.2458389994145982],[106.78219553604376,-6.2448954043903138],[106.78228497652709,-6.2446518507304853],[106.7823821992977,-6.2443184996565098],[106.78243709940685,-6.24413789994186],[106.78254729919863,-6.2437147998838869],[106.78260929985342,-6.2433822996382835],[106.78264349971379,-6.2430781993412463],[106.78273779940298,-6.241924699498874],[106.78279869920638,-6.2410552992127677],[106.78280309950418,-6.2408243993869155],[106.7828084998804,-6.240651700015178],[106.78281519934863,-6.2405443992821095],[106.78283859972314,-6.2402110993973503],[106.78285669923761,-6.2400304995898148],[106.78289089924944,-6.2396258991332001],[106.78292649996899,-6.2393645995775557],[106.78296199992624,-6.2391485995626086],[106.78298819929164,-6.2390332994283417],[106.78303689945373,-6.2387945992597489],[106.78305189986671,-6.2387326998321839],[106.78307869934146,-6.2386406996411532],[106.78318929975802,-6.2383773993106333],[106.78326239960123,-6.238200699383138],[106.7835084996555,-6.2376254999527818],[106.78360099920708,-6.2374221998988189],[106.78363989928079,-6.2373144999322152],[106.78378316754066,-6.2369926898919639],[106.78400811286208,-6.2364629788559025],[106.78412673655508,-6.2362003159817698],[106.78425960323762,-6.2359909179147737],[106.78446687585775,-6.2357368765216767],[106.78473520042948,-6.235422380158135],[106.78534943159771,-6.2348455034405861],[106.78544199970192,-6.2347508997465768],[106.78563149979425,-6.2345822000077815],[106.78573709927527,-6.2344975995268062],[106.78588489959019,-6.2343791992911841],[106.78613369981285,-6.2341632995126002],[106.78633239926566,-6.234007099664832],[106.78642409954168,-6.2339396996357035],[106.78652269988035,-6.2338721993575552],[106.78660739956464,-6.2338141995090712],[106.7868538996196,-6.233642599182657],[106.7871719992629,-6.2334465996488557],[106.78754689923795,-6.2332024997050812],[106.78769129941064,-6.2331045996801899],[106.78798660002356,-6.2328621999021223],[106.78827359946773,-6.2325901996519271],[106.78840369922118,-6.2324475996021746],[106.78853249951142,-6.2322782995669188],[106.78872289997989,-6.2320422999537186],[106.78896970000541,-6.2317156998219811],[106.78914669959173,-6.2314756993770084],[106.78938409941645,-6.2311183994544228],[106.78967250003363,-6.2307102998992274],[106.78979239974525,-6.2305244995750249],[106.79011149943912,-6.2300339999792156],[106.79030539952912,-6.2297096995687351],[106.79049339929185,-6.2293893994275633],[106.7906229992809,-6.2291351994233075],[106.7906661998849,-6.2289657992270859],[106.79069879947039,-6.2287324997339688],[106.7906894991872,-6.2285455999348143],[106.79064049989624,-6.2283343991416844],[106.79056109957823,-6.2281312999791734],[106.79046649977121,-6.2279572000190626],[106.79030309915836,-6.2277761994237339],[106.7900438992627,-6.2275405996162254],[106.78833699972489,-6.2259806999369376],[106.78757579948942,-6.2252807995245201],[106.78707159951072,-6.224835600028837],[106.7868976994221,-6.2246730996141038],[106.78672369978197,-6.2245024996973415],[106.7865392991456,-6.2242993993346776],[106.78633029978855,-6.2240590995405265],[106.78590879935005,-6.2235449992880696],[106.78554549944056,-6.2231042993216379],[106.78531909976967,-6.2228454991380673],[106.78522769945377,-6.2227636993071611],[106.7851215996166,-6.2226695996794161],[106.78499089957079,-6.2225621993136553],[106.78468589959989,-6.2223232998528966],[106.78437369969237,-6.2221194999305025],[106.78397729947497,-6.2218791997979039],[106.78340259943009,-6.2215529998734764],[106.78330559971337,-6.2214993994810719],[106.78320859997655,-6.2214481997009115],[106.78273409921449,-6.2211976995869174],[106.7820407993908,-6.2208224991657204],[106.7819370992559,-6.2207653992101308],[106.78149559939243,-6.2205382998911647],[106.78028349918941,-6.2198894995479872],[106.78023139982523,-6.2198615998524058],[106.7794755991675,-6.2194774995004467],[106.77854339940141,-6.2190339999745428],[106.77844819931552,-6.2189913991386154],[106.77829619989248,-6.2189243998393016],[106.77819150001905,-6.2188607993070404],[106.77793929940202,-6.2186935994799111],[106.7775615993054,-6.2184176996098621],[106.77735319984713,-6.2182653996743085],[106.7764336994186,-6.2176037999669038],[106.77630659967924,-6.2175078994313262],[106.77570709918763,-6.2170065997140185],[106.77505539959375,-6.2164425999794313],[106.77484649927045,-6.2162870994453741],[106.77476619919796,-6.216227299566297],[106.7746650994635,-6.2161519992122418],[106.77441830002809,-6.2159452997613514],[106.77433649923293,-6.2158746996526979],[106.77421979980478,-6.2157706998337723],[106.77398509969949,-6.2155253999230062],[106.77367669930966,-6.2151773995639408],[106.77330659956442,-6.2147800991588005],[106.77318990002968,-6.2146440993798944],[106.77308389937038,-6.2145040996674599],[106.7729645994018,-6.214328099521607],[106.77286749948541,-6.2141746000300735],[106.77271849968527,-6.2139234998186996],[106.77261439962028,-6.213731999411972],[106.77246799929907,-6.2134540998220489],[106.77231559999112,-6.2131408995051141],[106.77221909992856,-6.2129415991506862],[106.77212959994121,-6.2127569992902369],[106.77195479993435,-6.2123972993843832],[106.77179829924719,-6.2120637996279866],[106.77164889938803,-6.211775899195815],[106.77144729916942,-6.2113567995587147],[106.77131529943838,-6.2110641993905586],[106.77114669948354,-6.2106005999970755],[106.770992699213,-6.2101959994801916],[106.77082929950447,-6.2097717992146482],[106.77079569987401,-6.2096872993061147],[106.77073549962812,-6.2095694999154372],[106.77055319937635,-6.2092246999467688],[106.77051429991033,-6.2091331993268524],[106.7704540999279,-6.2089607997147089],[106.77029489967273,-6.2084945993361327],[106.77003999996464,-6.2077046994504377],[106.76986129933533,-6.2070801994706803],[106.76970909954576,-6.2064995991790282],[106.76959769987404,-6.2060474994338568],[106.76955519970942,-6.2058750991302425],[106.76951979926311,-6.2057272991980588],[106.7694963998909,-6.2055525998521412],[106.76948089929338,-6.2054369998172447],[106.76945609974928,-6.2051220997148482],[106.76944189914595,-6.2047526996327269],[106.7694259998305,-6.2038783992826021],[106.76941359995693,-6.2032133998368693],[106.76940049918083,-6.202971799447826],[106.76938459977895,-6.2027481992916469],[106.76932789954697,-6.2023857994597114],[106.76922349936018,-6.2018579996353758],[106.7691916992011,-6.2016925999134509],[106.76915099916856,-6.2013671998202105],[106.76909259997133,-6.2008147993631093],[106.76906959963263,-6.2004399996618558],[106.76902179962131,-6.1998576997764454],[106.76899169968577,-6.1994917993717982],[106.76898459946922,-6.1990800994330622],[106.76897759922727,-6.1985364996516266],[106.7689456998306,-6.1974052998350695],[106.76892289997571,-6.1968283994346427],[106.76892299969985,-6.196772899206004],[106.76889620000034,-6.1962072992664208],[106.76887169923754,-6.1952084994526295],[106.76885539999175,-6.194691299796955],[106.768853699316,-6.1945530991416788],[106.76885219925305,-6.1942908992015226],[106.76885139924202,-6.1941398992751022],[106.7688583995666,-6.193255499707953],[106.76885139980307,-6.1927377997127246],[106.76883269962254,-6.1922131998673349],[106.76880699953718,-6.1917860999078504],[106.7688029998542,-6.1916606995408161],[106.76879769944263,-6.1915399999338323],[106.76877749941427,-6.1914243999543297],[106.76881069977105,-6.1912878000241394],[106.76885759967932,-6.191007299536059],[106.76886229947445,-6.190790599134413],[106.7688488000323,-6.1906071996554939],[106.76873919941116,-6.1894766000166443],[106.76869199964139,-6.1890284991581224],[106.76867669931789,-6.1888606995048976],[106.76866240000798,-6.1887433998078061],[106.76868019966821,-6.1886920993823251],[106.76868229959257,-6.188597099636632],[106.76865579974672,-6.1884091997995254],[106.76861519951747,-6.1882009996718983],[106.76857689965915,-6.1880245998828034],[106.7685681000148,-6.1879295993656687],[106.76855389982816,-6.187776599613712],[106.76853089993979,-6.1873630996078193],[106.76852309997007,-6.1865638995220777],[106.76852109965355,-6.1863945997581604],[106.76852379930989,-6.1861051999705801],[106.76851849920079,-6.1860031992026112],[106.76850439916259,-6.1858008992720821],[106.76848489920633,-6.1856741995736755],[106.76844059976763,-6.1854542995164197],[106.76840139935709,-6.1852701997289019],[106.76837159964367,-6.1851322995893359],[106.76832519987737,-6.1849667996783904],[106.7682523996733,-6.1847221994016373],[106.76810449988587,-6.1843606996798224],[106.76797399968451,-6.184039499226194],[106.76792739933509,-6.183916599571492],[106.76734199967171,-6.1824263991977739],[106.7672556996401,-6.1821797999308314],[106.76715709917258,-6.1818948997100955],[106.76705079924905,-6.1815701994119499],[106.76695689922188,-6.1812469994997574],[106.76679199960085,-6.1806573995890197],[106.76665489987198,-6.1801381997144809],[106.76651159989669,-6.179648099504691],[106.76646849967911,-6.1794611992101505],[106.76642229919622,-6.1792084994718381],[106.76636379916273,-6.1787964991368147],[106.76633599947941,-6.1784962991981107],[106.76630789928255,-6.178183099607633],[106.76628479988392,-6.1780183997165894],[106.7662171000146,-6.1774487991353295],[106.76614469930804,-6.176886700003509],[106.76607849978507,-6.1764639993764057],[106.76603229953899,-6.1760412992183022],[106.76598449943683,-6.1756215999693698],[106.76592289919014,-6.1750456991871543],[106.76587979931453,-6.174714899141815],[106.76585379957376,-6.1744975994720308],[106.76583659998234,-6.1743534993429092],[106.76580779984435,-6.1740770993397378],[106.76576779945997,-6.1737722992733257],[106.76569689924339,-6.1732469000111143],[106.76564759952933,-6.1729681998507955],[106.7655662995293,-6.1725132996054031],[106.76555759940223,-6.1724636994212547],[106.76553629934457,-6.172342799331938],[106.76551829946013,-6.1722403991586958],[106.76545899999579,-6.1719153997635496],[106.76538999921416,-6.1715758992396195],[106.76534839971499,-6.1713488993096988],[106.7652937999418,-6.1710818997937817],[106.76520909988264,-6.1707403995895831],[106.76504579984679,-6.1701950999795949],[106.76489789955824,-6.1697295000038679],[106.76478239989501,-6.1694292999234213],[106.76473330002533,-6.1693129992942364],[106.76367469984702,-6.1674246996230089],[106.76357769965631,-6.1671793997851649],[106.76349449914332,-6.1669863995590823],[106.76338969966996,-6.1667060992605807],[106.76328039916318,-6.1663890994495683],[106.76321719960072,-6.1660995994223304],[106.76316609936285,-6.1658594000089746],[106.76314400002568,-6.1657321999071506],[106.7631077991628,-6.1654379999392619],[106.76303699926599,-6.1649676992611822],[106.7630230999906,-6.1648175992212408],[106.7630014991767,-6.1645526996027238],[106.7629980998026,-6.164455399355413],[106.76299229921518,-6.1642891993562863],[106.76298919976834,-6.1639721996951913],[106.76299379993003,-6.1636596992030697],[106.76301139969954,-6.162117699360512],[106.76301419957549,-6.1612328996681551],[106.7630424992321,-6.1600074999782635],[106.76304299992543,-6.1599872992742508],[106.76304309984043,-6.1599516000073491],[106.7630541998802,-6.1592984999323219],[106.76304519980546,-6.1592565998562572],[106.76302239982527,-6.1592264991659764],[106.76303069990986,-6.1590014999528222],[106.76303059929299,-6.1589783996402581],[106.76304904008262,-6.1583480296194741],[106.76312679937264,-6.1583462996773983],[106.76329159914303,-6.158338799835855],[106.76352659960364,-6.1583277991766741],[106.76377719977384,-6.1583308000002717],[106.76407859981485,-6.1583194999940227],[106.76438919972985,-6.1582841998246698],[106.7645348992062,-6.1582578992551733],[106.7645901998338,-6.1582440999179209],[106.76471569942002,-6.1582054993138442],[106.76505969921409,-6.1580941993058049],[106.76512309982968,-6.1580715996234021],[106.76569229934992,-6.1578405997016352],[106.76589309926717,-6.1577547997502915],[106.76635699993754,-6.1575526998637509],[106.76653209927558,-6.1575014991820298],[106.7667473995734,-6.1574587995794055],[106.76690029957662,-6.1574654997550038],[106.76699749980529,-6.1574807997838619],[106.76711749969519,-6.1575074995263552],[106.76725159977352,-6.1575607994152053],[106.76739669919768,-6.157634599999688],[106.7674255991847,-6.1576542999916546],[106.76746799977187,-6.1576831998324844],[106.76749999972496,-6.15770489959408],[106.76780609981471,-6.15790459958375],[106.76788379918395,-6.1579552993981936],[106.76796039921408,-6.1580043996879654],[106.76801649974327,-6.1580401992510732],[106.7680890993089,-6.1580889999207669],[106.76839629976396,-6.1582994992143405],[106.76853239982795,-6.1584107993950044],[106.76865299974584,-6.1585220993703693],[106.76878179930119,-6.1586707997878216],[106.76888669994769,-6.1588370992350328],[106.76893579937149,-6.1589163995667136],[106.76904339919786,-6.1591376998869967],[106.76925729997909,-6.1597556992060456],[106.76936029934912,-6.1600422998689668],[106.76954869977396,-6.1605560999804769],[106.76956839973951,-6.1606148999973502],[106.76961599960792,-6.1607325994014666],[106.7696598994109,-6.160822599982656],[106.76970359928795,-6.1608996991566976],[106.76973409953946,-6.1609463994479974],[106.76974889949979,-6.1609708994242309],[106.76982709962829,-6.1610721998843854],[106.76987179936309,-6.161115399881119],[106.76993789941032,-6.1611565992718003],[106.77005839947002,-6.1612281999987655],[106.77014049983619,-6.1612757995347147],[106.77022919976257,-6.1613211998216393],[106.77029939969258,-6.1613525993601694],[106.77039939965653,-6.1613894996695766],[106.77130659931919,-6.1617395991452515],[106.77133039953762,-6.1617496995783831],[106.77135429970254,-6.1617596993091288],[106.77195719989375,-6.1619945994063814],[106.77207349975288,-6.1620390992224063],[106.77215029947546,-6.1620764994062611],[106.772221299156,-6.1621169000111529],[106.77228149930507,-6.1621420998063101],[106.77234340004014,-6.1621692994605688],[106.77236229985587,-6.1621983998295029],[106.77239309993732,-6.1622329997649272],[106.77243469976604,-6.1622570000155799],[106.77512419967412,-6.1633093995973711],[106.77554889928048,-6.1634728993310386],[106.77596569979733,-6.1636318994511257],[106.77633929987807,-6.1637908993852868],[106.77689039922147,-6.1640021992857772],[106.77709959961686,-6.1640893998583026],[106.77723069998898,-6.1641435998180416],[106.77764219916392,-6.1643004992853339],[106.77825049946307,-6.1645407996148505],[106.77871870001181,-6.1647275996689235],[106.7789661994136,-6.1648204999690472],[106.77914129990126,-6.1648680992103655],[106.77925479916254,-6.1648960994256434],[106.77937830003991,-6.1649098992447193],[106.77957209985807,-6.1649086996439397],[106.78020139930618,-6.1648784998743835],[106.78059899961146,-6.1648597991879859],[106.7807702995164,-6.1648541000034713],[106.78092670001357,-6.1648570992004501],[106.78110849965034,-6.1648708999860293],[106.78133719983147,-6.1649145994346313],[106.78184249915056,-6.1650218992520704],[106.78285669918763,-6.1652348992654522],[106.78310159967654,-6.1652833992003764],[106.78373849993429,-6.1654170994772644],[106.78396659990318,-6.1654611993296831],[106.78459629954106,-6.1655828994827111],[106.78478939977178,-6.1656232995540794],[106.7850048998034,-6.1656979992846095],[106.78518579982708,-6.1657828993204715],[106.78546829916046,-6.1659324993552964],[106.78588709962169,-6.1662052999752444],[106.78610359971486,-6.1663265997786869],[106.78623539962305,-6.1663905998368032],[106.78636050000551,-6.166437699421417],[106.78651449932845,-6.1664795996976052],[106.78684749957988,-6.1665619997331049],[106.78748869999876,-6.1667019997988692],[106.78764319917298,-6.1667363995430851],[106.78774389937173,-6.1667515992933639],[106.78785309951613,-6.1667679992968703],[106.78791309936854,-6.1667719997271728],[106.78794349961605,-6.1667742992370052],[106.78805729979031,-6.1667827991938191],[106.78810719990713,-6.1667861996568663],[106.7888003997079,-6.1668458992746373],[106.78879009917108,-6.1669152999276564],[106.78877439983025,-6.1669744995209026],[106.78874849964984,-6.1670465991302983],[106.78872959941231,-6.1670871993732348],[106.78869839963055,-6.1671379995219011],[106.788672899414,-6.1671916992694955],[106.78865459961564,-6.1672480991702452],[106.7886355994189,-6.1673329997847093],[106.78860559921075,-6.1674769992203569],[106.78858379938256,-6.1675675993209671],[106.78854580003166,-6.1676697994598193],[106.78848249958865,-6.1678268994476655],[106.78845919924184,-6.1679080991717825],[106.78844020002504,-6.1680153993626439],[106.78842509982401,-6.1682554997718189],[106.78841139921609,-6.1685198992898025],[106.78841009955822,-6.1687568999001812],[106.78842129963391,-6.1689417996143971],[106.78843379961383,-6.1690546994863444],[106.78845629919216,-6.1692072996392513],[106.78852989957826,-6.1695485996173351],[106.78859869924405,-6.1699286992243669],[106.78861729918007,-6.1700312997210993],[106.78865709914253,-6.1705028997507103],[106.78875029985932,-6.1707462991745006],[106.78888399960842,-6.17112549972056],[106.78893749940462,-6.171259499439433],[106.78917039984456,-6.1717216995577555],[106.78937859965207,-6.1720562996526231],[106.78939399992699,-6.1720767992750964],[106.78960499986744,-6.1723451992852016],[106.78976759979764,-6.1725258997244703],[106.78991000002713,-6.1726840993760064],[106.7900656998175,-6.1728479000107459],[106.79018779949837,-6.172969699936929],[106.7902259996068,-6.1730077997816775],[106.79042319971514,-6.1732044998272846],[106.79072579926195,-6.1735771995875623],[106.79075519950713,-6.1736081994305563],[106.79133299980303,-6.1741687993544865],[106.79168179926036,-6.1744930995529419],[106.79176129985694,-6.1745784994488622],[106.79197239945535,-6.1747836999986321],[106.79222619961185,-6.1750301992697958],[106.79300199984392,-6.1757272996349988],[106.79309729931401,-6.1758096992109239],[106.79320609921866,-6.1759009993133622],[106.79370139977684,-6.1763612992950625],[106.79478379951027,-6.1773869995865267],[106.79497289951917,-6.1775213994165821],[106.79512719983916,-6.1776826996161631],[106.79538329956736,-6.1779766994111922],[106.79545299973249,-6.1780679997039147],[106.79560359931808,-6.1782387998259445],[106.79569309940703,-6.1783511993771718],[106.79575609956815,-6.1784279991399922],[106.79588489966135,-6.1786013999512805],[106.79592629992493,-6.1786751992892937],[106.79597069971059,-6.1787540998703392],[106.79611819993559,-6.1788948992703885],[106.79626109973795,-6.179006199614248],[106.79634369988072,-6.1790420998696733],[106.79642999965041,-6.1790795997814598],[106.79658169918088,-6.1791059994931867],[106.79680599952286,-6.1790030998649659],[106.79683509975241,-6.1789888997992417],[106.79750959999517,-6.1786707996454702],[106.79764569953652,-6.178627899657771],[106.79779269914191,-6.1785541995978503],[106.79807889986846,-6.1783934998300296],[106.79812829946493,-6.178387799157206],[106.79826379915609,-6.1783181995002687],[106.79860119918263,-6.1780975993559988],[106.79909739915253,-6.1777586995709637],[106.79928329924252,-6.177628899319914],[106.79972429954375,-6.1773210991958134],[106.80027069974281,-6.1769310996121609],[106.80040699992523,-6.1768349996858163],[106.8005719000066,-6.1767186992251135],[106.80098519962283,-6.1764412996778466],[106.8013154992713,-6.1762002996382357],[106.80175019921994,-6.1758831994759724],[106.80249929963007,-6.1753393997522785],[106.80272479971808,-6.1751826997871229],[106.80303399980249,-6.1750039993877808],[106.80340549956884,-6.1748186996346401],[106.8041162992654,-6.1744386994339076],[106.80423559917477,-6.1743653995050245],[106.80448369921211,-6.1741906996690608],[106.80680109999005,-6.1725306991552982],[106.80718599936959,-6.1722666998928926],[106.80757089932867,-6.1720013993378977],[106.80776539969037,-6.17187599946452],[106.80810339995507,-6.1716799999505652],[106.80852579970264,-6.1714639996631906],[106.80858939920104,-6.1714379999037225],[106.808663099783,-6.1714145997079521],[106.80879579926483,-6.1713794996417022],[106.80884659970511,-6.1713659993734371],[106.80931599981696,-6.1712766993838457],[106.80960969961311,-6.1712272993082662],[106.80970219945104,-6.1712072999119885],[106.80983369966414,-6.1711739994027051],[106.80995709971283,-6.1711486994877438],[106.81011649977332,-6.1711217997091916],[106.81037679937302,-6.1710779993967879],[106.8104274999113,-6.1710696992887319],[106.81075609972348,-6.1710159999220382],[106.81081649986021,-6.1710101994023452],[106.8108282994851,-6.1710090995669491],[106.81088939977884,-6.1710032993741555],[106.81107739978118,-6.1709899995008817],[106.81112139988457,-6.1709849997872173],[106.81113259940086,-6.1709841000043726],[106.81124759980342,-6.1709706993954052],[106.81176709930276,-6.1708765994114465],[106.81331099985225,-6.1705907993452298],[106.81473599997399,-6.1703294996520022],[106.81477189972124,-6.1703228997478163],[106.81482189952987,-6.1703160998755084],[106.81499769949083,-6.1702920995463622],[106.8156293998756,-6.1701947998804387],[106.81595279971975,-6.170141199429799],[106.81648369997826,-6.1700493991543608],[106.81698379963912,-6.1699629992830038],[106.81732259928827,-6.1699044991277461],[106.8173406997595,-6.1699013993098761],[106.81785559957578,-6.1698106994490436],[106.81809439999262,-6.1697613993795679],[106.8183277000156,-6.1697053999520497],[106.81884269941482,-6.1695706997791069],[106.81898610001009,-6.1695273998325142],[106.81910399958173,-6.1694660997857085],[106.81928079923549,-6.1693489996907926],[106.81941999927373,-6.1692051992564023],[106.81969859968251,-6.1688203994451341],[106.8198311996663,-6.1686592992863751],[106.82003739954045,-6.1684448995086614],[106.82045659962988,-6.1680427995679032],[106.82068759929916,-6.1678083995017126],[106.8207098997549,-6.1677814999503955],[106.82073109941679,-6.1677557994818155],[106.82083619933005,-6.1676038992028639],[106.8207954992012,-6.1675114993979223],[106.82059958992798,-6.1668261768600159],[106.82010419773506,-6.1646496503994026],[106.82009670914758,-6.1646167503435203],[106.82019992625634,-6.1646023767294089],[106.82024682922928,-6.1646095928131315],[106.8203063995569,-6.1646370996745308],[106.82037069956102,-6.1649756997960452],[106.82039289973163,-6.1651262997228065],[106.82040799916747,-6.1652024992458188],[106.82041969920603,-6.1652609993475593],[106.82044939942556,-6.1654133991746214],[106.82052529970935,-6.1657535997576831],[106.82060119984713,-6.166090799336664],[106.82071169968127,-6.166606299233198],[106.8207817997199,-6.1668707991636378],[106.82085609944092,-6.167149999287572],[106.82087679952926,-6.1672497994298148],[106.82088089970982,-6.1672771991685691],[106.82089469965646,-6.1673706999837528],[106.82092466156296,-6.1674180560165794],[106.82093509960829,-6.1674444991668382],[106.82095499999075,-6.1675174995045383],[106.82098569929167,-6.1676069994224259],[106.8209481997928,-6.1676206993212688],[106.82090699931186,-6.1676479998408942],[106.82086559968468,-6.1676780994655616],[106.82074799915677,-6.1678000997492735],[106.82073699997311,-6.1678135996451502],[106.82071569924926,-6.167839599739497],[106.82030229991254,-6.1682441999004913],[106.81990619945351,-6.1686317992297823],[106.81973059980683,-6.1688494995694185],[106.819599399748,-6.1690406995401039],[106.81950849948181,-6.1691613995991004],[106.81941819972239,-6.1692671994599202],[106.81931449939486,-6.1693676995988316],[106.81919309979969,-6.1694646995388069],[106.81902770001419,-6.1695580992422876],[106.81874529996675,-6.1696453993070106],[106.81822800000978,-6.1697815991630778],[106.81775219998433,-6.1698839997704473],[106.8173320993811,-6.1699552996453928],[106.8171757995225,-6.1699885996214334],[106.81699069929648,-6.1700197997762087],[106.81682899957423,-6.1700469995113947],[106.8164143992342,-6.1701099994860309],[106.81608899948063,-6.1701585996770056],[106.81596019983135,-6.1701812998729544],[106.81583269938045,-6.1702026999201767],[106.81497779996114,-6.170335999318759],[106.81482989919347,-6.1703547995496342],[106.81478209956454,-6.170360899321798],[106.81474439939589,-6.170367799224894],[106.81467239933639,-6.1703809997172039],[106.81449729945398,-6.1704126993731743],[106.81246749991817,-6.170797099621014],[106.8112604995342,-6.1710165997047879],[106.8111369996447,-6.1710323999940382],[106.8111250992917,-6.171033899831146],[106.8110808998661,-6.1710389996857682],[106.81089319972462,-6.1710583999607529],[106.81083199915906,-6.1710665992944191],[106.81082089970164,-6.1710684996619909],[106.81059859994077,-6.1711054998906034],[106.81044039926853,-6.1711343993949699],[106.81012909941599,-6.1711910995264674],[106.81000299933318,-6.1712140993780515],[106.8097519998055,-6.171245199420083],[106.80885819986749,-6.1714048995057329],[106.80866749922427,-6.1714541997364014],[106.80859709945248,-6.1714790996096314],[106.80798299924298,-6.1717932998172564],[106.80762589990596,-6.1720083999194557],[106.80682939932441,-6.1725602992069266],[106.80575999935137,-6.173317799503411],[106.80533409950078,-6.1736295995310249],[106.80451299967537,-6.1742277993838153],[106.80427719991829,-6.1743958000109975],[106.80351849998432,-6.1748051995909421],[106.80276429933254,-6.1752056995442315],[106.80268049970482,-6.1752599995606401],[106.8023491994454,-6.1755025993885084],[106.80174359941805,-6.1759544997468039],[106.80134739924711,-6.1762406991730332],[106.80105479964992,-6.1764557995532003],[106.80044969967076,-6.1768817996306851],[106.79931459999737,-6.177680999398965],[106.79863859978411,-6.1781415999371214],[106.79823489990849,-6.1784009996882068],[106.79781919921301,-6.178626999325358],[106.79772369961667,-6.1786713995755944],[106.79758619934039,-6.178709099806313],[106.79746959979884,-6.1787516996796175],[106.79737699939884,-6.1787896992777362],[106.7966575996933,-6.1791320992197862],[106.79645149970335,-6.1792342998573293],[106.79643659914706,-6.1792412997984973],[106.7963784998329,-6.1792688993540485],[106.7963365996462,-6.1792911998753866],[106.7962945991673,-6.1793134998321406],[106.79624039962621,-6.179339099695083],[106.79618139945497,-6.1793572996186441],[106.79606150002537,-6.1793794992388227],[106.79595429918741,-6.1793956991408701],[106.79583379953367,-6.1793794998308167],[106.79574919950336,-6.1793605995862162],[106.79562849947212,-6.1793047992178458],[106.79546059984899,-6.1791574996299206],[106.79537119933936,-6.1790175997193471],[106.79520379943297,-6.1787686999662066],[106.79518500001194,-6.1787425998089809],[106.79507849946356,-6.1785491996745181],[106.79500429938015,-6.1783946999155752],[106.79492699976575,-6.1782498998910702],[106.79488699959525,-6.178174099249147],[106.79483169942884,-6.1780939992776247],[106.79466239946413,-6.1779011997307531],[106.7946300992796,-6.1778491993697493],[106.79460349929674,-6.1777929997014711],[106.79457679935921,-6.1777553995536261],[106.79409329949516,-6.1772870997985452],[106.79378269982668,-6.1769959999734683],[106.79307459967474,-6.1763115997037819],[106.79269939961837,-6.1759583998269445],[106.79250509932679,-6.1758056992827548],[106.79225049939055,-6.1755960994052952],[106.79216959936134,-6.1755225999026262],[106.79207459952447,-6.1754362993166172],[106.79143839944877,-6.1748567991459922],[106.79131099953393,-6.1747457991396946],[106.79117959917107,-6.1746355992043629],[106.7904039991614,-6.1740214991625244],[106.78985689949394,-6.1736442995582728],[106.78966649924311,-6.1735066997515853],[106.78958989935235,-6.1734409992288262],[106.78942969928262,-6.1732655992440417],[106.78928069998601,-6.1731024992348775],[106.78872559968465,-6.1721876999373029],[106.78845050002239,-6.1716774994081511],[106.78823539931955,-6.1711741994857956],[106.78803629960196,-6.170631699468891],[106.78796649956561,-6.1703872998697795],[106.78793079932892,-6.1702722996764194],[106.78790199971753,-6.1701796993889424],[106.78784829914254,-6.1699969993702695],[106.78777119995675,-6.1695847995793489],[106.7877603997799,-6.1694781997919526],[106.78774019996689,-6.1690528997655223],[106.78772219937613,-6.1683609999463025],[106.78772219950513,-6.1679522999869132],[106.78772910003576,-6.1676656999444921],[106.78772749935423,-6.1675330999220233],[106.78773109977537,-6.1674608997469962],[106.78774259984777,-6.1673468993193055],[106.78775289922369,-6.1672789996102821],[106.78776239955286,-6.1672339000113903],[106.78777989992872,-6.1671650999732233],[106.78780489917685,-6.1670901994954974],[106.78784559954413,-6.1669778995139364],[106.78787469979518,-6.1668976993602582],[106.78789329987738,-6.166837599397744],[106.78782889993562,-6.1668307998866858],[106.78773289938998,-6.1668190998923444],[106.78764579924749,-6.1668083998875112],[106.7874843998126,-6.1667800000198776],[106.78688209979849,-6.1666586993417223],[106.78648949987834,-6.1665714999158823],[106.78632669963983,-6.1665335000047756],[106.78614179955015,-6.1664641994909015],[106.78594589914444,-6.166345199659844],[106.78566149954149,-6.1661397000030806],[106.78536489954963,-6.1659369997091327],[106.78522329980956,-6.1658590994684186],[106.78510009927001,-6.1658048997782053],[106.78491209990791,-6.1657358993491593],[106.78477829956215,-6.1656930998991824],[106.78464679975463,-6.1656595995810326],[106.78404319949306,-6.1655389993424068],[106.78332889927667,-6.1653926999671285],[106.78308909920636,-6.1653394993591926],[106.78284619945273,-6.1652889998852514],[106.78237929923425,-6.1651969992057563],[106.78163359961847,-6.1650382999847455],[106.78120249968097,-6.1649516000246125],[106.78107779975697,-6.1649249994167148],[106.78096819917201,-6.1649146998065296],[106.78081909918279,-6.1649037997718157],[106.78049789984166,-6.1649091996190961],[106.77983289979639,-6.1649427994067709],[106.77956409998849,-6.1649593993930845],[106.77940399971521,-6.1649636999902961],[106.77927339937548,-6.1649519999222946],[106.77916849916822,-6.1649337996378204],[106.77899579929039,-6.1648868000167143],[106.77880239955337,-6.1648163991633531],[106.77863419917055,-6.1647553991564301],[106.77744789956053,-6.1642896992661562],[106.77720919927036,-6.1641897992076471],[106.77708020000044,-6.1641384992368859],[106.77673649922917,-6.1640034998980502],[106.77566729927001,-6.1636010992557013],[106.77509719972009,-6.1633705998438346],[106.77263339983101,-6.1623973992492775],[106.77240979914212,-6.1623056998794299],[106.77235749919792,-6.1622999991549543],[106.77229519940218,-6.1623128994383878],[106.772181899972,-6.1622591994207001],[106.7720817995863,-6.1622342995183539],[106.7719866998233,-6.1622047995751705],[106.77188769964108,-6.1621664993255338],[106.77139160000829,-6.1619917996505134],[106.77031889992185,-6.1615497998574877],[106.77012179990857,-6.1614598993000183],[106.77003100004221,-6.161411399129177],[106.76989629983288,-6.1613381998925982],[106.76972329949493,-6.1612235995273359],[106.76966159971181,-6.161154199709002],[106.76954229992158,-6.160986199677021],[106.76950379950695,-6.16090969989882],[106.76948609970448,-6.1608767995478955],[106.76943690000043,-6.1607855994734591],[106.76940009943777,-6.160707599392782],[106.76931289934232,-6.1604968993842038],[106.76907419982497,-6.1598194994870594],[106.76904739923407,-6.1597394995335391],[106.76898969914528,-6.1595581993415598],[106.76890239957955,-6.1593063998580817],[106.7687515997514,-6.1589634999740701],[106.76870939988207,-6.1588781999625075],[106.76858849980019,-6.1586988995322836],[106.76846659975115,-6.1585651995149391],[106.76832319988398,-6.1584527996028546],[106.76799609938793,-6.1582299994475482],[106.76790059970935,-6.1581683997099752],[106.7678314999601,-6.1581233995397895],[106.76740559957919,-6.1578456993320039],[106.7673377995466,-6.1578013991419862],[106.76727859942676,-6.1577666993207298],[106.76725119984459,-6.1577534991912666],[106.76712069952549,-6.1576907999514798],[106.76695739979874,-6.1576361997460189],[106.76678319983742,-6.1576284995581378],[106.76663149959661,-6.1576485996085477],[106.76649719946268,-6.1576943991615529],[106.76632769981859,-6.1577557997237333],[106.76628779942109,-6.1577701992571487],[106.76604199946287,-6.1578780996696389],[106.76582639937492,-6.1579788996934539],[106.76572699918,-6.1580253991692002],[106.76523739972492,-6.1582217995272739],[106.76508469927069,-6.1582736997722627],[106.76478980003188,-6.1583690997120621],[106.76467809956068,-6.1584028000196138],[106.76457589988036,-6.1584250994128285],[106.76442209948308,-6.1584541999940834],[106.7642904993256,-6.1584734996807287],[106.76411419996619,-6.1584919995447258],[106.7640129000398,-6.158498699233288],[106.76378479994028,-6.1585156993164079],[106.76325989950681,-6.1585156993939103],[106.76317761808539,-6.1585167534976408],[106.76317399955812,-6.1586187996286457],[106.76315989987202,-6.1589862999951057],[106.76315129929776,-6.1592091997205367],[106.76310789987117,-6.1592504998983832],[106.76309319978985,-6.1592944992101328],[106.76308189994268,-6.1599562992949775],[106.7630810993814,-6.1599923996345813],[106.76308109936291,-6.1600131999814565],[106.76308149973617,-6.1602795993123598],[106.76309149954325,-6.1618395992579806],[106.76309359999992,-6.1621178995272814],[106.76309809976591,-6.1623692998826396],[106.76307009950891,-6.1642998991556492],[106.76307499973564,-6.1644527994555478],[106.76307749922348,-6.1645322997775303],[106.76309319975246,-6.1648718999329803],[106.76310179946108,-6.1649631998467829],[106.76317689953417,-6.1654541998084103],[106.7632406993863,-6.1658343996237717],[106.76325949960373,-6.1659211998874985],[106.76328899955577,-6.1660580993087653],[106.76335899957023,-6.1663995993528209],[106.76345829923959,-6.1667278995375376],[106.76358109964967,-6.1670829993622887],[106.76366079974431,-6.1672629996382859],[106.76373549989293,-6.1674111992725793],[106.76382709996069,-6.1675836994925168],[106.7647756991559,-6.1692949998458024],[106.76485089924965,-6.1694692991590241],[106.76494609925147,-6.1696995991614987],[106.76499629927534,-6.1698460992379331],[106.76507659978465,-6.1700908995524131],[106.76514349975618,-6.1703245999432523],[106.76521059968562,-6.1705599995457723],[106.76532499925916,-6.170958899626223],[106.76541279949417,-6.1713304994977882],[106.76545729952439,-6.1715799999523764],[106.76560169949056,-6.1723298991298599],[106.76562510000379,-6.1724594997274291],[106.76566439953201,-6.1727011996077321],[106.76576909949596,-6.1732188995981296],[106.76580199994069,-6.1735472994458442],[106.76584199997355,-6.1739179996932796],[106.76588729941342,-6.1743501998313164],[106.7659047996292,-6.1744914995435556],[106.76593319956717,-6.1747206996056931],[106.76598779925988,-6.1750870997473939],[106.76604289946457,-6.175493799461174],[106.76617889916497,-6.1766825999265951],[106.76633389973206,-6.1778344997862016],[106.76635519999716,-6.178002100003571],[106.76637099987938,-6.1781742991791635],[106.76639839956812,-6.1784230991964559],[106.76643649957288,-6.1788264996140354],[106.76647819932096,-6.1792225992609762],[106.76651519967911,-6.1794531991808164],[106.76658130003995,-6.1797273998238964],[106.76669349928886,-6.1801189999860009],[106.76690979964381,-6.1808781996229696],[106.76698759930511,-6.1811620994720187],[106.7670447997408,-6.1813631993704039],[106.76721289950611,-6.1818763995351276],[106.76732539988666,-6.1821952994660236],[106.76796499973614,-6.1838859992074058],[106.76803039921438,-6.1840685995617299],[106.76814919918266,-6.1843415997337159],[106.76828149991405,-6.18466949966587],[106.76835989915408,-6.1848866993389056],[106.76839069975928,-6.1850019992328473],[106.76843219969565,-6.185149199928321],[106.76845869995024,-6.1852601992722995],[106.76849169925107,-6.1853981999621954],[106.76855329946548,-6.1857077998366385],[106.76856489947328,-6.1858904995584654],[106.76856979965906,-6.1861743999982899],[106.76856759987432,-6.1863336997066698],[106.76856709987815,-6.1863930993121299],[106.76856489962711,-6.186567199909577],[106.7685655992189,-6.1868612992586627],[106.76859569994096,-6.1878174994037733],[106.76861749970043,-6.1879936991673441],[106.76870099931622,-6.1883529995531807],[106.76874019989663,-6.1885700998661308],[106.76878789973944,-6.1887063000243172],[106.76881000001242,-6.1889553991240804],[106.76885239918639,-6.1894736991894952],[106.76891739990154,-6.1901502098482366],[106.76896079945197,-6.1906018993698799],[106.76896689957992,-6.1907592996674294],[106.76896689923532,-6.1909152997946633],[106.76895219951979,-6.191095299414771],[106.76891749969134,-6.1913231997894993],[106.76886989992023,-6.191498999655578],[106.76886199914921,-6.1916966998805929],[106.7688885998294,-6.1922713996287682],[106.7689090997571,-6.1931354995091867],[106.76890999956433,-6.1941732000093159],[106.76891109932723,-6.1942893998249602],[106.76891499946124,-6.194690899392147],[106.76891109920213,-6.1952804998219531],[106.76895519993239,-6.1965150997398197],[106.76896509964554,-6.1967708997066682],[106.76896699968988,-6.1968226996010909],[106.76897299937288,-6.196947599553889],[106.76898089950474,-6.1971056999689678],[106.7690144996542,-6.1981415993970987],[106.76902349952832,-6.1987855995627656],[106.76905069993958,-6.1995575991981466],[106.76911439941811,-6.2004647997282616],[106.76914319996858,-6.2008020999946183],[106.7691761000148,-6.2011773991866939],[106.76920209990729,-6.2014455997648552],[106.76927379995033,-6.201861699827333],[106.769339799665,-6.2021966993674154],[106.76939839980234,-6.2024869999883414],[106.76942759963927,-6.2027373996443638],[106.76944990001269,-6.202972799939964],[106.76946389956444,-6.2032145998590762],[106.76947629952031,-6.2036306998362702],[106.76950879957994,-6.2048563995278121],[106.76952339980708,-6.2051273000194955],[106.76954299973836,-6.2053858993224171],[106.76956949996179,-6.2055494991764863],[106.76961289950538,-6.205817599825461],[106.76962769926547,-6.2059264993475738],[106.76969149966021,-6.2061973999089899],[106.76984389953662,-6.2068268996570195],[106.77006819935569,-6.2076174998719607],[106.77034419931549,-6.2084518999262039],[106.77048589972719,-6.2088697994754316],[106.77058149918933,-6.2091472997334494],[106.77070979933791,-6.2094159993487912],[106.77086199987535,-6.2097112991373473],[106.77097129929966,-6.209986199907358],[106.77118179988626,-6.2105582997449345],[106.77124089974674,-6.2107246998426895],[106.77136410003294,-6.2110448994989449],[106.77150109985486,-6.2113301995734576],[106.7715535997672,-6.2114395992205669],[106.77179239919141,-6.211911699533653],[106.77209550001311,-6.2125430994482107],[106.77222980003528,-6.2128099995505162],[106.77227869977109,-6.212913999468844],[106.77245189923563,-6.2132863994740353],[106.77267409969298,-6.2137318996440056],[106.77276299970944,-6.2139052991958348],[106.77309319970306,-6.2144299992023404],[106.77317389949863,-6.2145377993398894],[106.77417279914502,-6.215656099418978],[106.77428919924697,-6.2157753993046718],[106.77441639958623,-6.2158920994867719],[106.77467879992288,-6.2161067993594212],[106.77477499957605,-6.2161760996303279],[106.77482419999028,-6.216213199153561],[106.77490259930491,-6.2162719999338405],[106.77520629949113,-6.2165063997524737],[106.77596479927067,-6.2171382991379458],[106.77638199978833,-6.2175077996993391],[106.77702319958614,-6.2179706996850328],[106.77722139993621,-6.2180955998734539],[106.77753939925284,-6.2183274992798676],[106.77758989920541,-6.2183642992881163],[106.77777279997051,-6.2184976994737262],[106.77791859933721,-6.2186238995107246],[106.77830509927456,-6.2188852995570736],[106.77845159934127,-6.2189526998450875],[106.77854539942101,-6.2189940991975821],[106.77870529971295,-6.2190689998045112],[106.77949179947639,-6.2194414995313831],[106.78024269963237,-6.2198221994346303],[106.78030599998041,-6.2198540995186988],[106.78041729990026,-6.2199150993926251],[106.78140579952773,-6.2204369992749511],[106.78196299958051,-6.2207306992649416],[106.78274069994474,-6.2211232991922536],[106.78323720003409,-6.2213893992430185],[106.78335279925972,-6.2214513992044393],[106.78381819959226,-6.2217231996018443],[106.78429779960304,-6.2220164993079683]],[[106.82306149973742,-6.1803721994071505],[106.82308809980593,-6.1803998998321079],[106.82310359956369,-6.1804231997254506],[106.8231215996753,-6.1804455995261263]]]},"properties":{"OBJECTID":700,"ID":"BRT_08","LINE":"8","NAME":"Lebak Bulus - Harmoni","MODE":"BRT","CLASS":"Koridor Utama","STATUS":"Eksisting","COLOR":"#d73492","SOURCE":"TransJakarta; RTRW DKI Jakarta","REMARK":"Perubahan menjadi Lebak Bulus - Pasar Baru selama pembangunan MRT Fase 2A"}},{"type":"Feature","id":744,"geometry":{"type":"MultiLineString","coordinates":[[[106.8861519991774,-6.2909550992312377],[106.8861886995949,-6.2909647992458018],[106.88621949956328,-6.2909892996437691],[106.88635139975692,-6.291248999758337],[106.88638829997232,-6.291321599182842],[106.88643839968306,-6.2914169000155429],[106.8864924998673,-6.2914569000049063],[106.88661219990524,-6.2914768994412604],[106.88673969983158,-6.2914164998231179],[106.88656799934394,-6.2911860994458229],[106.88645300003792,-6.290975999202896],[106.88641669994038,-6.2909384999601992],[106.88637999995601,-6.2909193996150696],[106.88633159974977,-6.2909279991740217],[106.8861519991774,-6.2909550992312377]],[[106.8861519991774,-6.2909550992312377],[106.88601489989856,-6.2909743000103582],[106.8859446997332,-6.2909834999307934],[106.88569669960658,-6.2910184994363432],[106.88562689971914,-6.2910276996831609],[106.88547309984077,-6.2910430999334146],[106.88535770002947,-6.2910508996680035],[106.88531569968812,-6.2910523993334486],[106.88507759976457,-6.2910556998048852],[106.88492879982532,-6.2910518995944571],[106.88483019939908,-6.2910234991613345],[106.88472319952105,-6.2909891996533931],[106.88464019982209,-6.2909587998898138],[106.88461160002244,-6.2909482993001502],[106.88448939914244,-6.2909047997826146],[106.88445329947179,-6.2908917991624591],[106.88429159964875,-6.2908307995604442],[106.88415499972666,-6.2907864992826994],[106.88406589980671,-6.2907600996347686],[106.88395199939926,-6.290722599751529],[106.8834930000404,-6.2905936000130831],[106.88324929956015,-6.2905298993384848],[106.88305149953023,-6.2904822995137177]],[[106.88305149953023,-6.2904822995137177],[106.88257109997774,-6.2904151994303357],[106.88251339982916,-6.2904084997042284],[106.8824797996334,-6.2904032999001673],[106.8823958999874,-6.2903901992054667],[106.88231889915114,-6.2903782996575792],[106.88218549992116,-6.2903575998340351],[106.88211989980924,-6.2903250998763678],[106.88178939981968,-6.2902677996281664],[106.88167579996676,-6.2902371994079287],[106.88158719946104,-6.290222499797113],[106.88149469977004,-6.2902157996013841],[106.88131369926769,-6.2902077996793579],[106.88115189986499,-6.2901742997148542],[106.88085549957258,-6.2901047993879997],[106.88080569964058,-6.2900970999651848],[106.88074929983016,-6.2900971999269624],[106.88062949953358,-6.290092499264337],[106.88051839950873,-6.2901054993198127],[106.88047549978914,-6.2899701994537507],[106.88043639993201,-6.2898625997151809],[106.8804004996385,-6.2897511991844981],[106.88036449962135,-6.2896396995480925],[106.88032449948844,-6.2895314999621643],[106.88027159990664,-6.2893882000075712],[106.88018179949472,-6.2891451999705614],[106.88007869932891,-6.2889077991895617],[106.8800321992523,-6.2888235999209021],[106.87994730002181,-6.2887444998257607],[106.87983919933905,-6.288686099464587],[106.87972469916643,-6.2886625994511798],[106.8796020993163,-6.288671599976424],[106.87900899995752,-6.2889100998124281],[106.87894799993906,-6.2889355999422278],[106.87845947699921,-6.2891392834914468]],[[106.87845947699921,-6.2891392834914468],[106.87845680001951,-6.289140399786441],[106.87806779992894,-6.2893026997051669],[106.87788419969756,-6.2893784994631554],[106.87777339949749,-6.2894090997252592],[106.87764329972329,-6.2894123999497742],[106.87750399960862,-6.2893950997032837],[106.87736909919781,-6.2893543997014518],[106.87715579934064,-6.2892496992961586],[106.87713069963505,-6.2893102993961278],[106.87710989976031,-6.2893659998539269],[106.87705309921706,-6.2895185994240439],[106.87704519933372,-6.2895682997409788],[106.87704899937832,-6.2896222997346936],[106.87704949941903,-6.2896296992740375],[106.87707329937341,-6.289687599326907],[106.87712299919711,-6.2897368992238034],[106.87721079946945,-6.2897803995569515],[106.87750179986051,-6.289910099649088],[106.87773719985961,-6.2900148993999894],[106.87789139959277,-6.2900721995979829],[106.87806649984346,-6.2901088996190868],[106.87810729957107,-6.290108199614445],[106.878209499522,-6.2900939997007361],[106.87832189924359,-6.2900530998712307],[106.87842769930963,-6.2899918994827617],[106.87852579918957,-6.2898922997142268],[106.87858789953395,-6.2897746000185464],[106.87861229925217,-6.2896695998661754],[106.87861149920872,-6.2895524997442971],[106.87857539919699,-6.2894049999011008],[106.87845947699921,-6.2891392834914468]],[[106.87845947699921,-6.2891392834914468],[106.87814279979986,-6.288413399860274],[106.87787269933511,-6.2879212995538172],[106.87759269933964,-6.2873721992271685],[106.87757049937623,-6.2873161993714319],[106.87724969919257,-6.2864471994484541],[106.87689029925035,-6.2852491996257127],[106.87676119955704,-6.2847011992406649],[106.87485649957429,-6.2801951998801524],[106.8747471998705,-6.2799040999749103],[106.87411129971245,-6.2782740991611234],[106.87407039920315,-6.2781720995684855],[106.87363089922562,-6.2770769999275782],[106.87351959957408,-6.276721099916367],[106.87331329992708,-6.2760617000066654],[106.87299099915661,-6.274843499296094],[106.87290189986258,-6.2747020999913703],[106.87278319977781,-6.2742561999436886],[106.87256719942938,-6.2729830998447831],[106.87245729925387,-6.2713290993807744],[106.8724369995851,-6.2693615996042631],[106.87246529964764,-6.2689571995313189],[106.87244389937656,-6.2686159997525497],[106.87238749990809,-6.2682533998999368],[106.87231979930006,-6.2679020997370758],[106.87225539945125,-6.2675874997934313],[106.87223199976572,-6.26741749945921],[106.87222119977609,-6.2672708996001001],[106.87221849948848,-6.2669722997196606],[106.87223869972409,-6.2666935997576871],[106.87225479951628,-6.2664576996515446],[106.87230839967062,-6.2661803994148304],[106.87236469934656,-6.2659617995279229],[106.87249879963294,-6.2655551998601871],[106.87259939957012,-6.265272599906532],[106.87266250002226,-6.2650698996254111],[106.87271069928988,-6.2648885994953885],[106.87276169944801,-6.2645166994195494],[106.87290249996778,-6.2621797997411601],[106.87296819935338,-6.2612255992545851],[106.8730358994778,-6.2598788999638559],[106.87301649992391,-6.2593759995916285],[106.87297629922696,-6.2589451996762309],[106.87292799971532,-6.2586524993223858],[106.87272559934864,-6.2578206994007806],[106.87249019956052,-6.2568822992724415],[106.87239629978774,-6.2566804998509271],[106.87225329929409,-6.2564646992738151],[106.87208739950999,-6.2562765992790874],[106.87193569935222,-6.2561400999131491],[106.87171469943441,-6.2559907996521584],[106.87161629938996,-6.2559257992899333],[106.87140659991448,-6.2557288994276217],[106.87134329977285,-6.2556693995534589],[106.87132219973255,-6.255605800006335],[106.87129899939592,-6.2555341998860099],[106.87130479929422,-6.2554729999584024],[106.87133149957015,-6.2553788995297523],[106.87145249940289,-6.2550297995684829],[106.87152699975518,-6.2549076991438382],[106.87158439990934,-6.2548082995373333],[106.87162779957129,-6.254725399898053],[106.87166090003358,-6.2546364999486466],[106.87181909970316,-6.2541515999081225],[106.87224289940258,-6.2529479994668904],[106.87258039919391,-6.2522063994224339],[106.8733469996821,-6.2507212998200377],[106.87347899931747,-6.2504645991760235],[106.87358899931924,-6.2502443996491888],[106.87362489955039,-6.250169499544012],[106.87364039929992,-6.2500822997725356],[106.87365259916722,-6.2499980999776747],[106.87366309920642,-6.249915599708614],[106.87368059963374,-6.2498238991989039],[106.87371499971545,-6.2497011994061795],[106.8737493997933,-6.2495784996197541],[106.87377829929933,-6.2495017999010019],[106.87382249951519,-6.2493979998621976],[106.87398809929614,-6.2490089993699964],[106.87409009955228,-6.2487693991493973],[106.87414539977497,-6.2486394992974708],[106.87436459959517,-6.2481245995715167],[106.87453329959219,-6.2477281993797282],[106.87457719959725,-6.2476281996618974],[106.87458159935825,-6.2475734993036909],[106.87458179997286,-6.2475333996283222],[106.87457509984489,-6.2474885994738605],[106.87456599955111,-6.2474573999225091],[106.87455459979822,-6.2474289996759049],[106.87454029929602,-6.2474014994453695],[106.87451979957662,-6.2473754995926241],[106.87435919992529,-6.2472194997190718],[106.8740001994224,-6.2469761995950179],[106.87387349940965,-6.2469041997717918],[106.87355889935615,-6.2467369996320414],[106.87337609972774,-6.2466582999043503],[106.87323369995441,-6.2466009993803073],[106.8729484996542,-6.246501999798495],[106.87289920000087,-6.2464848997575846],[106.87268389945521,-6.2464142999865579],[106.87266099999313,-6.2464080994810232],[106.87237109936378,-6.2463229994645024],[106.87204819953295,-6.2462008995553244],[106.87176549998476,-6.246107100009703],[106.87131759942557,-6.2459709996083772],[106.87119669940374,-6.2459347998352222],[106.87101089958412,-6.2458761999719172],[106.87075049934757,-6.2457889994215972],[106.87067619959498,-6.2457605993538605],[106.87034399964307,-6.2456469995171293],[106.87012159917089,-6.245559999844974],[106.869830699323,-6.2453423993776598],[106.86973889976065,-6.2452853997658426],[106.86951689936134,-6.2451437993943291],[106.86928819984294,-6.2450170995933645],[106.86910849982768,-6.2449331998864848],[106.86891609983756,-6.2448571995649695],[106.86871019973609,-6.2447751992400926],[106.86820599926563,-6.2445864994509783],[106.86783309954973,-6.2444498994834037],[106.86725109961007,-6.2442398998631985],[106.86714609939739,-6.244176399537829],[106.86705959976669,-6.2441375991636372],[106.86650009962381,-6.2439399996121034],[106.86540729931555,-6.2435974998520427],[106.86485529971168,-6.2434625999337658],[106.86472759997891,-6.2434313998193911],[106.86422589941108,-6.2433496994186184],[106.86390829943856,-6.243313699768124],[106.86357999970198,-6.2433026996719629],[106.86292799969286,-6.2432703996285097],[106.86273889966951,-6.2432703998668551],[106.86231119965818,-6.243278599662947],[106.86086209924029,-6.2433233995853579],[106.86063299999321,-6.2433316995924981],[106.85995299929417,-6.2433845993415211],[106.85889719944809,-6.24337849953936],[106.85841109991398,-6.2433806999592072],[106.85807889938712,-6.2433739994965185],[106.85799169988036,-6.2433720993927286],[106.85760229921937,-6.2433558998612808],[106.8562599996973,-6.243338699209013],[106.85403269944808,-6.2433354995516037],[106.85380509985953,-6.243335799472546],[106.85303209965255,-6.2433329999639753],[106.85247249947163,-6.2433333994142197],[106.85224959970104,-6.2433554994802378],[106.8521010992465,-6.2433579000300909],[106.85198319980721,-6.2433597995449004],[106.85170829969084,-6.2433736999146365],[106.85137909945811,-6.2433823996512352],[106.85079209923525,-6.2434381993739345],[106.85015749952468,-6.2434790997913874],[106.84946840001962,-6.2434857994306716],[106.84875169954888,-6.2435088998689423],[106.84692329924182,-6.2436288994494475],[106.84678109981071,-6.2436385992190448],[106.84667219932504,-6.2436639995178487],[106.84657719914973,-6.2437082995530053],[106.84622869977808,-6.2437210991454197],[106.84604549948793,-6.243718699296493],[106.84535899989046,-6.2436723996916808],[106.84474189915238,-6.243630699503119],[106.84460589979797,-6.2436228994884075],[106.84427299982931,-6.2436155996105906],[106.84395720001775,-6.2436022992501092],[106.84381229934161,-6.2435878999791443],[106.84356039945605,-6.2435628998533517],[106.84322199925954,-6.243532799275286],[106.84298209993369,-6.2434867992085197],[106.84273929993378,-6.2434158994545772],[106.84228859939238,-6.2432399998031132],[106.84155969930021,-6.2429204999206842],[106.84118730002005,-6.2428117993303402],[106.84050119942596,-6.2426440991986372],[106.8399371996085,-6.2424793998472667],[106.83981819988095,-6.2424421997930182],[106.83897489919045,-6.2421986999402632],[106.83876909922547,-6.2421283993267229],[106.83860689990013,-6.2420477997801598],[106.83852689925648,-6.2420093998647239],[106.83844329988094,-6.24197619970756],[106.83835309927629,-6.2419398995932349],[106.83816769971337,-6.2418799995065113],[106.8380946992653,-6.2418595996255606],[106.83783249937612,-6.2418003997427265],[106.83776200000717,-6.2417864992682999],[106.83759579932006,-6.2417673993513239],[106.83752869987993,-6.2417571000251089],[106.83727799916765,-6.2416954998218257],[106.83701059988505,-6.2416301991291974]],[[106.83701059988505,-6.2416301991291974],[106.83691559986342,-6.241619599238355],[106.83680139953626,-6.2416107996084902],[106.83669719948999,-6.2416055998191986]],[[106.83701059988505,-6.2416301991291974],[106.83694319957334,-6.2416045995481122],[106.83681969969486,-6.2415619993464579],[106.83663160000765,-6.2415156994861043],[106.83644429982802,-6.2414690992901187],[106.83570379977036,-6.2412980997424619],[106.83527969978934,-6.2412006994269307],[106.83427149914985,-6.2409505991700716],[106.834108399557,-6.2409096994862114],[106.83348479992979,-6.2407403994607407],[106.83326079963967,-6.2406736995122873],[106.83317529947908,-6.2406435999416399],[106.83301139961054,-6.2405790993201764],[106.83286649992638,-6.2405123995586962],[106.83266799974871,-6.2404163995432151],[106.8325852992174,-6.2403728993687277],[106.83243999997831,-6.2402965000169139],[106.83237279972722,-6.2402568997866394],[106.83234009946119,-6.2402375992533354],[106.8323018999734,-6.2402150999160124],[106.83194859937898,-6.239998799555881],[106.83167509961922,-6.2398193998604281],[106.83151099994015,-6.239677499687585],[106.83125939917213,-6.2394906997453248],[106.83098410000819,-6.239309999272157],[106.83078499959601,-6.2391863997008841],[106.83056929958749,-6.2390742999993467],[106.83045319983459,-6.2390107000212662],[106.83036789992379,-6.238958799626201],[106.8301941992664,-6.2388531994093617],[106.83008739919991,-6.2387844991298431],[106.83003389979578,-6.238755099659115],[106.82996559916667,-6.2387255997078412],[106.82984289917022,-6.2386757993333894],[106.82969979968937,-6.2386042991655586],[106.8295781994086,-6.2385440996404773],[106.82934799953298,-6.2384227999810733],[106.82883739944826,-6.2381022993885242],[106.82819049942512,-6.2376892997432405],[106.82799029933763,-6.2375684991595666],[106.82794229989672,-6.2375395993166878],[106.82780789989371,-6.237452899897554],[106.82772079921898,-6.2373966995035826],[106.82746999974879,-6.2372347996644786],[106.82733219965469,-6.2371482999412837],[106.82724149986645,-6.2370911996151888],[106.82713609937369,-6.2370183995745929],[106.82701359927951,-6.2369418992556431],[106.82696619941561,-6.2369112991729558],[106.82685979962675,-6.2368423995047007],[106.8268053998658,-6.2368059998996204],[106.82629429998758,-6.2364637993257821],[106.82601810003429,-6.2362848995219213],[106.82594219917807,-6.2362383996577311],[106.82585089935159,-6.2361825000123572],[106.8256212999397,-6.2360258998930336],[106.82541249924313,-6.235890999164492],[106.82514739967672,-6.2357044995760988],[106.8246495997351,-6.2353543997724481],[106.82454129944753,-6.2352658999360937],[106.82444529937399,-6.2351774994412574],[106.82422149982992,-6.2350172996603321],[106.82402859940002,-6.2348899996622329],[106.82383429982521,-6.234769599636433],[106.82364299961249,-6.2346474992321825],[106.82336890001912,-6.2344844991667836],[106.82285129942225,-6.2341679000260992],[106.82263589920312,-6.2340100997718153],[106.82243879948162,-6.2338410994012561],[106.82233159937529,-6.233748399737836],[106.82199589934281,-6.2334463995025207],[106.82177249929124,-6.2332381996472153],[106.82167479916033,-6.2331434000044865],[106.82163510002643,-6.2331002995471136],[106.82159069982119,-6.233042799165271],[106.82151539980947,-6.2329457999700475],[106.8214865998107,-6.2329117994268266],[106.82118989960756,-6.2325627993271349],[106.82057199989876,-6.2317189995870752],[106.82016639996833,-6.2311085993797066],[106.81996049925399,-6.2308111996811943],[106.81945629963226,-6.2300667998824055],[106.81897549927169,-6.2293569999725387],[106.81789389930826,-6.227760199175056],[106.81782479997217,-6.2276828995650169],[106.81772959955413,-6.2275703998371528],[106.81753209977467,-6.2272804994063184],[106.8174751999881,-6.2271968998832516],[106.81701619966267,-6.2264847999538979],[106.81684529991988,-6.2262301996571932],[106.81653159923252,-6.225776599376867],[106.81586449964591,-6.2247993999662929],[106.81574499966486,-6.2246191996772149],[106.81564659914937,-6.2244482994721793],[106.81554449953774,-6.2242912992247055],[106.81536929917284,-6.2240667993424603],[106.81525769982365,-6.2239183996516045],[106.8147130996139,-6.2231489995009879],[106.81450539924329,-6.2228111996787687],[106.81436989996757,-6.222691599396212],[106.81410479962038,-6.2222908992971053],[106.81400969918484,-6.2221471993265629],[106.81387709984755,-6.221946799574396],[106.81343959952518,-6.2213195991477557],[106.81335279935102,-6.2211935996064538],[106.81321869985942,-6.2210055991793896],[106.81298939979249,-6.220665299975356],[106.81290759914081,-6.2205453999095068],[106.81281829980905,-6.2204200995728494],[106.81258499959442,-6.2200929994209044],[106.81256359967979,-6.2200628994683376],[106.81187199987873,-6.2190488995130728]],[[106.8147678998063,-6.2225057991293928],[106.81486959945963,-6.2226543994527868],[106.81499629929428,-6.2228094998386405],[106.81525059940047,-6.22308109978988],[106.81527849917843,-6.2231460992825367],[106.81531239998841,-6.223214999560934],[106.8153647991918,-6.2233124995882179],[106.81577459978332,-6.223905199568847],[106.81583039923082,-6.2240050992490925],[106.8160100999627,-6.2243336995326422],[106.81605719983331,-6.2244286995129956],[106.81713369934927,-6.2260742994192153],[106.81718119974568,-6.2261413994193751],[106.81723399980037,-6.2262088997959166],[106.81729499933495,-6.2262826993596301],[106.81735639933011,-6.2263667997313821],[106.81752779996367,-6.2266229993473488],[106.81765090001825,-6.2268155999648203],[106.81769339926565,-6.2268925997602524],[106.81773479946364,-6.2269665996624388],[106.81778519928673,-6.2270501998418313],[106.8190098993562,-6.2288421997845802],[106.81921969938324,-6.2291165999327403],[106.81937199988549,-6.2292786997655671],[106.81949329956569,-6.2294179991720275],[106.81963929935235,-6.2296016996796908],[106.8199047995514,-6.2299834995982755],[106.82012349938813,-6.2303679997118806],[106.82024679964918,-6.2306062991367144],[106.82076779960029,-6.2314243995941769],[106.82106669929441,-6.2318591997428596],[106.82131239957948,-6.232193699669085],[106.82142919971385,-6.232334999385178],[106.82150979991496,-6.2324241998881718],[106.82166219925696,-6.2325926997814207],[106.82181879950859,-6.2327638994212426],[106.82208680003478,-6.2330546997417757],[106.82253409948967,-6.2334447993687396],[106.82323210001557,-6.2339348991515635],[106.8244492998424,-6.2347416993123419],[106.82454839915677,-6.2347987992817515],[106.82467639986739,-6.2348605994133219],[106.82475339936889,-6.2348974997584037],[106.82502619969904,-6.2350216999178896],[106.82525200002259,-6.2351398998478755],[106.82546499928648,-6.2352698991453979],[106.82568809984254,-6.2354125995065202],[106.82601849970455,-6.2356473994747104],[106.82633349921859,-6.2358503994381236],[106.82648989955796,-6.2359594999870982],[106.82657439924792,-6.236018499985863],[106.82666350000072,-6.2360806992503877],[106.82683319929367,-6.236199099979987],[106.8269754996163,-6.2362983991613596],[106.82704719945588,-6.2363483999035791],[106.82726289982061,-6.2364988999729869],[106.82729879935053,-6.2365239991537695],[106.82752079931127,-6.236680499915221],[106.82759159919554,-6.2367228995929374],[106.8278375994142,-6.2368734994716863],[106.82812899983681,-6.2370566997957173],[106.82819859973233,-6.2371026994108218],[106.82828939952364,-6.2371596997383296],[106.82850199951419,-6.2372835991902571],[106.82873449951866,-6.2374255996727159],[106.82883869963314,-6.2374921999535342],[106.82909739976617,-6.2376508997165274],[106.82918139923767,-6.2377035996964239],[106.82936349954348,-6.237817799756213],[106.82970949976855,-6.2380540992833131],[106.82982499926817,-6.2381538991670125],[106.8299778995556,-6.2382535998149518],[106.83011849952234,-6.2383416992375436],[106.83017819935714,-6.2383759000079664],[106.83024439972274,-6.2384143992163184],[106.83052109934414,-6.2385854000056824],[106.83061150000093,-6.2386412998870373],[106.83077419987423,-6.2387327996952084],[106.83091530002633,-6.2388136998908017],[106.83112959951177,-6.2389520994046199],[106.83130619945953,-6.2390661992165901],[106.83164849919275,-6.2392870991632527],[106.83195039983451,-6.2394956997815596],[106.83196169935415,-6.2395031994386176],[106.8323687995334,-6.2397497994727944],[106.83248959945219,-6.2398171999610437],[106.83299329984874,-6.2399830997439549],[106.83327599994095,-6.2401115998317573],[106.83380879918218,-6.2402974997478236],[106.83386939934951,-6.240315599917432],[106.83397589969458,-6.2403485991403027],[106.83441949928373,-6.240481599575058],[106.8345579000174,-6.2405189993211074],[106.83485739989459,-6.2406032992465823],[106.83513039973546,-6.2406859996386741],[106.83528529926292,-6.2407389991326285],[106.83533149984797,-6.2407604992390873],[106.83537309943098,-6.2407873996983243],[106.835426699932,-6.2408176995804663],[106.83549649971829,-6.2408434998998557],[106.83566229918574,-6.2408942993943937],[106.83579069963788,-6.2409303999767438],[106.83629849975593,-6.2410744993855438],[106.8368818995025,-6.2412292992951945],[106.8371418991469,-6.2412970997407102],[106.83730349992337,-6.241344499145117],[106.83743669947131,-6.2413868999250859],[106.83756979918842,-6.2414200993112559],[106.83774019934091,-6.2414440996601099],[106.8378171994507,-6.2414607993610858],[106.83806339928124,-6.2415212992927929],[106.83827329965261,-6.2415683995224791],[106.83837149960875,-6.2416016997375081],[106.83853979942171,-6.2416555997727343],[106.83866759954162,-6.2416847992317086],[106.83977409976974,-6.2419427997235388],[106.84026879968746,-6.2420405992900534],[106.84032629982083,-6.2420456993940769],[106.84040509966154,-6.2420418994680276],[106.84047059948055,-6.2420313991533147],[106.8406101991539,-6.2420445992140916],[106.84076169949564,-6.2420787993556788],[106.84098509975992,-6.2421219994111885],[106.84103349932232,-6.2421725999089119],[106.84106659988215,-6.2422000991497093],[106.84118099941335,-6.2422286992109903],[106.84186519931974,-6.2424258999607058],[106.84229489937023,-6.2425801999993293],[106.84283689916234,-6.2427619999134372],[106.84362969966242,-6.2429443999346574],[106.84394269962985,-6.2430120994689116],[106.84467949951801,-6.2431615996987011],[106.84521949952492,-6.2432372993341518],[106.84541909999687,-6.2432546999392962],[106.84648059978153,-6.2432904996340408],[106.84658180003711,-6.2432915993739337],[106.84666249954039,-6.2432925992347483],[106.8468136995688,-6.2433010994631051],[106.84699369975722,-6.2432976992650735],[106.84708099931532,-6.2432962997596446],[106.84837219916223,-6.2432323000017327],[106.84876429914078,-6.243182999573702],[106.8489981999321,-6.2431358993327137],[106.84930200000991,-6.243091599524262],[106.84952109962836,-6.243070199407911],[106.84983659966878,-6.2430444992771204],[106.85028919977231,-6.243034799855522],[106.85077159925197,-6.2430430992633532],[106.85096679937335,-6.2430443992644795],[106.85148149998729,-6.2430271992294735],[106.8519456992294,-6.2430102993573513],[106.85208069967273,-6.2430116995556908],[106.85223470000588,-6.2430131992185514],[106.85229779965402,-6.2430191995813376],[106.8524372998892,-6.2430293993985346],[106.85255829930566,-6.2430287999232998],[106.85378219933138,-6.2430245991355342],[106.85402709933271,-6.2430259996218727],[106.85467839934593,-6.2430350991660202],[106.85752579938271,-6.243010999913972],[106.85809109997751,-6.2429967993308004],[106.85837539979414,-6.2429894999538007],[106.85887899981986,-6.2429773997483275],[106.85970989939234,-6.2429500993590619],[106.86032549979437,-6.242932599346223],[106.86050679952496,-6.2429332993706081],[106.86087809973084,-6.24296099927989],[106.86103369947966,-6.2429711995226809],[106.86129949957107,-6.2429806998996282],[106.862411599729,-6.2429703997673824],[106.86272669954903,-6.2429705993370002],[106.86325249994135,-6.2429518992606399],[106.86341170002117,-6.2429562000043299],[106.86352479996748,-6.2429606991812143],[106.86374279944944,-6.2429691993850307],[106.86428439940383,-6.2430367998283254],[106.86456189936851,-6.2430757993836385],[106.86485319918492,-6.2431306991429398],[106.86518399997243,-6.2431989993310504],[106.8655303992458,-6.2432950991308838],[106.86623569937821,-6.2435148998632908],[106.86708019979991,-6.2438084997964207],[106.86745789950392,-6.2439259995292753],[106.86752969968884,-6.2439451993636457],[106.867652699883,-6.2439688991753464],[106.86770319967306,-6.2439835995701598],[106.86830719955735,-6.2441594992099585],[106.86892729954745,-6.2443289991368651],[106.86919699940073,-6.2444180991308667],[106.86947149920555,-6.2445510992122601],[106.86960759949427,-6.244623099598587],[106.8697019993371,-6.2446818992379312],[106.8697696999585,-6.2447284999938519],[106.86983759980652,-6.2447876993685849],[106.8699077996619,-6.2448584998464129],[106.86996299938517,-6.2449224992547805],[106.87005339995116,-6.2450198994362758],[106.87014519983214,-6.2451077992367479],[106.87024079957304,-6.2452049991549252],[106.87031149961255,-6.2452776991949337],[106.87035439937003,-6.2453237993947095],[106.87044289946425,-6.2454090996547311],[106.87051059995835,-6.2454713999303682],[106.87061849984683,-6.2455589991408758],[106.8707081996794,-6.2456393999979891],[106.87072179980188,-6.2456480992917491],[106.87080619960021,-6.2457017995290078],[106.87091909933645,-6.2457523993325088],[106.87120269930327,-6.2458402993709452],[106.87133239925227,-6.2458779000250377],[106.87156109957593,-6.2459346997808014],[106.87179169958681,-6.2460078993580508],[106.87184959941078,-6.2460240991348535],[106.87201949961701,-6.2460627997592182],[106.87234239918098,-6.2461212991505493],[106.87249689977713,-6.2461330999124733],[106.87260819984871,-6.2461415996577001],[106.8726908991746,-6.2461471994199238],[106.87277639932786,-6.2461608994074975],[106.87305139945538,-6.2462227993666426],[106.87313639964096,-6.2462419992013638],[106.87329999962527,-6.2462796991989649],[106.87331009934303,-6.2462819995530099],[106.87337699929492,-6.2462915993539569],[106.87343649978874,-6.2462931993700881],[106.8738465992449,-6.2463915991912984],[106.87405179935027,-6.2464535998110806],[106.87427920003036,-6.2465368998178592],[106.87447969926868,-6.2466255992988025],[106.87470410003795,-6.246750199491216],[106.87473609998528,-6.2467675996910224],[106.87475189958947,-6.2467755993401655],[106.87476729972893,-6.2467855994820285],[106.87479349939319,-6.2468058991559001],[106.87482039954197,-6.2468282993809359],[106.87483939935396,-6.246844899626983],[106.87484949976353,-6.2468544991255701],[106.8748587992644,-6.2468644993092601],[106.87488519995763,-6.2468932999614104],[106.87493009973795,-6.2469884000249953],[106.87495659931012,-6.2470898992253758],[106.87497049916627,-6.2471611995912726],[106.87498119938161,-6.2472468999700066],[106.87498819961807,-6.2473396993428114],[106.87499129937142,-6.2474380993472556],[106.8749892991756,-6.247484099570749],[106.87498199999403,-6.2475425995374971],[106.8749583998317,-6.247610899807519],[106.87490869975025,-6.2476612996826617],[106.87487769960244,-6.247703699897472],[106.87485080001056,-6.2477532996868677],[106.87467289970272,-6.2481443991444321],[106.87446069954005,-6.2486393998797709],[106.87426829948311,-6.2491052996794174],[106.87418769988584,-6.2492823000001403],[106.87411169987081,-6.2494312996369006],[106.87399449952878,-6.2496485999120663],[106.87395249968075,-6.2497186999366425],[106.87378709981101,-6.2500653991958952],[106.87368289975979,-6.2502784994831506],[106.87364240003467,-6.2503524991788293],[106.87363379984778,-6.2504107994791527],[106.87361609920846,-6.2505779998082183],[106.87363459969087,-6.2507197992612049],[106.8736070996426,-6.2508375993060925],[106.8735713997862,-6.2509688000278327],[106.87353969993953,-6.2511022993043879],[106.87350129996392,-6.2513318999849012],[106.87349569933991,-6.251416799585086],[106.87346709983049,-6.2520686993717556],[106.87348099928863,-6.2523131993516463],[106.87345939957356,-6.2524302993641667],[106.87345199946338,-6.2526860993667324],[106.87337389995386,-6.2527672999688075],[106.87334409952561,-6.252826999524193],[106.87331219999069,-6.2529132993780836],[106.87328069961481,-6.2529865997709386],[106.87322439987356,-6.2530865994656022],[106.87317009951563,-6.2531758995772808],[106.87307279958074,-6.2533405998125247],[106.87293809985373,-6.2535531995302511],[106.87281799999053,-6.2537237992324322],[106.87271409934833,-6.2539437999297656],[106.8726610994255,-6.2541151993348238],[106.87262309954332,-6.2543173993543064],[106.8725913995865,-6.2545549996618401],[106.87258039924777,-6.2548073994380351],[106.87258919936501,-6.2550775991382563],[106.87270429951433,-6.2556021999256952],[106.87275159920885,-6.2560865997963333],[106.87278279970089,-6.2565638997942221],[106.87282469921084,-6.256820699457097],[106.87301419957562,-6.2574654997439456],[106.87313289967669,-6.2579650993263005],[106.87314529980698,-6.2581057993446505],[106.87317499942526,-6.2584281000251023],[106.87321359944126,-6.2586345999820052],[106.8732521991576,-6.2588409995636463],[106.87331489923676,-6.2594542991851148],[106.87333439992956,-6.2601522998118453],[106.87329120003503,-6.2611360994028011],[106.87328569976852,-6.2612373999041386],[106.87320559991375,-6.262150499360013],[106.87315459997461,-6.2627849992456204],[106.87311169919039,-6.2633435995379116],[106.87307819984008,-6.2639474993640505],[106.87308889957909,-6.264263399469348],[106.87312779947584,-6.2647512998469548],[106.87322709956403,-6.2653765994309163],[106.87326189984583,-6.2656284991718856],[106.87328069940898,-6.2658670999783981],[106.87329280003875,-6.2663176994989485],[106.87326729965818,-6.2670561992355758],[106.87323909941686,-6.2674028996967355],[106.8731814993581,-6.2677947995943244],[106.87310639984948,-6.2682266991496105],[106.87300979975437,-6.268582599625879],[106.8729078996795,-6.2689251991423527],[106.87280999923841,-6.269430499407977],[106.87278849970808,-6.2695717996523443],[106.87277379968828,-6.2696943995144858],[106.87276839985597,-6.2697477997197399],[106.87274160000749,-6.2703969997310356],[106.87272949949462,-6.2710701993590927],[106.87272869953512,-6.2714029992625147],[106.87284649982732,-6.2728970997077633],[106.87285909978142,-6.2729895996370058],[106.87310839952278,-6.274484299974751],[106.87330529919008,-6.2753008991727484],[106.87349359994344,-6.2760275996320187],[106.873693399155,-6.2766656992594676],[106.8738099996727,-6.2770125993339398],[106.87429339989649,-6.2781923993605826],[106.87433389948126,-6.2782979997669246],[106.87482439946159,-6.2795206993072439],[106.87488229939535,-6.279665099303517],[106.87494489924094,-6.2798211992801907],[106.87506719916978,-6.2801211999700675],[106.87558129959825,-6.2812965995071375],[106.87578829998607,-6.2817811994672921],[106.8760121998359,-6.2821542998898288],[106.87678989916101,-6.2839657997510647],[106.87751839981078,-6.2853529998459541],[106.87798799917492,-6.2864322991388919],[106.87823599928576,-6.2870575998803711],[106.8782548999685,-6.287103199415232],[106.87850739974586,-6.2876624991757373],[106.87865679974594,-6.2879052991442821],[106.87872489958099,-6.2880406995382021],[106.87879669948894,-6.2881772999773906],[106.87882889932638,-6.2882215994094315],[106.87883369946073,-6.2882281995878975],[106.87886309950169,-6.2882685995631213],[106.87892879980247,-6.2883285992630089],[106.87899519955108,-6.2883631999231264],[106.87913929979653,-6.2884032995616197],[106.87922069940953,-6.288410499498827],[106.87968189984171,-6.2884011998916316],[106.87976429977721,-6.2884058998007131],[106.87986009968645,-6.2884300999938221],[106.87994339976078,-6.2884614996235069],[106.88002239935743,-6.2885131991747469],[106.88008959914838,-6.2885767999153295],[106.88018769978251,-6.28871669955954],[106.88055410001149,-6.2896442991721662],[106.88059839932438,-6.289735599270319],[106.88063569995055,-6.289795899775668],[106.88075469964419,-6.2899308000032415],[106.88092179918422,-6.2900498998055987],[106.88097959931712,-6.2900735999738862],[106.88100959948251,-6.2900822992243928],[106.88116169963531,-6.2901132998534166],[106.88131379978596,-6.2901442995316845],[106.88141159987606,-6.2901584995280739],[106.88153019939406,-6.290175799948801],[106.88164119914276,-6.2901886992196427],[106.88176409997411,-6.290206799627506],[106.88210819957344,-6.290270499253376],[106.88216259922983,-6.2902767995378879],[106.88220150000535,-6.2902784993173189],[106.88227839971239,-6.2902735993812859],[106.88253069974957,-6.2903194995721465],[106.88256399918481,-6.2903269996937645],[106.88277829931388,-6.2903859993729112],[106.88305149953023,-6.2904822995137177]],[[106.81185879932271,-6.2190308991561469],[106.81105559916557,-6.2178403996516449],[106.81043919995493,-6.2169109993798557],[106.81002259939333,-6.2163145998433329],[106.809909699767,-6.2161603994996106],[106.80984779996683,-6.2160820995888022],[106.80976159929037,-6.215971799801042],[106.80975419988023,-6.2159385991841347],[106.80974539934894,-6.2158866994731401],[106.80973209946085,-6.2158461997114234],[106.8097157994992,-6.2158179998515424],[106.80941779954766,-6.2154207995096868],[106.80910839964282,-6.2149619998183292],[106.80899209991735,-6.2147752999900066],[106.80893889922937,-6.2146779000238004],[106.80882379954649,-6.2144846000072178],[106.80868389995432,-6.2142810997141318],[106.80859149961087,-6.2141608991940425],[106.80835539982601,-6.2138535994875319],[106.80801779984446,-6.2134013997264947],[106.80792209952166,-6.2132891996371127],[106.80772119987972,-6.2131053997899279],[106.80755079927145,-6.2129541998575846],[106.80704389925847,-6.2125102994072732],[106.80686509964833,-6.2123279995371536],[106.8066944991553,-6.212121499139009],[106.80650439973368,-6.2118350993029816],[106.805989699424,-6.2109494996530676],[106.80579479938828,-6.2106926996806759],[106.80476159978123,-6.2095343997448103],[106.80466639952169,-6.209408099814012],[106.8045950998423,-6.2092998996782329],[106.804525899884,-6.209202299341972],[106.80446089998436,-6.2091106993012044],[106.8042268000288,-6.2088407992621253],[106.80219579980839,-6.2064514998272342],[106.80187229951989,-6.2060409995478745],[106.80154829923625,-6.2055945999344431],[106.80134900003814,-6.2052816992063988],[106.8011270000252,-6.2048908994659548],[106.80080709961169,-6.204291799691755],[106.80055479936163,-6.2037757000206044],[106.80043099979632,-6.2035283991954353],[106.79986099960301,-6.2023275994336657],[106.79976979920907,-6.2021437997294502],[106.7997238000102,-6.2020455994960839],[106.79965599965622,-6.2019079992323416],[106.79959639974119,-6.2017925996246666],[106.7995711993841,-6.2017437994703837],[106.7995151995877,-6.2016290992049283],[106.799493699181,-6.2015869991543688],[106.79926209919104,-6.2011398995180391],[106.79921789968158,-6.2010631991582903],[106.79906529947897,-6.2007972995542548],[106.79893759980152,-6.200563699684003],[106.79887329954076,-6.2004693996921327],[106.79868579935511,-6.2002502997190119],[106.79861049939004,-6.2001069993152855],[106.79854930001812,-6.1999894999360983],[106.79843069916973,-6.1996965000047082],[106.79842939993009,-6.1996020991252667],[106.79839969978225,-6.1994835000112518],[106.79813719959569,-6.1987201995092169],[106.79786559935005,-6.1979280000212515],[106.79776779999185,-6.1975859999212242],[106.79764059914724,-6.1970428996011764],[106.79748559989017,-6.1963952996684881],[106.7973304996269,-6.1957659997703427],[106.79723609938311,-6.1952199993859525],[106.79718299946317,-6.1948224993538039],[106.79713059944565,-6.1942087992153665],[106.79709169958578,-6.1934855995111446],[106.79707449989901,-6.1929934991347757],[106.79705239984399,-6.1924238992825122],[106.79700369985326,-6.1918419993998572],[106.79697569982355,-6.1910484999590842],[106.79695999955591,-6.1905939995978443],[106.79695369927809,-6.190446899550115],[106.79694619966928,-6.1902838997961043],[106.79693989983379,-6.1901567000196573],[106.79693249957053,-6.1899305993343052],[106.79692559987879,-6.1898156994567888],[106.79690579956974,-6.1892682994385497],[106.79691379939618,-6.1891959996791632],[106.79691399937161,-6.1891321994751545],[106.79690029919266,-6.1888466995515383],[106.7967822997413,-6.1850428995488622],[106.79677399919734,-6.1847920993978853],[106.79675739915524,-6.1844397995920417],[106.79674609915614,-6.1841747993464065],[106.79674169958804,-6.1840014993567936],[106.79673139922474,-6.1837472998713325],[106.79671340003691,-6.1834851993896569],[106.79668699965788,-6.1831264993820572],[106.79665199937857,-6.1825461991325428],[106.79660079956867,-6.1819471998325568],[106.79656459969003,-6.1818400998904863],[106.79652129959923,-6.1817637998136483],[106.79646459932589,-6.1814914997143893],[106.79641529947048,-6.1812783998533618],[106.79642819993936,-6.1811712993889136],[106.79645590001378,-6.181059399206311],[106.79645149988451,-6.1808908995019207],[106.79643779916651,-6.1807610997704865],[106.79640549976183,-6.1806408993687576],[106.79630309942719,-6.1803262992406625],[106.79616699953027,-6.1800060993468247],[106.79604490002545,-6.1797298996407184],[106.79594739953271,-6.179525099249628],[106.79583199914462,-6.1793240999137309],[106.79573899914014,-6.1791707995135035],[106.79558779927801,-6.178938099843891],[106.79529009977595,-6.1785506996627397],[106.79510810003161,-6.1783169997134726],[106.79489909993363,-6.1780785000280671],[106.79472089916329,-6.1779387992493815],[106.79466239946413,-6.1779011997307531],[106.7946300992796,-6.1778491993697493],[106.79460349929674,-6.1777929997014711],[106.79457679935921,-6.1777553995536261],[106.79409329949516,-6.1772870997985452],[106.79378269982668,-6.1769959999734683],[106.79307459967474,-6.1763115997037819],[106.79269939961837,-6.1759583998269445],[106.79250509932679,-6.1758056992827548],[106.79225049939055,-6.1755960994052952],[106.79216959936134,-6.1755225999026262],[106.79207459952447,-6.1754362993166172],[106.79143839944877,-6.1748567991459922],[106.79131099953393,-6.1747457991396946],[106.79117959917107,-6.1746355992043629],[106.7904039991614,-6.1740214991625244],[106.78985689949394,-6.1736442995582728],[106.78966649924311,-6.1735066997515853],[106.78958989935235,-6.1734409992288262],[106.78942969928262,-6.1732655992440417],[106.78928069998601,-6.1731024992348775],[106.78872559968465,-6.1721876999373029],[106.78845050002239,-6.1716774994081511],[106.78823539931955,-6.1711741994857956],[106.78803629960196,-6.170631699468891],[106.78796649956561,-6.1703872998697795],[106.78793079932892,-6.1702722996764194],[106.78790199971753,-6.1701796993889424],[106.78784829914254,-6.1699969993702695],[106.78777119995675,-6.1695847995793489],[106.7877603997799,-6.1694781997919526],[106.78774019996689,-6.1690528997655223],[106.78772219937613,-6.1683609999463025],[106.78772219950513,-6.1679522999869132],[106.78772910003576,-6.1676656999444921],[106.78772749935423,-6.1675330999220233],[106.78773109977537,-6.1674608997469962],[106.78774259984777,-6.1673468993193055],[106.78775289922369,-6.1672789996102821],[106.78776239955286,-6.1672339000113903],[106.78777989992872,-6.1671650999732233],[106.78780489917685,-6.1670901994954974],[106.78784559954413,-6.1669778995139364],[106.78787469979518,-6.1668976993602582],[106.78789329987738,-6.166837599397744],[106.78791309936854,-6.1667719997271728],[106.78793159953675,-6.1667138992754351],[106.7879621995182,-6.166626699245775],[106.78797279928494,-6.1665974998194981],[106.78827979923581,-6.1658928000257323],[106.7883748994501,-6.1656727998622927],[106.78859700000856,-6.1651254994800411],[106.78888249925117,-6.1644219994680283],[106.78898199949153,-6.1642234998331702],[106.78922969984978,-6.1637066997228516],[106.7894079000143,-6.1632985998970051],[106.78973269983283,-6.1625503994930373],[106.78982139944614,-6.1623228998013584],[106.78989589925729,-6.1621512997675909],[106.78992269932503,-6.1620897997417332],[106.79002649974714,-6.1618652992051599],[106.79013919945713,-6.1616212997189264],[106.79037149946602,-6.1610797991317749],[106.79044179965669,-6.160918099649848],[106.79058219949788,-6.1605596991824383],[106.79066899941203,-6.1603192000115534],[106.79074499968503,-6.1601492993648188],[106.79146389935822,-6.1585421993136418],[106.79263229947144,-6.1559190993639596],[106.79279999999247,-6.1555489993395378],[106.79329739920028,-6.1544478996314842],[106.79334700001405,-6.1543583998137183],[106.79339709959065,-6.1542761996667261],[106.79341089959942,-6.154225399246557],[106.7934167998968,-6.1541658999254105],[106.79342239925937,-6.1541324992799282],[106.79343199924378,-6.1540999993353189],[106.79348219980741,-6.1540392996076188],[106.79356169946473,-6.1539668997643187],[106.79381170002497,-6.1537920997544386],[106.79424869988829,-6.1534921994316107],[106.79429079965043,-6.1534619999267504],[106.79433979969487,-6.1534239993852111],[106.79441449953188,-6.1533618998703821],[106.79451179991945,-6.1532881995719499],[106.7945570991462,-6.1532524999596694],[106.79497710002239,-6.1529392997153636],[106.79504039973071,-6.1528898998556505],[106.79509229945378,-6.1528173991826742],[106.79511749946563,-6.1527404998746613],[106.795109699801,-6.1526533992208927],[106.79510549970306,-6.1525367999108518],[106.79507129973288,-6.1523885996377077],[106.79503709996983,-6.1523125998639534],[106.79495329930343,-6.1521277992117156],[106.79489769950236,-6.1520137995045454],[106.79483859979017,-6.1518967996906211],[106.79468869948477,-6.1515985996170786],[106.79455119989628,-6.1513952996102201],[106.79452549944331,-6.1513364996447901],[106.79448839952781,-6.1512418000224649],[106.79447210002598,-6.1511875997306058],[106.7944364995126,-6.1510577998014657],[106.79442409984082,-6.1509827999604045],[106.79439299922159,-6.1507104998141928],[106.79433399949855,-6.1500555991439141],[106.79430169945057,-6.1497296998408313],[106.79427619918266,-6.1494850996965358],[106.79425279946054,-6.1492803998590944],[106.79420439991507,-6.148847199991998],[106.79407069928166,-6.1479837993908992],[106.79390479914555,-6.1469843997097193],[106.79377199983186,-6.1461850992161029],[106.79364729950582,-6.1450896993727229],[106.79362779997649,-6.144972999344235],[106.79359249968726,-6.1448391998108489],[106.79356579964247,-6.1445283994729865],[106.79345199961787,-6.1432807999724091],[106.79343529973725,-6.1430981993656255],[106.79335349922125,-6.1418507997374618],[106.7930795993817,-6.1384623997337577],[106.79293719915063,-6.1371020997561461],[106.7928391993857,-6.1357123992796794]],[[106.7929515995046,-6.1357197998367177],[106.79320729934308,-6.1384628995570356],[106.79346459928519,-6.1417608996078252],[106.79358889926377,-6.1432764998139717],[106.79362859965599,-6.1436457993410656],[106.79371829949582,-6.1445054991800205],[106.79374629981544,-6.1448462998037368],[106.7937426999826,-6.1449849994436514],[106.79375109957002,-6.1451054999545986],[106.79383609987033,-6.1456789999908663],[106.79408519977275,-6.1471106991483273],[106.79428929949519,-6.1482972997510181],[106.79432490000035,-6.1485465994341073],[106.79434319914802,-6.1487701995291513],[106.79435709948508,-6.1489729999183993],[106.7943668993952,-6.1491989993304976],[106.79437869931299,-6.1492967000100203],[106.79440209965632,-6.1494686997715435],[106.7944471995786,-6.1497297997295215],[106.79447389994596,-6.1500393998850242],[106.79449949934097,-6.1504260995435578],[106.79452539967535,-6.1507564996468274],[106.79453859920146,-6.1508649997715175],[106.79456239966309,-6.1509735999019268],[106.79461009946174,-6.1511426995914187],[106.79469709993879,-6.151342399729149],[106.79475949995322,-6.1514680994712236],[106.79496939916203,-6.1519673995800259],[106.79517899960287,-6.152445899592264],[106.79521489936984,-6.152504599187866],[106.79526060002932,-6.1525591996836999],[106.79529829977038,-6.1525918995538094],[106.79530679936991,-6.1526538993283326],[106.79530159998039,-6.1526984997212457],[106.7952894991413,-6.1527779997424581],[106.79523569965512,-6.1528768992233038],[106.79516699952258,-6.1529650997866785],[106.79504459978979,-6.1530726994590434],[106.79502589945112,-6.1530891996087211],[106.79463109983807,-6.1533928998683578],[106.79461669922404,-6.1534035996397582],[106.79446259957413,-6.1535246995748674],[106.7943269992045,-6.1536366999159986],[106.79428899981529,-6.1536732999761252],[106.79417059920351,-6.1537889994030142],[106.79413489926665,-6.1538237996219225],[106.79403779919097,-6.1538831994417595],[106.79395169913995,-6.153956899133985],[106.79387749930619,-6.1540399000268922],[106.79381739980929,-6.1541330998272299],[106.79375199959466,-6.1542611993167036],[106.79355929988195,-6.1546824999818144],[106.79321729916498,-6.1554720992339131],[106.79295459937865,-6.1560867993095121],[106.79264779944567,-6.156805399923571],[106.79248039952199,-6.1571781998409705],[106.79212799919797,-6.1580052993636558],[106.79189679962055,-6.1585204995758636],[106.79166950001881,-6.1590486998347638],[106.79154779952898,-6.1593206998135122],[106.79105090004106,-6.1603453995609394],[106.790964899473,-6.1605291995989697],[106.79090939944393,-6.1606574991623502],[106.79088529966342,-6.1607536993411376],[106.79089629934984,-6.1608688998750809],[106.79090739926538,-6.1609115992372185],[106.79091949944072,-6.1610306000128849],[106.79090499980713,-6.1611171997877152],[106.79085819946565,-6.1612825998955136],[106.79080809987774,-6.161435899429728],[106.79075549925896,-6.1615855996383404],[106.79057569981528,-6.1619802992951094],[106.79051709923134,-6.1621073000268689],[106.79049199986345,-6.1621645997984675],[106.79041189941185,-6.162356799898463],[106.79037989922404,-6.1624322998264489],[106.79029189993308,-6.1626303991859839],[106.79019749991281,-6.1628508997144138],[106.79014459979122,-6.162966299505535],[106.78999429982836,-6.1633198995284646],[106.78997329990698,-6.1633808999661008],[106.78996529966237,-6.1634548997235639],[106.7899674994818,-6.1635324991802989],[106.78995879924413,-6.1636210994772291],[106.78990729998651,-6.1637983992130891],[106.78984919979544,-6.1639690997196164],[106.7893048997333,-6.1652039994127019],[106.78905819925056,-6.16580379945463],[106.78900919983782,-6.1659582997579525],[106.78895539920431,-6.1661161996735645],[106.78886579918856,-6.1664099997324069],[106.78880809948986,-6.1667886994892891],[106.78880459957661,-6.1668107997725858],[106.7888003997079,-6.1668458992746373],[106.78879009917108,-6.1669152999276564],[106.78877439983025,-6.1669744995209026],[106.78874849964984,-6.1670465991302983],[106.78872959941231,-6.1670871993732348],[106.78869839963055,-6.1671379995219011],[106.788672899414,-6.1671916992694955],[106.78865459961564,-6.1672480991702452],[106.7886355994189,-6.1673329997847093],[106.78860559921075,-6.1674769992203569],[106.78858379938256,-6.1675675993209671],[106.78854580003166,-6.1676697994598193],[106.78848249958865,-6.1678268994476655],[106.78845919924184,-6.1679080991717825],[106.78844020002504,-6.1680153993626439],[106.78842509982401,-6.1682554997718189],[106.78841139921609,-6.1685198992898025],[106.78841009955822,-6.1687568999001812],[106.78842129963391,-6.1689417996143971],[106.78843379961383,-6.1690546994863444],[106.78845629919216,-6.1692072996392513],[106.78852989957826,-6.1695485996173351],[106.78859869924405,-6.1699286992243669],[106.78861729918007,-6.1700312997210993],[106.78865709914253,-6.1705028997507103],[106.78875029985932,-6.1707462991745006],[106.78888399960842,-6.17112549972056],[106.78893749940462,-6.171259499439433],[106.78917039984456,-6.1717216995577555],[106.78937859965207,-6.1720562996526231],[106.78939399992699,-6.1720767992750964],[106.78960499986744,-6.1723451992852016],[106.78976759979764,-6.1725258997244703],[106.78991000002713,-6.1726840993760064],[106.7900656998175,-6.1728479000107459],[106.79018779949837,-6.172969699936929],[106.7902259996068,-6.1730077997816775],[106.79042319971514,-6.1732044998272846],[106.79072579926195,-6.1735771995875623],[106.79075519950713,-6.1736081994305563],[106.79133299980303,-6.1741687993544865],[106.79168179926036,-6.1744930995529419],[106.79176129985694,-6.1745784994488622],[106.79197239945535,-6.1747836999986321],[106.79222619961185,-6.1750301992697958],[106.79300199984392,-6.1757272996349988],[106.79309729931401,-6.1758096992109239],[106.79320609921866,-6.1759009993133622],[106.79370139977684,-6.1763612992950625],[106.79478379951027,-6.1773869995865267],[106.79497289951917,-6.1775213994165821],[106.79512719983916,-6.1776826996161631],[106.79538329956736,-6.1779766994111922],[106.79545299973249,-6.1780679997039147],[106.79560359931808,-6.1782387998259445],[106.79569309940703,-6.1783511993771718],[106.79575609956815,-6.1784279991399922],[106.79588489966135,-6.1786013999512805],[106.79592629992493,-6.1786751992892937],[106.79597069971059,-6.1787540998703392],[106.7960532996791,-6.1788989992789984],[106.79619000004095,-6.1791388998781729],[106.79625269925425,-6.1792490994769249],[106.7962945991673,-6.1793134998321406],[106.79636779921799,-6.1794592998217865],[106.79654539982285,-6.1798002995471242],[106.79661359988722,-6.1799607000212342],[106.79668169920977,-6.1801495999373017],[106.79671779977478,-6.1802540997922764],[106.79678189943056,-6.1804557993244069],[106.79686289946059,-6.1807078999480183],[106.79687859946512,-6.1808148991922254],[106.7968806998288,-6.1809419993103107],[106.79690629940349,-6.1812064991483808],[106.7969297994061,-6.181318699124243],[106.79700419974144,-6.1816180992813949],[106.79703649929277,-6.1818578993142541],[106.79702609990233,-6.1822438999983644],[106.79706809979385,-6.183040999932655],[106.79708639991264,-6.1834753996817726],[106.79710169943041,-6.183889099127919],[106.79711509960066,-6.1845099997591495],[106.79713529931996,-6.1848154991698419],[106.79713069966726,-6.1851687992080535],[106.79713100004034,-6.1852948999180581],[106.79713399955767,-6.1854280993189974],[106.79714559998048,-6.1857548997385461],[106.79718139933793,-6.1860590994600386],[106.79719849980476,-6.1863814995498867],[106.79721189966189,-6.1867257998439209],[106.79720049995271,-6.1870600996478915],[106.79719779990202,-6.1872414997989074],[106.79721059939749,-6.187620099777515],[106.79721669940992,-6.1882709997170249],[106.79726629985754,-6.189389599217245],[106.79728989954816,-6.1897383994038897],[106.7972928992515,-6.189837599482229],[106.79730279923108,-6.1900937993124581],[106.79730189995159,-6.1905094992260352],[106.79731199930646,-6.1910455997404403],[106.79732169987476,-6.1912587997527577],[106.7973608992091,-6.1920907993834549],[106.79737759947278,-6.1925663999604854],[106.79738199925814,-6.1929589997624745],[106.79742699978965,-6.1937030997843108],[106.79743609982668,-6.1938470997626416],[106.79752389967994,-6.1943436996058567],[106.79757110002441,-6.1947000997959041],[106.79767319952006,-6.1953591996024713],[106.79772169927121,-6.1957005993561873],[106.79777610001638,-6.1960828998970605],[106.79783989971706,-6.1964293997789035],[106.79790039964567,-6.1966604994008065],[106.79800839986234,-6.1971147993721454],[106.79805679962647,-6.1973602993622174],[106.79827079987898,-6.1980423995883358],[106.7983598997463,-6.1983074998192409],[106.79874409980123,-6.1992862998343705],[106.79913559998177,-6.2001349998266813],[106.79935789948135,-6.2005865997651757],[106.7996430994334,-6.2011822994671553],[106.79978859983429,-6.2014751993110515],[106.79988349965589,-6.2016663999002359],[106.79999809942166,-6.2018895995870746],[106.80005289948066,-6.2019962999807925],[106.80013129969484,-6.2021559995248516],[106.80020249959036,-6.2022931993274586],[106.80111509945252,-6.2041840999159827],[106.80114339939526,-6.2042422992382606],[106.80120169963071,-6.2043522994934159],[106.80148000002343,-6.2048875991279626],[106.8018025995764,-6.2054151995552038],[106.80193789943311,-6.2056085991741874],[106.80204879927716,-6.2057412997282002],[106.80254819999605,-6.2062499995335676],[106.80267669934054,-6.2064089996543466],[106.80307959948904,-6.2068873997611247],[106.80325889994327,-6.2071299993126088],[106.80341279986101,-6.20735009966491],[106.80357379956298,-6.2075585000128033],[106.80418619946452,-6.2082845000176903],[106.80441279934132,-6.2085817999032615],[106.80518339972305,-6.2094115995585319],[106.80542549929255,-6.2097162999082309],[106.80576279923028,-6.2101261996877009],[106.80612749987176,-6.2106101992067302],[106.80678999944497,-6.2116967992301104],[106.80699790003442,-6.2119694994278944],[106.80716499997901,-6.212154699180946],[106.80750629975861,-6.2124553996676859],[106.80776579968848,-6.2126815999419085],[106.80804820001188,-6.2129397994011439],[106.80828719956601,-6.2131989996788244],[106.80832539953833,-6.2132438991259633],[106.80836459928203,-6.2132899995258102],[106.80855029963853,-6.2135137995916239],[106.80878599954902,-6.2138185996276238],[106.80887419964087,-6.2139258991518549],[106.80894869921437,-6.2140292996785353],[106.80899389925123,-6.2140947000180677],[106.80903899956843,-6.214159999427971],[106.80911959962202,-6.2142765999791125],[106.80955879925352,-6.214944899220658],[106.81010259930231,-6.2156910991829282],[106.81023879989641,-6.2158699996905398],[106.81048519957676,-6.2162418998629807],[106.81053909946638,-6.2163031995339306],[106.81060649955944,-6.2163657992798456],[106.81066089914306,-6.216413899800485],[106.81088629945523,-6.2168064995373955],[106.81108019959406,-6.2171030998662866],[106.81119549999124,-6.2172951993396168],[106.81136039915508,-6.2175401996263169],[106.81149259939929,-6.2176795996672309],[106.81158329968019,-6.2178192992517687],[106.81160179965062,-6.217847699427236],[106.81161849996334,-6.2178734999202616],[106.81168339921169,-6.2179734994728539],[106.81182609999226,-6.2181932992373037],[106.81222959927747,-6.2188148991443315],[106.81225239923172,-6.2188514999003965],[106.81285879955303,-6.21972259940567],[106.81288169939091,-6.2197579999251857],[106.81302019973988,-6.2199526998996095],[106.81324329935003,-6.2202789993541598],[106.8133355994669,-6.2204140996422188],[106.81367209988518,-6.2209063992363998],[106.81375089965742,-6.2210329994439215],[106.81378109935341,-6.2210789998284461],[106.81380599940046,-6.2211150995639652],[106.81390499970368,-6.221262399351299],[106.81405369998519,-6.2214826999763169],[106.81416589927568,-6.2216463995365565],[106.81431459960649,-6.22185689963292],[106.81438039941632,-6.2219485996186847],[106.81454279948119,-6.2221865992319207],[106.81464519925633,-6.2223359992350584]],[[106.79283819965674,-6.1356978993876226],[106.79284729956568,-6.1355746998861154],[106.79282999999428,-6.1350741998554836],[106.79274189994031,-6.133996799189207],[106.79268189966979,-6.1335718995521633],[106.79264779977942,-6.1334128993887074],[106.79263199914456,-6.1332915997428961],[106.79250949977079,-6.1318967995578344],[106.79206599967746,-6.1271232995810259],[106.79205719947929,-6.1270004998598901],[106.79205170000128,-6.126923399652223],[106.7920419999619,-6.1268290000063468],[106.792002399746,-6.1265364994601539],[106.79197029932105,-6.1262558992259191],[106.79195510001198,-6.1261152992345291],[106.79194179949015,-6.1259919991428511],[106.79192879927602,-6.1259199992245597],[106.7919142000089,-6.1258736999982357],[106.79189979961214,-6.1258249994696081],[106.79186080002225,-6.125721699183746],[106.79184899974375,-6.1256903992922229],[106.79182779918096,-6.125570299297344],[106.7918108992635,-6.1254557999645893],[106.79179589926814,-6.1252551997583469],[106.79178749951639,-6.1240717994917757],[106.79178879992509,-6.1237375991515766],[106.79176479975172,-6.1222266998074968],[106.79174529987728,-6.1196991993748382],[106.79174489976525,-6.1196411994436204],[106.79173560000535,-6.1188223996449373],[106.79171149964249,-6.1177929993530542],[106.7917099993489,-6.1177303998413386],[106.79165169919628,-6.1176949999099692],[106.79160209922927,-6.1176755995749206],[106.79115539998377,-6.1176795998933509],[106.79042459978659,-6.1176860997247031],[106.79036119996911,-6.1176840000037425],[106.78984389936929,-6.1176878991769756],[106.78904729969871,-6.1176939998096147],[106.78725149947452,-6.1177075998123218],[106.78661789921691,-6.117721599461678],[106.78629140002779,-6.1177282998904037],[106.78469069958207,-6.1177661999145707],[106.78463239922746,-6.1177627995074984],[106.78457929954585,-6.1177506997158133],[106.78457219938814,-6.1177169994956904],[106.7845754997397,-6.1175795994834292],[106.78458069938871,-6.1175469000193949],[106.78461269927659,-6.1172871997592599],[106.7846483991998,-6.1170546999022477],[106.78465679958501,-6.1170037991793835],[106.78466749994453,-6.1169155999387446],[106.78481179951859,-6.1160240998937576],[106.78483809914225,-6.1158792994750621],[106.7848543999764,-6.1158481997238328],[106.78487889959889,-6.1158336999917839],[106.7849125996329,-6.1158144995146664],[106.78496059948317,-6.1157973998840065],[106.78506319914059,-6.1157781991836568],[106.78518309930517,-6.1157740998190828],[106.78551419932464,-6.1157687992727574],[106.7855252994563,-6.1158002998270273],[106.78557369957612,-6.1157992998340109],[106.78680809962094,-6.1157771995136665],[106.7877146997749,-6.1157662991265047],[106.78792059969722,-6.1157640992550242],[106.79012700003581,-6.1157442994736346],[106.79051909949654,-6.1157394996353123],[106.79120909959697,-6.1157309998888163],[106.79141179957948,-6.1157263996811331],[106.79164839916683,-6.1157300998392223],[106.79207479921773,-6.1157238995933429],[106.79278289930974,-6.1157075993677061],[106.79418489947417,-6.1156629997432397],[106.7941940995495,-6.1156706998527079],[106.79420399934526,-6.1156790992775392],[106.79422709973881,-6.1157134998523404],[106.79424219960676,-6.115763199858379],[106.79424079967887,-6.11579849966542],[106.79423069944288,-6.1159302000182292],[106.7942204998396,-6.1160618997982272],[106.79412649951274,-6.1170445993300433],[106.7941169995369,-6.1171579995554],[106.7940811997567,-6.117528299847117],[106.79406819949817,-6.1176143997466603],[106.79406019999119,-6.1176356993994494],[106.79401439980568,-6.1176469993018179],[106.79396709939235,-6.1176515996263632],[106.79359430001361,-6.1176536000251067],[106.79289829915831,-6.1176609996635261],[106.79243559923674,-6.1176595994733693],[106.79224849969518,-6.1176655994346012],[106.79219599974267,-6.1176924998930584],[106.79215300002116,-6.1177230993394032],[106.79212529980927,-6.1177678996075304],[106.7921085995944,-6.117847099344714],[106.79211789971129,-6.1183821000050953],[106.79214039948582,-6.119607199814924],[106.79214089983009,-6.1196358999332992],[106.79214469961033,-6.1199224991773473],[106.79217359980579,-6.1221146993157101],[106.79217489983641,-6.1222138993787993],[106.79217679993798,-6.1222960995147462],[106.79219929990134,-6.1232567995855369],[106.79222200002346,-6.1245917994038326],[106.7922197993,-6.1247390997298421],[106.79218739984648,-6.1250715991365556],[106.79217219929308,-6.1252249991899035],[106.7921618995655,-6.125329399134082],[106.79211809951757,-6.1256734994658126],[106.7921014992377,-6.1258394996067018],[106.79210099968179,-6.1259461996188378],[106.79212669966321,-6.1262459991483285],[106.79216819921506,-6.126727899969179],[106.79218099942885,-6.126850399687136],[106.79219169985468,-6.1269448999603568],[106.7921996993915,-6.1270094000136375],[106.79221429915599,-6.1271272995076131],[106.79280209981823,-6.1334007993154476],[106.79284599951978,-6.1339533994151569],[106.79283799972784,-6.1341135992878932],[106.79283939981822,-6.1343481998703178],[106.79284659919958,-6.134602399293545],[106.79290359930229,-6.1353157994476248],[106.79292379951913,-6.1356083997416988],[106.79295109994708,-6.1357143998655435]]]},"properties":{"OBJECTID":744,"ID":"BRT_09","LINE":"9","NAME":"Pinang Ranti - Pluit ","MODE":"BRT","CLASS":"Koridor Utama","STATUS":"Eksisting","COLOR":"#43a09a","SOURCE":"TransJakarta; RTRW DKI Jakarta","REMARK":"Tidak Ada"}},{"type":"Feature","id":764,"geometry":{"type":"MultiLineString","coordinates":[[[106.86673459993123,-6.2619475993335865],[106.86663449954369,-6.2619721993297013],[106.86636179955232,-6.2619910995208539],[106.86577819978416,-6.2619930998000832],[106.86573229955154,-6.2619932991648204],[106.86542839998937,-6.2619943000041349],[106.86532059922929,-6.2619946994837523],[106.86515869974856,-6.2620162992038999],[106.86498899997387,-6.2620516995547142],[106.86475339914033,-6.2621487992410927],[106.86471439944896,-6.2621838995974297],[106.86466229924142,-6.2622345997373303],[106.86459209940543,-6.2623098992754711],[106.86465989955485,-6.262417199152523],[106.86478629955727,-6.2626171996497551],[106.86493059961921,-6.262789299419512],[106.86500449987398,-6.2628825993347199],[106.865158099865,-6.2630048995930663],[106.8652977998379,-6.263042299589471],[106.86545939977538,-6.263069599151744],[106.8655813998012,-6.2630705993535178],[106.86568129915355,-6.2630635995149415],[106.86583349945613,-6.2630135993622993],[106.86592489964271,-6.2628945998655237],[106.86614209956348,-6.2626138993013196],[106.86620929968359,-6.2625297993226576],[106.8662543996989,-6.2625100992905995],[106.86632039937673,-6.262465799809231],[106.86645199941515,-6.2622820999723752],[106.86663619952778,-6.2620743000205596],[106.8666953994277,-6.2619981000199507],[106.86673459993123,-6.2619475993335865]],[[106.86673459993123,-6.2619475993335865],[106.86678159968164,-6.2618870999204637],[106.86698589992665,-6.2616120997033722],[106.86744169920945,-6.2610239994182866],[106.86782529924542,-6.2605234996474799],[106.86817089946928,-6.2600778994592758],[106.86850829959549,-6.2596437993565006],[106.86867529986107,-6.2594194999755031],[106.86902669940741,-6.2589613999067675],[106.86933489963698,-6.2585528997472961],[106.8697761996369,-6.2579737998185729],[106.8699672000244,-6.2577080997370196],[106.87025449988199,-6.2572881993111711],[106.87046859965676,-6.2569466998096921],[106.87074279954977,-6.2564750997067078],[106.87099079950529,-6.2560615995428437],[106.87109399991201,-6.2558425995440174],[106.87115519937736,-6.2556615995715701],[106.87118029933943,-6.2556052991903695],[106.87133969942138,-6.2552450996165154],[106.87145249940289,-6.2550297995684829],[106.87152699975518,-6.2549076991438382],[106.87158439990934,-6.2548082995373333],[106.87162779957129,-6.254725399898053],[106.87166090003358,-6.2546364999486466],[106.87181909970316,-6.2541515999081225],[106.87224289940258,-6.2529479994668904],[106.87258039919391,-6.2522063994224339],[106.8733469996821,-6.2507212998200377],[106.87347899931747,-6.2504645991760235],[106.87358899931924,-6.2502443996491888],[106.87362489955039,-6.250169499544012],[106.87364039929992,-6.2500822997725356],[106.87365259916722,-6.2499980999776747],[106.87366309920642,-6.249915599708614],[106.87368059963374,-6.2498238991989039],[106.87390929996364,-6.249442299383297],[106.87405809969385,-6.2490995996024568],[106.87427359988416,-6.2486273996633424],[106.8744305998018,-6.2482473998913814],[106.87469589929803,-6.247606599625505],[106.87501489987635,-6.2468566997650798],[106.87538689917325,-6.2459740991578077],[106.87563149930274,-6.2453749997808305],[106.87590609944323,-6.2447044996616663],[106.87603779962285,-6.2443761998780483],[106.87615249918284,-6.2440905993925373],[106.87621179968072,-6.2438429997301288],[106.87628199932138,-6.2436869992450887],[106.87631909922993,-6.2436045995231044],[106.87642449981689,-6.243566000009154],[106.87651139928653,-6.2434627991319687],[106.87670079980111,-6.2430159995692502],[106.87702999974664,-6.2421617992632275],[106.87729159951262,-6.241451499978707],[106.87754839930146,-6.2407756993103511],[106.87757639932286,-6.240687899947619],[106.87766259973458,-6.2404387994396249],[106.8777613993573,-6.2401134995495129],[106.87782409974015,-6.2398944996191394],[106.87788849946476,-6.2396987998205864],[106.87791779951746,-6.2395949996760978],[106.87798999956341,-6.2394584999874985],[106.8780391995748,-6.2393097994965157],[106.87805409934226,-6.2390595997847162],[106.87805979924312,-6.2389645997808048],[106.87804589966366,-6.2386768993197679],[106.87790909983836,-6.2379598998164596],[106.87783429914327,-6.2376061994278906],[106.87767029992648,-6.2369836000251562],[106.8775549998002,-6.2365511995251106],[106.87717629966275,-6.2350112993309414],[106.87684649981755,-6.233692699392849],[106.87655910002356,-6.2324842998801433],[106.8764412997311,-6.2319861993920105],[106.87638419937176,-6.2317571994080128],[106.87635869990847,-6.2316590997366079],[106.87632909975733,-6.2315321000112194],[106.87583679967118,-6.229571299352501],[106.87576209977428,-6.2292788995760127],[106.87551909945007,-6.228249199470814],[106.87532609999009,-6.227411899365233],[106.87520129982022,-6.2268471996441823],[106.87512169917812,-6.226459699639836],[106.87502059922008,-6.2259947995033835],[106.87488319915884,-6.2252102996422085],[106.87472809939904,-6.2241872992490066],[106.87463879950867,-6.2234601998734407],[106.87457679980336,-6.2229172997097928],[106.87456099981112,-6.2227116999543881],[106.87454069996187,-6.2224480996496796],[106.87444879964333,-6.2210977993881675],[106.87443579949631,-6.2209412993927868],[106.8743839995456,-6.2201920993366127],[106.87437869989687,-6.2200819991399152],[106.87434529915318,-6.2193868994856647],[106.87433699958598,-6.2193105997756133],[106.87427709916697,-6.2191227999397594],[106.8742569999519,-6.2190285992484577],[106.87418309982529,-6.2182654992415367],[106.87415629928653,-6.2174670995856127],[106.87411209968379,-6.2167591999963543],[106.87405719968437,-6.2156934995599382],[106.87405229914999,-6.2155525998606285],[106.87404829999535,-6.2154475998205196],[106.87404279996684,-6.215279500013426],[106.87401329944163,-6.2145917992950688],[106.87396489979744,-6.2134453992694096],[106.8739171991448,-6.2125437996116588],[106.87388649992094,-6.2119093998739245],[106.8738652999795,-6.2111939998651895]],[[106.87475229921513,-6.2234722994118137],[106.87482659954131,-6.2240755999219193],[106.87506369923778,-6.2256447997270348],[106.87529439964143,-6.2268346998512829],[106.87555039947608,-6.2278577991427646],[106.87562709988947,-6.2282381999021981],[106.87573259995679,-6.2287232998024225],[106.87581359945415,-6.2290781999407638],[106.87588129987431,-6.2293565994649285],[106.8762970995147,-6.2309838999249614],[106.87641989956934,-6.2315021995149475],[106.87647589915612,-6.2317384998852861],[106.87651829949307,-6.2319196992595742],[106.87687399942757,-6.2333568997578768],[106.87710759921197,-6.2342470994672121],[106.87728639954013,-6.2349858993327798],[106.87744919915859,-6.2356595995400177],[106.87766329955491,-6.2365461997073064],[106.87777479922549,-6.23697189951117],[106.87794109962996,-6.237621099677602],[106.87800299947355,-6.237900799138596],[106.8780896995837,-6.2382965992880353],[106.87815519920628,-6.2386835998817327],[106.87816939956788,-6.2389808994799525],[106.87816609973834,-6.2390665999092212],[106.87816479989382,-6.2391016998937916],[106.87816979988081,-6.2394598994270023],[106.87817689956695,-6.2395762992241712],[106.8781768994119,-6.239710199681257],[106.87814859993064,-6.2398594992278458],[106.87805279919826,-6.2404467991853529],[106.87803359957816,-6.2408389995722642],[106.87806259938148,-6.2411472995505628],[106.87805169995765,-6.2413163993349574],[106.87798869925957,-6.2416455995450377],[106.87796909968721,-6.2417268997835329],[106.87792259956517,-6.2418398995197801],[106.87790149952048,-6.2418910997498784],[106.87787989958683,-6.241943499759091],[106.87781139918368,-6.2421099000168052],[106.87774399916773,-6.2422356992714585],[106.87764349926357,-6.242439299963336],[106.87752349932661,-6.2426491997864488],[106.87747909992858,-6.242720899664028],[106.87744549995935,-6.2427683995068071],[106.87688059983587,-6.2434583994498105],[106.87659539965142,-6.2437710000055979],[106.87647649934775,-6.2439579992504548],[106.87638959964472,-6.2440948995189887],[106.8762972997219,-6.2443127998874024],[106.87618689950915,-6.244572599688591],[106.87618229958812,-6.24458399930176],[106.87609769957716,-6.2447681999725528],[106.87607159960108,-6.2448250996988417],[106.87606619931479,-6.2448367996334575],[106.8758865995766,-6.2452277992554466],[106.87583019924215,-6.2453649994614509],[106.87579889985136,-6.2454407999410648],[106.87577299926798,-6.2455087991793645],[106.87573390003318,-6.2456120999906881],[106.87564569992176,-6.2457294997299462],[106.87558419962062,-6.2458264998386381],[106.87553089956141,-6.2459231994658344],[106.87548309987567,-6.2460220991669644],[106.87533629954474,-6.2463879993895937],[106.87510779970428,-6.2468961999235981],[106.87478109920166,-6.2476424998154121],[106.87442859954301,-6.2484692994052677],[106.87424329923297,-6.2489391991469319],[106.87414059998711,-6.2492067997272294],[106.87399449952878,-6.2496485999120663],[106.87395249968075,-6.2497186999366425],[106.87378709981101,-6.2500653991958952],[106.87368289975979,-6.2502784994831506],[106.87364240003467,-6.2503524991788293],[106.87356679965808,-6.2505117992689465],[106.87344329935458,-6.2507607997445191],[106.87274269980516,-6.2520639999651539],[106.87259879926778,-6.2523552996101444],[106.87247729975175,-6.2526243994400854],[106.87228400001557,-6.2530951000186281],[106.8722005991728,-6.2533141994015917],[106.87216359973822,-6.2534019993224916],[106.87212269938473,-6.2534952995150919],[106.87204349974134,-6.2536566992347966],[106.8720024992942,-6.2537459998307456],[106.87195679967952,-6.2538609995224883],[106.87192989933639,-6.2539414995334965],[106.87186549941177,-6.2541685998711172],[106.87180579961218,-6.2543811999085701],[106.87168059924332,-6.2547342993928234],[106.87132219973255,-6.255605800006335],[106.87127089980554,-6.2557159996526321],[106.8711926994352,-6.2558802999785925],[106.87084809983472,-6.2564932994760394],[106.87046119923154,-6.2571167994432511],[106.87019889984003,-6.2575363993017881],[106.87005129927988,-6.2577449996864267],[106.86975330003513,-6.2581630991733643],[106.86936260000994,-6.2586776995329121],[106.86880709943242,-6.259391199245826],[106.86874389971041,-6.2594700997813817],[106.86870219928282,-6.2595258995966745],[106.86758709923915,-6.2609792997975475],[106.86755449950883,-6.2610216993286558],[106.86752189922551,-6.261064199220292],[106.8671435998784,-6.2615542995416549],[106.86695399945671,-6.2617902993635024],[106.86683559995646,-6.2619218993829628],[106.86673459993123,-6.2619475993335865]],[[106.87475229921513,-6.2234722994118137],[106.87476939931169,-6.2235241992041246],[106.87478329960383,-6.223565499272679],[106.87479849970254,-6.2235982993402841]],[[106.87423799985454,-6.212407999751731],[106.87424989998631,-6.2127711995101622],[106.87427639983218,-6.2131773994747226],[106.87434239967814,-6.2144161996996843],[106.87435359964019,-6.2146222996519986],[106.8743860997823,-6.2154578993178227],[106.87438849966766,-6.215543199978697],[106.87439529965316,-6.2157892996919992],[106.87439729970647,-6.2161438998323773],[106.87442479928669,-6.2171361998267818],[106.87444809960158,-6.2176908993464926],[106.87445119942372,-6.2184718994016084],[106.87444099949714,-6.21883059969878],[106.87445629928477,-6.2194347998564181],[106.87445929945126,-6.220082399384629],[106.87449689924578,-6.2208149999021778],[106.87456289980899,-6.2213770991711836],[106.87464789987175,-6.2224379000219887],[106.87469539919546,-6.2229088995171606],[106.87475229921513,-6.2234722994118137]],[[106.87428799914237,-6.2123186996743982],[106.87423799985454,-6.212407999751731]],[[106.8738652999795,-6.2111939998651895],[106.87379539986907,-6.2110980993212301]],[[106.8738652999795,-6.2111939998651895],[106.87389209949588,-6.2106010993729095],[106.87384929982262,-6.2077836996878162],[106.87383589987193,-6.2073019999860213],[106.87379369953615,-6.2062788997946958],[106.87377769916924,-6.2058856992696771],[106.87373079980856,-6.2054927997649791],[106.87366669992215,-6.2051027992184213],[106.87335939975488,-6.2036594999040382],[106.87324639953803,-6.2028619999178405],[106.87320249971452,-6.2021969991367492],[106.87321309951896,-6.2016878998756981],[106.87325159956256,-6.2010683992829501],[106.87337359970412,-6.2003110000052892],[106.87349249955966,-6.1997553999277866],[106.87379459944178,-6.1984857996948266],[106.87384529932953,-6.1982605992731408],[106.87392689984041,-6.1978807993547678],[106.87400939941182,-6.197505399484756],[106.87403239967699,-6.1973966999576966],[106.87411859932135,-6.1970001995491772],[106.87413409976088,-6.1969164991512775],[106.87416189925206,-6.196763299406757],[106.87424129953736,-6.1962958997532853],[106.87454359959798,-6.1947093994589499],[106.87475329923508,-6.1936594994701393],[106.87484069935299,-6.19316369949013],[106.87487059924943,-6.1930168991889145],[106.87491069998612,-6.1928178997419057],[106.87498649921631,-6.1924296993224832],[106.87499889971436,-6.1923502992115713],[106.87501329983469,-6.192281999509019],[106.87503019963447,-6.1921982996374698],[106.87507250004253,-6.191931399860489],[106.87514220003911,-6.1914532997606697],[106.87528699993041,-6.1899897994299575],[106.87535119957869,-6.1883448996626731],[106.87535479980257,-6.1881655995539777],[106.87535559940622,-6.1881253991538987],[106.87535819998097,-6.1879971996731049],[106.87536080001175,-6.1878193994651616],[106.8753666996372,-6.1876034994043279],[106.8753721997512,-6.1874789994088939],[106.87547929966995,-6.1850117997244807],[106.87552669922954,-6.1843647993894031],[106.87568259995086,-6.1815451999172994],[106.87570319966304,-6.1811092991844943],[106.87573119944338,-6.1807242000087301],[106.8758561998647,-6.1787107996486359],[106.87593289992267,-6.1776337992799215],[106.87594169945845,-6.1775205000202504],[106.87596369952274,-6.1771749993849534],[106.87598549928975,-6.1769054995410633],[106.8760289999739,-6.1763692000035402],[106.87605979958798,-6.1761735998162282],[106.87608239932285,-6.1759993999339811],[106.87616309931299,-6.1754503997491588],[106.87617029991243,-6.1754086993989405],[106.87623529992641,-6.1750524993503335],[106.87626729960125,-6.174895999415174],[106.87638199956172,-6.1742972994606271],[106.87641959985609,-6.174151699197246],[106.87649949981373,-6.173842499486053],[106.8766531992932,-6.173229599851676],[106.87705609919192,-6.1718169995095966],[106.87738749959816,-6.1705917995175028],[106.87787549977465,-6.1689103999860437],[106.87810459978104,-6.168085799735243],[106.87847769933748,-6.1671071999385392],[106.87864069960565,-6.166790599961395],[106.87878919941875,-6.1665260993282933],[106.87879769937483,-6.1665111997308308],[106.87882569972761,-6.166467499338113],[106.87885839986127,-6.16640849955329],[106.87887009949236,-6.1663891999386191],[106.87892189977549,-6.1662977995503239],[106.87898329960306,-6.1661894993237665],[106.87910139963724,-6.1659761993176589],[106.87910219967789,-6.1659742995910625],[106.87925819923494,-6.165737299293192],[106.88000460001479,-6.1646035991359973],[106.88021179980744,-6.1642797999280416],[106.88042799967552,-6.1639674995461906],[106.88077969943636,-6.1633772996905885],[106.88102770000786,-6.1629873998342184],[106.88125359987646,-6.1626474995393545],[106.88139069922832,-6.1624456992117462],[106.88169129957498,-6.1619978992644047],[106.88182490000521,-6.1617881999846587],[106.8827567992936,-6.1602599991852083],[106.88290649992491,-6.1600115998259506],[106.88292379951807,-6.1599843998917674],[106.88302819937563,-6.1598195996173644],[106.88323379991016,-6.1594896993284651],[106.88386749920832,-6.1584311992567393],[106.88518489982893,-6.1562179994176791],[106.88550329980663,-6.1557017992600844],[106.88570329980288,-6.1553770994531503],[106.88573859988453,-6.1553140995743023],[106.88596999921519,-6.1549461999765596],[106.88675799917665,-6.1536598994746496],[106.88679939932415,-6.1535924992654456],[106.8869006995113,-6.1534271999494923],[106.88698529924869,-6.1532667995480086],[106.88701599948543,-6.1531828994497602],[106.8870621991492,-6.153013599662164],[106.88707929928401,-6.1529309998740755],[106.88710249953174,-6.1527924996900856],[106.887122399342,-6.1527165996667419],[106.88713289954018,-6.1526206997372306],[106.88715010003472,-6.1525900996588234],[106.8876726994591,-6.1516986992330276],[106.88827490002171,-6.1506345998392753],[106.88839139984947,-6.1504005996764057],[106.88852939994747,-6.1500865999048084],[106.88854879931327,-6.1500424995111063],[106.88923509945846,-6.1484808998156257],[106.88964459979744,-6.1472986993095819],[106.88967489925813,-6.1472134996272905],[106.88969519918973,-6.1471404996477634],[106.88972919948797,-6.1470142993506958],[106.88996889964285,-6.14612449995552],[106.8900401995715,-6.145825899584044],[106.89013219960495,-6.1454468992454938],[106.89015110001635,-6.145339299962898],[106.8901509998428,-6.1453272996251682],[106.89020839990263,-6.1450258994763107],[106.89028249919063,-6.1444925999342184],[106.89031599929372,-6.1444629991913411],[106.89034159929092,-6.1444263993790473],[106.89054109957573,-6.1429135998653246],[106.89057149933141,-6.1427357993719953],[106.89058409940351,-6.1426733997023151],[106.89058890004087,-6.1426424999204716],[106.89060089939375,-6.142552199623057],[106.89062459962044,-6.1424615993746574],[106.89064329984872,-6.1423878998645671],[106.89073619983465,-6.1420069996120397],[106.89082769923499,-6.1416707997270708],[106.89083589980044,-6.141582999263024],[106.89086329915727,-6.141471399892187],[106.89088699982018,-6.1413665991876538],[106.89096629926205,-6.1409903997814475],[106.89101979937941,-6.1407296999976628],[106.89111469975474,-6.1403010992250557],[106.89115139991944,-6.140141899139179],[106.89127060001732,-6.1396223995087311],[106.89131829991854,-6.1394209000229916],[106.89136419975385,-6.1392200000221715],[106.89141849997408,-6.1389863991425653],[106.89154499919823,-6.1384076000100807],[106.8917065999856,-6.1377037993945311],[106.89177179914083,-6.1374200994768726],[106.89194959948301,-6.1365775995920213]],[[106.88707679924164,-6.1534935999279545],[106.88698580000568,-6.1535397996802601],[106.88693809999889,-6.153596499916187],[106.8868302998027,-6.1537757993880451],[106.88619559948772,-6.154789799433372],[106.88607679935402,-6.1549892992929962],[106.88584469934442,-6.1553815997500321],[106.88580999942812,-6.1554387992288566],[106.88563789926744,-6.1557163994037936],[106.88499549970146,-6.1567563999285744],[106.8844916992328,-6.1575527996335193],[106.88400339919639,-6.1583247995166879],[106.88380929985773,-6.1586601998227417],[106.88335329952848,-6.159439699415457],[106.88307819964926,-6.1598818995810003],[106.88295729998622,-6.1600808995922502],[106.88277099917595,-6.1603572994038291],[106.88236579974181,-6.1610403994291669],[106.88196989993389,-6.1616973991645017],[106.88175729968802,-6.1620375997670251],[106.88163099940695,-6.1622395997932982],[106.88155369922963,-6.1623640997014517],[106.88139510002628,-6.1626052999926895],[106.88129279980295,-6.1627603994748226],[106.88084839947416,-6.1634419994587804],[106.8802715995551,-6.1643033996733489],[106.87952589917499,-6.1654517997990572],[106.87931609971959,-6.1657722998849289],[106.87925239916659,-6.1658695993219306],[106.87915849945679,-6.1660318995964856],[106.87905259941382,-6.1662155999845734],[106.87898509961542,-6.166313299793269],[106.87895959951631,-6.1663568991469608],[106.87892229941727,-6.16642079936328],[106.87889179997458,-6.1664756992139722],[106.8788642991429,-6.1665180994902515],[106.8788553997986,-6.1665339995792996],[106.87883799995214,-6.1665648996313696],[106.87869629974446,-6.1668359991812398],[106.87852989943795,-6.1671667999570019],[106.87841129946814,-6.1674593991765407],[106.87815869919187,-6.1681133997803181],[106.8780261992066,-6.168532999544845],[106.87785359988625,-6.1692237999825652],[106.87766879994648,-6.1698624994416766],[106.87729469949107,-6.171153999225119],[106.87686149920269,-6.1728444997575682],[106.87661969922279,-6.1737817995947903],[106.87652409916141,-6.1741715998954705],[106.87642839966308,-6.17456139966108],[106.87632339961438,-6.1750281997612406],[106.87631509994371,-6.1750717999870641],[106.87624869944877,-6.1754209996178506],[106.87623749930036,-6.1754800999615149],[106.87620309928019,-6.1757712994898357],[106.87612259948696,-6.176176499447541],[106.87609169985809,-6.176383199318157],[106.87607159924387,-6.1766818998908706],[106.87605700000158,-6.1769106993629004],[106.87601799941164,-6.1775231991938799],[106.87601029997654,-6.1776394999602031],[106.87584279981238,-6.1801739992913376],[106.8758086994288,-6.1807188994455897],[106.87575079956079,-6.1818629991795087],[106.87560739961768,-6.184341799526595],[106.87556479970964,-6.1850191993799806],[106.87555239915477,-6.1854606995060735],[106.87550149974652,-6.1866753995389105],[106.87546979990091,-6.187487699790517],[106.87546659921527,-6.1875686993649186],[106.87545679951826,-6.1878219997627699],[106.87545449987222,-6.187922299744363],[106.87544669985054,-6.1881861996542487],[106.875446799614,-6.1882961999155413],[106.87544159971745,-6.1886079997020094],[106.87538769915918,-6.1900488995819991],[106.87536439997142,-6.1903813996246502],[106.87533289944841,-6.1906672998667851],[106.87524339986216,-6.1914705992665278],[106.87513749915996,-6.1922146996342899],[106.87512459938755,-6.1922946991500192],[106.87511359931497,-6.1923625998594485],[106.87510159992104,-6.1924424994524836],[106.87502069966376,-6.192846999817176],[106.87498279979891,-6.1930326995781853],[106.87491679917193,-6.1933565993457469],[106.87464529934175,-6.1947585991461143],[106.8745182991759,-6.1954142996921151],[106.87434750002222,-6.196285299320361],[106.87428039933152,-6.1966369993732462],[106.87422749984113,-6.1969269997922627],[106.87421239927683,-6.1970064999012955],[106.8741248993029,-6.1974220996416998],[106.87410349986749,-6.1975276995052972],[106.87407109999492,-6.1976877997211508],[106.87394259921022,-6.198280899746929],[106.87349289976081,-6.200109099255986],[106.87346839955146,-6.200208799690051],[106.87343179924864,-6.2003987996798493],[106.87340229999634,-6.2005897998688466],[106.87333419915657,-6.2010413995489122],[106.87332099980063,-6.2011959998096229],[106.87330369951516,-6.2014889992486317],[106.87329349953986,-6.2017425996572193],[106.87328339953534,-6.2021851996098221],[106.87329349976001,-6.2024145991812372],[106.87332709935335,-6.2028116996468237],[106.87336979966197,-6.2031399991650185],[106.87343579925853,-6.2036260997929622],[106.87350289925946,-6.2039069996792486],[106.87377219968766,-6.2051679993356341],[106.87380269989609,-6.2053468000034604],[106.87381889945013,-6.2054734999288783],[106.87384849972992,-6.2057286998871231],[106.87385969934996,-6.2059125995347078],[106.87386469937195,-6.2061631994365545],[106.8738941999024,-6.2068077997455919],[106.87392799996918,-6.2077737999924683],[106.87395709928306,-6.2082949997026526],[106.87397549917353,-6.2086245991854465],[106.87406089932919,-6.209810799317248],[106.87417779928829,-6.2114567000040353],[106.874218399245,-6.2120699996894464],[106.87423799985454,-6.212407999751731]],[[106.89196779993142,-6.1364920992266576],[106.89199169994055,-6.1363677991526773],[106.89200019976049,-6.1362938997701315],[106.89202260001261,-6.1360473993020932],[106.89202519957655,-6.1360183996888598],[106.89202659990782,-6.1356596997432176],[106.89202259918115,-6.1354663991886627],[106.89200779921696,-6.1352889999762059],[106.8919876996235,-6.1350862998782603],[106.89196349928055,-6.134936199185316],[106.89193039965261,-6.1345379997800595],[106.89192459980981,-6.1343595994983771],[106.8919473998192,-6.1340288993479737],[106.89196549942045,-6.1338235995745665],[106.89200239961795,-6.1335648998288441],[106.89205879990432,-6.1333381993282732],[106.89214319954448,-6.1331034995216225],[106.89221829930175,-6.1329194998124947],[106.89226069943879,-6.1328167000222242],[106.89244569991286,-6.1323834993201292],[106.89259869987551,-6.1320852997720587],[106.89267479974021,-6.1319369993226518],[106.89270639945985,-6.1318753996782807],[106.89278229995581,-6.1317422994634931],[106.89294379932807,-6.1314592992644732],[106.89312909971184,-6.1310444995615896],[106.89317529957499,-6.130918299830066],[106.89318119951052,-6.1309019999032577],[106.89322749968036,-6.1307583996078749],[106.89337849949497,-6.1301086993968559],[106.89343579977627,-6.1296529993000801],[106.89345169994135,-6.1294600996019701],[106.89346319925087,-6.1293158998833039],[106.89345599997324,-6.1291906998581407],[106.89345439994064,-6.1291539991574036],[106.89343709983589,-6.1288384993882392],[106.8934221991459,-6.1286377999703197],[106.89341489935967,-6.1284476991774888],[106.89341059977048,-6.128337599826108],[106.89340179947133,-6.1280974998539728],[106.89340279948166,-6.1278266994766595],[106.89339459925272,-6.127493899320763],[106.89340659998994,-6.1270380997644205],[106.89339709926733,-6.1263603993338993],[106.89338420001836,-6.1256440994934716],[106.89337889927592,-6.1255617996944984],[106.89336999956333,-6.1252379999865418],[106.89336879979182,-6.1252094993365542],[106.89333249949058,-6.1244748999422125],[106.89332029991652,-6.124226899758499],[106.89331529976876,-6.1241257999659178],[106.89329129972161,-6.1231496995965902],[106.89328839995962,-6.1230493997788313],[106.89327849993222,-6.1227614997961135],[106.89326099933372,-6.1224755994639484],[106.89325109928244,-6.1221773994821129],[106.89324229936177,-6.1220214994542355],[106.89322059998928,-6.12159930001138],[106.89320329997884,-6.1213943992363067],[106.89317769928876,-6.12076359987676],[106.89315909951462,-6.1204044994830413],[106.89313529982682,-6.1199502998391697],[106.89310469988773,-6.1194120994954808],[106.89309849994598,-6.1191909997835587],[106.89309429983815,-6.1191086996671178],[106.89308709938408,-6.1188532994143374],[106.89307869964624,-6.1187072991913061],[106.89306089971045,-6.1183111993053449],[106.89306189968056,-6.1182223999520833],[106.89306029997519,-6.1181910996606446],[106.89305989923263,-6.1180489997214407],[106.89306129956402,-6.1180198000244106],[106.89307619940304,-6.1174542995304817],[106.89307289979791,-6.1172014993791901],[106.89306819951869,-6.116949299986814],[106.89305499957381,-6.1166627993636542],[106.89304409992874,-6.1164097999544191],[106.8930413992846,-6.1163045998363819],[106.89302059958645,-6.1157909999641893],[106.89301169993101,-6.1153286998581899],[106.89300509921607,-6.1152335991913223],[106.89300490002678,-6.1152308992208635],[106.89300159951907,-6.1151556997552783],[106.89298869925545,-6.1148715994333092],[106.89298199990193,-6.1146939997179395],[106.89296299983482,-6.1141368996539445],[106.89296289998498,-6.1140912995748105],[106.89296269996468,-6.1139696994318005],[106.89296149970991,-6.1136283997717253],[106.89296129964197,-6.1131956995252441],[106.89296699918211,-6.1127732992734769],[106.89297229990399,-6.1123324993156292],[106.89298229970457,-6.1120301992633896],[106.8930190992285,-6.1119549995850004],[106.89302179986325,-6.1118829995215069],[106.89303789919511,-6.1112282992489053],[106.89304989961894,-6.110988099524211],[106.89305659943571,-6.1108246991587398],[106.89305959960711,-6.1105595993967663],[106.89303140003588,-6.1104172998532782],[106.89303329943056,-6.1103827992160227],[106.8930447992952,-6.1101761991903407],[106.8928232996663,-6.110177899557816],[106.89279569945057,-6.1101780998075039],[106.89275019923559,-6.1101786994247806],[106.89246549972007,-6.1101684994041774],[106.89195819958046,-6.1101502998506811],[106.88999289999376,-6.1100961994227632],[106.88984689966,-6.1100921992072044],[106.8898071992156,-6.1100911995479885],[106.88966299983529,-6.1100873999963019],[106.88925079930152,-6.1100750994241642],[106.88909289962719,-6.1100681996373147],[106.88883799936747,-6.1100618992034974],[106.88879859969914,-6.1100608993170011],[106.88861289996635,-6.1100569993608289],[106.88829959987268,-6.1100436996037075],[106.88804309929074,-6.1100369993517694],[106.88772809997906,-6.1100241997874241],[106.88664559958606,-6.1099900998356933],[106.88521599976544,-6.1099527999984353],[106.88511969919523,-6.1099505997465702],[106.88485130002323,-6.1099425997200729],[106.88428319976302,-6.1099216999999735],[106.88417409970594,-6.1099174992594554],[106.88406319967496,-6.1099138997306435],[106.88354869949801,-6.109892399978774],[106.88312109963371,-6.1098855996696182],[106.88287379925218,-6.1098816991809262],[106.88278479979145,-6.1099295998000311],[106.88272549930073,-6.1099995995619407],[106.88262939924392,-6.1101573998080738],[106.88252720003182,-6.1102727996920398],[106.88242029974306,-6.1103614993570003],[106.88231469962038,-6.1104272996203521],[106.88228619923247,-6.1104361994898753],[106.88217489998682,-6.1104044991671609],[106.8820964995939,-6.1103551992180085],[106.88197979923835,-6.1102517998043977],[106.8818999995201,-6.1101734996316681],[106.88180589969579,-6.1101063000022595]],[[106.88169709971061,-6.110034199778088],[106.88159509956114,-6.1100134991711021],[106.88121700003956,-6.1100147997850565],[106.88103319929267,-6.1099847995148853],[106.88089909971814,-6.1098753992450945],[106.88088029929725,-6.1098287991862428],[106.88090089917516,-6.1097553997343308],[106.88097559974484,-6.1096938000212768],[106.88107879973508,-6.109608799772019],[106.88119349968825,-6.1094940995765317],[106.88126319955346,-6.1094593994936259],[106.88131289933128,-6.1094460991542023],[106.88141419919934,-6.109437799927937],[106.88148719915934,-6.1094388997892537],[106.88267339936993,-6.1094853995735008],[106.88288289939142,-6.1095021991581087],[106.88294189984919,-6.1095127998086562],[106.88375430002881,-6.1097412999956449],[106.88390189932613,-6.1097862993898557],[106.88396509983239,-6.1098055993659939],[106.88406489955894,-6.1098270992534145],[106.88417349945041,-6.1098398993114866],[106.88428179923346,-6.1098435992534252],[106.88462579932508,-6.1098553996068414],[106.88716249937418,-6.1099234999262952],[106.88849139944907,-6.1099658995901036],[106.88940289975022,-6.1099969992227905],[106.88976499957506,-6.1100034994201957],[106.8898090992945,-6.1100037991799967],[106.88985099915431,-6.1100039999864642],[106.89193689925581,-6.1100515998758143],[106.89246559939637,-6.1100636998417315],[106.89279829925326,-6.1100688991381995],[106.89282539914767,-6.110069499908577],[106.89288899926635,-6.1100708998148683],[106.89305189940707,-6.1100744997294125],[106.89308269958305,-6.1100818992702033],[106.89310959927506,-6.1100974995597426],[106.89312499990638,-6.110120499154279],[106.8931330997117,-6.1101718991655858],[106.89313069969171,-6.1102728994432303],[106.89312389945474,-6.1105094995407994],[106.89311210003261,-6.1112526993029936],[106.89311108885671,-6.111338663318044],[106.89310729914091,-6.1116609998839966],[106.89310219944024,-6.1119549998075504],[106.89310359925408,-6.1122871000081735],[106.89309979951447,-6.113286999221585],[106.8931048994569,-6.113323199397116],[106.8931320998998,-6.1133805997922135],[106.89318569939923,-6.1134616996745379],[106.89322449973037,-6.1135310996549732],[106.89323559960407,-6.1135742993478353],[106.89323799922229,-6.1136709997773409],[106.89323729917021,-6.1137405995131138],[106.89323169928623,-6.1139438994038056],[106.89323169972423,-6.1140184992901414],[106.89323069935206,-6.1140794998850501],[106.89322989936051,-6.1142269999821375],[106.89323889928701,-6.114623599276924],[106.89324299922916,-6.1147706996517144],[106.89324809996802,-6.1148653996331905],[106.89324829978108,-6.1151555997102678],[106.89324829970499,-6.115217199840111],[106.8932488998141,-6.1152213992724027],[106.89325169974822,-6.1153270999264047],[106.89327989940905,-6.1157292995875006],[106.89329099991754,-6.1159538991501012],[106.89331219954336,-6.1163104995318704],[106.89331649964666,-6.1164096995288508],[106.89333449933103,-6.1166744991426336],[106.89334609986628,-6.116912799194167],[106.89335599956891,-6.1170640996315564],[106.8933612995059,-6.1171362993076626],[106.89339679969812,-6.1172200993327479],[106.89341169917624,-6.1172907995435963],[106.8934285000098,-6.1174204991823729],[106.89345459979137,-6.1180560996012181],[106.89346449951965,-6.1182727993309207],[106.89345349944021,-6.1184206997328809],[106.89345539962576,-6.1184790997169873],[106.89346569997429,-6.1185765995338945],[106.89348819963988,-6.1187110999332006],[106.89352479945914,-6.1188795996840089],[106.89354659957402,-6.1189777994264212],[106.89355379952802,-6.1190238997422499],[106.89356479919505,-6.1192201999251559],[106.89358489949461,-6.1197288997312409],[106.89358219997517,-6.1199834993975424],[106.89356369963271,-6.1202464991343373],[106.89350899949291,-6.1206118995300729],[106.89360179933855,-6.1230601993896681],[106.89366699970411,-6.1246882999348413],[106.89375129958232,-6.125997299131404],[106.89381599950001,-6.126969599885582],[106.89393659991788,-6.1281717998460561],[106.89395059961994,-6.1284578994591232],[106.8939603992079,-6.1286569993185873],[106.89396429946363,-6.1288786991470463],[106.89388139952337,-6.1299740993150911],[106.89385729961096,-6.1300267992012172],[106.89386799955152,-6.1300997997589999],[106.89384359980244,-6.1301939999041242],[106.89377069940114,-6.1305054992853991],[106.89369769966311,-6.1308438999572292],[106.89362179960121,-6.1311513991879227],[106.89351929966696,-6.1315073992966411],[106.89345519967173,-6.1317321993057226],[106.89336529960968,-6.1320475996242347],[106.89327249951515,-6.1323728997153273],[106.89310629988924,-6.133076999967761],[106.89302919974979,-6.1335308994932403],[106.89300909983648,-6.1336491997590326],[106.89299739960019,-6.133814499284866],[106.89296559964208,-6.1342642993664747],[106.89292729984371,-6.1343158994196951],[106.89290909996505,-6.1343684998278496],[106.89288249994337,-6.1345838999080797],[106.89281519994455,-6.1349724993635721],[106.89275579959757,-6.1352005992562741],[106.89258919952896,-6.135970799383303],[106.89209979954052,-6.137992199747619],[106.89178529992446,-6.1393440000153392],[106.89140569971588,-6.1410267995098939],[106.8912869992588,-6.1415221993222513],[106.89116969984906,-6.142032199736243],[106.89105239968093,-6.1424811000245505],[106.89102669952366,-6.1425867992918839],[106.89097049986687,-6.1428181999739557],[106.89093439965026,-6.142975899815287],[106.8905584998498,-6.1445451998964646],[106.89055689949544,-6.1446207991384636],[106.89054059917137,-6.1448000994947298],[106.89044590002905,-6.1452094993913384],[106.89035279924461,-6.1456120999266295],[106.89030479938155,-6.1458005999502978],[106.89030329917439,-6.1459083998954815],[106.89011689979611,-6.1467870995442837],[106.89012429932548,-6.1469027991654741],[106.88995139961732,-6.1478065999132507],[106.88983529957125,-6.1483484991767003],[106.88973889974092,-6.1486572994455768],[106.88944779919423,-6.149299699361074],[106.88883309949229,-6.1505840997822618],[106.88868269935094,-6.1508758997218385],[106.88781739993814,-6.1523006993841722],[106.88718040001477,-6.1533494991642028],[106.88708279952229,-6.1534857000004184]]]},"properties":{"OBJECTID":764,"ID":"BRT_10","LINE":"10","NAME":"Tanjung Priok - PGC","MODE":"BRT","CLASS":"Koridor Utama","STATUS":"Eksisting","COLOR":"#961f22","SOURCE":"TransJakarta; RTRW DKI Jakarta","REMARK":"Tidak Ada"}},{"type":"Feature","id":767,"geometry":{"type":"MultiLineString","coordinates":[[[106.95303869992013,-6.2188909000176498],[106.9527351998602,-6.2188555998865667],[106.95268509994743,-6.2188527996923399],[106.95255429921542,-6.2188492996187099],[106.95245669948137,-6.2171553999139917],[106.95237639948709,-6.2165549996289133],[106.95234689977113,-6.2163823994559024],[106.95225629947356,-6.2158890998466845],[106.95223489983876,-6.215793099255583],[106.95221879947967,-6.2157197993443676],[106.95221389999793,-6.2156910993301651],[106.95221399987888,-6.2156245999618625],[106.95219479987274,-6.2155321995394566],[106.95202819939853,-6.214940399324643],[106.95201579936708,-6.2148983995291651],[106.9519655998911,-6.2148287994383429],[106.95188659939038,-6.2146247995895525],[106.95188119980702,-6.2146108998656588],[106.95179819978273,-6.2144428991887848],[106.9516645992132,-6.2141809991651211],[106.95157609962376,-6.2140207000182111],[106.95120999957612,-6.213248099320154],[106.95117649967844,-6.2131684994772156],[106.95101590003013,-6.2127979994419906],[106.95094009967376,-6.2126229993921491],[106.95079299932269,-6.2123274995111251],[106.95077109940605,-6.2122833991736304],[106.95069499968949,-6.2121295997033759],[106.9506905997211,-6.2121206996001721],[106.95059429960281,-6.2119421992896262],[106.95051219935281,-6.211790099919912],[106.95048139924259,-6.2117433996039795],[106.95043979925431,-6.2116980997980304],[106.95038749929532,-6.211656799445044],[106.95021430000385,-6.2115444993926028],[106.95019129936243,-6.2114992991420612],[106.95007419948189,-6.2114703997454921],[106.94984199956129,-6.211587499902488],[106.94962679957045,-6.211696299979284],[106.94946009987846,-6.2117806992212898],[106.94941249998622,-6.2118047992256864],[106.94940109993931,-6.2118075996830164],[106.94936419966456,-6.2118167993911211],[106.94935499914199,-6.2118172998214991],[106.94934639940223,-6.2118177998481547],[106.94931919931952,-6.2118194000128106],[106.94928089963362,-6.211815099275988],[106.9492657997277,-6.2118133991434119],[106.94925259957506,-6.2118118999522389],[106.94919150000527,-6.2117918992758385],[106.94917449938393,-6.2117862994813446],[106.94903769937788,-6.2117220991313298],[106.94899279967558,-6.211702699635854],[106.9489136997507,-6.2116685996393413],[106.94890159991675,-6.2116633994775654],[106.94885969937619,-6.2116485998784094],[106.9487942994642,-6.2116253999698694],[106.94871529992844,-6.2116121998949989],[106.94871049975954,-6.2116113993568174],[106.94869299966601,-6.2116104991461105],[106.94863029977908,-6.2116070992363817],[106.94862459982481,-6.2116067992759216],[106.94860479958791,-6.2116085999784216],[106.948553899582,-6.211613099200255],[106.94851729946826,-6.2116204000119053],[106.94847509928209,-6.2116380997438947],[106.94844529971958,-6.2116518995630967],[106.94837799978488,-6.2116831991661021],[106.9483744994475,-6.2116847996793076],[106.94833819962723,-6.2117061998904797],[106.9480033992121,-6.2119034994821636],[106.94795609956233,-6.2119313991572946],[106.94771859973787,-6.2120402997361968],[106.94767979946592,-6.2120580999143948],[106.9475921993384,-6.2120935996614248],[106.94758769962367,-6.2120953991370511],[106.94746929949061,-6.2121433995150337],[106.94722109925802,-6.2122166992605505],[106.94697539976775,-6.21228929987012],[106.94680669934066,-6.2123405999687042],[106.94637999989543,-6.2124487996611508],[106.94618449930726,-6.2124979994252936],[106.94598149933448,-6.2125427992880695],[106.94596049961775,-6.2125473998356924],[106.94571099974206,-6.2125921998305964],[106.94551909919035,-6.2125872994300488],[106.94539669933017,-6.2125841992500064],[106.94533749979301,-6.2125826992023203],[106.9450123995117,-6.2125753999285651],[106.94321529948007,-6.2125339996992679],[106.94211179963987,-6.2125184999904093],[106.94171359937668,-6.2125085992477267],[106.94159439940834,-6.2125185997028733],[106.94150199952595,-6.2125454999986207],[106.94129209989691,-6.212540499573409],[106.94092569988268,-6.212529699447833],[106.94053979996265,-6.2125183992105812],[106.94040199958623,-6.2125112994150724],[106.94028109958778,-6.2125103000269624],[106.94016679983611,-6.2125587992981108],[106.94016569967117,-6.2125595998592651],[106.9401259993608,-6.2125860995595126],[106.94008219920011,-6.2126152995155071],[106.9399893992037,-6.2126920991618206],[106.93978409997645,-6.2128822996587729],[106.93974739977256,-6.2129237993635273],[106.93970339960119,-6.2129839994434208],[106.93967819997843,-6.2130695994910754],[106.93966409937686,-6.213160699243824],[106.93966679922417,-6.2132680991517555],[106.93968969998318,-6.2135885999805742],[106.93968099945855,-6.2136836996238749],[106.9396684995224,-6.2139310996847268],[106.93966389928617,-6.2140208997346935],[106.93965029922379,-6.214291300002059],[106.93964690003101,-6.2143589999707283],[106.9396411992626,-6.2144711999034374],[106.93962649967551,-6.2147617994340498],[106.93962309944462,-6.2148301991900121],[106.93956539917987,-6.2154165995007933],[106.93950199975569,-6.2160472998001319],[106.93948549943275,-6.2163064997007336],[106.93945029959569,-6.2165116994129788],[106.93940719993736,-6.2167079999781931],[106.93930729991744,-6.2169628000177939],[106.93920187845508,-6.2171398193830782],[106.93917139937228,-6.2171909992877339],[106.93890669969744,-6.2174169994850015],[106.93839819956084,-6.2176352994710653],[106.93806359928548,-6.2176606992148526],[106.93783839956816,-6.2176609998250223],[106.93562889968275,-6.2173615994694726],[106.9351835994909,-6.2172916992833533],[106.93478829970191,-6.2172276994329279],[106.93471339953723,-6.2172136994368667],[106.93440259928168,-6.2171555993847791],[106.9342646991967,-6.217140699776996],[106.93365139930106,-6.2170756000220431],[106.93277599947905,-6.2169879998722992],[106.93178789965252,-6.2169001998694844],[106.93134239982268,-6.2168535996711869],[106.93118509933848,-6.2168288998250594],[106.93106229984852,-6.2168150996113427],[106.93083139938373,-6.2167850991966764],[106.93051109952634,-6.2167433995384291],[106.9301742995696,-6.216701599900154],[106.92971879963521,-6.2166416998864316],[106.92922160003715,-6.216600899320702],[106.92910079940104,-6.2165958992647434],[106.9289659998763,-6.2165643998584512],[106.92868909924884,-6.2165110998627888],[106.92850109913734,-6.2164872995705327],[106.92795459992242,-6.2164288998818495],[106.92750109968188,-6.2163849997912779],[106.92718469914324,-6.2163343998396501],[106.92668479947311,-6.2162949998312662],[106.92636429966134,-6.2162683997465056],[106.92605819928805,-6.216229699553864],[106.92600619966251,-6.2162230999843331],[106.9257218997986,-6.216185699833642],[106.92560669920533,-6.2161738994217925],[106.92493089999441,-6.2160865997260695],[106.92485380002198,-6.2160765997272573],[106.92471339971303,-6.2160624000189069],[106.92459309990436,-6.2160537995493463],[106.92443559932272,-6.2160361992371262],[106.92437339915107,-6.2160291999439723],[106.92433260003524,-6.2160251994611135],[106.92413959970102,-6.2159987991717776],[106.92404079919258,-6.2159826992607545],[106.92398369949936,-6.215973099173449],[106.92395569920728,-6.2159674996912875],[106.92373259991524,-6.2159292996845377],[106.92300599941962,-6.2158220998171005],[106.92298269965545,-6.2158186991849904],[106.92127519926031,-6.2156192994941257],[106.92108689950943,-6.2156010994109314],[106.92071519993617,-6.2155630999070333],[106.92046999928776,-6.215526599798161],[106.92022289926011,-6.2154934996468958],[106.91964869992876,-6.2154107998809307],[106.91916709974818,-6.2153563996418093],[106.91891430004188,-6.2153280996350055],[106.91850309961141,-6.2152818994847525],[106.91838629996427,-6.2152693997774637],[106.91785739965435,-6.2152125994818412],[106.91770999992995,-6.2151945996220377],[106.91736449926569,-6.2151542992019086],[106.91710769916361,-6.2151242994605189],[106.91699079937106,-6.2151095991447987],[106.91446499966237,-6.2147764999345467],[106.91419789935949,-6.2147437991731733],[106.91381969924035,-6.2146975994839826],[106.91328999997424,-6.2146327992516737],[106.91327399976683,-6.2146307993572929],[106.91310869998189,-6.2146105998639296],[106.91293029935169,-6.2145886991281971],[106.91244459980683,-6.2145292991718328],[106.91206419952287,-6.2144827995918703],[106.91186839975094,-6.2144587996215774],[106.91169639937051,-6.2144376998583413],[106.91150339994343,-6.2144140991878078],[106.91133099932179,-6.2143929998426444],[106.91129109943815,-6.2143880999433616],[106.91116499986579,-6.2143726991518227],[106.91019549917459,-6.2142429999642568],[106.91014089950843,-6.21423569926952],[106.91003709977045,-6.2142219996653827],[106.91000029964498,-6.2142165993276786],[106.90923759944269,-6.2141259997892275],[106.90897869950879,-6.2140934998443562],[106.90836619978487,-6.2140223994165078],[106.90770049992422,-6.2139324997894096],[106.90714779942762,-6.2138644993428258],[106.90706489954498,-6.2138653995994222],[106.90678739969842,-6.2138327992231197],[106.90595109957684,-6.2137503991993821],[106.90590779939444,-6.2137465996955425],[106.90567709979962,-6.2137461997749366],[106.9054711999389,-6.2137105992771362],[106.90507699926727,-6.2136937996034325],[106.90437419969848,-6.2136845992151555],[106.90429099940991,-6.2136848997656182],[106.90413479915624,-6.2136797996908131],[106.90397890001925,-6.2136792996279473],[106.90379099995079,-6.2136796995229853],[106.90361829984865,-6.2136803999538639],[106.90337479915684,-6.2136830992688994],[106.90327279998812,-6.2136834998784565],[106.90315489953829,-6.2136847994468694],[106.9030225996076,-6.2136832991721613],[106.90272129931873,-6.2136827994257526],[106.90230619941396,-6.2136687997243376],[106.90192909952862,-6.2136624991430942],[106.90176399948761,-6.2136565000143573],[106.90172879961109,-6.2136551998909058],[106.90164869976917,-6.2136521996289638],[106.90159939959165,-6.2136503995865171],[106.90138309954536,-6.21364239917206],[106.90076709957111,-6.2136472991603116],[106.90066409990169,-6.2136420999283413],[106.90058079998076,-6.2136380992781719],[106.90050429968315,-6.2136343996620207],[106.90044179968164,-6.2136274997062362],[106.90013999934725,-6.213620699351031],[106.90007739922818,-6.2135999998835807],[106.89983469963704,-6.2135951993931036],[106.89978319965199,-6.2135942000076474],[106.89969539932369,-6.2135923997715397],[106.89966299994492,-6.2135917991912635],[106.89951979992453,-6.2135888996122119],[106.8991561994433,-6.2135816995465945],[106.89893829975556,-6.2135773999671811],[106.89885209978159,-6.2135756996272224],[106.89865539997085,-6.2135716999177868],[106.89833619959464,-6.2135653994992479],[106.89813069964703,-6.2135612991828131],[106.89775169923448,-6.2135537998953776],[106.8976162993838,-6.213551099644973],[106.89728969967359,-6.213544600010187],[106.8971147991782,-6.2135349999327829],[106.89658339942571,-6.2135148000280518],[106.89603679958735,-6.2134975997558213],[106.89588929944352,-6.2134925998216657],[106.89562489939601,-6.2134888995607511],[106.89534999975473,-6.213481299276979],[106.89506839965489,-6.2134884991988928],[106.89435789989818,-6.21347499929366],[106.89421239962765,-6.2134726996114491],[106.89414029939792,-6.2134579998109061],[106.89396379931929,-6.213459199816227],[106.89350569952337,-6.2134313998287967],[106.89323469964998,-6.2134479991258393],[106.89293809988563,-6.2134412998369664],[106.89273239999383,-6.2134488994831161],[106.89251959949145,-6.2133997996396824],[106.89244329919087,-6.2133992996690726],[106.89223620002143,-6.2133965996442182],[106.89214299945701,-6.2133970995115764],[106.89166119949438,-6.2134071992494286],[106.89121929919649,-6.2134496994900053],[106.89076609986296,-6.2135113994265181],[106.89050379969933,-6.2135595994288968],[106.89005299938617,-6.213666799266603],[106.88995399977496,-6.2136929998076749],[106.88988339977217,-6.213710099913647],[106.88948999963932,-6.2138275994052243],[106.88882499955319,-6.214026099958228],[106.88846649916721,-6.2141322998562503],[106.8877763000032,-6.214301599638195],[106.88764139985686,-6.2143561996237437],[106.8874101994674,-6.2144101994454619],[106.88714229943822,-6.2144297991686628],[106.88680859931065,-6.2144563992867816],[106.88675969993643,-6.2144596994185468]],[[106.88669229940291,-6.2144647997110942],[106.88612849998077,-6.214502099151832],[106.88603679921412,-6.2144882999556348],[106.88594319984377,-6.2144857993579556],[106.88518059960414,-6.2145324993621527],[106.88498389981574,-6.2145218998122571],[106.88486669987402,-6.2145170998458958],[106.88446989997185,-6.2145378991820603],[106.88388709958686,-6.2145723996951174],[106.88327139980581,-6.2146088992138564],[106.88312629973022,-6.2146213995937361],[106.88305719915537,-6.2146273996958836],[106.88292519931363,-6.2146319999635615],[106.88283719945578,-6.214639399150788],[106.8825614992498,-6.21465709948703],[106.8823956995647,-6.2146677999937943],[106.88216309983652,-6.2146812997157008],[106.88203219950395,-6.2146876996223082],[106.8818536998718,-6.2146943991226724],[106.88180159919921,-6.2146963991954172],[106.88133169965074,-6.2147200992511458],[106.8810981991616,-6.2147333991962972],[106.88030729991473,-6.2147784996157975],[106.88024819949905,-6.2147823996324059],[106.87938659982805,-6.2148385999210367],[106.87855549953245,-6.2148928993706711],[106.87854069965326,-6.2148938995038217],[106.87835959986566,-6.2149037996456018],[106.87813959971972,-6.2149158993790747],[106.87783759949484,-6.2149323996450905],[106.87777289996258,-6.2149359992159576],[106.87719149976685,-6.2149707995537966],[106.87615319966784,-6.2150414999348396],[106.87612619933785,-6.2150432991694098],[106.87568879985771,-6.2150729992114639],[106.87564739990187,-6.2150775999339789],[106.8755683991821,-6.215088099811414],[106.87546559963903,-6.2151058992119799],[106.87536359929437,-6.2151161994671176],[106.87529029927983,-6.2151245995412872],[106.87511999922178,-6.2151339991811945],[106.87452209915587,-6.2151570000217866],[106.8743047998376,-6.2151652993456832],[106.8738952997098,-6.2151915998015523],[106.87366049931587,-6.2152032999306792],[106.8733579997472,-6.2152212000213716],[106.873094299177,-6.2152232998888648],[106.87303359987847,-6.2152237997630451],[106.87295639997414,-6.2152246998631515],[106.87287159973073,-6.215226799558299],[106.87224469924568,-6.2152424992512652],[106.87163249928297,-6.2152730999001653],[106.87120569956221,-6.2153019993412055],[106.87104789914805,-6.2153273994243223],[106.87038939940605,-6.2154565992933977],[106.87025559991594,-6.2154602996045316],[106.87002819984691,-6.2154291993121582],[106.86992349958807,-6.2154264991850496],[106.86974769931444,-6.2154340992625299],[106.86960409965471,-6.2154451992932458],[106.8694261991654,-6.2154651998986834],[106.86790219985552,-6.2156453996298797],[106.86731689971968,-6.215695199570229],[106.86708839992382,-6.2157063999444704],[106.86687439931181,-6.2157096991624217],[106.86659889966094,-6.2156481996318771],[106.86653459982294,-6.215633099480816],[106.86646809941077,-6.215647299840156],[106.86642019998516,-6.2157032995140122],[106.86640209974661,-6.2157755998261282],[106.86643099962022,-6.2158532992510747],[106.866539799888,-6.2160562997568851],[106.86675639972263,-6.2164325991290585],[106.86681909956511,-6.2165434998621834],[106.86688409941732,-6.2166555995002533],[106.86699319924182,-6.2168803996836877],[106.86707879922791,-6.2170817992808125],[106.86714169917418,-6.2172462992018769],[106.86729409949805,-6.2176781997161257],[106.86747219915604,-6.2181943992566566],[106.86765179921504,-6.2187154992490754],[106.86765759962151,-6.2187323999561483],[106.86767369960651,-6.2187791998312614],[106.8677922995828,-6.2191216993006408],[106.86814239955342,-6.2201145992315929],[106.86816199917538,-6.2202540993430464],[106.86815349927404,-6.2205421994699464],[106.86815169937037,-6.2206692997744266],[106.86814729932021,-6.220971399757123],[106.86813469978172,-6.2214278991351497],[106.8681197993326,-6.2219662993120926],[106.8681122994938,-6.2223450995252216],[106.86810259996236,-6.2227520998789982],[106.86810119944175,-6.2228090998618129],[106.86808949967036,-6.2231289000276924],[106.86807489951968,-6.2232455999449972],[106.86803899996559,-6.2233273999189427],[106.86769699988704,-6.2240111995383556],[106.86750729965362,-6.2243808994837675],[106.86748709969983,-6.2244001995512797],[106.86747539978579,-6.2244112996259728],[106.86743959973836,-6.2244322995344525],[106.86742059988411,-6.2244416994122584],[106.86741609971996,-6.2244442993992468],[106.86740569991083,-6.2244489998073727],[106.86739739932037,-6.224453299483371],[106.86739289989639,-6.2244555992866628],[106.86735639979965,-6.2244745998765785],[106.86731380004379,-6.2244909999964602],[106.86729199989976,-6.2244979993055427],[106.86727119958817,-6.224502599975656],[106.86722479962125,-6.224511299309361],[106.86717609976934,-6.2245126994117896],[106.86689209976934,-6.2245220998661175],[106.86659289940137,-6.2245212999258115],[106.86652489930205,-6.2245214996921181],[106.86646339945189,-6.2244831993413703],[106.86642429960537,-6.2244475991435326],[106.86635769949618,-6.2243534998400643],[106.86631939919033,-6.2242863997332805],[106.86613809962216,-6.2236412991801684],[106.86590469928363,-6.2227709997829335],[106.865873899684,-6.2226653995654804],[106.86563159944011,-6.2218767997542361],[106.86549519955858,-6.2214086996305635],[106.8654637995798,-6.2213484999017652],[106.86542619987161,-6.2212485998920082],[106.8653014999569,-6.2209913999949977],[106.86509809989001,-6.2206179000015878],[106.86499689975923,-6.2204079991285877],[106.86490099985296,-6.2201973995785371],[106.86486409973799,-6.2201192997600607],[106.86472299933112,-6.2198125998855982],[106.86468149928353,-6.2196592997226015],[106.86460679994691,-6.2195006999459146],[106.86458139981384,-6.2194277999679581],[106.86447289976296,-6.2191767991804792],[106.86423779917385,-6.2185697995164588],[106.86416549916196,-6.2182383991316756],[106.86412689921661,-6.2179461996785221],[106.86406679951607,-6.2174837994026548],[106.86404539928797,-6.2173192998416669],[106.86399819920102,-6.21673279953189],[106.86397949930844,-6.216536399995749],[106.86395329922296,-6.2164496999158851],[106.86391359933428,-6.2163429996265593],[106.86383119984282,-6.2162290991243445],[106.86372999922132,-6.2161057993010997],[106.86359049991798,-6.2159462992129351],[106.86342149958415,-6.2158081995225478],[106.86309539987407,-6.215526099935361],[106.86289639998176,-6.2153595995322837],[106.86213379989346,-6.2146211991721092],[106.861991399226,-6.2144403000269604],[106.86188189944438,-6.214276499174936],[106.86171399998136,-6.2139503991394562],[106.86160399931691,-6.2137722998097624],[106.86149749921738,-6.213624899558714],[106.86157199961737,-6.2135452994431795],[106.86160819914546,-6.2135220997587739],[106.86167829996648,-6.2134988991689566],[106.86169069943929,-6.2134978998219683],[106.86175080001478,-6.2134927994552109],[106.86182819983092,-6.2135103993794774],[106.86205189947704,-6.2135932994074459],[106.86223399915443,-6.2136591994292569],[106.86234239976366,-6.2136897994332934],[106.86243129972308,-6.2137252999018813],[106.86347719960551,-6.2141743993292309],[106.86594519998904,-6.215298899523571],[106.86619509923288,-6.2154182995919065],[106.86621480000245,-6.2154265997897147],[106.86648269997583,-6.2155394994681723],[106.86655059969341,-6.2155641998725875],[106.86664839937362,-6.2155996996717766],[106.86685099913959,-6.2156517993888221],[106.86703579995618,-6.2156522994992756],[106.86789479940532,-6.2155887996272163],[106.86941509954967,-6.2153931999707641],[106.86952179984239,-6.2153796997761903],[106.86973349918041,-6.2153654999870387],[106.86990969926529,-6.2153628993684711],[106.87025839972242,-6.2154144998727201],[106.87040409928008,-6.2154131995677719],[106.87105169950087,-6.2152916991445615],[106.87120469959804,-6.2152723991811314],[106.87162849997722,-6.2152404995487851],[106.87224339953524,-6.2152070991436146],[106.87287199965202,-6.2151883998076451],[106.87295659970367,-6.2151858993790956],[106.87303379939623,-6.2151782995304705],[106.87309420000811,-6.2151704997085186],[106.87334929962559,-6.2151372995551428],[106.87365129976116,-6.215118699633698],[106.87389269988802,-6.2151135999253269],[106.87450119942669,-6.2150996995507857],[106.8751601999232,-6.2150667995020017],[106.87528869930267,-6.2150656999347973],[106.87536019960345,-6.2150544997704893],[106.87546349920696,-6.2150380991449792],[106.87552269916554,-6.2150300998861274],[106.87556439957274,-6.2150286996955542],[106.87564319983923,-6.2150087992003709],[106.87583549930415,-6.2149860999831947],[106.87713149991403,-6.2149108994402029],[106.87719669928406,-6.2149070992617599],[106.87738809958188,-6.2148940996863908],[106.87784059950391,-6.2148634992966407],[106.87812339976297,-6.2148444000148988],[106.8781378991421,-6.2148434995090858],[106.87835059921836,-6.2148308995096668],[106.87854939966168,-6.214818399449725],[106.87908759967502,-6.2147843995113492],[106.87982359977995,-6.214737199556339],[106.88002369992206,-6.2147243995895201],[106.88084439973359,-6.214673799455916],[106.88181809937917,-6.2146137992355222],[106.88216089950156,-6.2145929996971256],[106.88239099966526,-6.2145790993139212],[106.88247789934984,-6.2145737999238593],[106.88255959949691,-6.2145661999092479],[106.88290339963595,-6.2145565996024619],[106.88306509978987,-6.2145495997492297],[106.88397149935321,-6.2144878996208339],[106.88410180000822,-6.2144800999667158],[106.88445979985939,-6.2144560993051634],[106.88479109970615,-6.2144387992721697],[106.88491309937864,-6.2144307993676433],[106.88501180003206,-6.2144117995124724],[106.88510759963548,-6.2143960992594725],[106.88522559971419,-6.2143827998927925],[106.88550859936359,-6.2143640993464722],[106.8867999998065,-6.2142938000185302],[106.88693020001423,-6.2142867993166515],[106.88729359950928,-6.2142613996261078],[106.88749879914702,-6.2142507993009195],[106.88763829995767,-6.2142400998321587],[106.88779519963171,-6.214228099534564],[106.88787589915262,-6.2142153993281521],[106.88802579947375,-6.2141840997243394],[106.88880399923754,-6.2139667999927291],[106.88946649965587,-6.2137503991843026],[106.88967610002724,-6.2136864995065508],[106.8899474997276,-6.213607799601629],[106.89002029980298,-6.2135914999326856],[106.89009259915674,-6.2135753991436662],[106.89044359931077,-6.2135001992209817],[106.89050460001488,-6.2134891992574373],[106.89077989963123,-6.2134395992828653],[106.89098890001841,-6.2134053996230216],[106.89120699942026,-6.2133818994877563],[106.89164219946501,-6.2133375995942393],[106.89194049970864,-6.2133308996177448],[106.89223079919036,-6.2133414998843932],[106.8924655999981,-6.2133445998649908],[106.89354449992578,-6.213354899994421],[106.89383439996578,-6.2133576998864921],[106.89402549974247,-6.2133586998495067],[106.89413149985502,-6.2133554992559672],[106.89432259971612,-6.2133630993253322],[106.89535069956675,-6.2133935998665688],[106.89560529997424,-6.2134008995255616],[106.89592299960199,-6.2134100993541308],[106.89605089985719,-6.2134137997978645],[106.89698149929912,-6.2134410997664524],[106.89729309932413,-6.213460099789371],[106.89760929973282,-6.2134795993731604],[106.89811159942847,-6.2134921994579715],[106.89832869940039,-6.2134976993440789],[106.89865870003274,-6.2134992992691451],[106.89885169957186,-6.2135043999478281],[106.89966749930458,-6.213526099343297],[106.89969429939818,-6.2135262996198017],[106.89978069937422,-6.213527099488231],[106.89982999998077,-6.2135274991969114],[106.89990699962345,-6.2135280995538853],[106.90060119958754,-6.2135364996539515],[106.90160129952251,-6.2135577993660016],[106.90165379930426,-6.2135551992345919],[106.90172999978752,-6.2135508999765934],[106.90176449972535,-6.2135489992686814],[106.90181869928308,-6.2135459997097797],[106.90269739992564,-6.2135519992874428],[106.90302589998231,-6.2135565999831446],[106.90379609976917,-6.213575599963951],[106.90397979916048,-6.213580099337487],[106.90502819914157,-6.2136041994981914],[106.90560049968114,-6.213617299638444],[106.90644459991977,-6.2137038998936918],[106.90680149977729,-6.2137501992735675],[106.90715649974925,-6.213789500026226],[106.90776019982744,-6.2138560995161685],[106.90837859951213,-6.2139360995980608],[106.90863449938571,-6.2139696992754629],[106.91004979992699,-6.214155699982145],[106.91018669921385,-6.214174299743922],[106.9111611994027,-6.2142871993491395],[106.91134199945117,-6.2143042992695232],[106.91158339990926,-6.2143271997162497],[106.9118801995298,-6.2143678991369296],[106.91205009916192,-6.2143911998607289],[106.91206999958393,-6.2143956991700797],[106.91221509948963,-6.214428799875809],[106.91240139971595,-6.2144663996382707],[106.91366619929883,-6.2146240997495736],[106.91378659927261,-6.2146390992124507],[106.91420539959076,-6.2146914998225178],[106.91520789967846,-6.2148169993512523],[106.91576589955106,-6.2148867996806647],[106.9168092999612,-6.2150070999790428],[106.91734139979108,-6.2150684999621708],[106.91736819935649,-6.2150715997550936],[106.91754949996441,-6.2150924992528358],[106.91771779931778,-6.2151139991705691],[106.91818499951164,-6.215165699125266],[106.91901019967487,-6.2152721992880942],[106.91917489960591,-6.2152901992449463],[106.92040789965523,-6.21544819995436],[106.92063149929442,-6.2154768991379221],[106.92072529967287,-6.2154893996083],[106.92083789963,-6.2155002992565702],[106.92109669993933,-6.2155255991900979],[106.92205429962745,-6.2156473999576605],[106.92337929999732,-6.2158159000103481],[106.92352319967877,-6.2158358999816983],[106.92373709976675,-6.2158723000132676],[106.92396339974793,-6.215899999638629],[106.92399079920753,-6.2159040995591459],[106.92415979951362,-6.2159240992913327],[106.9243831996346,-6.2159540994254669],[106.92466989977548,-6.2159829991998148],[106.92486049937877,-6.2160075997829241],[106.92495939922185,-6.2160144997190736],[106.92511719920402,-6.2160177991760799],[106.92582849971757,-6.2161016999941339],[106.92589249955059,-6.2161091997615614],[106.92607559923589,-6.2161279992296805],[106.92672899915482,-6.2161949992207335],[106.92686379970782,-6.2162195999086274],[106.92751229930444,-6.2162699998804083],[106.92866189953331,-6.2164008999733662],[106.92912179968806,-6.2164643996126401],[106.92923129995374,-6.2164760997734998],[106.93031120001555,-6.2166137998690418],[106.93052399942511,-6.2166431994214708],[106.93078909953287,-6.2166601994840063],[106.93083929970909,-6.2166638992818983],[106.93119390002276,-6.2166887996357065],[106.93142879922462,-6.2167123994903051],[106.93248699986547,-6.2168339994207429],[106.93285799914285,-6.2168696998128592],[106.93365509930183,-6.2169757998400259],[106.93387469968327,-6.2170021994109197],[106.93426869930047,-6.2170609997848203],[106.9347968993527,-6.2171519996183031],[106.93520079959006,-6.2172420996936832],[106.93568459981977,-6.217294599256812],[106.93776749969628,-6.217564299689875],[106.93817670003877,-6.2175979998384996],[106.93844579995351,-6.2175258995225198],[106.93864209961538,-6.2174657997921701],[106.93883719923102,-6.2173397997966982],[106.93892819985444,-6.2172810998286074],[106.93895309947074,-6.2172533994917023],[106.93913539921503,-6.2170512999753003],[106.93924679994247,-6.2168703999181503],[106.93932609990298,-6.2167004995819148],[106.9394087993048,-6.2162713994961649],[106.93942709983502,-6.2160041996971014],[106.93946429962115,-6.215430499629802],[106.93948899983202,-6.2148347000246238],[106.93950039931724,-6.2145608992958721],[106.93950579970355,-6.2144539994788177],[106.93952749979461,-6.2139089995717915],[106.93954979981591,-6.2136806991520857],[106.93959129925676,-6.2131675997710314],[106.93961629947243,-6.2129791998183954],[106.93962299967869,-6.2128551993242933],[106.93962849950753,-6.212751999695401],[106.9396317993867,-6.2126546993503817],[106.93964529919712,-6.2125033994714078],[106.93965999956608,-6.2124393992810862],[106.93967210000021,-6.2123899992456728],[106.93971579917833,-6.2123383993252776],[106.93977709920584,-6.2122919995178929],[106.93983439927842,-6.2122740994298242],[106.93992079975541,-6.212265999890989],[106.94003559975482,-6.2122753992908297],[106.94013879970372,-6.2122793993488044],[106.9402628999773,-6.2122799991789117],[106.94026849948879,-6.2122799994330924],[106.94049019963936,-6.2122809996892325],[106.94056779935065,-6.2122843992323817],[106.94086609987041,-6.2122904995493924],[106.941085299364,-6.2122870993681962],[106.94110249957224,-6.2122874991449422],[106.94132420002454,-6.2122927999244242],[106.94137389942031,-6.2122933995513332],[106.94152459940339,-6.2122951997532692],[106.94161449972724,-6.2123295000059109],[106.94172219993519,-6.2123463994011994],[106.94212819960003,-6.2123523992095571],[106.94261019940075,-6.2123653994769734],[106.94513169953626,-6.2124219997803465],[106.94524129937402,-6.2124230992955782],[106.94540949947292,-6.2124270997083473],[106.94551309940202,-6.2124251996991289],[106.94559229936404,-6.2124237998980689],[106.94581699977398,-6.2123860999007308],[106.94671419947461,-6.2121606994700516],[106.94708689950177,-6.2120571999655008],[106.94724339995041,-6.2120137996516904],[106.94725199995248,-6.2120113992160748],[106.94732479987313,-6.2119787992547408],[106.94738479950824,-6.2119364991902541],[106.94745639963963,-6.2119065996950154],[106.94746789977404,-6.211900299995861],[106.94757349918427,-6.2118419992149105],[106.94767559998401,-6.2117815993025767],[106.94796049960979,-6.2116130997024666],[106.94797769926866,-6.2116032999865629],[106.94814459934321,-6.211564699971353],[106.94839399926775,-6.2114875991396934],[106.94871619993562,-6.2112978996893418],[106.94879269963528,-6.2112528996340011],[106.94898689966026,-6.2111384994615726],[106.94905159933947,-6.2111007992495688],[106.94920839925737,-6.2110124992623632],[106.94940999967849,-6.2108989993374415],[106.94945919925135,-6.2108713999740326],[106.94962830002189,-6.2107761996115007],[106.94986599940871,-6.2106422999889936],[106.95058109936673,-6.2102397995140803],[106.95121809948343,-6.2098939992441116],[106.95154519920443,-6.2097163992804845],[106.95174719919939,-6.2096157998304937],[106.95197369989586,-6.2096421996302151],[106.95206719968623,-6.209671999472584],[106.95212329987898,-6.209708799475818],[106.95217679934116,-6.2097718996471984],[106.95222009987286,-6.209858499969922],[106.95223849920701,-6.2099369991362199],[106.9522388992429,-6.2100288994170416],[106.9522019994979,-6.210152199614539],[106.95215519982531,-6.2102810993243613]],[[106.95256629922211,-6.212472999426832],[106.95301199922856,-6.2122693993837048],[106.9530300991657,-6.2122627000082264],[106.9530963991572,-6.2122584996957393],[106.95311059960498,-6.2122553995046426],[106.95319769939263,-6.2121987998136552]],[[106.95319769939263,-6.2121987998136552],[106.95337499926696,-6.2125619997062209],[106.95353769983298,-6.2128773998603553],[106.95355959940885,-6.2129330997106074],[106.95348049969429,-6.2131060991627169],[106.95345349937142,-6.2131474000185172],[106.95341569993882,-6.2131885997245737],[106.9531954999679,-6.213295899890527],[106.95296249937539,-6.2134039994873707],[106.95285449926709,-6.2134470993964168],[106.95281789924937,-6.2133622999086553],[106.95273859918453,-6.2131938996876359],[106.95271009926425,-6.2130999993464657],[106.95269709963262,-6.2130070995715556],[106.9527032993967,-6.2129140999718118],[106.95272249993943,-6.2128140997671402],[106.95273109934475,-6.2127301992927517],[106.95271789969594,-6.2126714999667634],[106.95269589940743,-6.2126283991729236],[106.9526734000255,-6.2125944995233402],[106.95258319926762,-6.2125138000259712],[106.95256629922211,-6.212472999426832]],[[106.95319769939263,-6.2121987998136552],[106.95323839997391,-6.2121414999126143],[106.95326389979867,-6.2120575994274025],[106.95326229945128,-6.2120427996618961],[106.95324699918382,-6.2120043999240178],[106.95322779977906,-6.2119571995257319],[106.95316179984907,-6.2118224996742732],[106.95315169929613,-6.2118025995801762],[106.95310229963447,-6.2117030995348355],[106.95305599947986,-6.211610899563194],[106.95330979969867,-6.2114627997466201],[106.95336339952803,-6.2114047994561057],[106.9534292991784,-6.2112976995461411],[106.95344889961028,-6.2112338992867047],[106.95344749921826,-6.2109040993647771],[106.95343749953958,-6.2108747997890319],[106.95341909998115,-6.2108457997539785],[106.95337049931069,-6.2108014998084009],[106.95332960001639,-6.2107744995587719],[106.95325339942296,-6.2107967995787128],[106.95313539932229,-6.2108387998411079],[106.95290479978119,-6.2109108000252595],[106.95288109941228,-6.210915999347816],[106.95284049970714,-6.2109040992734865],[106.9528199992056,-6.2108881993596734],[106.95256709966279,-6.2103834993017211],[106.95255519934415,-6.2103708992647366],[106.95249019938585,-6.2103291993733523],[106.95244729970932,-6.2103187995193512],[106.95238799968023,-6.2103126995500304],[106.95224159949555,-6.2102367992219811],[106.95215519982531,-6.2102810993243613]],[[106.95115129940166,-6.2112648998398425],[106.95118679934245,-6.2114180995070392],[106.95126539982185,-6.2115760992049696],[106.95140019960824,-6.2117216996200213],[106.95146369980381,-6.2118140994613702],[106.95190209916804,-6.2126677995602178],[106.95199409947136,-6.2128832997050898],[106.9520531992132,-6.2130366995864614],[106.95211619931895,-6.2131952999537807],[106.95221199966113,-6.2137626994488171],[106.95227339979445,-6.2140471991752522],[106.95231529943926,-6.2141846995275243],[106.95236769957167,-6.2143566998508462],[106.95238019980781,-6.214397699315656],[106.95239739979398,-6.2144543993531052],[106.95242219996459,-6.2145567993286175],[106.9526293999451,-6.2152479998437711],[106.95265699945394,-6.215362499971917],[106.95275899955654,-6.215910200011078],[106.95282699921769,-6.2162296993539039],[106.95285919918008,-6.2164036998924148],[106.95292349967714,-6.216716399487022],[106.95298119923714,-6.2170029992368097],[106.95299059986777,-6.2170429993137271],[106.95302359978471,-6.2172199993917063],[106.95305779916886,-6.2173995997558711],[106.95309559915761,-6.2176284995801732],[106.95314369982989,-6.2180229993378902],[106.95316429923901,-6.2181404997409215],[106.95318749970781,-6.2183027999260938],[106.95320169934108,-6.2184550995934087],[106.95322749951323,-6.2186928994520203],[106.95323739950688,-6.2188284998502406],[106.9530654996673,-6.2188935991623682]],[[106.95115129940166,-6.2112648998398425],[106.95128199948446,-6.2113614991607529],[106.95140549966879,-6.2114250996941474],[106.95160119924068,-6.2115587997097217],[106.95170649996636,-6.2116390992883934],[106.95174029993166,-6.2116733994229696],[106.95176589988264,-6.2117136996429245],[106.95212659978786,-6.2123761995532707],[106.95214399993398,-6.2124043995771876],[106.95219299975545,-6.212444699270093],[106.95225019974296,-6.2124733997128398],[106.95231759983831,-6.2124869991371137],[106.95235889976381,-6.2124853991943718],[106.95256629922211,-6.212472999426832]],[[106.95215519982531,-6.2102810993243613],[106.95180839972618,-6.2104681995346578],[106.9517206996026,-6.2105155991513783],[106.95116729978108,-6.2108151992050251],[106.95114869945641,-6.2108260999465159],[106.95098909954636,-6.2109104995424937],[106.95108929989843,-6.2111248993565038],[106.95115129940166,-6.2112648998398425]]]},"properties":{"OBJECTID":767,"ID":"BRT_11","LINE":"11","NAME":"Pulo Gebang - Kampung Melayu ","MODE":"BRT","CLASS":"Koridor Utama","STATUS":"Eksisting","COLOR":"#2e3192","SOURCE":"TransJakarta; RTRW DKI Jakarta","REMARK":"Tidak Ada"}},{"type":"Feature","id":770,"geometry":{"type":"MultiLineString","coordinates":[[[106.84653439972806,-6.1532073992760097],[106.84669799915629,-6.1532384999820362],[106.84672249928771,-6.1532432995368183],[106.846784799288,-6.1532489999842088],[106.84685959983139,-6.1532521996652179],[106.8469092996779,-6.1532448993006312],[106.84838289931994,-6.1530282993009875],[106.8489445992588,-6.1529375998736349],[106.85018309964504,-6.1527414994181155],[106.85030129954652,-6.1527227995039926],[106.85047369975794,-6.1526954993882326],[106.85182909932797,-6.1524808998197678],[106.85215409914427,-6.1524323998958268],[106.85284929924238,-6.1523150997420446],[106.85407179999994,-6.1521273992614862],[106.85423789921376,-6.1521018993067322],[106.85439229954744,-6.1520781994349418],[106.85477189994987,-6.1520198999208144],[106.85535019996597,-6.1519312994664306],[106.85554469932839,-6.1518898993603344],[106.85568059925019,-6.1518453999310099],[106.85623449979308,-6.1517545994989948],[106.85650969947989,-6.1516704998925285],[106.8566485999397,-6.1515899997379062],[106.85677219984078,-6.1514714993847734],[106.85685339925689,-6.1513317992313148],[106.85689849999711,-6.1512621993283814],[106.85717939938804,-6.1507941996908624],[106.8574237999055,-6.1503739996831834],[106.85753779998599,-6.150181299362524],[106.85763899953081,-6.1500115992606421],[106.85778459973091,-6.1497663993252285],[106.85788109970989,-6.1495769000104872],[106.85794829932,-6.1494723995447309],[106.85796469988173,-6.1494379998181934],[106.85806959995645,-6.1492452994983635],[106.85813129979032,-6.1491303995297999],[106.85816249967351,-6.1490645993227586],[106.85829299954949,-6.1488401996538853]],[[106.88861529979209,-6.1502660996387508],[106.88867209997372,-6.1501428999931189],[106.88877129942536,-6.1499142999654506],[106.88890269962154,-6.1496049997597586],[106.88897559968356,-6.1494301997754555],[106.88917289962249,-6.1489670995907284],[106.88936319946856,-6.1485247995912449],[106.88951149972256,-6.1481370992651527],[106.8896235994125,-6.1477528994319117],[106.88972629957965,-6.1473604997284994],[106.8900064994355,-6.1461857999095448],[106.89018169932871,-6.1453917993298184],[106.89029989997788,-6.144715399723788]],[[106.85829669963398,-6.1488346994400915],[106.85831809939471,-6.1488132995108735],[106.85837239913933,-6.1487926992440096],[106.85835139969203,-6.1487313997747828],[106.85833059992679,-6.1486276999673413],[106.85829089993544,-6.1484248995210065],[106.85823869997442,-6.1481728993103335],[106.85814059940161,-6.1476797991686327],[106.85807449988589,-6.147269399634756],[106.85798860000621,-6.1467942994345313],[106.85791579920716,-6.1463912992273473],[106.85784949930586,-6.145989099161957],[106.85779389979072,-6.1456646991480879],[106.85765609963548,-6.1449077997348756],[106.85758299978667,-6.14447899924465],[106.85755519927726,-6.1443207991788791],[106.85754779980714,-6.1442772995443313],[106.85753459976512,-6.1442006997861922],[106.85751579977239,-6.1440904992114884],[106.85738929996946,-6.1433756994656683],[106.85728379916159,-6.1428069994560826],[106.85724549973939,-6.1425957995652141],[106.85717339949001,-6.1422454999131473],[106.85715509977854,-6.1421554991813165],[106.85707239962672,-6.1417394993301322],[106.85701849995863,-6.1414306997220844],[106.8569970994873,-6.1413136997587889],[106.85690719946791,-6.1408208992076103],[106.85683729977646,-6.1403983999523568],[106.856827299397,-6.1403401995123517],[106.85681519937768,-6.1402715000201606],[106.85679329938573,-6.1401528995803814],[106.85678369950652,-6.140107299933443],[106.8568931993523,-6.1400843999765948],[106.85799279933786,-6.1398655000122151],[106.85805499927359,-6.1398532993720032],[106.85821879926912,-6.1398200993838188],[106.85829869993795,-6.1398053996287549],[106.85912169990696,-6.1396543994926098],[106.85930879974988,-6.1396200992609833],[106.85959509955019,-6.1395674994235234],[106.85985919995203,-6.1395189992169081],[106.86003119981423,-6.1394874998884124],[106.86060889998666,-6.1393814995560989],[106.86075119985907,-6.1393553998573607],[106.86093999986005,-6.1393206998956575],[106.86112619933515,-6.1392865993391288],[106.86138479947876,-6.1392390995039552],[106.86145619940692,-6.1392259994203195],[106.86167839981162,-6.1391852996794105],[106.86173440002037,-6.1391749999735215],[106.86214539916961,-6.139099599792436],[106.86258959920991,-6.1390179996877823],[106.8626488993693,-6.1390071992604858],[106.86304719948494,-6.138934099441256],[106.86322329982936,-6.1389017992099042],[106.86338359938418,-6.1388722998731771],[106.86573449946559,-6.1384427998100923],[106.86632069965441,-6.1383333999721188],[106.86640079984572,-6.138316299714635],[106.86646489942378,-6.1383026991829528],[106.86652789941122,-6.1382892995816043]],[[106.89027369988217,-6.1447421998436189],[106.89029029968961,-6.1445885995787037],[106.89028249919063,-6.1444925999342184],[106.89031599929372,-6.1444629991913411],[106.89034159929092,-6.1444263993790473],[106.89054109957573,-6.1429135998653246],[106.89057149933141,-6.1427357993719953],[106.89058409940351,-6.1426733997023151],[106.89058890004087,-6.1426424999204716],[106.89060089939375,-6.142552199623057]],[[106.89060089939375,-6.142552199623057],[106.89058969986274,-6.1425268997060636],[106.89057239928771,-6.1425041999689975],[106.89047369943903,-6.1424738993350427],[106.89003299932784,-6.1423380995559613],[106.88783709948461,-6.1416559995829978],[106.8872392991705,-6.1414703997218192],[106.88719859938713,-6.1414576999476562],[106.88715919946641,-6.1414454991907448],[106.88714399948735,-6.1414407997284552],[106.88708390000882,-6.1414220997657312]],[[106.89060089939375,-6.142552199623057],[106.89062459962044,-6.1424615993746574],[106.89064329984872,-6.1423878998645671],[106.89073619983465,-6.1420069996120397],[106.89082769923499,-6.1416707997270708],[106.89083589980044,-6.141582999263024],[106.89086329915727,-6.141471399892187],[106.89088699982018,-6.1413665991876538],[106.89096629926205,-6.1409903997814475],[106.89101979937941,-6.1407296999976628],[106.89111469975474,-6.1403010992250557],[106.89115139991944,-6.140141899139179],[106.89127060001732,-6.1396223995087311],[106.89131829991854,-6.1394209000229916],[106.89136419975385,-6.1392200000221715],[106.89141849997408,-6.1389863991425653],[106.89154499919823,-6.1384076000100807],[106.8917065999856,-6.1377037993945311],[106.89177179914083,-6.1374200994768726],[106.89194959948301,-6.1365775995920213],[106.89196779993142,-6.1364920992266576],[106.89199169994055,-6.1363677991526773],[106.89200019976049,-6.1362938997701315],[106.89202260001261,-6.1360473993020932],[106.89202519957655,-6.1360183996888598],[106.89202659990782,-6.1356596997432176],[106.89202259918115,-6.1354663991886627],[106.89200779921696,-6.1352889999762059],[106.8919876996235,-6.1350862998782603],[106.89196349928055,-6.134936199185316],[106.89193039965261,-6.1345379997800595],[106.89192459980981,-6.1343595994983771],[106.8919473998192,-6.1340288993479737],[106.89196549942045,-6.1338235995745665],[106.89200239961795,-6.1335648998288441],[106.89205879990432,-6.1333381993282732],[106.89214319954448,-6.1331034995216225],[106.89221829930175,-6.1329194998124947],[106.89226069943879,-6.1328167000222242],[106.89244569991286,-6.1323834993201292],[106.89259869987551,-6.1320852997720587],[106.89267479974021,-6.1319369993226518],[106.89270639945985,-6.1318753996782807],[106.89278229995581,-6.1317422994634931],[106.89294379932807,-6.1314592992644732],[106.89312909971184,-6.1310444995615896],[106.89317529957499,-6.130918299830066],[106.89318119951052,-6.1309019999032577],[106.89322749968036,-6.1307583996078749],[106.89337849949497,-6.1301086993968559],[106.89343579977627,-6.1296529993000801],[106.89345169994135,-6.1294600996019701],[106.89346319925087,-6.1293158998833039],[106.89345599997324,-6.1291906998581407],[106.89345439994064,-6.1291539991574036],[106.89343709983589,-6.1288384993882392],[106.8934221991459,-6.1286377999703197],[106.89341489935967,-6.1284476991774888],[106.89341059977048,-6.128337599826108],[106.89340179947133,-6.1280974998539728],[106.89340279948166,-6.1278266994766595],[106.89339459925272,-6.127493899320763],[106.89340659998994,-6.1270380997644205],[106.89339709926733,-6.1263603993338993],[106.89338420001836,-6.1256440994934716],[106.89337889927592,-6.1255617996944984],[106.89336999956333,-6.1252379999865418],[106.89336879979182,-6.1252094993365542],[106.89333249949058,-6.1244748999422125],[106.89332029991652,-6.124226899758499],[106.89331529976876,-6.1241257999659178],[106.89329129972161,-6.1231496995965902],[106.89328839995962,-6.1230493997788313],[106.89327849993222,-6.1227614997961135],[106.89326099933372,-6.1224755994639484],[106.89325109928244,-6.1221773994821129],[106.89324229936177,-6.1220214994542355],[106.89322059998928,-6.12159930001138],[106.89320329997884,-6.1213943992363067],[106.89317769928876,-6.12076359987676],[106.89315909951462,-6.1204044994830413],[106.89313529982682,-6.1199502998391697],[106.89310469988773,-6.1194120994954808],[106.89309849994598,-6.1191909997835587],[106.89309429983815,-6.1191086996671178],[106.89308709938408,-6.1188532994143374],[106.89307869964624,-6.1187072991913061],[106.89306089971045,-6.1183111993053449],[106.89306189968056,-6.1182223999520833],[106.89306029997519,-6.1181910996606446],[106.89305989923263,-6.1180489997214407],[106.89306129956402,-6.1180198000244106],[106.89307619940304,-6.1174542995304817],[106.89307289979791,-6.1172014993791901],[106.89306819951869,-6.116949299986814],[106.89305499957381,-6.1166627993636542],[106.89304409992874,-6.1164097999544191],[106.8930413992846,-6.1163045998363819],[106.89302059958645,-6.1157909999641893],[106.89301169993101,-6.1153286998581899],[106.89300509921607,-6.1152335991913223],[106.89300490002678,-6.1152308992208635],[106.89300159951907,-6.1151556997552783],[106.89298869925545,-6.1148715994333092],[106.89298199990193,-6.1146939997179395],[106.89296299983482,-6.1141368996539445],[106.89296289998498,-6.1140912995748105],[106.89296269996468,-6.1139696994318005],[106.89296149970991,-6.1136283997717253],[106.89296129964197,-6.1131956995252441],[106.89296699918211,-6.1127732992734769],[106.89297229990399,-6.1123324993156292],[106.89298229970457,-6.1120301992633896],[106.8930190992285,-6.1119549995850004],[106.89302179986325,-6.1118829995215069],[106.89303789919511,-6.1112282992489053],[106.89304989961894,-6.110988099524211],[106.89305659943571,-6.1108246991587398],[106.89305959960711,-6.1105595993967663],[106.89303140003588,-6.1104172998532782],[106.89303329943056,-6.1103827992160227],[106.8930447992952,-6.1101761991903407],[106.8928232996663,-6.110177899557816],[106.89279569945057,-6.1101780998075039],[106.89275019923559,-6.1101786994247806],[106.89246549972007,-6.1101684994041774],[106.89195819958046,-6.1101502998506811],[106.88999289999376,-6.1100961994227632],[106.88984689966,-6.1100921992072044],[106.8898071992156,-6.1100911995479885],[106.88966299983529,-6.1100873999963019],[106.88925079930152,-6.1100750994241642],[106.88909289962719,-6.1100681996373147],[106.88883799936747,-6.1100618992034974],[106.88879859969914,-6.1100608993170011],[106.88861289996635,-6.1100569993608289],[106.88829959987268,-6.1100436996037075],[106.88804309929074,-6.1100369993517694],[106.88772809997906,-6.1100241997874241],[106.88664559958606,-6.1099900998356933],[106.88521599976544,-6.1099527999984353],[106.88511969919523,-6.1099505997465702],[106.88485130002323,-6.1099425997200729],[106.88428319976302,-6.1099216999999735],[106.88417409970594,-6.1099174992594554],[106.88406319967496,-6.1099138997306435],[106.88354869949801,-6.109892399978774],[106.88312109963371,-6.1098855996696182],[106.88287379925218,-6.1098816991809262],[106.88278479979145,-6.1099295998000311],[106.88272549930073,-6.1099995995619407],[106.88262939924392,-6.1101573998080738],[106.88252720003182,-6.1102727996920398],[106.88242029974306,-6.1103614993570003],[106.88231469962038,-6.1104272996203521],[106.88228619923247,-6.1104361994898753],[106.88217489998682,-6.1104044991671609],[106.8820964995939,-6.1103551992180085],[106.88197979923835,-6.1102517998043977],[106.8818999995201,-6.1101734996316681],[106.88180589969579,-6.1101063000022595],[106.88169709971061,-6.110034199778088],[106.88159509956114,-6.1100134991711021],[106.88121700003956,-6.1100147997850565],[106.88103319929267,-6.1099847995148853],[106.88089909971814,-6.1098753992450945],[106.88088029929725,-6.1098287991862428],[106.88090089917516,-6.1097553997343308],[106.88097559974484,-6.1096938000212768],[106.88107879973508,-6.109608799772019],[106.88119349968825,-6.1094940995765317],[106.88126319955346,-6.1094593994936259],[106.88131289933128,-6.1094460991542023],[106.88141419919934,-6.109437799927937],[106.88148719915934,-6.1094388997892537],[106.88267339936993,-6.1094853995735008],[106.88288289939142,-6.1095021991581087],[106.88294189984919,-6.1095127998086562],[106.88375430002881,-6.1097412999956449],[106.88390189932613,-6.1097862993898557],[106.88396509983239,-6.1098055993659939],[106.88406489955894,-6.1098270992534145],[106.88417349945041,-6.1098398993114866],[106.88428179923346,-6.1098435992534252],[106.88462579932508,-6.1098553996068414],[106.88716249937418,-6.1099234999262952],[106.88849139944907,-6.1099658995901036],[106.88940289975022,-6.1099969992227905],[106.88976499957506,-6.1100034994201957],[106.8898090992945,-6.1100037991799967],[106.88985099915431,-6.1100039999864642],[106.89193689925581,-6.1100515998758143],[106.89246559939637,-6.1100636998417315],[106.89279829925326,-6.1100688991381995],[106.89282539914767,-6.110069499908577],[106.89288899926635,-6.1100708998148683],[106.89305189940707,-6.1100744997294125],[106.89308269958305,-6.1100818992702033],[106.89310959927506,-6.1100974995597426],[106.89312499990638,-6.110120499154279],[106.8931330997117,-6.1101718991655858],[106.89313069969171,-6.1102728994432303],[106.89312389945474,-6.1105094995407994],[106.89311210003261,-6.1112526993029936],[106.89311108885671,-6.111338663318044],[106.89310729914091,-6.1116609998839966],[106.89310219944024,-6.1119549998075504],[106.89310359925408,-6.1122871000081735],[106.89309979951447,-6.113286999221585],[106.8931048994569,-6.113323199397116],[106.8931320998998,-6.1133805997922135],[106.89318569939923,-6.1134616996745379],[106.89322449973037,-6.1135310996549732],[106.89323559960407,-6.1135742993478353],[106.89323799922229,-6.1136709997773409],[106.89323729917021,-6.1137405995131138],[106.89323169928623,-6.1139438994038056],[106.89323169972423,-6.1140184992901414],[106.89323069935206,-6.1140794998850501],[106.89322989936051,-6.1142269999821375],[106.89323889928701,-6.114623599276924],[106.89324299922916,-6.1147706996517144],[106.89324809996802,-6.1148653996331905],[106.89324829978108,-6.1151555997102678]],[[106.88708390000882,-6.1414220997657312],[106.887051399836,-6.1415301991527578],[106.88687679987233,-6.1421115998033118],[106.88666769994387,-6.1427955998158454],[106.88664779973924,-6.1428585994139473],[106.8864280994879,-6.1435594991975178],[106.88632979990754,-6.1438647996640405],[106.88630189997596,-6.1439491996807831],[106.88627939973259,-6.1440236992441761],[106.88625319917277,-6.1441396994632145],[106.88623919964174,-6.1441962995147854],[106.88622049993685,-6.1442651998659992],[106.88614609964992,-6.1445387998936303],[106.88611279930441,-6.1445656999662459],[106.88609069928837,-6.1446432993413875],[106.88596589933535,-6.145015199556358],[106.88591829924587,-6.1451583996453447],[106.88586789959351,-6.1453061999633443],[106.88581629955183,-6.1454873991264609],[106.88577809927538,-6.1456214992980405],[106.88575089960486,-6.1457069999195397],[106.88564769960547,-6.1460319991984749],[106.88559539929632,-6.1461964994770719],[106.88557759933882,-6.1462525993944856],[106.885540199663,-6.1463795992155505],[106.88550069996957,-6.1464935994063215],[106.88548499965572,-6.1465389994987785],[106.88543709995953,-6.1466771998492593],[106.88540679952592,-6.1467648994551656],[106.88539569942446,-6.1467967997977615],[106.88539359985502,-6.1468577999519995],[106.88539219997317,-6.1469350993848941],[106.88532409953845,-6.147152599474289],[106.88526319981408,-6.1473454994871659],[106.88525099987119,-6.1473841992685108],[106.8852135997147,-6.1475056991916519],[106.8850407999531,-6.1480124992465663],[106.88487699939928,-6.1484841993875605],[106.88487559988528,-6.1484884999214104],[106.88474599913859,-6.1488569995941837],[106.88466399970531,-6.1490958992688585],[106.88460229994993,-6.1492958997026053],[106.88458750000937,-6.1493491997721357],[106.88458859925016,-6.1493842993571786],[106.88460129971358,-6.149404599639281],[106.88462210002619,-6.1494213994313771],[106.88471889958443,-6.1494331996947258],[106.88493489914099,-6.14946059991337],[106.88503019968356,-6.1494740997771808],[106.88540099959957,-6.1495267994263072],[106.88551089998583,-6.1495491996099485],[106.88553749937348,-6.1495596995938593],[106.88567839940494,-6.149590799404991],[106.88599979985075,-6.1496695993393509],[106.88653749928277,-6.1497758996644949],[106.88683729960671,-6.1498523992086849],[106.8874044996944,-6.1500458994313556],[106.88751139930834,-6.1500795997946938],[106.88759379941845,-6.1501073000148443],[106.88760569969621,-6.1501119992954179],[106.88775299944507,-6.1501702996396572],[106.88815729953923,-6.1503301997366515],[106.88819469996821,-6.1503507995417355],[106.88831979961616,-6.150367599309166],[106.88839169954743,-6.150368799880372],[106.88847799935054,-6.1503618999341745],[106.88853109953662,-6.1503405995246547],[106.88856749955299,-6.1502947998126061],[106.88858429995709,-6.1502872993027502],[106.88861529979209,-6.1502660996387508]],[[106.88708390000882,-6.1414220997657312],[106.88700269917904,-6.141396699480107],[106.88695700001338,-6.1413810996453417],[106.88638879925026,-6.141201199746904],[106.88624869946744,-6.1411580995340982],[106.88571890003161,-6.1409950992724145],[106.88570569947188,-6.140990999395135],[106.88565579959102,-6.1409755995822204],[106.88544399953773,-6.1409116997356668],[106.88518929951564,-6.1408320994962828],[106.88416369937318,-6.1405164994720645],[106.88386509981737,-6.1404245993797613],[106.88258469947608,-6.1400305992934117],[106.88250819934528,-6.1400070993504325],[106.88246989942093,-6.1399952993680085],[106.88240349964235,-6.1399748994538808],[106.88132699962848,-6.1396435997430343],[106.88081749992197,-6.1394954995387954],[106.88006399977185,-6.1392549995820245],[106.87993849959422,-6.1392162999408306],[106.87983419968967,-6.1391841993059728],[106.87917619976258,-6.1389817995001712],[106.87907249953122,-6.1389499000166854],[106.87904179946672,-6.1389403994332792],[106.87899779988322,-6.1389268994798813],[106.8781984998495,-6.1386808999524032],[106.87766729940446,-6.1385173996522386],[106.87708539971884,-6.1383383995053622],[106.87700979938397,-6.1383150998111962],[106.8768058999183,-6.1382523996458742],[106.87651419983578,-6.1381625997514995],[106.87644609992122,-6.1381415991399333],[106.87635799937432,-6.1381144996189967]],[[106.86654509987181,-6.1382855994622938],[106.86730849920825,-6.1381438999004763],[106.86827189922771,-6.1379650999686595],[106.86857419914953,-6.1379089996844129],[106.86873809914147,-6.1378778995569094],[106.86898189976453,-6.1378323992893691],[106.86908749986145,-6.1378130993334725],[106.86968599930945,-6.1377015999283158],[106.87005379964883,-6.1376330992631765],[106.87011279970663,-6.1376223995101453],[106.87049429983757,-6.1375509999107054],[106.8708157998075,-6.1375016993423834],[106.87120060000532,-6.1374425996093107],[106.87174039960202,-6.137357299569496],[106.87198519985846,-6.1373178994209505],[106.87207609934998,-6.137306599660155],[106.87218749986137,-6.1372956992419683]],[[106.87632969938286,-6.138106499459786],[106.87608889920945,-6.1380363000268945],[106.87447430000272,-6.1375652998732129],[106.87400359982207,-6.1374718992314765],[106.87381379925431,-6.1374652997915815],[106.87348719965961,-6.1374705994846819],[106.87294679919742,-6.1374772999778902],[106.87237330003198,-6.1374966997097529],[106.87233159968805,-6.1375002994532419],[106.87216860003362,-6.1375005992897549]],[[106.87213979921852,-6.1375017994774099],[106.87150129976504,-6.1376066999199201],[106.87142409943381,-6.1376223992297048],[106.87089389979718,-6.1377168996057563],[106.87028589925586,-6.1378251993400452],[106.87026429971013,-6.1378291997517289],[106.87016299922705,-6.1378475997343802],[106.87011319958856,-6.1378566995543808],[106.86984849951845,-6.1379050997164928],[106.86944919976051,-6.1379761000072417],[106.86878649950773,-6.13809399971825],[106.86861359925304,-6.1381247994820969],[106.86855399930175,-6.1381349993835812],[106.86841069940184,-6.138160199383492],[106.86830379988916,-6.1381801999697396],[106.86786259963573,-6.1382626998496885],[106.86749649940347,-6.1383348994183393],[106.86740159941297,-6.1383500993995721],[106.86709289922862,-6.1384034999574419],[106.86668609940332,-6.1384814992276713],[106.86650519914606,-6.1385165993216644],[106.86587499926168,-6.138637399622664],[106.86578269951026,-6.138656399486945],[106.8655449000224,-6.1387102997772436],[106.86534889932364,-6.1387542993367763],[106.86517909968254,-6.1387853992338046],[106.86511729956655,-6.1388001995780472],[106.86501709938038,-6.1388244999051755],[106.86499489993874,-6.1388292996805403],[106.8644092994919,-6.1389449999968644],[106.8633669992531,-6.1391414998733662],[106.86233159929341,-6.1393366999679824],[106.86080139917181,-6.1395944998976208],[106.86024639934355,-6.1396926991549385],[106.86014209972676,-6.1397111991954745],[106.85994829943918,-6.1397492996740182],[106.85985879967801,-6.1397675999358645],[106.85970849916576,-6.1397982995787883],[106.85917049930423,-6.1398934993290712],[106.85828289919026,-6.1400593994412693],[106.8582427993004,-6.1400669998452084],[106.85810119991471,-6.140095699610173],[106.85794659921754,-6.140126699463619],[106.85741019943409,-6.140230899316184],[106.85693659968001,-6.1403206998714515],[106.85694679943407,-6.1403782992512097],[106.85696929985242,-6.1405053994039633],[106.85698429915149,-6.1406020997003443],[106.85706409942229,-6.1410494994462619],[106.85707519919004,-6.141106899487542],[106.85716149930357,-6.1415513995613331],[106.85727139956059,-6.1421351992903874],[106.85730529940044,-6.1423103999762105],[106.8573620998872,-6.1426185998806835],[106.85738889944001,-6.1427601994986603],[106.85741669921252,-6.1429067992526507],[106.85747439928724,-6.1432114995935274],[106.85748039925485,-6.1432460999342027],[106.85753959927432,-6.1435888999374679],[106.85758650002806,-6.1438602995580487],[106.8576033994748,-6.143958299672164],[106.85761179921361,-6.1440062994529532],[106.8576354994609,-6.1441423998283886],[106.8576556997786,-6.1442606995109745],[106.85768109925949,-6.1444032993970907],[106.85769619952306,-6.1444932994192794],[106.85773069940318,-6.1446730991586094],[106.85774699974145,-6.1447579991597161],[106.85776419967242,-6.1448477992874153],[106.85782979925372,-6.1451893996783244],[106.85790229980979,-6.1455710999295503],[106.85798599965069,-6.1459876997348442],[106.85804489968895,-6.146318699421915],[106.85806619999074,-6.1464401995427522],[106.85812409918883,-6.1467768997718633],[106.85815389999672,-6.1469508992685871],[106.85817379935361,-6.1470666998987147],[106.85819959927605,-6.147217299184077],[106.85820619928569,-6.1472630999299858],[106.85821279929016,-6.1473088997700369],[106.85822129943,-6.1473560998747105],[106.85829509997022,-6.1477676995170327],[106.85830639977696,-6.1478294992823024],[106.85831919999536,-6.147900899618608],[106.85838509992692,-6.148280499548628],[106.85844809949988,-6.1486036999472216],[106.85848999950008,-6.1487703995759366],[106.85853469951975,-6.1488544999533667],[106.85847789988854,-6.1488653991665512],[106.85844870001969,-6.1488780992911014],[106.85843869932714,-6.1488844993591041],[106.85841129992018,-6.1489070991918338],[106.85839659992563,-6.1489259993275329],[106.8583914995347,-6.148935899532094],[106.85830840000236,-6.1491080999804204],[106.858286199993,-6.149155299264093],[106.85818899995438,-6.1493496997635431],[106.85799979974736,-6.1496729998440527],[106.8578627991638,-6.1498958995435284],[106.85774049923285,-6.1500949000000542],[106.85765989997033,-6.1502259995239754],[106.85760849916818,-6.1503038998353281],[106.85750379954483,-6.1504786998250616],[106.85725379928893,-6.1508666996085184],[106.85700499972586,-6.1512529998988468],[106.85682579994509,-6.1515310996864008],[106.8567390992999,-6.15166569962207],[106.85673419998277,-6.1516716000213636],[106.8566698992595,-6.1517480994188753],[106.85658759980839,-6.1518459995665458],[106.8564438000012,-6.1519737998056758],[106.85628489914673,-6.1520731995067877],[106.85603409984631,-6.1521370994043316],[106.85570419980154,-6.1521585995431529],[106.85533349949439,-6.1521696996405515],[106.85522189956284,-6.1521735991505198],[106.85501099958853,-6.1521750000274604],[106.85469809936718,-6.1521686999415444],[106.85469669931955,-6.1521710999284736],[106.854424299977,-6.1522136997988284],[106.85441799965658,-6.1522146999776499],[106.85426779973574,-6.1522377993916582],[106.85410029958,-6.1522591993362141],[106.85263669963621,-6.1524914997995381],[106.85182079976983,-6.1526086993979341],[106.85099459922471,-6.1527267997458583],[106.85042309933155,-6.1528173995062918],[106.84896379971639,-6.1530569996285776],[106.84766109926228,-6.1532627999483065],[106.84659569988141,-6.1534310991765606],[106.84648169982756,-6.1534734991700981],[106.84638409987276,-6.1535357991592399],[106.84636599983223,-6.1535389992124996],[106.84605229992867,-6.1535939994239985],[106.84553059980161,-6.1537165996890408],[106.84546189960029,-6.1537329991412939],[106.84531909935251,-6.1537630996718358],[106.84519119917236,-6.1538032997367234],[106.84511349966607,-6.1538312999608733],[106.84496329950105,-6.153897999489697],[106.84482919988697,-6.1539786995091781],[106.84473549974621,-6.154044999390857],[106.8447151997065,-6.1540593996653996],[106.84462009929436,-6.1541477000185036],[106.84453579921932,-6.1542546991721965],[106.84446769950533,-6.1543347000047461],[106.84445309979465,-6.1543558997969816],[106.84438509957273,-6.1544547991591934],[106.84432049926502,-6.1545540999768473],[106.84424969955674,-6.1546629991383934],[106.84421929924002,-6.1547047997957689],[106.84389059949301,-6.1551564995012882],[106.84383199954905,-6.1552369991443667],[106.84377370000409,-6.1553364997035223],[106.84376339922025,-6.1554107998861811],[106.84376199965916,-6.1554591993188499],[106.8438316992936,-6.1557020996706626],[106.84386259980177,-6.1558217994495754],[106.84390050003014,-6.1559687998466224],[106.84396279919974,-6.1563145999245812],[106.84400659958196,-6.1565343996309041],[106.84411089935243,-6.1569167998011594],[106.84412369989064,-6.156947799194052],[106.84415429951076,-6.1569927995685223],[106.84418599947152,-6.1570288991368587],[106.84426299925843,-6.1570424992803297],[106.84444579919474,-6.1570030000222564],[106.84481589932248,-6.1569102994260696],[106.84634799968258,-6.156526899954831],[106.84675759925418,-6.1564497994182465],[106.84680329933323,-6.1564414992531056],[106.84700349981924,-6.1564380992658307],[106.84725189997478,-6.1563842996805915],[106.84726429975581,-6.1563818995966484],[106.84747519970567,-6.1563373997744426],[106.84750159917854,-6.1563427993677271],[106.84752879929539,-6.1563581998576691],[106.84754659921255,-6.1563773996428193],[106.84755839935575,-6.1564011997904702],[106.84756299966854,-6.1564294995772784],[106.84755859942737,-6.1564582997876469],[106.84754509972322,-6.156484599846042],[106.84751769921641,-6.1565094995613094],[106.84742009973455,-6.1565349000031695],[106.84716459946557,-6.1565953997060774],[106.84701399967651,-6.1566259998623929],[106.84693059955463,-6.1566118996629129],[106.84679919990042,-6.1566365996332459],[106.84621659987444,-6.1567458994156974],[106.84485149968049,-6.1570888991454291],[106.84396549922701,-6.1573260993099934],[106.84385039961521,-6.1573933999671393],[106.8432334995465,-6.1575507995567218],[106.84305349923393,-6.1575966993545208],[106.84303249989573,-6.1576016996014458],[106.8429425996989,-6.1576002000171313],[106.84284729935513,-6.1576063999592021],[106.84276149927636,-6.157619199138006],[106.84271669945622,-6.157628499520519],[106.84078219954355,-6.1581605994308282],[106.84023529944777,-6.1583046992413557],[106.839002099865,-6.1586802993715368],[106.83881349947873,-6.1587378995094415],[106.83755129978478,-6.1591594997056571],[106.83751089947216,-6.1591920000057883],[106.83748089914108,-6.1592076993750959],[106.83742099917487,-6.1592428997891195],[106.83737259994854,-6.1592650993151903],[106.8373239995523,-6.1592907995725632],[106.83722849924902,-6.1593414998153539],[106.8372179998251,-6.1593461996871692],[106.83703289964456,-6.1594195993807457],[106.83699139992223,-6.1594381991255966],[106.83640499970949,-6.1596613992058682],[106.83595909939491,-6.1598366995540461],[106.83567599975024,-6.1599532993223942],[106.83518469994121,-6.1601516996539809],[106.83502969986311,-6.1602130999650404],[106.83475759966298,-6.1603178991573957],[106.834739399649,-6.1603241996462499],[106.83470629950402,-6.160316999689603],[106.83467960002683,-6.1602963995975832],[106.83466449924448,-6.160266299268331],[106.83466379934661,-6.1602326999822559],[106.83467779999498,-6.1602020998884859],[106.83470379967657,-6.1601914994592128],[106.83471869955457,-6.1601851994744941],[106.8348639996364,-6.1601239998939823],[106.83513399965344,-6.1600100992953442],[106.83521469951543,-6.1599768998522082],[106.8360541995454,-6.1596318995523172],[106.836207699206,-6.1595687998319857],[106.83692489987511,-6.1592742996865599],[106.83698449975485,-6.1592505995753264],[106.83718060001475,-6.159172299403143],[106.83719289982656,-6.1591680996686407],[106.83728589957218,-6.1591210997762813],[106.83733159922214,-6.1590969999563292],[106.83731199944846,-6.1590161994651229],[106.83729779957562,-6.1589606998275457],[106.83729209987497,-6.1589377996688182],[106.83712519980418,-6.1582436993134868],[106.83701809972952,-6.1577978993386582],[106.8369511994258,-6.1575460996564351],[106.83686479938696,-6.1572001996169634],[106.8367597999336,-6.1567660994097908],[106.83671659952192,-6.1565988998597474],[106.83664889919703,-6.1563341993885583],[106.83642699919963,-6.1554682999593435],[106.83602189953255,-6.1538896998074435],[106.83572299969087,-6.152725399557883],[106.83550820003306,-6.1518269992590335],[106.83536689933948,-6.1512790991457873],[106.83513689939089,-6.1503411994021215],[106.83511709998747,-6.150268799950835],[106.83485569936563,-6.1493162995101009],[106.8348317998248,-6.1492407992362752],[106.83480769936865,-6.1491644000018679],[106.83466889923167,-6.1487275997009467],[106.83464039934496,-6.1486366999890176],[106.83444719914004,-6.1479379996716075],[106.83434259960323,-6.147516599971139],[106.83429569919473,-6.1472965997938402],[106.83427419961079,-6.1471565993808603],[106.83425139965941,-6.1469792991273442],[106.83424199928226,-6.1468672991492843],[106.83424509963478,-6.146724899616415],[106.83424879970818,-6.1465552996488428],[106.83425679989207,-6.1462912993928844],[106.83427559977396,-6.1461218998715639],[106.83428629963761,-6.1459618998840426],[106.83429029998999,-6.1458271998991112],[106.83429479943969,-6.1457363993341927],[106.83429269994289,-6.1456875993712883],[106.83428729964102,-6.1455678992983227],[106.83424769968471,-6.1453459996460893],[106.83422659923856,-6.1452646993407525],[106.83407759996859,-6.1446042992475984],[106.83403549944829,-6.1444115992779409],[106.8338962995353,-6.1437700996156259],[106.83345619956106,-6.1418237995399174],[106.83343249957903,-6.1417313993729286],[106.8334219999039,-6.1416849998131706],[106.83341289955187,-6.1416517999782405],[106.83340339983251,-6.14160959957914],[106.83332609996265,-6.1412356992173533],[106.83321329984221,-6.1407263995550725],[106.83319350000137,-6.1406144992681222],[106.83318179962373,-6.1405484995467567],[106.83311069916439,-6.1402149997236917],[106.83308139965418,-6.140078299787346],[106.83302789929147,-6.1398283999412335],[106.83285049947085,-6.1390670997596919],[106.83275699968191,-6.1386801992029927],[106.83274479981327,-6.1386294997439848],[106.83267159930416,-6.1382767995455989],[106.83257910000134,-6.1378240997259974],[106.8325654994642,-6.1377639998435312],[106.83246929989417,-6.1373399992915942],[106.83245259922037,-6.1372743999864472],[106.83243510000524,-6.1372058992122227],[106.83238499974827,-6.1370095994680627],[106.83236879943411,-6.1369354992187022],[106.83233969938503,-6.1368027993998187],[106.83231119982817,-6.1366879992299888],[106.83230369986779,-6.1366376995595671],[106.83223659969951,-6.1363203991939788],[106.83216239946526,-6.135967999600239],[106.83211769962749,-6.1357554993044454],[106.83203389938679,-6.1353786999355391],[106.83199369944515,-6.135197699138411],[106.83198299973576,-6.1351507992352241],[106.83196909927395,-6.1350946000172772],[106.83196019933376,-6.1350572998846626],[106.83193669983682,-6.1350288997469109],[106.83190169919558,-6.1350090996655355],[106.83183789999013,-6.1350079996485301],[106.83182679988462,-6.1350104996835899],[106.83157289922687,-6.1350677000263705],[106.83155609983625,-6.1350717991442645],[106.83129109941983,-6.1351228998062357],[106.83084099950617,-6.1352188998236006],[106.83075289993961,-6.135237699542138],[106.8307003994597,-6.1352489000164736],[106.83056729997685,-6.1352772994671048],[106.83024079991917,-6.1353558996951749],[106.83008059990986,-6.1353944994340068],[106.83000799991342,-6.1354118997568383],[106.82943249960906,-6.1355372997681039],[106.82901099970402,-6.13560459987578],[106.82883219988732,-6.1356510993080233],[106.82859239989286,-6.1357207992861351],[106.82829749972426,-6.1358065999049334],[106.82786469982194,-6.1358971995097438],[106.82780949943772,-6.1359087995582016],[106.82742259981065,-6.1359679992754881],[106.82705639945424,-6.136023399280738],[106.82671669927473,-6.13607589935941],[106.82598829958781,-6.1361892994872189],[106.82579289940367,-6.13622059940284],[106.82574769974525,-6.136226799774553],[106.82541109966321,-6.1362798997510106],[106.82535279962291,-6.1362890996118624],[106.82486500000485,-6.1363660995031024],[106.82484689971251,-6.1363688999561461],[106.82452409967313,-6.1364194993505823],[106.82389999966806,-6.1365220999794579],[106.82365419961549,-6.1365622998209037],[106.82336979967604,-6.1366038996014423],[106.8230886995734,-6.1366382997967674],[106.82260619961194,-6.136708099694288],[106.8224951994671,-6.136724199451514],[106.82203079936626,-6.1367953993041677],[106.82183149926017,-6.1368271994327435],[106.82148589989798,-6.1368788991874013],[106.82141459969552,-6.1368932994215459],[106.82140819921734,-6.1368945997064817],[106.82135869922112,-6.136904499803852],[106.82130899935041,-6.136914599494907],[106.82127549982231,-6.1369212995096909],[106.82099699994141,-6.1369737996258538],[106.8206636998619,-6.1370526999499084],[106.82033739930603,-6.1371183997009551],[106.81994309932701,-6.1372011997374134],[106.81910659920894,-6.1373840996581182],[106.81896099951206,-6.1374169993504335],[106.81854659948669,-6.137510399577276],[106.81809429998785,-6.1376013992760621],[106.81794509934501,-6.137628199608792],[106.81775780003457,-6.1376619992547061],[106.8177405994673,-6.1376650993325628],[106.81755049917443,-6.1376872996635568],[106.81742089981839,-6.13769809983991],[106.81736859932057,-6.1377013995655751],[106.81721409966514,-6.1377034992345267],[106.81707999987303,-6.1377044997393027],[106.81703239950824,-6.1377066993619431],[106.81682280000504,-6.1377478991761336],[106.81647229943046,-6.1378317996515213],[106.81495569974084,-6.1382341994031417],[106.81463709914664,-6.138321299966524],[106.81408389931116,-6.1384763998543423],[106.81404349915866,-6.13847819959493],[106.81397579973567,-6.1384812998473297],[106.81393799987687,-6.1384735995700037],[106.81390589954439,-6.1384629992471984],[106.81386939920969,-6.1384516995363763],[106.81381429952864,-6.1384273992421381],[106.81377649941707,-6.1384011993917982],[106.81370529985493,-6.138188399218576],[106.81368829970101,-6.1381329997516803],[106.8136744000066,-6.1380874996093455],[106.81350609981561,-6.1375382993673231],[106.81348329958969,-6.1374637997022514],[106.81342059961108,-6.1372590992136349],[106.81338539914586,-6.1371440998411],[106.81322050003372,-6.1366060996566629],[106.813186499346,-6.1365626992534965],[106.81313829949582,-6.1365430998033874],[106.81308419967183,-6.1365461999311828],[106.81302909952679,-6.1365574998463996],[106.81231049977174,-6.1367478999833986],[106.81224749917153,-6.1367638993947047],[106.81222289987373,-6.1367709991299186],[106.81195659999176,-6.1368414991488773],[106.81189079969,-6.1368448991724076],[106.81183949924116,-6.1368353998682963],[106.81176489971567,-6.1367771996629124],[106.81172159983475,-6.1367257996600202],[106.81168969927054,-6.1366667993927226],[106.81166769968328,-6.1365863997766201],[106.81167649962715,-6.1365326995162599],[106.81167389924285,-6.136463299632009],[106.8116314993312,-6.1362538996757614],[106.81144099995518,-6.135456199654941],[106.81140909989831,-6.1353306993956789],[106.81138119969819,-6.135223299997258],[106.81136019995111,-6.1351756998048597],[106.81129709940366,-6.1350999998724705],[106.81123479943851,-6.1348458992029338],[106.81113619991457,-6.1344966999553456],[106.81108879993107,-6.1343288992162162],[106.81106629960655,-6.1342568992618984],[106.81102980000965,-6.1342103993981656],[106.81098659959619,-6.134188099148453],[106.8108949992571,-6.134166600005317],[106.80996509974173,-6.1344424997009437]],[[106.81725559973887,-6.1376141998565226],[106.81729099993753,-6.1376300999222497],[106.817364999719,-6.137640199714907],[106.81774339918337,-6.1375939995982129],[106.8177524998801,-6.137592699222842],[106.81793769928869,-6.1375624999269585],[106.81808179971256,-6.1375410995084314],[106.8180977993505,-6.1375386997158561],[106.81865689953476,-6.1374288991301018],[106.81895029997827,-6.1373711992563242],[106.82008259961935,-6.13711969925426],[106.82078999994489,-6.1369626997369275],[106.82122069941762,-6.1368669992877534],[106.82130469967379,-6.1368529998187267],[106.82138099914162,-6.1368401992650403],[106.82182379981057,-6.136766299431005],[106.82186569963535,-6.136759299546001],[106.82190959975094,-6.136752899553688],[106.82259889988192,-6.1366523991966071],[106.82272539943284,-6.1366339997645998],[106.82286299916237,-6.1366098996504945],[106.82332599991003,-6.1365289993850398],[106.82341029930902,-6.1365142996724913],[106.82364359966547,-6.1364799997830692],[106.8238863998163,-6.1364395995032668],[106.82504089934653,-6.1362586000247319],[106.82533779941544,-6.1362174993306366],[106.82539989981292,-6.1362087991852627],[106.82578299921752,-6.136155799240087],[106.82598039916493,-6.136128399459861],[106.82704919954088,-6.1359713994223677],[106.82819709997521,-6.1357451993866334],[106.82820589928241,-6.1357434993288846],[106.82857289991905,-6.1356505997817354],[106.82873029932587,-6.1356107993156082],[106.82903639947725,-6.1355332994459806],[106.82939909979086,-6.1354415000190201],[106.82961389969253,-6.135364099332314],[106.8300232996455,-6.1352165992887278],[106.83021859927624,-6.1351518999844803],[106.83042319964309,-6.1350873993906445],[106.83069029978616,-6.1349960996413939],[106.8307343000191,-6.1349836994661038],[106.83120079941871,-6.1348696992903342],[106.83141229919761,-6.1348167997403484],[106.83150879922209,-6.1347932993473977],[106.83176179945701,-6.1347316997346226],[106.83177149991211,-6.1347290996019517],[106.83182789988317,-6.1347180999907014],[106.83187829965087,-6.1347128994701148],[106.83192899975424,-6.134706499887093],[106.83194790002192,-6.134781399289075],[106.83198439915176,-6.1349177999788811],[106.83202819982193,-6.1350778993643571],[106.83204509944891,-6.1351377999509999],[106.83206859954821,-6.1352279993775021],[106.83214989955955,-6.13557579963188],[106.832215499942,-6.1358560992139433],[106.83234109921781,-6.1364454999868228],[106.83241349995816,-6.1367853991408197],[106.8324432993759,-6.1369191996488839],[106.83246969943607,-6.137037399439409],[106.83250250003204,-6.1371915995434732],[106.83263939984818,-6.1378354992081112],[106.83269839939719,-6.1381448993422767],[106.83271209958923,-6.138216699763908],[106.83273039957002,-6.1383124992484577],[106.83281819920296,-6.1386749000145713],[106.83285999938111,-6.1388472991255627],[106.8329777996495,-6.1393175995049614],[106.83298069965473,-6.1393305997032375],[106.83308689927895,-6.1398143992339316],[106.83315239984178,-6.1400998995043432],[106.8333119993259,-6.1408810996762027],[106.83347399993175,-6.1416741993541502],[106.83348159934604,-6.1417077994568476],[106.83349889940096,-6.1417543999399413],[106.83352319927577,-6.1418446994567093],[106.83362059921802,-6.1422448991675207],[106.83371209936649,-6.1426521996024315],[106.83392959993803,-6.1436617000161844],[106.83409069945775,-6.1444007994656387],[106.83413309966976,-6.1445899992532453],[106.83423279999907,-6.145010699956428],[106.8343032995852,-6.1453429995994844],[106.83432859997841,-6.1455648994884529],[106.83433419961979,-6.1456881992844918],[106.8343379996995,-6.1458963997034308],[106.83432879952484,-6.1461763997682857],[106.83432699963159,-6.1465000992458965],[106.8343221993658,-6.1467309000047781],[106.83431889962732,-6.1468883998722319],[106.83432289985791,-6.1471293993119493],[106.83433899915711,-6.1473044991946262],[106.83438239969082,-6.1475080997683902],[106.83466889935808,-6.1485847994544818],[106.83470759980128,-6.1487258998775278],[106.83479009968835,-6.1489854997000704],[106.83484110003302,-6.149151699227402],[106.83486309951199,-6.1492323995848333],[106.83492669948809,-6.1493943993388305],[106.83508059921286,-6.1499417999903354],[106.83515559963895,-6.1502587995583982],[106.83542710002843,-6.1513374996855594],[106.83705989944853,-6.1577874994136872],[106.83729999949365,-6.1587657994428557],[106.83734359941344,-6.1589483999751522],[106.83735799974662,-6.1590085996990549],[106.83736300000807,-6.1590295998877496],[106.83737379930429,-6.1590747991873682],[106.83739099980876,-6.1590657995096203],[106.83744459947579,-6.1590376995476026],[106.83748009970938,-6.159019899840267],[106.83751529960217,-6.1590250996161382],[106.83762599916791,-6.1590178999076555],[106.83776629967372,-6.1589787000139511],[106.83877679964847,-6.1586401994939983],[106.83896869940156,-6.1585815997461024],[106.84021239964935,-6.1582234998657395],[106.8407647998477,-6.15806059975242],[106.84277509947965,-6.1575113999080697],[106.84292930002846,-6.1574846997927652],[106.84356069941015,-6.1573245994311874],[106.84381989944454,-6.1572517999278915],[106.8438671995076,-6.1572253993716624],[106.84391439939728,-6.1571717991306238],[106.84396879958389,-6.1570823997703608],[106.84397619945157,-6.1570017994343242],[106.8439554993642,-6.1569117997512146],[106.8438548994875,-6.1565413000283655],[106.84381669953684,-6.1563089998284157],[106.84373729917168,-6.1560152998870477],[106.84369489949665,-6.1558641992443492],[106.84365969999598,-6.1557387999663398],[106.84359890003702,-6.1554042993808782],[106.84361550001138,-6.1553233996210324],[106.84364699934845,-6.1552604991740729],[106.84395809968795,-6.1547815997282562],[106.844068299938,-6.1546603998086358],[106.84447879935097,-6.1540732998253738],[106.84453909913984,-6.1539869995046939],[106.84463689916225,-6.1538704997560183],[106.84472189967305,-6.153773299351367],[106.84480499981427,-6.1536913994664584],[106.84496789941683,-6.1535661999835289],[106.84502359916947,-6.1535310000007186],[106.84509399947359,-6.1534862997748796],[106.84523669941949,-6.1534095998778291],[106.8452612991662,-6.153396399930755],[106.84536089989258,-6.1533653999322011],[106.8454474993701,-6.1533446999054977],[106.84556170003103,-6.1533226991979095],[106.84567079985661,-6.1533047993184393],[106.84586779995864,-6.1532818992760623],[106.84619629958682,-6.1532445995191916],[106.84649949981043,-6.1532093997407751]],[[106.87221619996004,-6.1372935997697375],[106.87242239926751,-6.1372805991814525],[106.87294440002141,-6.1372631997321054],[106.87317739920192,-6.1372585995893081],[106.87343359991928,-6.1372565998518587],[106.87358109972031,-6.1372598999909398],[106.87368579922901,-6.1372598996745076],[106.87394789954369,-6.1372645995972634],[106.87406059974748,-6.137267899379327],[106.87429590002073,-6.1373132993064461],[106.87455339965184,-6.137367899777848],[106.87525079941521,-6.1375738997975908],[106.87536109944854,-6.137608199268314],[106.87544519930697,-6.1376340996418675],[106.87547389989798,-6.1376429998939246],[106.87555899935558,-6.137669299990514],[106.87638469985205,-6.1379240995370132],[106.87658980002259,-6.1379873996752252],[106.87677909961489,-6.1380459993042535],[106.87698149985255,-6.1381082997012264],[106.8771917999354,-6.138173199759736],[106.87775399933159,-6.1383467997598684],[106.87811149962273,-6.1384570991997203],[106.87833889994241,-6.1385257994266293],[106.87869099982193,-6.1386359998218962],[106.87875499948235,-6.1386556998679129],[106.87889659928874,-6.1386993993296279],[106.87909659966878,-6.1387611999748906],[106.87917569952141,-6.1387854996844027],[106.88327159949651,-6.1400431996735216],[106.88427179935942,-6.1403505993880199],[106.8844303995803,-6.140399399906082],[106.88452769946467,-6.1404285992318357],[106.88533259969834,-6.1406766998478757],[106.88558409952478,-6.1407535997822684],[106.88633719926113,-6.1409840993528837],[106.88700719927516,-6.141205999463982],[106.88702379953935,-6.1412114995847045],[106.88706039928569,-6.1412252997215813],[106.88713599942018,-6.1412478997360846],[106.88712329986998,-6.1412908995559254],[106.88709949954476,-6.1413724994074341],[106.88708390000882,-6.1414220997657312]],[[106.80711689976991,-6.1352418991272017],[106.80706659946767,-6.1352685994898488],[106.80704029987587,-6.1352973997389073],[106.80696469918419,-6.1353960998390535],[106.80692609970421,-6.1354708995191203],[106.80689519978088,-6.1355409000199019],[106.80686609915948,-6.1356221000129088],[106.80683209941051,-6.1357214997086649],[106.80684639970981,-6.1357825996771451],[106.80685879978383,-6.1358306993593761],[106.80686509969341,-6.1358552999599318],[106.80688540001394,-6.1359460993398134],[106.80687770004188,-6.1359665996944326],[106.80686919929374,-6.1359834995743876],[106.80685459951299,-6.1360002997779617],[106.80682529942901,-6.1360171993311807],[106.80677679925093,-6.1360255992320445],[106.8065461991942,-6.1360492994177793],[106.80366619940041,-6.1363222991801463],[106.80354879957015,-6.1363331995479546],[106.80308019949697,-6.1363808997105931],[106.80302579918808,-6.1363970997017043],[106.80287519990443,-6.1364159998714971],[106.80272359952671,-6.1364396991840255],[106.80269789916925,-6.136418699181478],[106.80262459987622,-6.1364237996814213],[106.7971140993134,-6.1369321996067265],[106.79669909950476,-6.136968799154106],[106.79448539950415,-6.1371713999321758],[106.79436799955792,-6.1371838997152048],[106.79426479963378,-6.1371919999992324],[106.79336779943604,-6.1372930999977973],[106.7933300997923,-6.1373016000240295],[106.79330269947097,-6.1373113992292785],[106.79328609992078,-6.1373208991240604],[106.79327189916077,-6.1373312996954841],[106.79325679982747,-6.1373425993321398],[106.79324199916464,-6.1373437999521592],[106.7932293997125,-6.1373448991629704],[106.79287059918791,-6.1373639995821483],[106.79286230003098,-6.1372713992515218],[106.79285759990634,-6.1372492993609367],[106.79285169938176,-6.1371588999344144],[106.79277130002608,-6.1358071996972923],[106.79273969924422,-6.1354183998753378],[106.79272869983065,-6.1352978997688403],[106.79271169993478,-6.1350983996981432],[106.79270099926416,-6.1349723992935417],[106.79264879919725,-6.1344657997117187],[106.79263869944876,-6.1343081993841766],[106.79262799973294,-6.1341756996286456],[106.79265029988993,-6.1339783998869928],[106.79260889967541,-6.1336000997042204],[106.79259179953459,-6.1334445997232496],[106.7925799997045,-6.1333361994515876],[106.79257369986232,-6.1332786994487574],[106.79256039947336,-6.1331572991988272],[106.79254209933373,-6.1329905993766749],[106.79253599971686,-6.1329164995386609],[106.79251079951788,-6.1326039992019439],[106.79250989966665,-6.1325771992464428],[106.79246949948894,-6.1320507997868265],[106.79250949977079,-6.1318967995578344],[106.79206599967746,-6.1271232995810259],[106.79205719947929,-6.1270004998598901],[106.79205170000128,-6.126923399652223],[106.7920419999619,-6.1268290000063468],[106.792002399746,-6.1265364994601539],[106.79197029932105,-6.1262558992259191],[106.79195510001198,-6.1261152992345291],[106.79194179949015,-6.1259919991428511],[106.79192879927602,-6.1259199992245597],[106.7919142000089,-6.1258736999982357],[106.79189979961214,-6.1258249994696081],[106.79186080002225,-6.125721699183746],[106.79184899974375,-6.1256903992922229],[106.79182779918096,-6.125570299297344],[106.7918108992635,-6.1254557999645893],[106.79179589926814,-6.1252551997583469],[106.79178749951639,-6.1240717994917757],[106.79178879992509,-6.1237375991515766],[106.79176479975172,-6.1222266998074968],[106.79174529987728,-6.1196991993748382],[106.79174489976525,-6.1196411994436204],[106.79173560000535,-6.1188223996449373],[106.79171149964249,-6.1177929993530542],[106.7917099993489,-6.1177303998413386],[106.79165169919628,-6.1176949999099692],[106.79160209922927,-6.1176755995749206],[106.79115539998377,-6.1176795998933509],[106.79042459978659,-6.1176860997247031],[106.79036119996911,-6.1176840000037425],[106.78984389936929,-6.1176878991769756],[106.78904729969871,-6.1176939998096147],[106.78725149947452,-6.1177075998123218],[106.78661789921691,-6.117721599461678],[106.78629140002779,-6.1177282998904037],[106.78469069958207,-6.1177661999145707],[106.78463239922746,-6.1177627995074984],[106.78457929954585,-6.1177506997158133],[106.78457219938814,-6.1177169994956904],[106.7845754997397,-6.1175795994834292],[106.78458069938871,-6.1175469000193949],[106.78461269927659,-6.1172871997592599],[106.7846483991998,-6.1170546999022477],[106.78465679958501,-6.1170037991793835],[106.78466749994453,-6.1169155999387446],[106.78481179951859,-6.1160240998937576],[106.78483809914225,-6.1158792994750621],[106.7848543999764,-6.1158481997238328],[106.78487889959889,-6.1158336999917839],[106.7849125996329,-6.1158144995146664],[106.78496059948317,-6.1157973998840065],[106.78506319914059,-6.1157781991836568],[106.78518309930517,-6.1157740998190828],[106.78551419932464,-6.1157687992727574],[106.7855252994563,-6.1158002998270273],[106.78557369957612,-6.1157992998340109],[106.78680809962094,-6.1157771995136665],[106.7877146997749,-6.1157662991265047],[106.78792059969722,-6.1157640992550242],[106.79012700003581,-6.1157442994736346],[106.79051909949654,-6.1157394996353123],[106.79120909959697,-6.1157309998888163],[106.79141179957948,-6.1157263996811331],[106.79164839916683,-6.1157300998392223],[106.79207479921773,-6.1157238995933429],[106.79278289930974,-6.1157075993677061],[106.79418489947417,-6.1156629997432397],[106.7941940995495,-6.1156706998527079],[106.79420399934526,-6.1156790992775392],[106.79422709973881,-6.1157134998523404],[106.79424219960676,-6.115763199858379],[106.79424079967887,-6.11579849966542],[106.79423069944288,-6.1159302000182292],[106.7942204998396,-6.1160618997982272],[106.79412649951274,-6.1170445993300433],[106.7941169995369,-6.1171579995554],[106.7940811997567,-6.117528299847117],[106.79406819949817,-6.1176143997466603],[106.79406019999119,-6.1176356993994494],[106.79401439980568,-6.1176469993018179],[106.79396709939235,-6.1176515996263632],[106.79359430001361,-6.1176536000251067],[106.79289829915831,-6.1176609996635261],[106.79243559923674,-6.1176595994733693],[106.79224849969518,-6.1176655994346012],[106.79219599974267,-6.1176924998930584],[106.79215300002116,-6.1177230993394032],[106.79212529980927,-6.1177678996075304],[106.7921085995944,-6.117847099344714],[106.79211789971129,-6.1183821000050953],[106.79214039948582,-6.119607199814924],[106.79214089983009,-6.1196358999332992],[106.79214469961033,-6.1199224991773473],[106.79217359980579,-6.1221146993157101],[106.79217489983641,-6.1222138993787993],[106.79222429932584,-6.1222133998236563],[106.79222549975245,-6.1222940995289994],[106.79223299937831,-6.1228055997663402],[106.79223849930609,-6.1232580999660762],[106.79224490001099,-6.1237189998113424],[106.79226269927432,-6.1246158993832438],[106.79224759999002,-6.1249561993105317],[106.79224689981501,-6.1249726995498754],[106.79227159932474,-6.1251109991602481],[106.79229179928804,-6.12516239919856],[106.79230879972731,-6.1251883994018348],[106.79231659966838,-6.1252003999999891],[106.79235609952802,-6.1252223999108413],[106.79240859968313,-6.125227599874016],[106.79243749956332,-6.1252146999206181],[106.79249929916915,-6.1251871994166152],[106.7927323997602,-6.1250785998561295],[106.79276369964184,-6.1250566996731646],[106.79320069922635,-6.1248746995828842],[106.79332439957165,-6.1248164999753234],[106.79339759986802,-6.1247909993221894],[106.79349179986907,-6.124763099238355],[106.7935740995286,-6.1247461995569257],[106.79433119957562,-6.1247269993481916],[106.79438889920304,-6.1247269998084546],[106.79455409966458,-6.1247214993516588],[106.79466049992536,-6.124716999426191],[106.79490519951159,-6.124720299174327],[106.79522569969784,-6.1247282991637793],[106.79528209986795,-6.1247270994931728],[106.79544369979534,-6.1247235991337021],[106.79558649976445,-6.1247362996659342],[106.79575819955498,-6.1247710000137383],[106.79591909985832,-6.1248135993078883],[106.79649029941943,-6.124980499612839],[106.79659639995073,-6.1250111995308218],[106.79667679915651,-6.1250362999723205],[106.79682010001873,-6.1250809995678708],[106.79689789939211,-6.1251052994304978],[106.79703939938422,-6.1251430996895628],[106.79710469988119,-6.125161199772605],[106.79737789988469,-6.1252366991488767],[106.79745069917074,-6.1252636993120237],[106.79756949934207,-6.1252677000108342],[106.79773559993579,-6.1252655997972054],[106.7977832999959,-6.1252649995548305],[106.7979830993679,-6.1252549994129586],[106.79804069970295,-6.1252544997814384],[106.79813879957598,-6.1252512991649999],[106.79863719957457,-6.1252403997048948],[106.79891639917966,-6.1252355996523624],[106.79921389958832,-6.1252225994504101],[106.79938219997253,-6.1252194994546008],[106.79970159994447,-6.1252146997440917],[106.79994819986592,-6.1252101993403443],[106.8004262997671,-6.1251989992644802],[106.8005051995836,-6.1252014993911805],[106.80061109972833,-6.1252042000058866],[106.80085699943251,-6.1252147996737003],[106.8010958996299,-6.1252131999163613],[106.80165129990959,-6.1251917994067888],[106.8018870997977,-6.1251826995327772],[106.80222909965426,-6.1251649992050803],[106.802385599446,-6.1251557993987955],[106.80246219995504,-6.1251533999393644],[106.80253659987341,-6.1251509997253031],[106.80268750000816,-6.1251461994460197],[106.80299489980352,-6.1251407997716623],[106.80301289916927,-6.1251396994420784],[106.80327259938346,-6.1251228999400329],[106.80332479945314,-6.1251194991857183],[106.80350899970857,-6.1251075991458732],[106.80352259947642,-6.1251066998602246],[106.80376449987153,-6.1250909997992631],[106.80384449928161,-6.1250857992958236],[106.80386799916572,-6.12508549963135],[106.80389099983175,-6.1250852993004354],[106.80398489939867,-6.1251231998219513],[106.80401969944378,-6.1251403997472904],[106.80404869939923,-6.1251751992903793],[106.8040827998818,-6.1253111999529422],[106.80414089941713,-6.1255376994946582],[106.8042538995069,-6.1258455999687929],[106.80433989991543,-6.1261017994190343],[106.80435619957555,-6.1261494991875294],[106.80439129987148,-6.1262721994559231],[106.80455559955628,-6.1268454993697894],[106.8045892992693,-6.1269701998519031],[106.80460209995381,-6.1270333991861978],[106.80465379939994,-6.1272406997885982],[106.80470719970319,-6.1274481999047747],[106.80481539955736,-6.1278684993168877],[106.804835699742,-6.1279514994735438],[106.80486149947555,-6.1280521995500914],[106.80488219969413,-6.1281630997318661],[106.80489299953479,-6.1282133994233865],[106.80492019962122,-6.1283401995298936],[106.80495109966617,-6.1284206991695305],[106.80502039997481,-6.1286637995046913],[106.80504079953558,-6.1287327997811865],[106.80506229936846,-6.1288205998090959],[106.8051421992372,-6.1291295994612431],[106.80516490003158,-6.1292174994098216],[106.80527159957337,-6.129606899378377],[106.80543259964759,-6.1301823994471425],[106.80550149958566,-6.1304786996068046],[106.80557149991211,-6.1307808994562141],[106.80569529925869,-6.1311734993002922],[106.80572639990422,-6.131282899522466],[106.80572829952131,-6.1312900994804025],[106.80574179973866,-6.131341199248566],[106.80578979999106,-6.131551899919903],[106.80580809920957,-6.1316199993813276],[106.80582429997081,-6.1316805993620971],[106.80583369951775,-6.1317154999906149],[106.80598789953474,-6.1323203994038451],[106.80596969942459,-6.1323665995468195],[106.80598099939128,-6.1324354992767454],[106.80602169922587,-6.1325756998081644],[106.80611099915839,-6.1329356000313622],[106.80622850003282,-6.1333816996580159],[106.80626649931357,-6.1335117995306314],[106.80668489954539,-6.135118799130769],[106.80670479939729,-6.1351550992179682],[106.80674369975732,-6.1351832996964646],[106.8067844991488,-6.1352278992959164],[106.80682189939485,-6.1352537991590772],[106.80690199990156,-6.1352632000150606],[106.80698989931327,-6.1352567992263349],[106.80706319973783,-6.1352499992177956],[106.80711689976991,-6.1352418991272017]],[[106.80996509974173,-6.1344424997009437],[106.80960250003714,-6.1345499992875174],[106.80906329990891,-6.1347062991763419],[106.80895839976044,-6.1347366996011434],[106.80870619917863,-6.1348080995946352],[106.80793429995917,-6.135018799906879],[106.80772529927064,-6.1350759999082847],[106.8073421997486,-6.1351807997154877],[106.80715689918203,-6.1352294997609871],[106.80711689976991,-6.1352418991272017]],[[106.80996509974173,-6.1344424997009437],[106.80989749957899,-6.1341942991961202],[106.8098656000188,-6.1340771000244594],[106.80984629919472,-6.1339939993368731],[106.80970319927998,-6.1334549998602386],[106.80964619997327,-6.1332368998744808],[106.80962169916565,-6.1331429999750533],[106.80960629939604,-6.1330845992334337],[106.80956829964671,-6.1329408999920663],[106.80954859931936,-6.1328659997568016],[106.80947139942735,-6.1325737995507108],[106.8093951998645,-6.1322853998342959],[106.80924899952117,-6.131731499509999],[106.80918529982145,-6.1314595995155488],[106.80919930002246,-6.1314037993472921],[106.80922019998272,-6.1313576000085419],[106.80925979951719,-6.1313118999309122],[106.80963529940195,-6.131208199488924],[106.81016629991859,-6.1310690991286476],[106.81019869996089,-6.1310679995845732],[106.81023269948149,-6.1310774998015267],[106.8103124995461,-6.1313148993523505],[106.81034039952374,-6.1314100996963212],[106.81048729927967,-6.1319538991385167],[106.81056580002873,-6.132244399328342],[106.81065149930645,-6.1325582998219152],[106.81067709928287,-6.1326520991661395],[106.81070649933753,-6.1327596997739633],[106.81094870002501,-6.1337246996220776],[106.81097989989813,-6.1338491995996778],[106.81101349971443,-6.133973599232422],[106.81104799971629,-6.1340544991829162],[106.81106969934059,-6.1340851996681636],[106.81108999957279,-6.1341024994725677],[106.8111147993754,-6.1341210996424467],[106.81117819939823,-6.1341712997582833],[106.81122939918068,-6.1342018995600744],[106.81132309928736,-6.134174799839216],[106.8115227993454,-6.1341169998866674],[106.81163299931214,-6.1340836994823142],[106.81181549951029,-6.1340508995051621],[106.81211939945433,-6.1339598996795681],[106.81245559943589,-6.1338603995873058],[106.81289969952175,-6.1337207997991445],[106.81406219990713,-6.1333551998359752],[106.81443369991126,-6.1332276996239505],[106.81449219944732,-6.1332223991503358],[106.81452019979277,-6.1332406998644586],[106.81454569924718,-6.1332449996593486],[106.81455809928688,-6.1332704998718972],[106.81457579931089,-6.1333298997780163],[106.81466729952975,-6.1336372998648745],[106.81468699949409,-6.133703600026835],[106.81478179950611,-6.1340220994538495],[106.8149680993926,-6.1346476994682098],[106.81502829969523,-6.13484999944564],[106.81512809915071,-6.1351851991317661],[106.8152073994965,-6.1354517993327073],[106.81545589915699,-6.1362866993271901],[106.8154913992491,-6.1364137998940631],[106.81550069938665,-6.1364972992964351],[106.81548879917514,-6.136580799160356],[106.81548099996249,-6.1366038994053556],[106.81537919982236,-6.1367111992951839],[106.8153127996578,-6.1367438999397583],[106.81505699985235,-6.1368213993954024],[106.81481399976744,-6.1368897999836243],[106.81463569941015,-6.1369424997566373],[106.81453289983413,-6.1369728996071213],[106.81445079984182,-6.1369991993427018],[106.81434369936167,-6.1370346997621592],[106.81423839997738,-6.1370679996147475],[106.81419489967737,-6.1370911991567976],[106.81409899999882,-6.13717259942303],[106.81406389929012,-6.1371901998257998],[106.81391409997237,-6.1372390992883874],[106.81378359932594,-6.1372836999411264],[106.81367569999688,-6.137322899258816],[106.81362979942318,-6.1373583992511227],[106.81362249963269,-6.1373715997222273],[106.81358439996829,-6.1374402992499189],[106.81358159969994,-6.1374886996384204],[106.8135861992816,-6.1375224995480417],[106.81367629990628,-6.1378153995788711],[106.81377230000142,-6.1381203992222577],[106.81382849984419,-6.1382957999212326],[106.81386279997886,-6.1383106994111092],[106.81390109995657,-6.1383182994463867],[106.81395079931302,-6.1383249991581925],[106.81401129935229,-6.1383257995393254],[106.81409259953101,-6.1383254995465917],[106.81418269963424,-6.138319099936826],[106.81445849920301,-6.138266399648491],[106.81449270003266,-6.1382612998420143],[106.8145214994708,-6.1382542996772216],[106.816790699679,-6.1376852996290943]],[[106.89324829970499,-6.115217199840111],[106.8932488998141,-6.1152213992724027],[106.89325169974822,-6.1153270999264047],[106.89327989940905,-6.1157292995875006],[106.89329099991754,-6.1159538991501012],[106.89331219954336,-6.1163104995318704],[106.89331649964666,-6.1164096995288508],[106.89333449933103,-6.1166744991426336],[106.89334609986628,-6.116912799194167],[106.89335599956891,-6.1170640996315564],[106.8933612995059,-6.1171362993076626],[106.89339679969812,-6.1172200993327479],[106.89341169917624,-6.1172907995435963],[106.8934285000098,-6.1174204991823729],[106.89345459979137,-6.1180560996012181],[106.89346449951965,-6.1182727993309207],[106.89345349944021,-6.1184206997328809],[106.89345539962576,-6.1184790997169873],[106.89346569997429,-6.1185765995338945],[106.89348819963988,-6.1187110999332006],[106.89352479945914,-6.1188795996840089],[106.89354659957402,-6.1189777994264212],[106.89355379952802,-6.1190238997422499],[106.89356479919505,-6.1192201999251559],[106.89358489949461,-6.1197288997312409],[106.89358219997517,-6.1199834993975424],[106.89356369963271,-6.1202464991343373],[106.89350899949291,-6.1206118995300729],[106.89360179933855,-6.1230601993896681],[106.89366699970411,-6.1246882999348413],[106.89375129958232,-6.125997299131404],[106.89381599950001,-6.126969599885582],[106.89393659991788,-6.1281717998460561],[106.89395059961994,-6.1284578994591232],[106.8939603992079,-6.1286569993185873],[106.89396429946363,-6.1288786991470463],[106.89388139952337,-6.1299740993150911],[106.89385729961096,-6.1300267992012172],[106.89386799955152,-6.1300997997589999],[106.89384359980244,-6.1301939999041242],[106.89377069940114,-6.1305054992853991],[106.89369769966311,-6.1308438999572292],[106.89362179960121,-6.1311513991879227],[106.89351929966696,-6.1315073992966411],[106.89345519967173,-6.1317321993057226],[106.89336529960968,-6.1320475996242347],[106.89327249951515,-6.1323728997153273],[106.89310629988924,-6.133076999967761],[106.89302919974979,-6.1335308994932403],[106.89300909983648,-6.1336491997590326],[106.89299739960019,-6.133814499284866],[106.89296559964208,-6.1342642993664747],[106.89292729984371,-6.1343158994196951],[106.89290909996505,-6.1343684998278496],[106.89288249994337,-6.1345838999080797],[106.89281519994455,-6.1349724993635721],[106.89275579959757,-6.1352005992562741],[106.89258919952896,-6.135970799383303],[106.89209979954052,-6.137992199747619],[106.89178529992446,-6.1393440000153392],[106.89140569971588,-6.1410267995098939],[106.8912869992588,-6.1415221993222513],[106.89116969984906,-6.142032199736243],[106.89105239968093,-6.1424811000245505],[106.89102669952366,-6.1425867992918839],[106.89097049986687,-6.1428181999739557],[106.89093439965026,-6.142975899815287],[106.8905584998498,-6.1445451998964646],[106.89055689949544,-6.1446207991384636],[106.89054059917137,-6.1448000994947298],[106.89044590002905,-6.1452094993913384],[106.89035279924461,-6.1456120999266295],[106.89030479938155,-6.1458005999502978],[106.89026039968685,-6.1459003998577098],[106.89011959967912,-6.1464937995461391],[106.89004019957794,-6.146906299980607],[106.88997039930908,-6.1472020994723637],[106.88986229954916,-6.1476846993043299],[106.88974249961156,-6.1479605991562787],[106.88971989961696,-6.1480176997825735],[106.88966099973496,-6.1482010992674816],[106.88922139961419,-6.1493011998642872],[106.88906089988421,-6.1496785999957604],[106.88873989998682,-6.1503504993729186],[106.88872349929824,-6.150365799422568],[106.88868379933088,-6.1503703999454196],[106.88864989958736,-6.1503542000230151],[106.88861489919381,-6.1503227999077943],[106.88860789938792,-6.1502821996735832],[106.88861529979209,-6.1502660996387508]]]},"properties":{"OBJECTID":770,"ID":"BRT_12","LINE":"12","NAME":"Pluit - Tanjung Priok","MODE":"BRT","CLASS":"Koridor Utama","STATUS":"Eksisting","COLOR":"#77bb79","SOURCE":"TransJakarta; RTRW DKI Jakarta","REMARK":"Tidak Ada"}},{"type":"Feature","id":781,"geometry":{"type":"MultiLineString","coordinates":[[[106.79132870003869,-6.241966399897807],[106.79121719937736,-6.2419735996031012],[106.79113729921146,-6.2419850996888897],[106.79104719924828,-6.2419823998115707],[106.79074399968633,-6.2419383999330655],[106.79039469918465,-6.2418876992803058],[106.79030119992233,-6.2418604991426294],[106.79021699933558,-6.241814699826012]],[[106.79132870003869,-6.241966399897807],[106.79163679971114,-6.2419989999031911],[106.7918098991539,-6.2419936999221921],[106.79200169955725,-6.2419601996673935],[106.79223109950082,-6.2419007992458786],[106.79261489939729,-6.2417770996596849],[106.79270179990195,-6.2417375999296594],[106.79278089979087,-6.2416868994359405],[106.79286669957645,-6.2416175995644032],[106.7929447998856,-6.241533099369704],[106.79300489932854,-6.2414429993506948],[106.79307309962448,-6.2413245995751385],[106.79316279931936,-6.2411498996035322],[106.7933838991632,-6.2407054992228153],[106.79348629985053,-6.2405070997095562],[106.79360519923381,-6.2403497999462392],[106.79377629961832,-6.2401862995522466],[106.79391819973381,-6.2400857993688099],[106.79406299914857,-6.2400056995271642],[106.79425059971129,-6.2399368999387175],[106.79447349962562,-6.2398967991952352],[106.79469889920996,-6.2398809998387783],[106.79609119991571,-6.2398830994225145],[106.79778519934385,-6.2398830993774661]],[[106.79021699933558,-6.241814699826012],[106.79031219976937,-6.2417973999116025],[106.79040739985324,-6.2417940995572598],[106.79075779975547,-6.2418388993561589],[106.79105659998241,-6.2418770993648662],[106.79117069989276,-6.2419104998182506],[106.79132870003869,-6.241966399897807]],[[106.82745719992914,-6.2400463998242284],[106.82978959938852,-6.2400723992199225],[106.8299150993528,-6.2400764993313],[106.8301138995444,-6.2401017997280608],[106.83030969966502,-6.2401178996830486],[106.83062619983268,-6.2400929999023624],[106.83086069956703,-6.2400869992004235],[106.83106769941651,-6.240035299621657],[106.83115669979499,-6.2400001000249556],[106.8312093998772,-6.2399735999896455],[106.83130129944381,-6.2399260999097192],[106.83134149935202,-6.2399074996711343],[106.83138689918569,-6.2398961996931011],[106.83142739937081,-6.2398958997093095],[106.83146550000269,-6.2399078993461403],[106.83149899999955,-6.2399261998678908],[106.83152629933113,-6.2399523999866542],[106.83155369935056,-6.2399924995513558],[106.83156429934584,-6.2400308998434291],[106.83156209976734,-6.2400770997177561],[106.83154509978499,-6.2401119992217984],[106.83151659969461,-6.2401315994827709],[106.83145079953029,-6.2401529994783331],[106.83122849989367,-6.2402134993586769],[106.83088929983671,-6.2402109998137227],[106.83074289930406,-6.2402084997565836],[106.83061609943769,-6.2402062995134493],[106.83047839946927,-6.2401960999588892],[106.83036099927851,-6.2401928995161917],[106.82849109997709,-6.2401928995462086],[106.8280401999415,-6.240191999417565],[106.82790879966355,-6.240168599909417],[106.82761709955425,-6.2400832992865665],[106.82755139948219,-6.2400650993890849],[106.82745719992914,-6.2400463998242284]],[[106.79778519934385,-6.2398830993774661],[106.79787409938119,-6.2398684997796208],[106.79797139976448,-6.2398424995365831],[106.79804699943539,-6.2398339997549641],[106.79840429995068,-6.2398338999438501],[106.79876269960032,-6.2398349996072522],[106.79887819978451,-6.2398485991540849],[106.79903879943846,-6.2398770992936718]],[[106.79903879943846,-6.2398770992936718],[106.79886849974189,-6.2399215991820265],[106.79877659925467,-6.2399396993507441],[106.79841390001502,-6.2399360998594045],[106.79805349999107,-6.2399355999532302],[106.79796869987969,-6.2399249000138708],[106.79787569962467,-6.2398973993420386],[106.79778519934385,-6.2398830993774661]],[[106.79903879943846,-6.2398770992936718],[106.80040599986489,-6.23988479957685],[106.80114869924638,-6.2398812995703326],[106.80301909958301,-6.2398693995892112],[106.80432089947605,-6.2398817992533191],[106.80454659940415,-6.2398844997407039],[106.80479289943619,-6.2398805995246454],[106.80499419921402,-6.2398746996760437],[106.8050890992486,-6.2398645992634583],[106.80519339995001,-6.2398444998013263],[106.80537749976256,-6.2397913998592154],[106.80553769928214,-6.23973819916122],[106.80579509921657,-6.2396450999129307],[106.80648429956504,-6.2393725999955354],[106.80673869975799,-6.2392930996247564],[106.80683599979392,-6.2392664993257352]],[[106.78597419987923,-6.2394063996229239],[106.78605370003039,-6.2394141999294011],[106.78614019938556,-6.239428999340185],[106.7862389996061,-6.2394551995637455],[106.78629929993429,-6.2394845991814334],[106.78635729967758,-6.2395216994591118],[106.78642979966992,-6.2395776996920285],[106.78669259982389,-6.2398256995901757],[106.78706519972728,-6.2402270998158409],[106.78725549953342,-6.2404417997978889],[106.78738299954634,-6.240576399863647],[106.78747839927725,-6.2406455992881993],[106.78757629964166,-6.2407135993782852],[106.78777719955445,-6.2407883991658171],[106.78795719971829,-6.2408161994513804],[106.78872329919986,-6.2409001998733933],[106.78884399966699,-6.2409152993896555],[106.78895769957059,-6.2409349996737902],[106.78910689979692,-6.2409749995394845],[106.78924199986552,-6.2410242998561474],[106.78933979948816,-6.2410739999649367],[106.78943749936343,-6.241137699966897],[106.78956079922295,-6.2412349994457514],[106.78966549926581,-6.2413322997172767],[106.78972989917665,-6.241398899553892],[106.78979429944032,-6.2414655997401089],[106.78985409928811,-6.24154149941225],[106.78991379919795,-6.2416174997800509],[106.78998389919123,-6.241683399328994],[106.79006809966721,-6.2417493992038482],[106.7901378998631,-6.2417889995661424],[106.79021699933558,-6.241814699826012]],[[106.78597419987923,-6.2394063996229239],[106.78583519916816,-6.2394297994963859],[106.78573519961495,-6.2394421996055387],[106.78564379960585,-6.239449099274526],[106.78556649937802,-6.2394454995599622],[106.78511989919154,-6.239425799404672],[106.78506089983448,-6.2394200995346836],[106.78493099921275,-6.2393936997670156],[106.78489069980404,-6.239376999378865],[106.78479659930453,-6.2393118999528783]],[[106.80683599979392,-6.2392664993257352],[106.80705659935644,-6.2391997995567703],[106.8071599996841,-6.2391822996622057],[106.80780359986149,-6.2391578995006114],[106.80806779925437,-6.2391457996803892],[106.80815999983422,-6.239150399174787],[106.80825219924735,-6.2391651996258082]],[[106.78479659930453,-6.2393118999528783],[106.78490429955409,-6.2393193996174858],[106.78494959930659,-6.2393264995183042],[106.78509679940821,-6.2393541996501112],[106.7851546998111,-6.2393576997300881],[106.78556539982127,-6.2393715991297425],[106.78580469999466,-6.2393709993214337],[106.78588059933075,-6.239380899640012],[106.78597419987923,-6.2394063996229239]],[[106.80825219924735,-6.2391651996258082],[106.80816139986888,-6.2391976993266978],[106.80809669997041,-6.2392094994984326],[106.80780419923704,-6.2392288991994942],[106.80707789972512,-6.2392659993813844],[106.80701039981393,-6.2392701994422559],[106.80683599979392,-6.2392664993257352]],[[106.80825219924735,-6.2391651996258082],[106.80925659949996,-6.2391157996397322],[106.81199649951002,-6.2389670993306359],[106.8134431996744,-6.2387611997571897],[106.81365919925317,-6.2387346995732935],[106.81381279925176,-6.2387266994013357],[106.81396569979704,-6.2387212993005727],[106.81417989960165,-6.2387381993479378],[106.81540029997426,-6.2389150992805344]],[[106.81540029997426,-6.2389150992805344],[106.81553449927259,-6.2388827996902041],[106.81568689922668,-6.238881099797827],[106.81596459960851,-6.2388784000235304],[106.81626189980054,-6.2388452991698236],[106.81650059930878,-6.2388026993560928],[106.81661049925822,-6.2388007994811572],[106.81672819934597,-6.2388200991399252]],[[106.81672819934597,-6.2388200991399252],[106.81662279937487,-6.2388616995007826],[106.81652589961809,-6.2388913995845074],[106.81628319983082,-6.2389417999940671],[106.81596909949893,-6.2389668998665622],[106.81566849957193,-6.2389737998440777],[106.81550209942114,-6.2389558993135514],[106.81540029997426,-6.2389150992805344]],[[106.81672819934597,-6.2388200991399252],[106.8169482999576,-6.2387999995392205],[106.81708169944901,-6.2388025999626109],[106.8172184999236,-6.2388059996617464],[106.81736799996769,-6.238827299801784],[106.81753119948678,-6.2388684996585377],[106.81780389996294,-6.2389710993949175],[106.81816489989542,-6.2391843998761756],[106.81977349927735,-6.2402236994180527],[106.82015499974098,-6.240461699794257],[106.82026949940153,-6.2405177995692513],[106.82034659939845,-6.240545099522846],[106.82045109969091,-6.2405721998452233],[106.82055429961338,-6.2405913994362701],[106.82075389998748,-6.240592299702441],[106.82091949931174,-6.2405763000010372],[106.8215638992515,-6.2404742999260634],[106.82219329976917,-6.2403727995113769],[106.82311089919345,-6.2402006991649053],[106.82396119923587,-6.2400469998651422],[106.82425959941935,-6.2400179991993605],[106.82443799946263,-6.2400178992234672],[106.82537949989732,-6.2400256998462833],[106.82745719992914,-6.2400463998242284]],[[106.77819099980215,-6.2382900991941472],[106.77839079968629,-6.2382678993723859],[106.77856779962907,-6.2382549992615042],[106.77885269921005,-6.2382553998247898],[106.78006359932705,-6.2382891993784195],[106.78024109929223,-6.2383117993345349],[106.78035139929756,-6.2383463998851134],[106.7804539995327,-6.238394499841303],[106.78055229985797,-6.2384586999349141],[106.78067239973515,-6.2385282993957647],[106.78078789962193,-6.2385962994824355],[106.78086720001549,-6.2386302994336438],[106.78098119957519,-6.2386689995905975],[106.78108169965628,-6.2386896994541452],[106.7811863991958,-6.238697999438366],[106.7819930991694,-6.2387566998726554],[106.78235379978716,-6.2387919997655681],[106.78292309950734,-6.2388579995611382],[106.78316179952667,-6.2388965998354093],[106.7832832000081,-6.2389239999838191],[106.78342399918994,-6.2389679996020124],[106.7837599997785,-6.2390905996735802],[106.78395909983557,-6.2391538996790974],[106.78424209929477,-6.2392072992755878],[106.78446069969192,-6.239237899774241],[106.78462699916102,-6.2392692994898784],[106.78479659930453,-6.2393118999528783]],[[106.77819099980215,-6.2382900991941472],[106.77808279930441,-6.2383373994546654],[106.7780068991532,-6.2383730992467648],[106.77789489935891,-6.2383815996878669],[106.77761459999874,-6.2383789000081853],[106.77747720003838,-6.2383763997333164],[106.77731959934212,-6.2383535996615924],[106.7771852991434,-6.2383222992403642],[106.77710119933818,-6.2382727997359808],[106.77704159999074,-6.2382139992773453]],[[106.77704159999074,-6.2382139992773453],[106.77717979955911,-6.2382416996431518],[106.77730719945004,-6.2382601991412052],[106.77760429915055,-6.2382790997566335],[106.77819099980215,-6.2382900991941472]],[[106.77181069930536,-6.2380535991295725],[106.77173749993749,-6.2380859995595719],[106.77164789993989,-6.2380984994722741],[106.77125789967211,-6.238083999298456],[106.77090299919506,-6.238069999299789],[106.77080779958595,-6.2380619998070195],[106.77075559921497,-6.2380451998475204],[106.7706993000036,-6.2380188996701396]],[[106.77181069930536,-6.2380535991295725],[106.77229119938639,-6.2380703994068982],[106.7726890992809,-6.2380829996259575],[106.77431279988043,-6.2381421992848356],[106.77443219983067,-6.2381448993843431],[106.77455289944078,-6.2381288998851412],[106.77464519991389,-6.2380913992815019],[106.77474869961331,-6.2380115996420678],[106.77517649953955,-6.2375622992344306],[106.77525289977197,-6.2374836994094416],[106.77532639937581,-6.2374267992384249],[106.77543439989293,-6.237363499522468],[106.77554369951488,-6.2373234992881192],[106.77566499935446,-6.2373081992294486],[106.77578839946443,-6.2373050996347006],[106.77590919960829,-6.2373101998924616],[106.77601949938179,-6.2373380995845107],[106.77612269921399,-6.2373751998836857],[106.77622989964905,-6.2374196992747493],[106.77632769980562,-6.2374889999024115],[106.77642550003638,-6.2375770996604238],[106.77672309982592,-6.2379344996729174],[106.77675810003981,-6.2379751997697124],[106.77680679954318,-6.2380269996793798],[106.77686930000394,-6.2380894994073675],[106.77695959975445,-6.2381643995289737],[106.77704159999074,-6.2382139992773453]],[[106.7706993000036,-6.2380188996701396],[106.77076429917798,-6.2379887991871739],[106.77083310003648,-6.237975499506013],[106.77089639969194,-6.2379709998998978],[106.77125669950462,-6.2379806000118938],[106.77163039928982,-6.2379931992482947],[106.77172929971924,-6.2380137997249925],[106.77181069930536,-6.2380535991295725]],[[106.76600629976893,-6.2378377996063445],[106.76876039938278,-6.2379446993547658],[106.76959239949313,-6.237984599545479],[106.7706993000036,-6.2380188996701396]],[[106.76600629976893,-6.2378377996063445],[106.76590579966847,-6.237869199470758],[106.76579819948161,-6.2378795995228806],[106.7653349994123,-6.2378610995285806],[106.76510679929787,-6.2378467993157747],[106.76497579939802,-6.237823199131916],[106.7648615992569,-6.2377805995876265]],[[106.7648615992569,-6.2377805995876265],[106.76497540003101,-6.237761899172944],[106.76512039967443,-6.2377489995416768],[106.7653407995974,-6.2377571999332488],[106.76579819996385,-6.2377795993150587],[106.76590059921661,-6.2377961998981233],[106.76600629976893,-6.2378377996063445]],[[106.76119099957002,-6.237558599644589],[106.76203559924672,-6.2376181997216573],[106.76247029924235,-6.237658300026367],[106.76252689924581,-6.2376702993207598],[106.76258229964596,-6.2376942995915803],[106.76263049955739,-6.2377193999497349],[106.76267999951031,-6.2377511997178923],[106.76298899937359,-6.2379894992191387],[106.76313929952772,-6.23808199979121],[106.76326839994795,-6.2381192991413483],[106.76337519979802,-6.2381315995626174],[106.76348529974752,-6.2381182999697016],[106.7635932997229,-6.2380811997246246],[106.76369029969842,-6.2380243993492108],[106.76389489923015,-6.2378758997273227],[106.76400359953132,-6.237817499483028],[106.76412289915095,-6.2377713997620914],[106.76422079962646,-6.2377582991302729],[106.76431459971215,-6.2377524991840874],[106.76443649945406,-6.23775709927994],[106.7648615992569,-6.2377805995876265]],[[106.76119099957002,-6.237558599644589],[106.76110039933558,-6.2375777994925317],[106.76102079930027,-6.2375853995916675],[106.76065939994591,-6.2375621994923902],[106.76030039923369,-6.2375426992633614],[106.76020740000112,-6.2375258997477294],[106.7601028995806,-6.2374823995065842]],[[106.7601028995806,-6.2374823995065842],[106.76021849951272,-6.2374684999265941],[106.76030949984188,-6.2374670999630224],[106.76066009930541,-6.2374890994703192],[106.76100699966055,-6.2375170996463263],[106.76108759947408,-6.2375301997674404],[106.76119099957002,-6.237558599644589]],[[106.75330839978649,-6.2366799996085263],[106.75321989936576,-6.2367150997823062],[106.75301259966632,-6.2367449999901927],[106.75273589949821,-6.2367420993810008],[106.75243389998242,-6.23672119951088],[106.752181999217,-6.2366850994887395],[106.75145309954434,-6.2366292992168733],[106.75119189963306,-6.2366142994739011],[106.75090629973535,-6.2366115992607627],[106.75073939981826,-6.2366132995015953],[106.75066199993866,-6.2366152999991522],[106.7505530991475,-6.2366225998302864]],[[106.75330839978649,-6.2366799996085263],[106.75365309996432,-6.2366265991582335],[106.75413859972097,-6.2364985992151558],[106.75444379924554,-6.2363892996971266]],[[106.75002409943264,-6.2365985998508986],[106.74941829976754,-6.2365828999946009],[106.74899769971981,-6.2365710994110506],[106.74888109956254,-6.2365677999894515],[106.74836919938461,-6.2365477996473846],[106.74817259953677,-6.2365461996041374],[106.7480817991938,-6.236536099734213],[106.74781959967873,-6.2365052996114239],[106.74772039996542,-6.2364930999300476],[106.74770609952432,-6.2364915993585246],[106.74758559948894,-6.2364792994082476],[106.74747130003297,-6.2364637996581855],[106.74723009981946,-6.2364347000236071],[106.74707739975848,-6.2364086994285524],[106.74696299985544,-6.2363805997157424],[106.74691109985834,-6.236374199985816],[106.74680199954379,-6.2363605997672789],[106.74677289976609,-6.236359199772739],[106.74657920002912,-6.2363495998836749],[106.74653699968968,-6.2363474991340002],[106.74641619990686,-6.236342099929165],[106.74612949989634,-6.2363497991475674],[106.74604879959658,-6.2363595996806618],[106.74594010001651,-6.2363769997371188],[106.7458811999589,-6.2363866999788362],[106.74576609962715,-6.2364057994302389],[106.74555249981604,-6.2364391997779691],[106.74516589970422,-6.2365013998589678],[106.74512339974433,-6.2365026998255457],[106.74470899988472,-6.2365011995242305],[106.74445289950079,-6.2364936998086948],[106.74402399958603,-6.2364811993043272],[106.74398349957455,-6.2364795999839062],[106.74363899995532,-6.2364533994764164],[106.74354479975673,-6.2364436997605521],[106.74338649961182,-6.2364262993628081],[106.74325799957128,-6.2364102995019497],[106.74314609966423,-6.2363815992756582],[106.74309569990612,-6.2363629999818464],[106.74307059973722,-6.2363485993388128],[106.74303739916633,-6.2363295995385419],[106.74296179989068,-6.2362842999040797],[106.74287829920279,-6.2362267996251202],[106.7427324995618,-6.236129899949332],[106.74266219994591,-6.2360777993251695],[106.74239619945068,-6.2359098000144009],[106.74199559977882,-6.2356394997503397],[106.74186519968015,-6.2355703995109684],[106.74175969956609,-6.2355349992472009],[106.74146099939598,-6.2354735993205184],[106.74108279994935,-6.2353957999216059],[106.7409162997449,-6.2353615992499316],[106.74033109975937,-6.2353012996221224],[106.73998909968118,-6.2352547994481169],[106.7399301998301,-6.2352467999269789],[106.73957969929778,-6.2351836999331249],[106.73946929942504,-6.2351543997761665],[106.7393907997487,-6.2351303997029461],[106.7392754995726,-6.2350790998603776],[106.73917009928562,-6.235023499422371],[106.73910389936675,-6.2349811999018794],[106.73906629914448,-6.2349557998052898],[106.73895629991576,-6.2348530994773421],[106.73888130001991,-6.234765799961381],[106.73870149930643,-6.2343431998273866],[106.73867469959735,-6.2342889991774202],[106.73864789990952,-6.2342454999054784],[106.73861239979237,-6.2342044996408559],[106.73855799932186,-6.2341518991532343],[106.73849059993188,-6.2341085997880077],[106.73839659984495,-6.2340651991639655],[106.73831129990154,-6.2340332000051522],[106.73823849935575,-6.2340105996164707],[106.73669929934505,-6.2336652995946507],[106.73638539928855,-6.2335964992870903],[106.73563399954722,-6.2334004992999086],[106.73506589972899,-6.2332336996103965],[106.73460379952363,-6.2330954998434533],[106.73449780003143,-6.2330654994764716],[106.73408139969381,-6.2329841000201487],[106.73325189940398,-6.2328227992039187],[106.73289679941227,-6.2327518000224185],[106.73281759936236,-6.2327358992605282],[106.73258999999908,-6.2326903992602842],[106.73256059954434,-6.2326840994443042],[106.73221939950142,-6.2326114997269002],[106.73209089958128,-6.232583799824023],[106.7312846998405,-6.2324074994140579],[106.73120640003913,-6.2323913992114353],[106.73093729970682,-6.2323307995050383],[106.73032399968831,-6.2321793992430718],[106.72979419931843,-6.2320563997344589],[106.72949629932485,-6.2319907993120243],[106.72908479987767,-6.2318907000154482],[106.72842609943376,-6.2317169997757098],[106.72789459975507,-6.2315704993855938],[106.7277533996461,-6.2315345997532434],[106.7276103995919,-6.2314950999459571],[106.72735329926502,-6.2314267992009711],[106.72713899999677,-6.2313646994302028],[106.72707169931664,-6.2313534995529558],[106.72694279925194,-6.2313382000275341],[106.72690049996324,-6.2313375998016696],[106.72684799937767,-6.2313419998682482],[106.72673419982266,-6.2313614994946356],[106.72663479973605,-6.2313859993123781],[106.72655989931566,-6.2314049999035142],[106.72614309977956,-6.2315107992248393],[106.7259643996553,-6.2315368994754294],[106.72585979960611,-6.2315481991888131],[106.72574379938068,-6.2315534996120929],[106.72547539946488,-6.2315298997828545],[106.72539309945982,-6.2315214994062673],[106.72533439967673,-6.2315129991958935],[106.72528909987484,-6.2315041992384517],[106.72522389957373,-6.2314878996730929],[106.7251891992037,-6.2314761995522128],[106.7251502991456,-6.2314614993977626],[106.72511639941506,-6.2314464998636652],[106.72507389997645,-6.2314241997409088],[106.72504439948324,-6.2314068999377836],[106.72500549998813,-6.2313801998443727],[106.72497729927036,-6.2313574993882819],[106.72493439990401,-6.231317599895732],[106.72490889984215,-6.2312895999991822],[106.72488679931506,-6.231260299560577],[106.7248673998897,-6.2312321992326156],[106.72484729974403,-6.231197599840252],[106.72483249917256,-6.2311668992974134],[106.72481999974106,-6.2311374996359863],[106.72480969951994,-6.2311088993464825],[106.72476579954316,-6.2309844999880815],[106.72465249952708,-6.2306691995692489],[106.72456959966941,-6.2304349996793933],[106.72455979953935,-6.2304161995045053],[106.72454949951813,-6.2304036997666987],[106.72453539939656,-6.2303948998761216],[106.7245199994539,-6.2303889995481736],[106.72450689970374,-6.2303865991729745],[106.72448919927255,-6.2303842997462286],[106.72447109973328,-6.2303842992495664],[106.72445269918897,-6.2303861995033838],[106.72443039924185,-6.2303909996876179],[106.72441359978309,-6.2303950991990016],[106.72424869950039,-6.2304497994096453],[106.72409009953677,-6.2305093997604679],[106.72404839955701,-6.2304941995711367],[106.72400959922936,-6.2304792991447373],[106.7239725997173,-6.2304690993046936],[106.72394209946354,-6.2304665993671868],[106.72390309966617,-6.2304644997469483],[106.72373689924244,-6.2304566997252548],[106.72336699980156,-6.2304393991425036],[106.72336199923285,-6.23041829918344],[106.72335589915856,-6.2303869995714063],[106.72335459939276,-6.2303661000110608],[106.72335249947646,-6.2303372992619126],[106.72335269984833,-6.2302139997794743],[106.72335760002827,-6.2300486991924755],[106.72335929953327,-6.2300289996812399],[106.72336199942271,-6.2300109995528334],[106.72336729960315,-6.2299909998261152],[106.72337479976032,-6.2299736992540788],[106.72338409999692,-6.2299569995295618],[106.72340149935796,-6.2299309996395547],[106.7234131992838,-6.2299158997825801],[106.72350699940959,-6.2298039996173298],[106.72351219951562,-6.2297956999520769],[106.7235168993855,-6.2297863991397815],[106.72351959979876,-6.229777699836494],[106.72352079964375,-6.229767699743042],[106.72351889959802,-6.2297563995581271],[106.72351409950633,-6.2297443999380233],[106.72350479980669,-6.2297343997886889],[106.72349670002721,-6.2297290994839161],[106.72348039972809,-6.2297238992166779],[106.72331779992271,-6.2296846998719859],[106.72325079965255,-6.2296696998043037],[106.72305979915379,-6.2296275992760775],[106.72290219944192,-6.2296015995654619],[106.72243709944084,-6.2295140996380862],[106.72231619998357,-6.2294965998460157],[106.72202759986621,-6.2294583992032182],[106.72149719928294,-6.2293910993947623],[106.72142399961089,-6.2293638996371099],[106.72110959932668,-6.2292470998557183],[106.72057689980218,-6.2290137992401489],[106.72045379928338,-6.2289457998423456],[106.72031569933721,-6.2288391991899204],[106.72012380001578,-6.2286821997681985],[106.72000919991002,-6.228588499791389],[106.71992939994358,-6.2285335995984363],[106.7198245991749,-6.228455999873872],[106.71960889970761,-6.2282805999532806],[106.719530599565,-6.2282211998904833],[106.71942379921474,-6.2281618999253059],[106.71930039991641,-6.2280938993243646],[106.71921520001037,-6.228053899201913],[106.71902649931064,-6.227974199965038],[106.71894869949598,-6.2279457994812297],[106.71875289982741,-6.227877599662718],[106.71870219960736,-6.2278598991555469],[106.71847409994409,-6.2277830994669419],[106.71840159995216,-6.2277672991743636],[106.71835229956305,-6.2277565999985596],[106.71803559938863,-6.2277251994987806],[106.71791879936097,-6.2277211997427555],[106.71785199928303,-6.2277198999423966],[106.71761199964789,-6.2277150995006103],[106.71754099960015,-6.2277131993710286],[106.71730139953475,-6.2277067997187698],[106.71687299984306,-6.2276952996299624],[106.71671079991937,-6.227689999663915],[106.71655219932887,-6.227676199971671],[106.71602939969482,-6.2275484995309718],[106.71563609919083,-6.2274417994682718],[106.71547429916706,-6.2273873992328754],[106.71478509999717,-6.2271571999722033],[106.71464499928265,-6.2271046992252392],[106.71415789968331,-6.2269073998766329],[106.71403359969493,-6.2268593000183232],[106.71369879947407,-6.226729899327478],[106.71316759974053,-6.2265200991747056],[106.7126709997539,-6.2263118995957356],[106.71252799959733,-6.2262506998686291],[106.71248519973071,-6.2262271995377967],[106.7124178996518,-6.2261900995460637],[106.71230089958208,-6.2261036995540051],[106.71209870003565,-6.2259074997888115],[106.71163269925417,-6.2254254999054224],[106.71131919949217,-6.2250954994067103],[106.71126389950429,-6.2250495992335431],[106.71103879920103,-6.2249355995928353],[106.71081299985988,-6.224862999466561],[106.71065299995749,-6.2248320996894151],[106.71061949928828,-6.224826300022162],[106.71053229957231,-6.224817799829375],[106.71027150002965,-6.2247880991321853],[106.70971309914874,-6.2247428998793755],[106.70912029930543,-6.2247010991669018],[106.70898869964086,-6.2247042994051505],[106.70885529953969,-6.2247215996584373],[106.70884339958519,-6.2246469994992344],[106.7088243996397,-6.2245285997616371],[106.70882119976818,-6.224480699541485],[106.70885529939559,-6.2242605992691713],[106.70886889963518,-6.2241961994551724],[106.70895929937879,-6.2238053992428828],[106.70900899977791,-6.22360729991619],[106.70904719973394,-6.2234553996160118],[106.70905219922459,-6.2234363991477117],[106.7091290996365,-6.2231473991641604],[106.70919099964743,-6.2229217998363513],[106.70921689929676,-6.2228274998664075],[106.70930519963034,-6.2226750992211235],[106.70943749992715,-6.2224915998683867],[106.70967619966842,-6.2221500992392365],[106.70990739977904,-6.2218192999992272],[106.70924169990685,-6.2213625994160768],[106.70935359976109,-6.2211154994144415],[106.70943609957645,-6.2210026993177889],[106.70953289932592,-6.2208603000228209],[106.70961039971293,-6.2207642994915657],[106.70973019989377,-6.2206297992322268],[106.70980769987747,-6.2205800997207534],[106.71024769960204,-6.2208718994376504],[106.71033049972557,-6.2209643997510131],[106.71036330000442,-6.2210305997100628],[106.71038559946862,-6.2210932999443376],[106.71039539940712,-6.2211592000281728],[106.71039190003798,-6.2212114992741725],[106.7103807996539,-6.2212505996983287],[106.71036149926172,-6.2213189992685836],[106.71021739967576,-6.22153709922876],[106.70999049936481,-6.2218760995183873],[106.7097624000122,-6.2222148993143636],[106.70947599921958,-6.2226198992427468],[106.70930789946718,-6.2228743997147156],[106.7092783997209,-6.2229263997570223],[106.70926719969316,-6.2229729992798131],[106.7091407994894,-6.2234580995797515],[106.70913599923648,-6.2234763995323314],[106.70909739944911,-6.2236356995248361],[106.70904999956589,-6.2238309991432361],[106.70897359976004,-6.2242049995738737]],[[106.75444379924554,-6.2363892996971266],[106.7545169998244,-6.2363260996178065],[106.75457829965666,-6.2362808994263261],[106.75479319947127,-6.2361674996739369],[106.755158699736,-6.2359588997356141],[106.75524039950997,-6.2359207991903727],[106.75531279964056,-6.2358948993399315],[106.75537379939172,-6.2358746996044818]],[[106.75537379939172,-6.2358746996044818],[106.75533379946835,-6.2359233996107228],[106.75526689930176,-6.2359777998332468],[106.75518149944139,-6.2360351994388221],[106.75483220004033,-6.2362317999708852],[106.75461359973231,-6.2363507991666287],[106.75454119978141,-6.2363737991567954],[106.75444379924554,-6.2363892996971266]],[[106.75537379939172,-6.2358746996044818],[106.75559669938492,-6.2357461998356314],[106.755714099889,-6.2356941992797656],[106.75583559982748,-6.2356668997275975],[106.75598099984794,-6.2356769998730641],[106.75608779998545,-6.2357006000220547],[106.75629339957136,-6.2357614994119785],[106.75729299994133,-6.2361341998944981],[106.75744919981491,-6.2362010992450214],[106.75758379985433,-6.2362858997129251],[106.75772329918932,-6.2363926993975358],[106.75784719984841,-6.2365161993049405],[106.75800369946958,-6.2367060992374936],[106.75837269969423,-6.2371457991264023],[106.75846209943599,-6.2372190994354204],[106.75857069932184,-6.2372861996951858],[106.75871909922084,-6.2373384999460795],[106.75888289992582,-6.2373664997548461],[106.75926739950667,-6.2374073997577257],[106.7601028995806,-6.2374823995065842]],[[106.70896799967259,-6.2242402998127586],[106.7089497999492,-6.2244015999449136],[106.70895579985905,-6.2244815993649745],[106.70897849916982,-6.2245390999487622],[106.7090006995407,-6.2245780998135603],[106.70904749923953,-6.2246258995634607],[106.70910669992185,-6.2246315998508974],[106.70935509976253,-6.2246464993044945],[106.71027909967107,-6.2247178991491454],[106.71056049914228,-6.2247395994009658],[106.71067319957899,-6.2247511998433351],[106.71081700001945,-6.2247839994603131],[106.71106069977884,-6.224859599670836],[106.71125379956314,-6.2249488991750441],[106.71143889945765,-6.2251021995568161],[106.71164009963279,-6.2253074995027431],[106.71170959982334,-6.22537949931385],[106.71208659955647,-6.2258221998576415],[106.71217249946102,-6.2259021994191457],[106.71233809939909,-6.2260466993388954],[106.71251329989684,-6.2261607995584054],[106.71266769917978,-6.2262349994537578],[106.71316389922154,-6.2264318993236802],[106.71340709921743,-6.2265255996793405],[106.71373299996678,-6.2266510997390245],[106.71406949996494,-6.2267852999604871],[106.71418639949509,-6.2268352992184184],[106.71431239969185,-6.226887199403043],[106.71439599977938,-6.2269240996504962],[106.71465749971844,-6.227027399703549],[106.71481369958168,-6.2270896996792962],[106.71492839922537,-6.22713029921995],[106.71520639915177,-6.2272256993439123],[106.71539549995582,-6.2272951992172638],[106.7158463993691,-6.2274237997202064],[106.71597679986232,-6.2274563997924774],[106.71611659994028,-6.2274927995540521],[106.71628019955412,-6.227535399899681],[106.71638489974916,-6.2275618994508841],[106.71657539943517,-6.2276032999887398],[106.71670799984437,-6.2276179998851084],[106.71730349965539,-6.22761789942167],[106.71792720002097,-6.2276411991328047],[106.71805569994284,-6.227649499267307],[106.71822889949421,-6.2276632997869568],[106.71842559991819,-6.2276925998797559],[106.7185534992267,-6.2277245997582957],[106.71872519973978,-6.2277858993689055],[106.71878009940282,-6.2278045998321083],[106.71888619946407,-6.2278405994822394],[106.71897139974755,-6.2278723992639042],[106.71906379947299,-6.227906899999776],[106.71926829945185,-6.2279952997324131],[106.71941579964553,-6.2280565992646411],[106.71955069986417,-6.228130499487496],[106.71970009989334,-6.2282271994239382],[106.71980609964945,-6.228307299982375],[106.7200026992342,-6.2284584999373545],[106.72003309924126,-6.2284812993876688],[106.72019349977987,-6.2286232992336332],[106.72035589968172,-6.228773799423724],[106.72046759970569,-6.2288711997935966],[106.72055539984291,-6.2289265991381724],[106.7206442993546,-6.2289721994234517],[106.72114539948373,-6.2291817994054588],[106.72145009969543,-6.2292857999033293],[106.72153729989125,-6.2293053991865772],[106.72168489988725,-6.2293297998638302],[106.72185549982336,-6.2293481991398236],[106.72246739995589,-6.2294281999145618],[106.72266989999079,-6.2294682991653341],[106.72294819935948,-6.2295247992853771],[106.72309129991999,-6.229555400016924],[106.72327549952797,-6.2295964991780322],[106.7233282999982,-6.2296086991488595],[106.72350939935841,-6.2296505995422793],[106.72356599957241,-6.2296647998643238],[106.72364529955438,-6.2296831993545867],[106.72389399937863,-6.2297348992783919],[106.72421709949349,-6.2298111993624454],[106.72424979975143,-6.2298249993968806],[106.72427619998237,-6.2298375993227912],[106.72429869992872,-6.2298483999384109],[106.72432429993188,-6.229868299547924],[106.72435099974322,-6.2298923992868964],[106.72437379940018,-6.2299163996498219],[106.72439409987506,-6.2299431995149783],[106.72454600001592,-6.2301695992002593],[106.72456049934273,-6.2301907991903693],[106.72457499951645,-6.2302069997330376],[106.7245930996081,-6.2302234995601466],[106.72461409929433,-6.2302388994116145],[106.7246366995106,-6.230248299939511],[106.7246455998352,-6.2302510992441915],[106.72466790003354,-6.2302579996758025],[106.7246889997114,-6.230260299739574],[106.7247063998734,-6.2302602998049181],[106.72485149983729,-6.2302406991979806],[106.72512259993576,-6.2301754997872152],[106.72516669914273,-6.2301691996044335],[106.72523749965069,-6.2301630996173456],[106.72529789987136,-6.2301682993364373],[106.72536089930357,-6.2301802993291835],[106.72540939940644,-6.2301912996642548],[106.72545919973126,-6.2302080999325069],[106.72551379953167,-6.2302283992007004],[106.72557279955173,-6.2302549991460419],[106.72564429926388,-6.2302930996639834],[106.72572169951978,-6.2303389996601721],[106.72578329955746,-6.2303789997626717],[106.72582579946108,-6.2304116992855736],[106.72586649981469,-6.2304469998039353],[106.72589869975135,-6.2304815993394689],[106.72593359942718,-6.2305202997140334],[106.72596889973406,-6.2305673998948627],[106.72600229944489,-6.230612999857664],[106.72600689993045,-6.2306191995091016],[106.72603679979203,-6.2306682994095546],[106.726066599166,-6.230723699338915],[106.72610249926737,-6.2307922999101315],[106.7261325000098,-6.2308564999537879],[106.72617180002841,-6.2309545995357727],[106.72619099992789,-6.2310042995794621],[106.72620909956667,-6.2310515997997991],[106.7262312992617,-6.2311161997127025],[106.72626819950396,-6.2312344992894113],[106.72628489966077,-6.2312635994083596],[106.72629969961331,-6.2312868997468458],[106.72631769976914,-6.2313114998224091],[106.72632979936536,-6.2313235993766458],[106.72634729946886,-6.2313361993653205],[106.72636499997122,-6.231345699932711],[106.7263854994673,-6.2313528991407745],[106.72640699954664,-6.2313554998167024],[106.72642769958826,-6.2313554998642324],[106.72644649919755,-6.2313534996674136],[106.72649430003625,-6.2313445993521563],[106.7265725998711,-6.2313261997981417],[106.72664719937323,-6.2313082997272193],[106.72686479926875,-6.231267299640705],[106.72692529990589,-6.2312655996074495],[106.72701379926912,-6.2312681996628045],[106.72717999986116,-6.2312939997882122],[106.7274022994411,-6.2313621994358037],[106.72762999922017,-6.2314202992247125],[106.72774379958632,-6.2314493994248608],[106.72777109981158,-6.2314569994619635],[106.72788869995954,-6.231492799201475],[106.72807759921756,-6.2315400993165122],[106.72820729992739,-6.2315752996046099],[106.72845069929218,-6.2316385992465833],[106.72901849996636,-6.2317863996061131],[106.72962809932351,-6.2319283999360806],[106.73059849941279,-6.232167399942516],[106.73105019988621,-6.2322814997732268],[106.73122559988036,-6.232320499697015],[106.73132139929797,-6.2323390995667802],[106.73257829916824,-6.2325927993757917],[106.73283839936009,-6.2326444000255492],[106.73291849935613,-6.2326602996364544],[106.73309769957091,-6.2326958991786077],[106.73358259963641,-6.2327920996575026],[106.73410099975081,-6.2328945994442844],[106.73451009986124,-6.2329797998346912],[106.73475129983871,-6.2330469996834106],[106.73502589996113,-6.2331175996424113],[106.7354922995025,-6.2332604994329621],[106.73566339917578,-6.2333086996003289],[106.73635769926125,-6.2335041995519855],[106.73652509974451,-6.2335424995660631],[106.73757519928935,-6.2337826999522088],[106.73824929952862,-6.2339399999641634],[106.73833679971267,-6.2339678994006498],[106.73844579978957,-6.2340103997078105],[106.73853389920194,-6.2340558994815938],[106.73861169989119,-6.2341086000153361],[106.73863069945037,-6.2341269996040944],[106.73867609974208,-6.2341711997801577],[106.73871249948729,-6.2342216994612274],[106.73873509936094,-6.2342651999242902],[106.73887449918541,-6.2345977994138595],[106.73892419918344,-6.2346977998214106],[106.73895899963996,-6.2347630995050505],[106.73899459968047,-6.234818499919724],[106.73903139916443,-6.234862499647889],[106.73907329930856,-6.2349020998147617],[106.73918999972182,-6.2349864992960793],[106.73925639948094,-6.2350260999686249],[106.73933709958565,-6.2350657999169217],[106.73941469999133,-6.2350943999956039],[106.73949949934676,-6.2351213993502057],[106.73957389946831,-6.2351357993310161],[106.73981269929689,-6.2351570991767415],[106.73986489948709,-6.2351610997942108],[106.73993969982436,-6.2351688994403487],[106.7400372998375,-6.2351809992937577],[106.74083589992547,-6.2352770993234996],[106.74094069919776,-6.2352928996732375],[106.74109839925462,-6.2353253996573867],[106.74179219998658,-6.2354680993963418],[106.74184359969016,-6.2354890998510077],[106.74191550003277,-6.2355183992170318],[106.74203759941531,-6.2355797000156601],[106.74229049934954,-6.2357582995900138],[106.74231399932125,-6.2357729994424069],[106.74266519924316,-6.2360042995017153],[106.74276709924625,-6.2360757000206615],[106.74290879978712,-6.2361699991675028],[106.74299079974594,-6.2362247999079905],[106.74306879999298,-6.2362706992300003],[106.7430985993781,-6.2362830995810095],[106.74316239916645,-6.2363098991601404],[106.74327319986912,-6.2363370993154774],[106.7433944997601,-6.2363567995292568],[106.7435382993357,-6.2363733997615887],[106.74364559980668,-6.2363858998769821],[106.74403709972182,-6.236417799601857],[106.74454809917344,-6.2364342997802682],[106.74470639924165,-6.2364352992228964],[106.7450969991787,-6.2364450994621405],[106.74512469949751,-6.2364459996346451],[106.74516829980654,-6.2364429997265933],[106.74551319989349,-6.236384099828479],[106.74560599925873,-6.2363696993547224],[106.74577269990087,-6.2363436998319894],[106.74611459988513,-6.2362888992598542],[106.7463611995087,-6.2362853992035054],[106.74653289966616,-6.2362861999817047],[106.74657329956491,-6.2362875996093017],[106.74678269941526,-6.2362978997576555],[106.74681089949864,-6.2363001997147629],[106.74691769988615,-6.2363046994404758],[106.74696619999183,-6.2363119992831457],[106.74708629985058,-6.2363226993621295],[106.74723549919685,-6.2363267998288983],[106.74731129957141,-6.2363358998152005],[106.7474861995216,-6.2363577993669423],[106.74772119943538,-6.2363871997628726],[106.74778429969361,-6.2363950994158515],[106.74781339994433,-6.2363990998612291],[106.74797919995001,-6.2364258995004134],[106.7481562995052,-6.2364527999348747],[106.74841739922074,-6.2364802995587363],[106.74851319957492,-6.2364981996714786],[106.74864259997337,-6.2365110991947486],[106.75054439945669,-6.2365484998576886],[106.75164249988909,-6.2365942997043771],[106.75219769971002,-6.2366382997011449],[106.75243529915325,-6.2366437991536037],[106.75271539946921,-6.2366515993779359],[106.75298519933338,-6.2366545998322414],[106.75319779925366,-6.2366504998512307],[106.75330839978649,-6.2366799996085263]]]},"properties":{"OBJECTID":781,"ID":"BRT_13","LINE":"13","NAME":"Ciledug - Tegal Mampang","MODE":"BRT","CLASS":"Koridor Utama","STATUS":"Eksisting","COLOR":"#783378","SOURCE":"TransJakarta; RTRW DKI Jakarta","REMARK":"Elevated"}},{"type":"Feature","id":791,"geometry":{"type":"MultiLineString","coordinates":[[[106.85030393417617,-6.1527223825943738],[106.85047369975794,-6.1526954993882326],[106.85182909932797,-6.1524808998197678],[106.85215409914427,-6.1524323998958268],[106.85284929924238,-6.1523150997420446],[106.85407179999994,-6.1521273992614862],[106.85423789921376,-6.1521018993067322],[106.85439229954744,-6.1520781994349418],[106.85477189994987,-6.1520198999208144],[106.85535019996597,-6.1519312994664306],[106.85554469932839,-6.1518898993603344],[106.85568059925019,-6.1518453999310099],[106.85623449979308,-6.1517545994989948],[106.85650969947989,-6.1516704998925285],[106.8566485999397,-6.1515899997379062],[106.85677219984078,-6.1514714993847734],[106.85685339925689,-6.1513317992313148],[106.85689849999711,-6.1512621993283814],[106.85717939938804,-6.1507941996908624],[106.8574237999055,-6.1503739996831834],[106.85753779998599,-6.150181299362524],[106.85763899953081,-6.1500115992606421],[106.85778459973091,-6.1497663993252285],[106.85788109970989,-6.1495769000104872],[106.85794829932,-6.1494723995447309],[106.85796469988173,-6.1494379998181934],[106.85806959995645,-6.1492452994983635],[106.85813129979032,-6.1491303995297999],[106.85816249967351,-6.1490645993227586],[106.85829299954949,-6.1488401996538853]],[[106.85030393417617,-6.1527223825943738],[106.85023300000258,-6.1523304991978032],[106.85008879918144,-6.1515316995912324],[106.84988299939135,-6.1503918999893887],[106.84978679984538,-6.1498834992869496],[106.84969019936122,-6.1493956994472541],[106.84964339995906,-6.149177999674472],[106.84960139927256,-6.1489986993697574],[106.84957699945646,-6.1489433993031151],[106.849555800015,-6.1489002997895481],[106.84953559983009,-6.1488472998385264],[106.84951889915898,-6.1488033999366607],[106.8495107998535,-6.1487574991772442],[106.84951189994221,-6.1487142998577236],[106.8495155994146,-6.1486583997924233],[106.84951539979104,-6.1486055991394037],[106.84951289965231,-6.1485583996048554],[106.84951129970621,-6.1484260997910773],[106.84935699956505,-6.1476168992528706],[106.84926879968774,-6.1471540999570813],[106.84916889977798,-6.1465168998427515],[106.84913679947239,-6.1463123995315341],[106.84912699986275,-6.1462637993652969],[106.84906109923193,-6.1459350997649711],[106.84900359929937,-6.1458771998157715],[106.84898509991466,-6.1458441994384518],[106.84896479975235,-6.1458021998133177],[106.8489278997252,-6.1456760998334703],[106.84891199939077,-6.145638399659223],[106.84889049985081,-6.1456024991442302],[106.84886749922396,-6.1455713995077899],[106.84879279956129,-6.145164299421265],[106.84872879924414,-6.144798699583351],[106.84864619946811,-6.1443267999562137],[106.84861359996026,-6.1441402995194325],[106.84855189976452,-6.1437876998309857],[106.84850279930755,-6.1435453998548377],[106.84839559959703,-6.1429579994335679],[106.8482782993083,-6.1423468995052142],[106.84824219974016,-6.1421591000125826],[106.84821749923296,-6.1420881994221208],[106.84818729936141,-6.1420241994257312],[106.84812019993282,-6.1419180997348963],[106.84787879992015,-6.1418908992805372],[106.84781989985089,-6.1418901995085236],[106.84653679959099,-6.1420942994394832],[106.84604799942748,-6.1421726998176887],[106.84593889997912,-6.1421981995242376],[106.84584369997762,-6.1422221991492183],[106.84543329920749,-6.1423918996465261],[106.84539489950254,-6.1424253994801647],[106.84533029928092,-6.1424467997580461],[106.84502899971805,-6.1429991997232714],[106.84489499916845,-6.1432388998516316],[106.84482099918827,-6.1433714997501339],[106.84473329980372,-6.1435282999041894],[106.84464639929816,-6.1436851994694655],[106.84441669970738,-6.1441021994782377],[106.8442313996695,-6.144432099891878],[106.84421029998335,-6.1444712995674289],[106.84404309944794,-6.1447963997162089],[106.84404079959361,-6.1448008995475591],[106.84401719983781,-6.1448467995864213],[106.8439793994425,-6.1448670992119832],[106.84395359936049,-6.1449122997786167],[106.84393889938357,-6.1449415993637233],[106.84392499926891,-6.1449675995972992],[106.84387899994903,-6.1450508999864208],[106.84366639931746,-6.1454363995340771],[106.84356699939957,-6.1455678998634626],[106.84325939951334,-6.1459003992610155],[106.8430923992334,-6.1460723997480846],[106.8429636996556,-6.1461830994470548],[106.84277119953639,-6.1463206992643702],[106.84262909914256,-6.1464020000180088],[106.84240579972847,-6.1465297998783104],[106.84212679930498,-6.1466550999621203],[106.84181299998986,-6.1467683995007922],[106.84165210002877,-6.1468223993248268],[106.84156629926198,-6.146852399601773],[106.84094119973095,-6.1470443995527928],[106.84052149959126,-6.1471679991736234],[106.84008219994084,-6.1472990991776202],[106.83968349992357,-6.1474194993300513],[106.83964979947014,-6.1474310991925831],[106.83939839946993,-6.1475174998556508],[106.83896669928433,-6.1476396994327898],[106.83868089936911,-6.1477350998534179],[106.83836240000937,-6.147838499714636],[106.83831270000195,-6.1478565000156999],[106.83823499916643,-6.147882499977654],[106.83825519958771,-6.1479584991487259],[106.8382899000419,-6.148135200004428],[106.83827849978834,-6.1482891993520221],[106.83827989919178,-6.1483291995040572],[106.83834429923292,-6.148463799501787],[106.8385688998151,-6.148627899188134],[106.83858499982314,-6.1486383999584513],[106.83861779959699,-6.1486598994407151],[106.83891089983503,-6.1488798994237701],[106.83905229953479,-6.1489809996949427],[106.83933599944054,-6.1491838995121135],[106.83961719956619,-6.1493803998778418],[106.8397946997122,-6.149506499681122],[106.83984279935056,-6.1495429998626738],[106.83984919950032,-6.1495478992049364],[106.8403759995695,-6.1499811992307167],[106.84055450002774,-6.1501035998815752],[106.84107139923842,-6.1504578996952786],[106.84122139925253,-6.1505679994170945],[106.84127449976941,-6.1506279995710038],[106.84130889985695,-6.1506597999059291],[106.84133969940481,-6.1506811993517658],[106.84139169991587,-6.1507173992591273],[106.84171590002353,-6.1509729998876832],[106.84221649914068,-6.1513218000166052],[106.8424029998272,-6.1514517997450149],[106.84255359995835,-6.1515557991539396],[106.84261479968256,-6.1515979997541921],[106.84315459947953,-6.1519632991442501],[106.84379499992168,-6.1523966994042256],[106.84387239921678,-6.1524482996357479],[106.84497530000344,-6.1532126998640964],[106.84525559938486,-6.1534093998304806],[106.84531400000103,-6.1534353997878535],[106.84539909961224,-6.1534606998475558],[106.84551719997715,-6.1534579995424217],[106.84566739963803,-6.1534419991781864],[106.84670429946647,-6.1532952995253911],[106.84685959983139,-6.1532521996652179],[106.8469092996779,-6.1532448993006312],[106.84838289931994,-6.1530282993009875],[106.8489445992588,-6.1529375998736349],[106.85018309964504,-6.1527414994181155],[106.85030129954652,-6.1527227995039926],[106.85030393417617,-6.1527223825943738]],[[106.8583914995347,-6.148935899532094],[106.85830840000236,-6.1491080999804204],[106.858286199993,-6.149155299264093],[106.85818899995438,-6.1493496997635431],[106.85799979974736,-6.1496729998440527],[106.8578627991638,-6.1498958995435284],[106.85774049923285,-6.1500949000000542],[106.85765989997033,-6.1502259995239754],[106.85760849916818,-6.1503038998353281],[106.85750379954483,-6.1504786998250616],[106.85725379928893,-6.1508666996085184],[106.85700499972586,-6.1512529998988468],[106.85682579994509,-6.1515310996864008],[106.8567390992999,-6.15166569962207],[106.85673419998277,-6.1516716000213636],[106.8566698992595,-6.1517480994188753],[106.85658759980839,-6.1518459995665458],[106.8564438000012,-6.1519737998056758],[106.85628489914673,-6.1520731995067877],[106.85603409984631,-6.1521370994043316],[106.85570419980154,-6.1521585995431529],[106.85533349949439,-6.1521696996405515],[106.85522189956284,-6.1521735991505198],[106.85501099958853,-6.1521750000274604],[106.85469809936718,-6.1521686999415444],[106.85469669931955,-6.1521710999284736],[106.854424299977,-6.1522136997988284],[106.85441799965658,-6.1522146999776499],[106.85426779973574,-6.1522377993916582],[106.85410029958,-6.1522591993362141],[106.85263669963621,-6.1524914997995381],[106.85233689945359,-6.1526332998798683],[106.85097359992496,-6.152849699434535],[106.8508911994609,-6.1528887998959316],[106.85083269985343,-6.1529179991885652],[106.85076139944042,-6.1529722999172458],[106.8507130994511,-6.1530540996880765],[106.85067749919241,-6.1531572994658363],[106.85075689928463,-6.1535952999785248],[106.85077759996042,-6.1537243996211757],[106.85098049922037,-6.1548458000147068],[106.85093779928856,-6.155219599650863],[106.85098380001493,-6.1554685993143625],[106.85101449999473,-6.1555977998486382],[106.85104339946098,-6.1557047994836092],[106.85110149995126,-6.1558088994406432],[106.85112339957965,-6.1558695994757855],[106.85113759983486,-6.1559253994347545],[106.8511375998292,-6.1559613995735241],[106.8511303995936,-6.1560108994203757],[106.85111959968943,-6.1560737996892065],[106.85110229997679,-6.1561662000133532],[106.85112709945025,-6.1562680999029737],[106.851225899334,-6.1567920999791497],[106.85142289914531,-6.1577943992608706],[106.85144219966422,-6.1579063995856806],[106.85166139923011,-6.159176199202582],[106.85175239958153,-6.1596418992985118],[106.85177689927066,-6.1597092999879113],[106.85180419945266,-6.1597805996483137],[106.85183979914281,-6.1598419997486973],[106.8518763999504,-6.159910999466164],[106.8518983991795,-6.1599739992298383],[106.85190009978378,-6.1600350993066018],[106.85189329945543,-6.1601206991437003],[106.85187409946056,-6.1602704995741489],[106.85188539928983,-6.1603469000045283],[106.85202839914035,-6.1610369995894692],[106.8521475996866,-6.161705499887856],[106.85220439941571,-6.1620629998430321],[106.8522669995487,-6.1623812995679419],[106.85231029981263,-6.1626618994852809],[106.85235319922359,-6.1628375999339529],[106.85236679960343,-6.1629033991549864],[106.85238239975394,-6.1629591995327653],[106.85240379949209,-6.1630078992677984],[106.85242619968707,-6.1630488992987402],[106.85245839996315,-6.163089899627523],[106.85250109926795,-6.1631328996388701],[106.85254449925118,-6.1631658998942624],[106.85282059928753,-6.1633661993633462],[106.85289829999108,-6.1634190993821347],[106.85298509981331,-6.1634753999495704],[106.85305850003859,-6.1635216991375428],[106.85316819984516,-6.1635916994693369],[106.85318349916253,-6.1636039998324215],[106.85319649993865,-6.1636182991460897],[106.85320599976035,-6.1636345997890896],[106.85321259945241,-6.1636523996693002],[106.85322389914987,-6.163700799920222],[106.85321229914163,-6.1637209994328606],[106.85319389940554,-6.1637539992890371],[106.85316879965785,-6.1637998995109209],[106.85315319991564,-6.1638290993879981],[106.85291459946222,-6.1642294995662192],[106.85286859971882,-6.1643066994745768],[106.85272399914838,-6.1645288998729724],[106.85267599952373,-6.1646355995722173],[106.85265939944539,-6.1646878997339813],[106.85264679952702,-6.1647648994384694],[106.85260419961966,-6.1655251996480995],[106.85259840003003,-6.1657045991315398],[106.85256319935618,-6.1663498995459731],[106.85253939964311,-6.166838499867672],[106.85253829975338,-6.1668708998013821],[106.8525360995659,-6.1669348000278976],[106.85253029954664,-6.1671077998562236],[106.85250489930471,-6.1676666997894483],[106.85249069984773,-6.1680770992600893],[106.8524720999916,-6.1685678994169049],[106.8524528992689,-6.1690562993094131],[106.85245199984851,-6.1690779996029708],[106.85244989949098,-6.1691172999587289],[106.85242479975993,-6.1695942999096198],[106.85240479952338,-6.1699759997785772],[106.85238509965079,-6.1704979991516424],[106.85237889989762,-6.1706616992663763],[106.85235059945697,-6.1712059998739113],[106.85234089990418,-6.1713930992114907],[106.85232799994601,-6.1717391992481119],[106.8523269993881,-6.1718487997578162],[106.85232449937024,-6.1719620998919789],[106.85232159972554,-6.1720245992916194],[106.85225889943895,-6.1731952997304145],[106.85224739938803,-6.1734392997012328],[106.8522445992179,-6.1734986992937166],[106.85224209975745,-6.173560399835111],[106.85221299983574,-6.174138599360683],[106.85219449952318,-6.1744382992496609],[106.85219319924146,-6.1744649991419429],[106.85218989993726,-6.1746414993266239],[106.85190069943231,-6.1746615991777585],[106.85185299916584,-6.1746647995715245],[106.85179779939871,-6.1746720993066919],[106.85131659964286,-6.1747120000237299],[106.8508902998269,-6.1747542997693534],[106.84955379954481,-6.1748474993508067],[106.84934779948956,-6.174845099686201],[106.8491747995453,-6.1748491991966015],[106.84755019963076,-6.1749631999526526],[106.84735149927332,-6.1749819994209023],[106.84722299916557,-6.1750189991267845],[106.84692789971014,-6.1750405996964579],[106.84631729994577,-6.1750867997495416],[106.84577799972844,-6.1751180997840027],[106.84563319961792,-6.1751406999144418],[106.84547489916001,-6.1751975993105637],[106.84536309922886,-6.1752454991665058],[106.84523719953964,-6.175334099166367],[106.84518729936583,-6.1753837996855223],[106.8448860993899,-6.1757727998158316],[106.84467289952394,-6.1760413998994048],[106.84457129997112,-6.1761816998155403],[106.84416369980123,-6.176725699130917],[106.84392439958479,-6.1771128995069748],[106.84387720000348,-6.1772266995735414],[106.84378469939749,-6.1773716994112915],[106.84369039952422,-6.1774867993021907],[106.84348149919816,-6.1776771993458608],[106.84321579935539,-6.1778678993041325],[106.84293689977945,-6.1780966000022524],[106.84267819918693,-6.1783065993869037],[106.84258119946199,-6.1783853999531235],[106.84254599933375,-6.1784154995527167],[106.84250369981099,-6.1784517992066199],[106.84244029947465,-6.1784840996085402],[106.84237489999424,-6.178510699835889],[106.84230389998909,-6.1785288998645278],[106.84226359986039,-6.1785304997190833],[106.84225319949171,-6.178526299731903],[106.84218649974869,-6.178526199889701],[106.84213939972729,-6.1785087996359396],[106.84208040003961,-6.1784671998930758],[106.84203629941685,-6.1784369998007556],[106.84202409969464,-6.1784239994603922],[106.84199250001262,-6.1783880995937634],[106.8419548992959,-6.1783329997349519],[106.8419306993331,-6.1782977993728352],[106.841909399991,-6.1782679994861693],[106.84188099992139,-6.1782238994869969],[106.84181829958513,-6.178135200020769],[106.84177259924979,-6.178062999663064],[106.84169479969394,-6.177971099270656],[106.84088159996969,-6.1770031994265944],[106.84076610001669,-6.1768765998685957],[106.84073069970863,-6.1768377997973865],[106.84068829958531,-6.176791400007323],[106.84050810002813,-6.1765939992137744],[106.84043069947799,-6.1765091993582457],[106.84029439995972,-6.176359799783997],[106.84025679972018,-6.1763185994718848],[106.84019629929854,-6.1762451996050443],[106.84009849947461,-6.1761263994024524],[106.84001829974643,-6.1760288992490473],[106.83999749983936,-6.1760036997131413],[106.83997429932803,-6.1759841993076865],[106.83993229915883,-6.1759661997491735],[106.83992269996241,-6.1759532997349345],[106.83989509956959,-6.1759203994146814],[106.83987519977265,-6.1758978993157623],[106.83953679939222,-6.1754964997793564],[106.8395131997321,-6.1754683993771504],[106.83946549964098,-6.1754183992757685],[106.83945859971236,-6.1754111997354748],[106.83921749984377,-6.1751581999228824],[106.83910019995182,-6.1750351991460679],[106.83904229923178,-6.1749670993403987],[106.83887059931752,-6.1747761999519106],[106.83879829930935,-6.1746958992945453],[106.83868329934998,-6.174560999703453],[106.83861929946028,-6.1744834000050179],[106.83845289941929,-6.1742733995989942],[106.83841879964828,-6.1742259997551319],[106.83839509956606,-6.1741917991888329],[106.83834219972722,-6.1741145996074698],[106.83830089951924,-6.1740516991442718],[106.83820139951705,-6.1738807996973648],[106.83809399991055,-6.1737915992352868],[106.83801319969768,-6.1736040996947503],[106.8376244997829,-6.1726326993339864],[106.83758329942006,-6.1725488994509767],[106.83757869961055,-6.1725387994895975],[106.8375407993085,-6.1724483995299178],[106.83731509976883,-6.1719098997614967],[106.83729489930678,-6.1718621995269523],[106.83721879931963,-6.1716785994160297],[106.83710889916635,-6.1713993996795464],[106.8370218999122,-6.171138799188717],[106.83699419971218,-6.1710523992391426],[106.83794549943531,-6.1706323998673049],[106.83796919969458,-6.1706218993109943],[106.83820139951031,-6.1705110992278263],[106.83836769989144,-6.1704348000273033],[106.83881119964681,-6.1702111993564301],[106.838864599815,-6.1701849993028084],[106.83893659991055,-6.1701478994497521],[106.83894899945152,-6.1701405997715426],[106.83896649933308,-6.170131099813422],[106.83900499973743,-6.1701104991887368],[106.83904929915732,-6.1700856994617368],[106.83906160000758,-6.170078599943543],[106.83906999969862,-6.1700737996365715],[106.83914099961261,-6.1700337999371992],[106.83936269927869,-6.1699208992097923],[106.83949079946318,-6.1698556992670728],[106.83965069940564,-6.1697879997287357],[106.83968869957091,-6.1697742995941578],[106.83977569955638,-6.1697412997740786],[106.83978269929541,-6.1697386996177848],[106.83978749953043,-6.169737499477626],[106.83980469955587,-6.1697316994870777],[106.83985099986178,-6.1697162997616397],[106.83992259983108,-6.1697051996399592],[106.83997259998989,-6.1697029997232624],[106.84002359932228,-6.1697007999665736],[106.84006449988185,-6.169865299429099],[106.84007129922976,-6.1698925998778424],[106.84024549935106,-6.1706226999737073],[106.84041389922002,-6.1712846999319204],[106.8409046992936,-6.1731892992885626],[106.84105939938975,-6.1737940000081934],[106.84117329947448,-6.1742414995167341],[106.84133109978596,-6.1747801995126848],[106.84135759976998,-6.1748747993871556],[106.84148089936652,-6.1753869999615425],[106.8415382995025,-6.1755456995386497],[106.84155729928767,-6.1755879994039544],[106.84157809952323,-6.175642299468775],[106.84158229941555,-6.1756534993114673],[106.84165059946602,-6.1758087994325424],[106.84169629933619,-6.1759888995027863],[106.84181489959084,-6.1765659999768614],[106.84205139964233,-6.1776073992036675],[106.8421223996495,-6.177938499521952],[106.84216049979709,-6.1781050994378504],[106.84217289950914,-6.1781612992459953],[106.84218919996991,-6.1782343997785167],[106.8422117000014,-6.1783106994780725],[106.84224119995586,-6.178356999994147],[106.84227329943025,-6.1783858998656358],[106.84230829976961,-6.1784045997309143],[106.84235479956929,-6.1784077994083004],[106.84240949945691,-6.1783886992502852],[106.8424736996906,-6.1783329998762477],[106.84250739927683,-6.178303699339236],[106.84261689995294,-6.1782131998630705],[106.84280289973307,-6.1780595993580452],[106.84282769986625,-6.1780308992726995],[106.84284919996129,-6.1779844998202451],[106.8428706994921,-6.177952299390963],[106.84287739990654,-6.1779461992748974],[106.84297079985036,-6.1778617999091052],[106.84308249933287,-6.1777686996226793],[106.84325980002872,-6.1776164999027641],[106.84356189997757,-6.1772720994376042],[106.84380369972278,-6.1770201997503138],[106.84412339969403,-6.1766820998541689],[106.84453219977918,-6.1761323992583588],[106.84462679984733,-6.1759999998080746],[106.84485849988297,-6.1757122992904652],[106.84513629947828,-6.1753381996014554],[106.84519529929179,-6.1752765994603029],[106.84531929970349,-6.1751766994761601],[106.84537399925362,-6.1751445999601868],[106.84560069936329,-6.1750562994745115],[106.84582289991448,-6.1750249994986737],[106.84637869946278,-6.1749981991779617],[106.8469237998973,-6.1749641994027336],[106.8476081995949,-6.174919499222459],[106.84781789946753,-6.1749015999860006],[106.84847249981065,-6.1748546993256177],[106.84912049943647,-6.1748038994773289],[106.84928119975127,-6.174760099356007],[106.8495074994479,-6.1746957998342591],[106.84979819993144,-6.1746719998210677],[106.85003009982087,-6.1746529999753275],[106.85011990003345,-6.1746462998159695],[106.85127359986002,-6.1745601998047608],[106.85179559985376,-6.1745231996746179],[106.85182939934066,-6.1745163993814343],[106.85186229929405,-6.1745010994800884],[106.85189049938406,-6.1744786992805354],[106.85189089932049,-6.1744559998127579],[106.85189819979789,-6.1739871991570148],[106.85189899925869,-6.1739694992175584],[106.85190630001432,-6.1738496995214964],[106.85192899933597,-6.1734783997918168],[106.85197729974971,-6.1724757000160668],[106.85199489925706,-6.1721768992584103],[106.85200189925533,-6.1720518998711658],[106.85202039985901,-6.1719349997363935],[106.8520272999281,-6.171873299246375],[106.85204729946398,-6.1714523993921713],[106.85205979944098,-6.1711988995099114],[106.85209599994218,-6.1705932999276136],[106.85210009946573,-6.1704866000207961],[106.85213089988596,-6.1697374998531611],[106.85214059914951,-6.1695603996232773],[106.8521531998078,-6.1693308994641605],[106.85216259949041,-6.1691322993116939],[106.85216630002346,-6.1690646994541556],[106.85216969967935,-6.1689845997058681],[106.85219489981364,-6.1685181997401015],[106.85222479986709,-6.1679451999540333],[106.85225089932051,-6.1675074994823014],[106.85227359949722,-6.1669568991251564],[106.85227589956958,-6.1668553998888607],[106.8522781995129,-6.1667928998543404],[106.85228050000981,-6.1667302994576385],[106.8522964991722,-6.1662739993374709],[106.85236179997598,-6.1650859995636456],[106.85238579988157,-6.1646491997292987],[106.85238659984735,-6.1646409998190288],[106.8524130991493,-6.1645755992059588],[106.85246939926907,-6.1644576997436697],[106.85262859976615,-6.1641185993215277],[106.85264869968819,-6.1640847997027395],[106.8527944994196,-6.1638384992761024],[106.85289989994345,-6.1636460998249403],[106.85291179958513,-6.1636153992503813],[106.85291689931965,-6.1635885993558377],[106.8529164995864,-6.1635587995847443],[106.85290659939696,-6.1635335997577032],[106.85288619927927,-6.1635063993566508],[106.85285489993122,-6.1634758995856762],[106.85243749959473,-6.1631715999764314],[106.8523496991679,-6.1631046996605621],[106.85231129946888,-6.163066999354851],[106.85227719989494,-6.1630284992933895],[106.85225149964343,-6.1629908995154192],[106.85222709996823,-6.1629492997269946],[106.85221049932213,-6.1629102994287859],[106.8521985999767,-6.162871299974884],[106.85214879997778,-6.1626925999565811],[106.85209849980674,-6.1624162992006388],[106.85198259913993,-6.1618397995130731],[106.85178129943927,-6.1607354996523469],[106.85168449980766,-6.1603328995553239],[106.85167019930898,-6.1602857998686291],[106.85162639928542,-6.1601644000012747],[106.85159729929792,-6.160103199743852],[106.8515767994264,-6.1600421992828007],[106.85157409947021,-6.1599924996279203],[106.8515871993245,-6.1599110994411506],[106.85160109982401,-6.1598182995068704],[106.85159729960758,-6.1596812995787573],[106.85157830002646,-6.1595732991646805],[106.85135729933219,-6.1584566998104213],[106.85126189959729,-6.1579448997382835],[106.85113299929395,-6.1572529999585344],[106.85096339968266,-6.1563887993165283],[106.8509368995756,-6.1562971991959303],[106.85090779991668,-6.1562317998762062],[106.85089739979891,-6.1562050998611664],[106.85079429935841,-6.1560541991664701],[106.85077100003726,-6.1560113991514687],[106.85076019942338,-6.1559652998995045],[106.85075579957933,-6.1559090997434724],[106.85075809985842,-6.1558608998923843],[106.85076719972243,-6.1558188998092733],[106.85078769989337,-6.1557571991754969],[106.8507950994214,-6.1556613991690554],[106.85078959939386,-6.1555172992248739],[106.85069779998156,-6.1549491993546113],[106.85049319914458,-6.1537679996344554],[106.85030393417617,-6.1527223825943738]],[[106.85829669963398,-6.1488346994400915],[106.85831809939471,-6.1488132995108735],[106.85837239913933,-6.1487926992440096],[106.85835139969203,-6.1487313997747828],[106.85833059992679,-6.1486276999673413],[106.85829089993544,-6.1484248995210065],[106.85823869997442,-6.1481728993103335],[106.85814059940161,-6.1476797991686327],[106.85807449988589,-6.147269399634756],[106.85798860000621,-6.1467942994345313],[106.85791579920716,-6.1463912992273473],[106.85784949930586,-6.145989099161957],[106.85779389979072,-6.1456646991480879],[106.85765609963548,-6.1449077997348756],[106.85758299978667,-6.14447899924465],[106.85755519927726,-6.1443207991788791],[106.85754779980714,-6.1442772995443313],[106.85753459976512,-6.1442006997861922],[106.85751579977239,-6.1440904992114884],[106.85738929996946,-6.1433756994656683],[106.85728379916159,-6.1428069994560826],[106.85724549973939,-6.1425957995652141],[106.85717339949001,-6.1422454999131473],[106.85715509977854,-6.1421554991813165],[106.85707239962672,-6.1417394993301322],[106.85701849995863,-6.1414306997220844],[106.8569970994873,-6.1413136997587889],[106.85690719946791,-6.1408208992076103],[106.85683729977646,-6.1403983999523568],[106.856827299397,-6.1403401995123517],[106.85681519937768,-6.1402715000201606],[106.85679329938573,-6.1401528995803814],[106.85678369950652,-6.140107299933443],[106.85673510002069,-6.1398533995733295],[106.8566438992116,-6.1393673998949021],[106.85658089923089,-6.1390408992587711],[106.85650439965625,-6.1386144995354446],[106.85631469927922,-6.1375564996036616],[106.85625629968709,-6.137083799958714],[106.85616649938419,-6.1365613998501232],[106.85610160004455,-6.1362017996852494],[106.85594699994776,-6.1353824996803725],[106.85583569994219,-6.1347939992031177],[106.85569749996422,-6.1340564993134787],[106.85552589960081,-6.1330580999613336],[106.85513539947397,-6.1309294991347407],[106.85508669954922,-6.1306639998347965],[106.85504429925219,-6.1304328992239894],[106.85503039975677,-6.1303568992334219],[106.85493299914432,-6.1298780995762598],[106.85490850001572,-6.129670099756968],[106.85489879980337,-6.1291933997321131],[106.8548712999964,-6.128569899245524],[106.85487079935118,-6.1284552994109287],[106.85487219967604,-6.128094699583138],[106.85487459954729,-6.1278811997599574],[106.85485839916379,-6.1277378991943703],[106.85481889939845,-6.1274981997813862],[106.85481689979864,-6.1274493991553163],[106.85483749945213,-6.1273457995759593],[106.85489079956214,-6.1272331998542553],[106.85495719950069,-6.127161299944075],[106.85504959937462,-6.127138599529566],[106.85520059954104,-6.1269803994243643],[106.85523479969518,-6.1269486996243332],[106.8552688992004,-6.1269249992940731],[106.85546209940362,-6.1268629996392781],[106.85556979944569,-6.1268283998845883],[106.85577029924876,-6.1267639996483716],[106.85590499970363,-6.126720699673589],[106.85592379998414,-6.1267146996859321],[106.85594819927447,-6.1267089994790132],[106.85600229985971,-6.1267172995651862],[106.85603679986629,-6.1267357995232041],[106.856052899237,-6.1267590991716441],[106.85606359935282,-6.1267870992588174],[106.85607269995005,-6.1268109999920206],[106.85609879921799,-6.1269032995156607],[106.85586119953224,-6.1269828997642977],[106.85553059943356,-6.127095199819963],[106.85547689963624,-6.1271134996410037],[106.85539429919618,-6.1271680993755613],[106.85520799960635,-6.1273336992849394],[106.85513749982997,-6.1274315999141695],[106.85507809976659,-6.1275256999120371],[106.85505119961213,-6.1275937995001861],[106.85499719923421,-6.1277813991383443],[106.85496469955356,-6.1279656992366869],[106.85495539985706,-6.1283323996368342],[106.85495629962691,-6.1283752998890497],[106.85495779971016,-6.1284525995993597],[106.85496389930204,-6.1287546995180442],[106.85498529988087,-6.1291629999110881],[106.85498639963721,-6.1291855992392961],[106.85501779957973,-6.1296443994870664],[106.85503919992954,-6.1298420998613032],[106.85514349929876,-6.1304146995107978],[106.85518499989495,-6.1306423999492896],[106.85519629944092,-6.1307044993097692],[106.85521049937414,-6.130780899694745],[106.85523479950878,-6.13091189995062],[106.85526559950448,-6.1310813994831008],[106.8553103996671,-6.1313159998626512],[106.85538539992106,-6.1317403993136042],[106.8554181999624,-6.1319176993096791],[106.85543139983569,-6.1319997993421724],[106.85545099999162,-6.1321184993442648],[106.85553029942476,-6.132537599890588],[106.85553759914215,-6.1325761994616164],[106.85562199940831,-6.1330410997307183],[106.85562409977334,-6.1330533998921579],[106.85571379983587,-6.1335711995567159],[106.85581459937988,-6.1341447998509038],[106.85583069990291,-6.134245899762349],[106.85584619998083,-6.134342899573749],[106.85586509923793,-6.1344395991798404],[106.85593919971323,-6.1348194000196985],[106.85601009996412,-6.1351827995821537],[106.85618069999693,-6.13618579936242],[106.85618969972214,-6.1362451995398164],[106.85624399916762,-6.1365478996336549],[106.85632039972737,-6.1369725991921058],[106.85661659933345,-6.1385894999389743],[106.8567830997783,-6.1394987000255172],[106.85680839924684,-6.1396363999171939],[106.8568931993523,-6.1400843999765948],[106.85690219960921,-6.140131099349424],[106.8569236992918,-6.1402493991816414],[106.85693659968001,-6.1403206998714515],[106.85694679943407,-6.1403782992512097],[106.85696929985242,-6.1405053994039633],[106.85698429915149,-6.1406020997003443],[106.85706409942229,-6.1410494994462619],[106.85707519919004,-6.141106899487542],[106.85716149930357,-6.1415513995613331],[106.85727139956059,-6.1421351992903874],[106.85730529940044,-6.1423103999762105],[106.8573620998872,-6.1426185998806835],[106.85738889944001,-6.1427601994986603],[106.85741669921252,-6.1429067992526507],[106.85747439928724,-6.1432114995935274],[106.85748039925485,-6.1432460999342027],[106.85753959927432,-6.1435888999374679],[106.85758650002806,-6.1438602995580487],[106.8576033994748,-6.143958299672164],[106.85761179921361,-6.1440062994529532],[106.8576354994609,-6.1441423998283886],[106.8576556997786,-6.1442606995109745],[106.85768109925949,-6.1444032993970907],[106.85769619952306,-6.1444932994192794],[106.85773069940318,-6.1446730991586094],[106.85774699974145,-6.1447579991597161],[106.85776419967242,-6.1448477992874153],[106.85782979925372,-6.1451893996783244],[106.85790229980979,-6.1455710999295503],[106.85798599965069,-6.1459876997348442],[106.85804489968895,-6.146318699421915],[106.85806619999074,-6.1464401995427522],[106.85812409918883,-6.1467768997718633],[106.85815389999672,-6.1469508992685871],[106.85817379935361,-6.1470666998987147],[106.85819959927605,-6.147217299184077],[106.85820619928569,-6.1472630999299858],[106.85821279929016,-6.1473088997700369],[106.85822129943,-6.1473560998747105],[106.85829509997022,-6.1477676995170327],[106.85830639977696,-6.1478294992823024],[106.85831919999536,-6.147900899618608],[106.85838509992692,-6.148280499548628],[106.85844809949988,-6.1486036999472216],[106.85848999950008,-6.1487703995759366],[106.85853469951975,-6.1488544999533667],[106.85847789988854,-6.1488653991665512],[106.85844870001969,-6.1488780992911014],[106.85843869932714,-6.1488844993591041],[106.85841129992018,-6.1489070991918338],[106.85839659992563,-6.1489259993275329]]]},"properties":{"OBJECTID":791,"ID":"BRT_14","LINE":"14","NAME":"Senen - Jakarta International Stadium","MODE":"BRT","CLASS":"Koridor Utama","STATUS":"Eksisiting","COLOR":"#ed882e","SOURCE":"TransJakarta; RTRW DKI Jakarta","REMARK":"Tidak Ada"}},{"type":"Feature","id":971,"geometry":{"type":"MultiLineString","coordinates":[[[106.95303869992013,-6.2188909000176498],[106.9527351998602,-6.2188555998865667],[106.95268509994743,-6.2188527996923399],[106.95255429921542,-6.2188492996187099],[106.95245669948137,-6.2171553999139917],[106.95237639948709,-6.2165549996289133],[106.95234689977113,-6.2163823994559024],[106.95225629947356,-6.2158890998466845],[106.95223489983876,-6.215793099255583],[106.95221879947967,-6.2157197993443676],[106.95221389999793,-6.2156910993301651],[106.95221399987888,-6.2156245999618625],[106.95219479987274,-6.2155321995394566],[106.95202819939853,-6.214940399324643],[106.95201579936708,-6.2148983995291651],[106.9519655998911,-6.2148287994383429],[106.95188659939038,-6.2146247995895525],[106.95188119980702,-6.2146108998656588],[106.95179819978273,-6.2144428991887848],[106.9516645992132,-6.2141809991651211],[106.95157609962376,-6.2140207000182111],[106.95120999957612,-6.213248099320154],[106.95117649967844,-6.2131684994772156],[106.95101590003013,-6.2127979994419906],[106.95094009967376,-6.2126229993921491],[106.95079299932269,-6.2123274995111251],[106.95077109940605,-6.2122833991736304],[106.95069499968949,-6.2121295997033759],[106.9506905997211,-6.2121206996001721],[106.95059429960281,-6.2119421992896262],[106.95051219935281,-6.211790099919912],[106.95048139924259,-6.2117433996039795],[106.95043979925431,-6.2116980997980304],[106.95038749929532,-6.211656799445044],[106.95021430000385,-6.2115444993926028],[106.95019129936243,-6.2114992991420612],[106.95007419948189,-6.2114703997454921],[106.94984199956129,-6.211587499902488],[106.94962679957045,-6.211696299979284],[106.94946009987846,-6.2117806992212898],[106.94941249998622,-6.2118047992256864],[106.94940109993931,-6.2118075996830164],[106.94936419966456,-6.2118167993911211],[106.94935499914199,-6.2118172998214991],[106.94934639940223,-6.2118177998481547],[106.94931919931952,-6.2118194000128106],[106.94928089963362,-6.211815099275988],[106.9492657997277,-6.2118133991434119],[106.94925259957506,-6.2118118999522389],[106.94919150000527,-6.2117918992758385],[106.94917449938393,-6.2117862994813446],[106.94903769937788,-6.2117220991313298],[106.94896339973968,-6.2115802991873696],[106.94893909998821,-6.2115340991680439],[106.94891359926319,-6.2114553998938602],[106.94891249963354,-6.211444799635454],[106.94890859988479,-6.2114060999901],[106.94890829992404,-6.2113780998852075],[106.94891359927541,-6.2113060996012859],[106.94894109928882,-6.2112381999330468],[106.94896319926161,-6.2111834993789508],[106.94898689966026,-6.2111384994615726],[106.94905159933947,-6.2111007992495688],[106.94920839925737,-6.2110124992623632],[106.94940999967849,-6.2108989993374415],[106.94945919925135,-6.2108713999740326],[106.94962830002189,-6.2107761996115007],[106.94986599940871,-6.2106422999889936],[106.95058109936673,-6.2102397995140803],[106.95121809948343,-6.2098939992441116],[106.95154519920443,-6.2097163992804845],[106.95174719919939,-6.2096157998304937],[106.95197369989586,-6.2096421996302151],[106.95206719968623,-6.209671999472584],[106.95212329987898,-6.209708799475818],[106.95217679934116,-6.2097718996471984],[106.95222009987286,-6.209858499969922],[106.95223849920701,-6.2099369991362199],[106.9522388992429,-6.2100288994170416],[106.9522019994979,-6.210152199614539],[106.95215519982531,-6.2102810993243613],[106.95180839972618,-6.2104681995346578],[106.9517206996026,-6.2105155991513783],[106.95116729978108,-6.2108151992050251]],[[106.95242219996459,-6.2145567993286175],[106.9526293999451,-6.2152479998437711],[106.95265699945394,-6.215362499971917],[106.95275899955654,-6.215910200011078],[106.95282699921769,-6.2162296993539039],[106.95285919918008,-6.2164036998924148],[106.95292349967714,-6.216716399487022],[106.95298119923714,-6.2170029992368097],[106.95299059986777,-6.2170429993137271],[106.95302359978471,-6.2172199993917063],[106.95305779916886,-6.2173995997558711],[106.95309559915761,-6.2176284995801732],[106.95314369982989,-6.2180229993378902],[106.95316429923901,-6.2181404997409215],[106.95318749970781,-6.2183027999260938],[106.95320169934108,-6.2184550995934087],[106.95322749951323,-6.2186928994520203],[106.95323739950688,-6.2188284998502406],[106.9530654996673,-6.2188935991623682]],[[106.95256629922211,-6.212472999426832],[106.95301199922856,-6.2122693993837048],[106.9530300991657,-6.2122627000082264],[106.9530963991572,-6.2122584996957393],[106.95311059960498,-6.2122553995046426],[106.95319769939263,-6.2121987998136552]],[[106.95319769939263,-6.2121987998136552],[106.95337499926696,-6.2125619997062209],[106.95353769983298,-6.2128773998603553],[106.95355959940885,-6.2129330997106074],[106.95348049969429,-6.2131060991627169],[106.95345349937142,-6.2131474000185172],[106.95341569993882,-6.2131885997245737],[106.9531954999679,-6.213295899890527],[106.95296249937539,-6.2134039994873707],[106.95285449926709,-6.2134470993964168],[106.95281789924937,-6.2133622999086553],[106.95273859918453,-6.2131938996876359],[106.95271009926425,-6.2130999993464657],[106.95269709963262,-6.2130070995715556],[106.9527032993967,-6.2129140999718118],[106.95272249993943,-6.2128140997671402],[106.95273109934475,-6.2127301992927517],[106.95271789969594,-6.2126714999667634],[106.95269589940743,-6.2126283991729236],[106.9526734000255,-6.2125944995233402],[106.95258319926762,-6.2125138000259712],[106.95256629922211,-6.212472999426832]],[[106.95319769939263,-6.2121987998136552],[106.95323839997391,-6.2121414999126143],[106.95326389979867,-6.2120575994274025],[106.95326229945128,-6.2120427996618961],[106.95324699918382,-6.2120043999240178],[106.95322779977906,-6.2119571995257319],[106.95316179984907,-6.2118224996742732],[106.95315169929613,-6.2118025995801762],[106.95310229963447,-6.2117030995348355],[106.95305599947986,-6.211610899563194],[106.95330979969867,-6.2114627997466201],[106.95336339952803,-6.2114047994561057],[106.9534292991784,-6.2112976995461411],[106.95344889961028,-6.2112338992867047],[106.95344749921826,-6.2109040993647771],[106.95343749953958,-6.2108747997890319],[106.95341909998115,-6.2108457997539785],[106.95337049931069,-6.2108014998084009],[106.95332960001639,-6.2107744995587719],[106.95325339942296,-6.2107967995787128],[106.95313539932229,-6.2108387998411079],[106.95290479978119,-6.2109108000252595],[106.95288109941228,-6.210915999347816],[106.95284049970714,-6.2109040992734865],[106.9528199992056,-6.2108881993596734],[106.95256709966279,-6.2103834993017211],[106.95255519934415,-6.2103708992647366],[106.95249019938585,-6.2103291993733523],[106.95244729970932,-6.2103187995193512],[106.95238799968023,-6.2103126995500304],[106.95224159949555,-6.2102367992219811]],[[106.95115129940166,-6.2112648998398425],[106.95118679934245,-6.2114180995070392],[106.95126539982185,-6.2115760992049696],[106.95140019960824,-6.2117216996200213],[106.95146369980381,-6.2118140994613702],[106.95190209916804,-6.2126677995602178],[106.95199409947136,-6.2128832997050898],[106.9520531992132,-6.2130366995864614],[106.95211619931895,-6.2131952999537807],[106.95221199966113,-6.2137626994488171],[106.95227339979445,-6.2140471991752522],[106.95231529943926,-6.2141846995275243],[106.95320135903016,-6.2137030741204047],[106.95407499952377,-6.213228199379393],[106.95670789934675,-6.2119202994187601],[106.9573539995357,-6.2115492992526047],[106.95742819958474,-6.2114990999251232],[106.95800199961796,-6.211109899552298],[106.95802699961057,-6.2110901996740573],[106.95874591506313,-6.2105062525498198],[106.9590201998993,-6.2102954998663593],[106.96016809943808,-6.2093899993709112],[106.96030559938367,-6.2092475997939758],[106.96046719956701,-6.209095599727557],[106.96057789983757,-6.2089735992734845],[106.96065839937749,-6.2088722998824819],[106.96078249984561,-6.2086686995508664],[106.96100499989151,-6.2083036991579901],[106.96122229941903,-6.2079156995475442],[106.96177268704683,-6.2069019421193552],[106.96217193701712,-6.206095689748965],[106.96251304404116,-6.2054212289455934],[106.96372549938772,-6.2031960992317501],[106.96390049958818,-6.2029053996858092],[106.96401039983023,-6.2026946996726595],[106.9640425993739,-6.2026239996819292],[106.96409879923245,-6.2025206991648272],[106.96413049999204,-6.2024550992644576],[106.96417569949617,-6.2023733996748982],[106.96422569948668,-6.2022852993209705],[106.96442749998172,-6.2018960996759809],[106.96481729916231,-6.201101899981535],[106.96484479931307,-6.201052500001353],[106.96523399965942,-6.2003590991347952],[106.96527519916279,-6.2002855992283887],[106.96551229949517,-6.1999706998137567],[106.9658009999262,-6.1995210993875531],[106.96592869937672,-6.1993373994810499],[106.96595799928726,-6.1992897992202796],[106.96607169948525,-6.1991055997419497],[106.96621209982494,-6.1988694997905114],[106.96638569949933,-6.198549599350641],[106.96658799963298,-6.1981695998671844],[106.96737529973444,-6.1967149991687087],[106.96802969933943,-6.1955003998886786],[106.96807269999653,-6.1954057997312546],[106.96815849962144,-6.1950670998599335],[106.96837054130469,-6.1925291069002082],[106.96844469024632,-6.1918344525684468],[106.96848371561165,-6.1914559045531394],[106.96855396117469,-6.1912022380784792],[106.96871519936298,-6.1907909991851495],[106.96858959946816,-6.1907379993254796],[106.96829129976453,-6.19061659923074],[106.96789899927126,-6.1904512998911647],[106.96765959926419,-6.190351999583962],[106.96755999990359,-6.1903034000082631],[106.96737699962799,-6.1902285995262476],[106.96708270001261,-6.1901077994372944],[106.9669151993529,-6.1900427996282517],[106.96680959997722,-6.1899983999659032],[106.96668409978599,-6.1899524999754378],[106.96648559975903,-6.1898694993791503],[106.9663542996436,-6.1898166998844681],[106.96629309967096,-6.1897902999057308],[106.96621239970155,-6.1897483999059002],[106.96592859942588,-6.1896404996282417],[106.96560229947396,-6.1895286998432528],[106.96546549990182,-6.1894766997735369],[106.96522009976802,-6.1893806994740155],[106.96492099984307,-6.1892773991930587],[106.96484349943398,-6.1892507998687485],[106.96475379920996,-6.1891939998335683],[106.96436929984259,-6.1890486996351566],[106.96408559956593,-6.1889581999365095],[106.96361989923315,-6.1887743999165288],[106.96356579961288,-6.1887561997163356],[106.96308099957042,-6.1885812992303251],[106.96210499918173,-6.188261499471535],[106.9609003999709,-6.1878768993726343],[106.96085999920017,-6.1878632998637739],[106.96062009975677,-6.1878098997471014],[106.9603694996258,-6.1877500999828614],[106.96010249961883,-6.1876726998326177],[106.96006089953062,-6.1876640998634507],[106.95940449954129,-6.1874939994230189],[106.95928049994335,-6.1874613992853051],[106.95758019961228,-6.1871123994072361],[106.95711669957988,-6.186986799784111],[106.95677819947738,-6.1869397996268942],[106.95655369933417,-6.1868708994144255],[106.95609129958471,-6.1867810991658052],[106.95579799944389,-6.1867239992797076],[106.95572389981555,-6.1867027996335953],[106.95517060000034,-6.1865791995614767],[106.95507200001155,-6.1865521997539084],[106.95476109959316,-6.1864946993037471],[106.95443739979649,-6.1864218994246878],[106.95434990003324,-6.1863907991591134],[106.95414719937625,-6.1863603994600398],[106.95409369951273,-6.1863506999552351],[106.95398779948356,-6.1863299000291025],[106.9534943994849,-6.1862361997594499],[106.95251799953571,-6.1860544996345084],[106.95137849989041,-6.1858408994668048],[106.95097549962321,-6.1857691995497079],[106.95048039990252,-6.1856799994376939],[106.94956089946561,-6.1855118999855891],[106.94933419957668,-6.1854765992706824],[106.94911469915786,-6.1854413995052164],[106.94873650001567,-6.1853798999928102],[106.94864419959828,-6.1853649998401208],[106.94849749984698,-6.1853384996749927],[106.94839089926347,-6.1853182995891398],[106.94821569928504,-6.1852887991653178],[106.94799319963437,-6.1852535999477487],[106.94659729969463,-6.185012499750778],[106.94652790003676,-6.1849982991301324],[106.94641999951297,-6.1849822993529182],[106.94632059999759,-6.1849650993877701],[106.94601819935602,-6.1849155996465566],[106.94583609950369,-6.184890099919147],[106.94571739958606,-6.1848675991959983],[106.94553769926685,-6.1848492999693123],[106.94520529915512,-6.1847931992654805],[106.9441580997397,-6.184616199475002],[106.94379159983505,-6.1845564994542634],[106.94338379932363,-6.1844919993228684],[106.94322079931162,-6.1844670995919042],[106.94299949956896,-6.1844316992935493],[106.94276469993295,-6.1843911993373917],[106.94263430001043,-6.1843668998564754],[106.942295899605,-6.184304599679467],[106.94223889948042,-6.1842934994129406],[106.94196449974206,-6.1842467996693102],[106.94139649992947,-6.1841514998086025],[106.94131029956546,-6.1841356998642771],[106.94090759974048,-6.1840632996277245],[106.94073189981141,-6.1840306998949313],[106.94060319932041,-6.1840046993381863],[106.94030979960236,-6.1839438996503953],[106.94010669979228,-6.1839030999754012],[106.9399865992422,-6.1838775000119588],[106.9398563997439,-6.1838476993012534],[106.93968849976606,-6.1837995000109585],[106.93956349937741,-6.1837608000077662],[106.93922449984349,-6.1836460999421128],[106.93910039988907,-6.1836040992054171],[106.9389669997316,-6.183549999134355],[106.93878669957613,-6.1834659992410241],[106.93866439957363,-6.1834049999350746],[106.93860509958726,-6.1833730993691489],[106.93844729952158,-6.1832888996917461],[106.93822579970492,-6.1831674991733676],[106.93805449997195,-6.1830749999735559],[106.93790909993979,-6.1829897991996896],[106.93784879928407,-6.1829524991657125],[106.93747159914533,-6.1827254991712985],[106.93733149976507,-6.1826450996094415],[106.93713829959769,-6.1825451991870022],[106.93697429924673,-6.1824895997816922],[106.93681209989521,-6.1824616995378285],[106.93674809936677,-6.1824574999192246],[106.93663879939874,-6.1824577997273114],[106.93653639953261,-6.1824662991267818],[106.93634509922411,-6.1824872991263167],[106.9363289994171,-6.1824888993172769],[106.93597059929907,-6.1825563993032553],[106.93557289919521,-6.1826470999599756],[106.93537579976686,-6.1827055991946045],[106.93534879938888,-6.1827120995989704],[106.93525680001029,-6.18273199980126],[106.93505879914578,-6.1827609999230067],[106.93495769945787,-6.1827700991662242],[106.93480859916444,-6.1827866992497462],[106.93471139951113,-6.182776199223178],[106.93463410000739,-6.1827776994227035],[106.93453499989813,-6.1827888997100056],[106.93424589923426,-6.1828141997453505],[106.93408189991787,-6.1828386998194578],[106.93369599972958,-6.1828952999116424],[106.93346049973167,-6.1829374995722048],[106.93326049954581,-6.1829896997321239],[106.93319559932402,-6.1829989996655188],[106.93265079941557,-6.1830543996764309],[106.93248149986456,-6.1830938998450593],[106.93228289978407,-6.183110799549369],[106.93181039922493,-6.1831132997449645],[106.93169499931362,-6.1831270993815055],[106.93081059937209,-6.1832349994148412],[106.93060329919327,-6.1832560999470161],[106.93038599926398,-6.1832868999766042],[106.93003989918824,-6.1833359998078015],[106.92953189922733,-6.1834080996894167],[106.92938029993294,-6.1834295996317241],[106.92910509957142,-6.1834818996999941],[106.92902919970072,-6.1834922996382362],[106.92889899917024,-6.183476699778061],[106.92865099946017,-6.1835056993008175],[106.92857839987668,-6.1835193998990814],[106.92821609967793,-6.1835560995417067],[106.92764499954757,-6.1836424994351171],[106.92732879947334,-6.1836764997049398],[106.92704839921156,-6.1837022997462388],[106.9268064998229,-6.1837517999339537],[106.92647909979979,-6.1837725000148351],[106.92619649937527,-6.1837717996249744],[106.9261215994554,-6.1837714997717939],[106.92605549915456,-6.1837705993122167],[106.92593829980029,-6.1837643996761793],[106.92559179965151,-6.1837270993152655],[106.92545799989776,-6.1837007995833977],[106.92540889968328,-6.1836938991458643],[106.92527299987678,-6.1836626993892265],[106.92513749973388,-6.1836315994060715],[106.925051699694,-6.1836148992095525],[106.9248857995228,-6.1835845991512173],[106.92474799921217,-6.1835666994610623],[106.92460909925445,-6.1835394993790711],[106.92452709945891,-6.1835261992919941],[106.92412819944136,-6.1834498993373828],[106.92405699958474,-6.1834327998017455],[106.92384150000726,-6.1833951991741882],[106.92377970001554,-6.1833835997116511],[106.92367349947639,-6.1833708997413872],[106.92337629970034,-6.1833388992064942],[106.9233439997987,-6.1833371997453348],[106.92325909992836,-6.1833285996377292],[106.92274689921207,-6.1832939991417382],[106.9226467998364,-6.1832866998217231],[106.92257809949109,-6.1832872992179189],[106.92236559915395,-6.1832726997892298],[106.92230869989551,-6.1832688000237761],[106.92162569971603,-6.1832063996578928],[106.92104489938738,-6.1831630992189632],[106.92077079932214,-6.1831365993147287],[106.92020859966931,-6.1830914992738579],[106.91974099969485,-6.1830519996446913],[106.91940089923429,-6.1830192991641129],[106.91910729979058,-6.1829861999469022],[106.9189411998892,-6.1829628992429244],[106.91875519943603,-6.1829311995770233],[106.91836279967517,-6.1828792991343162],[106.91793929921829,-6.182834599902356],[106.91753609960544,-6.1827857991575419],[106.91739169983403,-6.1827683995184479],[106.9168720000186,-6.1827412999790807],[106.91676149947261,-6.1827331997873634],[106.91646819950645,-6.182711799163628],[106.91629959913924,-6.182701599270036],[106.91562229928924,-6.1826604994825498],[106.91552919997058,-6.1826548994976864],[106.91496589914564,-6.1826049993613212],[106.91488439966507,-6.1825986992472375],[106.91479349995865,-6.1825907992290938],[106.91462749995638,-6.1825741999356527],[106.91446599941649,-6.1825579993662663],[106.91394649942322,-6.1825124998054681],[106.91359559995151,-6.1825025993696867],[106.91351379937771,-6.182508799713121],[106.91345279952648,-6.1825194991408656],[106.91307289988121,-6.1826123993132471],[106.91289109933332,-6.1826568995992623],[106.91267729935952,-6.1827091992222787],[106.91250669986981,-6.1827508996748142],[106.91236069923465,-6.1827762995867976],[106.91216890003622,-6.182810599985932],[106.91211619936405,-6.182817199916923],[106.91202869932414,-6.1828035993094987],[106.91194899918601,-6.1827763996145944],[106.91162989933761,-6.1826250000248129],[106.911448099989,-6.182546399704246],[106.91133180002552,-6.1824775995724819],[106.91111749976507,-6.1823986992028166],[106.91099929947273,-6.1823840994355699],[106.9108798999554,-6.182363599976048],[106.91082049970127,-6.1823598995848617],[106.91056539978136,-6.182344599418264],[106.91022059982643,-6.1823246994814873],[106.91005109971034,-6.1823057993984287],[106.90998069956767,-6.1822894995922146],[106.90994199970012,-6.1822781996141849],[106.90961749944746,-6.1821354994291138],[106.90926749941873,-6.1819694998068213]],[[106.95115129940166,-6.2112648998398425],[106.95128199948446,-6.2113614991607529],[106.95140549966879,-6.2114250996941474],[106.95160119924068,-6.2115587997097217],[106.95170649996636,-6.2116390992883934],[106.95174029993166,-6.2116733994229696],[106.95176589988264,-6.2117136996429245],[106.95212659978786,-6.2123761995532707],[106.95214399993398,-6.2124043995771876],[106.95219299975545,-6.212444699270093],[106.95225019974296,-6.2124733997128398],[106.95231759983831,-6.2124869991371137],[106.95235889976381,-6.2124853991943718],[106.95256629922211,-6.212472999426832]],[[106.95114869945641,-6.2108260999465159],[106.95098909954636,-6.2109104995424937],[106.95108929989843,-6.2111248993565038],[106.95115129940166,-6.2112648998398425]],[[106.90994599916618,-6.1824677997548276],[106.90993709969692,-6.1824191994007025],[106.90992569951833,-6.1823959996639912],[106.90988709937901,-6.1823419998910962],[106.90982359995931,-6.1822900994808165],[106.90954239959521,-6.1821417998541719],[106.9093522994345,-6.1820254999663131],[106.90926749941873,-6.1819694998068213]],[[106.90926749941873,-6.1819694998068213],[106.90919109965314,-6.1819188996660976],[106.90892859990059,-6.1817551992378892],[106.9087490993537,-6.1816279996371293],[106.90869919933034,-6.1815975992816368],[106.9085881992676,-6.1815179993659521],[106.90845809956353,-6.1814426993455038],[106.90813929999885,-6.1812670996247849],[106.90793459971461,-6.1811462991439061],[106.90732469962086,-6.1807950995680372],[106.90699349966617,-6.1806426991786232],[106.9066423995592,-6.1805121993056851],[106.90583979949847,-6.1802176997574012],[106.9049371997842,-6.1798683994431283],[106.90373619966577,-6.1794064997966096],[106.90296689967759,-6.1791024997735322],[106.90217839944235,-6.1787974992736707],[106.90166799934488,-6.1786081996576243],[106.90148909950494,-6.178551699853692],[106.90126469947926,-6.1784841992983681],[106.90096039950629,-6.1784239000233887],[106.90074999980892,-6.1784027991812067],[106.90014669957934,-6.1783460997116437],[106.89961729929053,-6.1783050998661668],[106.89886370003889,-6.1782544998368616],[106.898554099649,-6.1782303997737777],[106.89824439986225,-6.1782062998721106],[106.8975278998233,-6.1781722992197352],[106.89716119974534,-6.1781694992294263],[106.89688049956062,-6.1781698993694123],[106.89672639931082,-6.1781595993870724],[106.89657709934299,-6.1781156998125146],[106.89638689917271,-6.1780363998283505],[106.8962430997408,-6.1779545998125949],[106.89612459992271,-6.1778597993361917],[106.89542239939287,-6.1772219992446562],[106.89447229949282,-6.1763493000080096],[106.89435909967773,-6.176251199831567],[106.89419779984628,-6.1761148992042108],[106.89406889961916,-6.1760128992294998],[106.89385319930376,-6.1758161993732612],[106.89351299964216,-6.1755075994734545],[106.89291609953273,-6.17494979928476],[106.89251139989716,-6.1745861993214834],[106.89223879976358,-6.1743412994475433],[106.89191419982058,-6.1740468998709517],[106.89169279938329,-6.1738215992160193],[106.89142579969024,-6.1735449994657241],[106.89129739973005,-6.173435499542471],[106.89111749923384,-6.1733051992628214],[106.89068219923163,-6.1730041992670834],[106.89024609970105,-6.1727445995589125],[106.88918199989054,-6.1720941997672281],[106.88864519958216,-6.1717701991481198],[106.88831149996837,-6.1715687998012809],[106.88657329970367,-6.1705210997689113],[106.88636909953019,-6.1703914999542206],[106.88632069986045,-6.1703622994016181],[106.88551649994652,-6.1698643992130915],[106.88344479977199,-6.1685948993490438],[106.88251709922162,-6.1680312995274917],[106.88156769981961,-6.1674545998126504],[106.88144059996419,-6.1673777993529049],[106.88132259992751,-6.1673142992665912],[106.88122000003665,-6.1672548993085536],[106.88109459936655,-6.1671882996521479],[106.88075029954928,-6.1669942991315896],[106.88007599951702,-6.1666811996582354],[106.87985619999984,-6.166613299864717],[106.87976589960886,-6.1665901992615106],[106.87964459992037,-6.1665705994740048],[106.87954699922048,-6.1665515995784475],[106.87911049935646,-6.1665015993329186],[106.87895729981828,-6.1664839997509029],[106.87893849975953,-6.1664812993608917],[106.87889179997458,-6.1664756992139722],[106.87882569972761,-6.166467499338113],[106.87885839986127,-6.16640849955329],[106.87887009949236,-6.1663891999386191],[106.87892189977549,-6.1662977995503239],[106.87898329960306,-6.1661894993237665],[106.87910139963724,-6.1659761993176589],[106.87910219967789,-6.1659742995910625],[106.87925819923494,-6.165737299293192],[106.88000460001479,-6.1646035991359973],[106.88021179980744,-6.1642797999280416],[106.88042799967552,-6.1639674995461906],[106.88077969943636,-6.1633772996905885],[106.88102770000786,-6.1629873998342184],[106.88125359987646,-6.1626474995393545],[106.88139069922832,-6.1624456992117462],[106.88169129957498,-6.1619978992644047],[106.88182490000521,-6.1617881999846587],[106.8827567992936,-6.1602599991852083],[106.88290649992491,-6.1600115998259506],[106.88292379951807,-6.1599843998917674],[106.88302819937563,-6.1598195996173644],[106.88323379991016,-6.1594896993284651],[106.88386749920832,-6.1584311992567393],[106.88518489982893,-6.1562179994176791],[106.88550329980663,-6.1557017992600844],[106.88570329980288,-6.1553770994531503],[106.88573859988453,-6.1553140995743023],[106.88596999921519,-6.1549461999765596],[106.88675799917665,-6.1536598994746496],[106.886784354772,-6.1534099703861598],[106.88691135826186,-6.153086142473124],[106.88702569927148,-6.1527945993111528],[106.8870337999471,-6.1526819992727466],[106.88708679964367,-6.1525332998996127],[106.88727069976632,-6.1522256992352675],[106.88734769953111,-6.1520965991697523],[106.88754699966894,-6.1517558994000199],[106.88774569947246,-6.1514186998883789],[106.88785139969555,-6.1512068993764117],[106.8881375992633,-6.1507364994546858],[106.88815609965694,-6.1506408994849702],[106.88814839985612,-6.1505585998792691],[106.88810519981253,-6.1504570996875811],[106.88754139951158,-6.1502397994698024],[106.88740209966122,-6.1501926993622957],[106.88702199940326,-6.150066999170388],[106.88687349997008,-6.1500178997839248],[106.88681149964492,-6.1499973994169572],[106.88666699981073,-6.1499601997477669],[106.88623189964505,-6.1498480998060234],[106.88599069953014,-6.1497859994594783],[106.8856514996548,-6.1496980997683082],[106.88550769928082,-6.149668899860357],[106.88535969996884,-6.149642999487539],[106.88512409924208,-6.1496037999253117],[106.88484569940988,-6.1495693000145213],[106.88468929992068,-6.1495613998806622],[106.88455869923371,-6.1495818992219426],[106.88449779945132,-6.1495947992304965],[106.88447899914637,-6.1494386996694042],[106.88454319973033,-6.1492061999320304],[106.88480559928482,-6.1485050992477044],[106.884816699783,-6.148473299259269],[106.88493559980662,-6.1481364996319279],[106.88505699929854,-6.1477724999303565],[106.88514389918811,-6.1475122994232088],[106.88515299975583,-6.1474830995787411],[106.88518919980608,-6.1473665992963378],[106.88526059940163,-6.1471367993212427],[106.88533049973157,-6.1469170994305706],[106.88539569942446,-6.1467967997977615]],[[106.89937499933183,-6.1781321992519747],[106.89946519936058,-6.1781602995215135],[106.89955149914262,-6.1781748995659651],[106.90036069913931,-6.178248899714859],[106.90082329981976,-6.178288599668309],[106.90104219996074,-6.1783168995766218],[106.90124609942735,-6.178354899256572],[106.90133529946706,-6.1783781999705214],[106.90152799919262,-6.1784312997729582],[106.90163229915485,-6.1784602994451481],[106.90178989984526,-6.1785168998002247],[106.90200849922732,-6.1785995994903349],[106.90262139962795,-6.1788395993630161],[106.90335759919206,-6.1791361997730059],[106.90371569974288,-6.1792788993774765],[106.90378079935819,-6.1793022994593017],[106.90459009922206,-6.1796134999607668],[106.90535769949365,-6.1799026998174469],[106.90588699960352,-6.1801038998834192],[106.90596379961555,-6.1801336996385672],[106.90668789922779,-6.1803998991314133],[106.90736569952414,-6.1807042995338568],[106.90836460003659,-6.1812455996386797],[106.90859429945395,-6.1813754997402821],[106.90877179994123,-6.1814762996185779],[106.90888749917495,-6.1815416994848995],[106.9090323998351,-6.1816067991347605],[106.90914109919395,-6.1816788992822964],[106.90937129987056,-6.1818048994134243],[106.90961499933054,-6.18193569977133],[106.90999369977789,-6.1821291991286023],[106.9101138996762,-6.1821715994344846],[106.91027009968369,-6.1822266999272557],[106.91048099997781,-6.1822309994645845],[106.91091169959648,-6.1822608992700578],[106.91111599935888,-6.1822902992721511],[106.91118669978761,-6.1823144999396495],[106.91135449935659,-6.1823697997510179],[106.91138599924967,-6.1823828994210013],[106.91141749969128,-6.182395899630837],[106.91178669988329,-6.1825808992976095],[106.9119240998033,-6.182648199381541],[106.91197889957094,-6.1826688993762762],[106.91206339994253,-6.1826906995107951],[106.9122606995288,-6.1827022992532017],[106.91236129982738,-6.182696299955885],[106.91264609927191,-6.1826462999705019],[106.91282269925067,-6.1825970998264834],[106.91309769941456,-6.1825332999028051],[106.91330389937649,-6.1824853998785825],[106.91333759982852,-6.1824775997605643],[106.91343339993327,-6.1824488994855784],[106.9135224999864,-6.1824328992243123],[106.91361149940555,-6.1824260997383771],[106.91387729956723,-6.1824234996841492],[106.91416059991171,-6.182437099946787],[106.91462099933828,-6.1824810998387116],[106.91497430001262,-6.1825148997344019],[106.91533769949848,-6.1825430998774289],[106.91562439988394,-6.1825593994559336],[106.9157640994341,-6.1825672996983538],[106.91586209987693,-6.1825711993915657],[106.91593869987565,-6.182573399616885],[106.91601829933353,-6.1825764000167318],[106.91608479948644,-6.1825788997431896],[106.91635399977064,-6.1825875995259043],[106.91655129966863,-6.1825973993452763],[106.91675339929218,-6.1826096997736029],[106.91686589939542,-6.1826173994664906],[106.91749699982631,-6.1826609997306186],[106.91803339988643,-6.1827011997795811],[106.91857309941062,-6.1827439993665303],[106.91884689992908,-6.1827715991976628],[106.91914859971817,-6.1828020998131858],[106.91988979924751,-6.1828500994462985],[106.92039749946922,-6.1828811993929307],[106.92100489986645,-6.182918399276029],[106.92128630000539,-6.1829355999837672],[106.92232879944444,-6.1830028999851567],[106.92238499980354,-6.1830068999345729],[106.9225955994618,-6.183024799995783],[106.9226318000438,-6.1830266996701209],[106.92309489924824,-6.1830745996436258],[106.92322209995142,-6.1831215000141055],[106.92369269914361,-6.1831728992665713],[106.92380679967125,-6.1831867993422147],[106.92410519976272,-6.1832274993120455],[106.92432989972801,-6.1832321997994546],[106.92458609962192,-6.1832816993605322],[106.92468359933521,-6.1833010994835851],[106.92477909947395,-6.1833223991623605],[106.92516869981172,-6.1834091993678246],[106.92527769996933,-6.1834313993534584],[106.92538059929853,-6.1834502996748286],[106.92583939936925,-6.1835074997959367],[106.9259739993843,-6.1835187998447472],[106.92614339949782,-6.1835301997271674],[106.92620869919963,-6.1835353000280335],[106.92640899971065,-6.1835338993232689],[106.92648869967147,-6.18353179937459],[106.92677459937754,-6.1835170995122013],[106.92687830000422,-6.1835117995725168],[106.9273231995134,-6.1834577991706583],[106.9276048000295,-6.1834321999072461],[106.92787789984325,-6.1834031992988567],[106.92795359942212,-6.1833945994559585],[106.92810269977923,-6.1833774993933206],[106.92852290003209,-6.183333999558096],[106.92858909964811,-6.1833261999010167],[106.92867969989726,-6.1833128995882758],[106.92890759951267,-6.1832832994852653],[106.92898819921602,-6.183275499940291],[106.92986299993395,-6.183178499794959],[106.93000569929042,-6.183162099672348],[106.93022219999854,-6.183137099932325],[106.93036319966077,-6.1831210991872103],[106.93162979957235,-6.1829764992847576],[106.93166219915157,-6.1829725995658071],[106.93239419993773,-6.182873299227702],[106.93288739958078,-6.1828033998067005],[106.93325980003966,-6.1827463991624407],[106.93361869962567,-6.1826852993076633],[106.9339747996594,-6.1826346999227244],[106.93413019953303,-6.1826091996006722],[106.93447099999173,-6.1825370995948266],[106.93490859922973,-6.1824298998464569],[106.93511369949607,-6.1823980992222793],[106.93530009955296,-6.1823744991774543],[106.93533749938952,-6.1823683994037522],[106.93540869979235,-6.1823568991763382],[106.93552669956198,-6.182337499178864],[106.93576589923894,-6.1822992995429837],[106.93629779934088,-6.1822634997434793],[106.93653259976853,-6.1822581994900041],[106.93677529952005,-6.1822794993265369],[106.93687989928105,-6.1822928995521176],[106.93698779957215,-6.182317099162586],[106.93710399995676,-6.1823523999898482],[106.93725059945439,-6.1824045991271088],[106.93733919992678,-6.182441499534038],[106.93743459942272,-6.1824895997545708],[106.93777529991425,-6.1827034993749965],[106.93794529998118,-6.1828129999611834],[106.93811199929371,-6.1829155996288163],[106.93818749987727,-6.1829606991539698],[106.93830519940681,-6.1830307999720926],[106.93837740002105,-6.1830726991668978],[106.93852449921729,-6.183158099720961],[106.93864119918378,-6.1832240993935113],[106.93874649981171,-6.1832827991968324],[106.93881719982328,-6.1833201994769018],[106.93894019927409,-6.1833829999136007],[106.9390316995228,-6.1834274993175642],[106.93912349919546,-6.1834668992949915],[106.93925569918493,-6.1835121994298357],[106.93937819974033,-6.1835478997574747],[106.93956209944893,-6.1836096992569933],[106.93964649969637,-6.1836379991759669],[106.93977359950111,-6.1836756996885764],[106.93991989976892,-6.1837187999589958],[106.94033049992269,-6.1838078992634271],[106.9406559997278,-6.1838748996663506],[106.94134299955392,-6.1840009991780072],[106.94181339995565,-6.1840871997666325],[106.94182649972672,-6.1840895993233955],[106.9420903995737,-6.1841338991585708],[106.94225979995875,-6.1841661995700088],[106.94238009972096,-6.1841891998077338],[106.94263399994144,-6.1842376993507537],[106.94278159984052,-6.1842625995595348],[106.94292239926081,-6.1842840998058293],[106.94322489997775,-6.1843268998529863],[106.943403699938,-6.184358399688616],[106.94350749957734,-6.1843742994222142],[106.94354569963241,-6.184380799480258],[106.94380839921763,-6.1844283991593532],[106.94407109971417,-6.1844759995956524],[106.94440349983897,-6.1845261999554921],[106.94468249999427,-6.1845734999009432],[106.94489949925753,-6.1846102993826984],[106.94529919932495,-6.1846780999166766],[106.94565049954619,-6.1847352994633527],[106.94573569946311,-6.1847499992807746],[106.945836299379,-6.1847673993035457],[106.94661889996944,-6.1849026993005092],[106.94761739981567,-6.1850755995409736],[106.94827740001692,-6.1851896991942006],[106.94836099932397,-6.1852041991793403],[106.94875409917391,-6.1852721991490434],[106.94935659983015,-6.1853739998982169],[106.95034089975327,-6.1855402995479452],[106.95051610003256,-6.1855688996184481],[106.95092649938834,-6.1856357999727694],[106.95100259922094,-6.1856481996726869],[106.95201559947837,-6.1858207996943726],[106.95213549925695,-6.1858420992166359],[106.9525505997123,-6.1859155998889825],[106.9534807999309,-6.1860804998497096],[106.95358039990187,-6.1861015997320719],[106.95367869965212,-6.1861245993881981],[106.95405759989151,-6.1861956995098417],[106.95416329928209,-6.1862154993185694],[106.95447249959483,-6.1862732993758538],[106.95457819917553,-6.1862960998323313],[106.95459989952431,-6.1863007999820043],[106.95494459914548,-6.1863673998534576],[106.95581089929283,-6.1865513992073717],[106.95632589936582,-6.1866767996104342],[106.95716569930768,-6.186867999449996],[106.95758509986827,-6.1869634993813012],[106.9577273000435,-6.1869958999784531],[106.95783239939446,-6.1870197994900726],[106.95793739938047,-6.1870436993442706],[106.95822779975781,-6.1871147996601072],[106.95848589995896,-6.1871778991494155],[106.95853879951294,-6.187190899462701],[106.95894769961791,-6.1872908995561264],[106.95912329966178,-6.1873337997402151],[106.95931119989336,-6.1873797998515077],[106.9594242992317,-6.1874074992737524],[106.95973049953626,-6.1874823999589612],[106.95993159922659,-6.1875315995501028],[106.96039439947381,-6.1876610992451901],[106.96048699983048,-6.1876869998854112],[106.96061809984292,-6.1877236998112961],[106.96083109929464,-6.1877817993753963],[106.96087759963052,-6.1877965996122226],[106.96092189928294,-6.1878108998692687],[106.96111629938939,-6.187867399917069],[106.96133809958518,-6.1879386992066259],[106.96151859982818,-6.1879967991586708],[106.96159649994595,-6.1880220993088164],[106.96193979939804,-6.1881286994642579],[106.96213419991629,-6.1881913994139328],[106.96241319978535,-6.1882819991301412],[106.96285039961603,-6.1884273991758034],[106.96356349933014,-6.1886846999711054],[106.96364849990971,-6.1887157995322433],[106.96399299929377,-6.1888259992145294],[106.9643564997278,-6.1889613998008528],[106.96446239932213,-6.1890039998074844],[106.96453279941392,-6.1890279999632707],[106.96460119924684,-6.1890499995045332],[106.96478139921338,-6.1891139993979065],[106.96489119999688,-6.1891583993950725],[106.96496929975262,-6.1891899997976676],[106.96549099941691,-6.1893966998701426],[106.96561979981655,-6.1894526994776262],[106.96577599943731,-6.1895092991506244],[106.96598519934074,-6.1895879994282392],[106.96631509932797,-6.1897229993279819],[106.96637399962883,-6.1897450997758474],[106.96649809969651,-6.1897973997612761],[106.96653109940721,-6.1898112992091194],[106.96674229934985,-6.1898979993352867],[106.96695819933845,-6.1899872993044927],[106.9671995993954,-6.1900885997198243],[106.96723579979007,-6.1901019999400475],[106.96741849942205,-6.1901692993712372],[106.96750000003436,-6.1902043991344939],[106.9676082999563,-6.190257899248337],[106.96786010001249,-6.1903535995967731],[106.96817459936524,-6.1904845993478776],[106.96874179995979,-6.1907232999920758],[106.96891749919781,-6.1907909999556656],[106.96871162473033,-6.1912322099493524],[106.96863201214629,-6.1915144427830251],[106.96860469475334,-6.1918032316210025],[106.968550059243,-6.1925095948410407],[106.96833009922531,-6.195115099974938],[106.96825499995046,-6.1954271000009307],[106.96822019946843,-6.1955043995970724],[106.96815179936641,-6.1956363999446591],[106.96774010000698,-6.1963576998685364],[106.96677179918441,-6.1981883994834694],[106.96666579927849,-6.1983789994758256],[106.96656409985566,-6.1985952997775762],[106.96642979957198,-6.1988162994188407],[106.96603279956014,-6.1994015996216634],[106.96562519985986,-6.2000148993659554],[106.96559109986835,-6.200057799829664],[106.96535299926613,-6.2004323999481965],[106.96512489990292,-6.2008081997759001],[106.9645910991408,-6.201798799214659],[106.96432089960146,-6.2023747996327723],[106.96422539967931,-6.2025934999995247],[106.96412709970596,-6.2028186995050856],[106.963834899733,-6.2032397993467505],[106.96261103432221,-6.2054755513150361],[106.96181207007378,-6.2070607122962853],[106.9613456993916,-6.2079249993295855],[106.96121829939686,-6.2081823997740724],[106.96106269983196,-6.2084636998433353],[106.96090179931448,-6.2087355996952169],[106.96061009978195,-6.2091269996086922],[106.96035999940725,-6.2093729991614666],[106.96022339916483,-6.2094845998178654],[106.95993859974473,-6.2097283997624615],[106.95976979509726,-6.2098693475573707],[106.95807719946093,-6.2112111992734871],[106.95742139979031,-6.211655899789216],[106.95675369930366,-6.2120336992994583],[106.95586309922606,-6.2125321999778205],[106.95405939955563,-6.2134672995036579],[106.95236769957167,-6.2143566998508462]],[[106.88707679924164,-6.1534935999279545],[106.88698580000568,-6.1535397996802601],[106.88693809999889,-6.153596499916187],[106.8868302998027,-6.1537757993880451],[106.88619559948772,-6.154789799433372],[106.88607679935402,-6.1549892992929962],[106.88584469934442,-6.1553815997500321],[106.88580999942812,-6.1554387992288566],[106.88563789926744,-6.1557163994037936],[106.88499549970146,-6.1567563999285744],[106.8844916992328,-6.1575527996335193],[106.88400339919639,-6.1583247995166879],[106.88380929985773,-6.1586601998227417],[106.88335329952848,-6.159439699415457],[106.88307819964926,-6.1598818995810003],[106.88295729998622,-6.1600808995922502],[106.88277099917595,-6.1603572994038291],[106.88236579974181,-6.1610403994291669],[106.88196989993389,-6.1616973991645017],[106.88175729968802,-6.1620375997670251],[106.88163099940695,-6.1622395997932982],[106.88155369922963,-6.1623640997014517],[106.88139510002628,-6.1626052999926895],[106.88129279980295,-6.1627603994748226],[106.88084839947416,-6.1634419994587804],[106.8802715995551,-6.1643033996733489],[106.87952589917499,-6.1654517997990572],[106.87931609971959,-6.1657722998849289],[106.87925239916659,-6.1658695993219306],[106.87915849945679,-6.1660318995964856],[106.87905259941382,-6.1662155999845734],[106.87898509961542,-6.166313299793269],[106.87895959951631,-6.1663568991469608],[106.87892229941727,-6.16642079936328],[106.87894499947669,-6.1664247997263777],[106.87896759925941,-6.1664287995366944],[106.87911309925023,-6.1664494994776193],[106.87913479969684,-6.1664525992060897],[106.87923029996077,-6.1664661997906025],[106.87943689939272,-6.1664928992220851],[106.87956439938252,-6.1665166995645659],[106.87964969977557,-6.1665326994927891],[106.8799309999916,-6.1665945994391071],[106.88015969968039,-6.1666688998962975],[106.88062369969877,-6.1668621998959043],[106.8812554992694,-6.1671942991634205],[106.88136219915727,-6.1672509993207481],[106.8814800998267,-6.1673080992961031],[106.882046999952,-6.1676092994855161],[106.88225169961225,-6.1677480995384339],[106.88257159936902,-6.1679450999825463],[106.882892899936,-6.1681421991853318],[106.88395169947626,-6.1687901993306822],[106.88562159967964,-6.169816799937248],[106.88619490001622,-6.1701782996337826],[106.88636419980207,-6.1702837993751238],[106.88641129940375,-6.1703139999924437],[106.88662739992165,-6.170444099208459],[106.88707039950089,-6.170711699211413],[106.88779929929481,-6.1711534998412443],[106.88868889914365,-6.1716871992788107],[106.88925529995961,-6.1720200991642757],[106.8895587994821,-6.1722094993695302],[106.89074709954562,-6.1729214991950041],[106.89127429975231,-6.173282699419242],[106.89136549975647,-6.1733588991304167],[106.89150329984085,-6.1734750996740289],[106.8916463998529,-6.1736135991515635],[106.89191579939556,-6.1739052993241881],[106.89213989946843,-6.1741135996209362],[106.89238659916228,-6.1743213998743762],[106.89258749958876,-6.1745093994322708],[106.8927265993407,-6.1746396000010515],[106.8929585991622,-6.1748508996255502],[106.89329839954962,-6.175170399137178],[106.89345469938894,-6.175328799820007],[106.89364549940323,-6.1755601999818364],[106.89392389986648,-6.1758081991815752],[106.89410779930468,-6.1759699994076502],[106.89423919950258,-6.1760796991705869],[106.89441489978984,-6.1762114992284598],[106.8945355999804,-6.1763223997131833],[106.89594169969965,-6.1775744993679584],[106.89626200001305,-6.177866599477742],[106.89646519986323,-6.1780008998552116],[106.89663309971796,-6.1780662995584565],[106.89681339972948,-6.1780933999512335],[106.89714039990521,-6.178101299224827],[106.89752099956202,-6.1780995000205063],[106.89818349915051,-6.178123499324891],[106.89855579961674,-6.1781504995668604],[106.89880969938521,-6.1781688999497213],[106.89960649915861,-6.1782275996408478],[106.9007143992085,-6.178324499819067],[106.90093399917333,-6.1783440994706433],[106.901116699619,-6.1783742999576434],[106.90148139917909,-6.1784664998872802],[106.90171139957897,-6.1785375995724783],[106.90263819969095,-6.1789041994152036],[106.90333419921393,-6.179184200004018],[106.90376159974629,-6.1793488995222754],[106.90520019999471,-6.179907599618204],[106.90586609918977,-6.1801527998577823],[106.90667219971027,-6.1804396993475086],[106.9070174999175,-6.1805875992703294],[106.90733059945096,-6.1807402996790213],[106.90833699949471,-6.1812826994652204],[106.90855599989503,-6.1814014999857712],[106.90866129941242,-6.1814762995528305]],[[106.88539569942446,-6.1467967997977615],[106.88539359985502,-6.1468577999519995],[106.88539219997317,-6.1469350993848941],[106.88532409953845,-6.147152599474289],[106.88526319981408,-6.1473454994871659],[106.88525099987119,-6.1473841992685108],[106.8852135997147,-6.1475056991916519],[106.8850407999531,-6.1480124992465663],[106.88487699939928,-6.1484841993875605],[106.88487559988528,-6.1484884999214104],[106.88474599913859,-6.1488569995941837],[106.88466399970531,-6.1490958992688585],[106.88460229994993,-6.1492958997026053],[106.88458750000937,-6.1493491997721357],[106.88458859925016,-6.1493842993571786],[106.88460129971358,-6.149404599639281],[106.88462210002619,-6.1494213994313771],[106.88471889958443,-6.1494331996947258],[106.88493489914099,-6.14946059991337],[106.88503019968356,-6.1494740997771808],[106.88540099959957,-6.1495267994263072],[106.88551089998583,-6.1495491996099485],[106.88553749937348,-6.1495596995938593],[106.88567839940494,-6.149590799404991],[106.88599979985075,-6.1496695993393509],[106.88653749928277,-6.1497758996644949],[106.88683729960671,-6.1498523992086849],[106.8874044996944,-6.1500458994313556],[106.88751139930834,-6.1500795997946938],[106.88759379941845,-6.1501073000148443],[106.88760569969621,-6.1501119992954179],[106.88775299944507,-6.1501702996396572],[106.88815729953923,-6.1503301997366515],[106.88819469996821,-6.1503507995417355],[106.88831979961616,-6.150367599309166],[106.88839169954743,-6.150368799880372],[106.88847799935054,-6.1503618999341745],[106.88853109953662,-6.1503405995246547],[106.88856749955299,-6.1502947998126061],[106.88858429995709,-6.1502872993027502],[106.88861529979209,-6.1502660996387508],[106.88867209997372,-6.1501428999931189],[106.88877129942536,-6.1499142999654506],[106.88890269962154,-6.1496049997597586],[106.88897559968356,-6.1494301997754555],[106.88917289962249,-6.1489670995907284],[106.88936319946856,-6.1485247995912449],[106.88951149972256,-6.1481370992651527],[106.8896235994125,-6.1477528994319117],[106.88972629957965,-6.1473604997284994],[106.8900064994355,-6.1461857999095448],[106.89018169932871,-6.1453917993298184],[106.89029989997788,-6.144715399723788]],[[106.89027369988217,-6.1447421998436189],[106.89029989997788,-6.144715399723788]],[[106.89029989997788,-6.144715399723788],[106.89032849971605,-6.1446973992777894],[106.89036049962388,-6.1446862998878897],[106.8903940992784,-6.1446825997687071],[106.89042769957011,-6.1446864998712432],[106.89045959932382,-6.1446976997081837],[106.89048809939295,-6.1447156998669401],[106.89051189973749,-6.1447396993591408],[106.89052970002041,-6.1447682995496162],[106.89054059917137,-6.1448000994947298],[106.89044590002905,-6.1452094993913384],[106.89035279924461,-6.1456120999266295],[106.89030479938155,-6.1458005999502978],[106.89030329917439,-6.1459083998954815],[106.89011689979611,-6.1467870995442837],[106.89012429932548,-6.1469027991654741],[106.88995139961732,-6.1478065999132507],[106.88983529957125,-6.1483484991767003],[106.88973889974092,-6.1486572994455768],[106.88944779919423,-6.149299699361074],[106.88883309949229,-6.1505840997822618],[106.88868269935094,-6.1508758997218385],[106.88781739993814,-6.1523006993841722],[106.88718040001477,-6.1533494991642028],[106.88708279952229,-6.1534857000004184]],[[106.88611279930441,-6.1445656999662459],[106.88609069928837,-6.1446432993413875],[106.88596589933535,-6.145015199556358],[106.88591829924587,-6.1451583996453447],[106.88586789959351,-6.1453061999633443],[106.88581629955183,-6.1454873991264609],[106.88577809927538,-6.1456214992980405],[106.88575089960486,-6.1457069999195397],[106.88564769960547,-6.1460319991984749],[106.88559539929632,-6.1461964994770719],[106.88557759933882,-6.1462525993944856],[106.885540199663,-6.1463795992155505],[106.88550069996957,-6.1464935994063215],[106.88548499965572,-6.1465389994987785],[106.88543709995953,-6.1466771998492593],[106.88540679952592,-6.1467648994551656],[106.88539569942446,-6.1467967997977615]],[[106.88611279930441,-6.1445656999662459],[106.88610489938159,-6.1445294996446727],[106.88613879957293,-6.1443663997384128],[106.88618889982564,-6.1441253994058975],[106.88620799951862,-6.1440271997266267],[106.88622189934723,-6.1439486998263746],[106.88624079971873,-6.1438528995474693],[106.8862447999181,-6.1438372997843818],[106.88631809947047,-6.1436035999676264],[106.88636279983777,-6.1434665999155778],[106.88639739935417,-6.1433604993914761],[106.88644279922099,-6.1432099997967446],[106.88654969991399,-6.1428647998390673],[106.88662409931608,-6.1426281992950642],[106.88663839987176,-6.142582699288563],[106.88678709990872,-6.1420760994596835],[106.88689609919547,-6.1417327998977349],[106.88696369989628,-6.1415133994161177],[106.88698169939275,-6.1414585998907194],[106.88700269917904,-6.141396699480107],[106.88695700001338,-6.1413810996453417],[106.88638879925026,-6.141201199746904],[106.88624869946744,-6.1411580995340982],[106.88571890003161,-6.1409950992724145],[106.88570569947188,-6.140990999395135],[106.88565579959102,-6.1409755995822204],[106.88544399953773,-6.1409116997356668],[106.88518929951564,-6.1408320994962828],[106.88416369937318,-6.1405164994720645],[106.88386509981737,-6.1404245993797613],[106.88258469947608,-6.1400305992934117],[106.88250819934528,-6.1400070993504325],[106.88246989942093,-6.1399952993680085],[106.88240349964235,-6.1399748994538808],[106.88132699962848,-6.1396435997430343],[106.88081749992197,-6.1394954995387954],[106.88006399977185,-6.1392549995820245],[106.87993849959422,-6.1392162999408306],[106.87983419968967,-6.1391841993059728],[106.87917619976258,-6.1389817995001712],[106.87907249953122,-6.1389499000166854],[106.87904179946672,-6.1389403994332792],[106.87899779988322,-6.1389268994798813],[106.8781984998495,-6.1386808999524032],[106.87766729940446,-6.1385173996522386],[106.87708539971884,-6.1383383995053622],[106.87700979938397,-6.1383150998111962],[106.8768058999183,-6.1382523996458742],[106.87651419983578,-6.1381625997514995],[106.87644609992122,-6.1381415991399333],[106.87635799937432,-6.1381144996189967],[106.87632969938286,-6.138106499459786],[106.87608889920945,-6.1380363000268945],[106.87447430000272,-6.1375652998732129],[106.87400359982207,-6.1374718992314765],[106.87381379925431,-6.1374652997915815],[106.87348719965961,-6.1374705994846819],[106.87294679919742,-6.1374772999778902],[106.87237330003198,-6.1374966997097529],[106.87233159968805,-6.1375002994532419],[106.87216860003362,-6.1375005992897549],[106.87213979921852,-6.1375017994774099],[106.87150129976504,-6.1376066999199201],[106.87142409943381,-6.1376223992297048],[106.87089389979718,-6.1377168996057563],[106.87028589925586,-6.1378251993400452],[106.87026429971013,-6.1378291997517289],[106.87016299922705,-6.1378475997343802],[106.87011319958856,-6.1378566995543808],[106.86984849951845,-6.1379050997164928],[106.86944919976051,-6.1379761000072417],[106.86878649950773,-6.13809399971825],[106.86861359925304,-6.1381247994820969],[106.86855399930175,-6.1381349993835812],[106.86841069940184,-6.138160199383492],[106.86830379988916,-6.1381801999697396],[106.86786259963573,-6.1382626998496885],[106.86749649940347,-6.1383348994183393],[106.86740159941297,-6.1383500993995721],[106.86709289922862,-6.1384034999574419],[106.86668609940332,-6.1384814992276713],[106.86650519914606,-6.1385165993216644],[106.86587499926168,-6.138637399622664],[106.86578269951026,-6.138656399486945],[106.8655449000224,-6.1387102997772436],[106.86534889932364,-6.1387542993367763],[106.86517909968254,-6.1387853992338046],[106.86511729956655,-6.1388001995780472],[106.86501709938038,-6.1388244999051755],[106.86499489993874,-6.1388292996805403],[106.8644092994919,-6.1389449999968644],[106.8633669992531,-6.1391414998733662],[106.86233159929341,-6.1393366999679824],[106.86080139917181,-6.1395944998976208],[106.86024639934355,-6.1396926991549385],[106.86014209972676,-6.1397111991954745],[106.85994829943918,-6.1397492996740182],[106.85985879967801,-6.1397675999358645],[106.85970849916576,-6.1397982995787883],[106.85917049930423,-6.1398934993290712],[106.85828289919026,-6.1400593994412693],[106.8582427993004,-6.1400669998452084],[106.85810119991471,-6.140095699610173],[106.85794659921754,-6.140126699463619],[106.85741019943409,-6.140230899316184],[106.85693659968001,-6.1403206998714515],[106.856827299397,-6.1403401995123517],[106.85681519937768,-6.1402715000201606],[106.85679329938573,-6.1401528995803814],[106.85678369950652,-6.140107299933443],[106.85673510002069,-6.1398533995733295],[106.8566438992116,-6.1393673998949021],[106.85658089923089,-6.1390408992587711],[106.85650439965625,-6.1386144995354446],[106.85631469927922,-6.1375564996036616],[106.85625629968709,-6.137083799958714],[106.85616649938419,-6.1365613998501232],[106.85610160004455,-6.1362017996852494],[106.85594699994776,-6.1353824996803725],[106.85583569994219,-6.1347939992031177],[106.85569749996422,-6.1340564993134787],[106.85552589960081,-6.1330580999613336],[106.85513539947397,-6.1309294991347407],[106.85508669954922,-6.1306639998347965],[106.85504429925219,-6.1304328992239894],[106.85503039975677,-6.1303568992334219],[106.85493299914432,-6.1298780995762598],[106.85490850001572,-6.129670099756968],[106.85489879980337,-6.1291933997321131],[106.8548712999964,-6.128569899245524],[106.85487079935118,-6.1284552994109287],[106.85487219967604,-6.128094699583138],[106.85487459954729,-6.1278811997599574],[106.85485839916379,-6.1277378991943703],[106.85481889939845,-6.1274981997813862],[106.85481689979864,-6.1274493991553163],[106.85483749945213,-6.1273457995759593],[106.85489079956214,-6.1272331998542553],[106.85495719950069,-6.127161299944075],[106.85504959937462,-6.127138599529566],[106.85520059954104,-6.1269803994243643],[106.85523479969518,-6.1269486996243332],[106.8552688992004,-6.1269249992940731],[106.85546209940362,-6.1268629996392781],[106.85556979944569,-6.1268283998845883],[106.85577029924876,-6.1267639996483716],[106.85590499970363,-6.126720699673589],[106.85592379998414,-6.1267146996859321],[106.85594819927447,-6.1267089994790132],[106.85600229985971,-6.1267172995651862],[106.85603679986629,-6.1267357995232041],[106.856052899237,-6.1267590991716441],[106.85606359935282,-6.1267870992588174],[106.85607269995005,-6.1268109999920206],[106.85609879921799,-6.1269032995156607],[106.85586119953224,-6.1269828997642977],[106.85553059943356,-6.127095199819963],[106.85547689963624,-6.1271134996410037],[106.85539429919618,-6.1271680993755613],[106.85520799960635,-6.1273336992849394],[106.85513749982997,-6.1274315999141695],[106.85507809976659,-6.1275256999120371],[106.85505119961213,-6.1275937995001861],[106.85499719923421,-6.1277813991383443],[106.85496469955356,-6.1279656992366869],[106.85495539985706,-6.1283323996368342],[106.85495629962691,-6.1283752998890497],[106.85495779971016,-6.1284525995993597],[106.85496389930204,-6.1287546995180442],[106.85498529988087,-6.1291629999110881],[106.85498639963721,-6.1291855992392961],[106.85501779957973,-6.1296443994870664],[106.85503919992954,-6.1298420998613032],[106.85514349929876,-6.1304146995107978],[106.85518499989495,-6.1306423999492896],[106.85519629944092,-6.1307044993097692],[106.85521049937414,-6.130780899694745],[106.85523479950878,-6.13091189995062],[106.85526559950448,-6.1310813994831008],[106.8553103996671,-6.1313159998626512],[106.85538539992106,-6.1317403993136042],[106.8554181999624,-6.1319176993096791],[106.85543139983569,-6.1319997993421724],[106.85545099999162,-6.1321184993442648],[106.85553029942476,-6.132537599890588],[106.85553759914215,-6.1325761994616164],[106.85562199940831,-6.1330410997307183],[106.85562409977334,-6.1330533998921579],[106.85571379983587,-6.1335711995567159],[106.85581459937988,-6.1341447998509038],[106.85583069990291,-6.134245899762349],[106.85584619998083,-6.134342899573749],[106.85586509923793,-6.1344395991798404],[106.85593919971323,-6.1348194000196985],[106.85601009996412,-6.1351827995821537],[106.85618069999693,-6.13618579936242],[106.85618969972214,-6.1362451995398164],[106.85624399916762,-6.1365478996336549],[106.85632039972737,-6.1369725991921058],[106.85661659933345,-6.1385894999389743],[106.8567830997783,-6.1394987000255172],[106.85680839924684,-6.1396363999171939],[106.8568931993523,-6.1400843999765948],[106.85799279933786,-6.1398655000122151],[106.85805499927359,-6.1398532993720032],[106.85821879926912,-6.1398200993838188],[106.85829869993795,-6.1398053996287549],[106.85912169990696,-6.1396543994926098],[106.85930879974988,-6.1396200992609833],[106.85959509955019,-6.1395674994235234],[106.85985919995203,-6.1395189992169081],[106.86003119981423,-6.1394874998884124],[106.86060889998666,-6.1393814995560989],[106.86075119985907,-6.1393553998573607],[106.86093999986005,-6.1393206998956575],[106.86112619933515,-6.1392865993391288],[106.86138479947876,-6.1392390995039552],[106.86145619940692,-6.1392259994203195],[106.86167839981162,-6.1391852996794105],[106.86173440002037,-6.1391749999735215],[106.86214539916961,-6.139099599792436],[106.86258959920991,-6.1390179996877823],[106.8626488993693,-6.1390071992604858],[106.86304719948494,-6.138934099441256],[106.86322329982936,-6.1389017992099042],[106.86338359938418,-6.1388722998731771],[106.86573449946559,-6.1384427998100923],[106.86632069965441,-6.1383333999721188],[106.86640079984572,-6.138316299714635],[106.86646489942378,-6.1383026991829528],[106.86652789941122,-6.1382892995816043]],[[106.86654509987181,-6.1382855994622938],[106.86730849920825,-6.1381438999004763],[106.86827189922771,-6.1379650999686595],[106.86857419914953,-6.1379089996844129],[106.86873809914147,-6.1378778995569094],[106.86898189976453,-6.1378323992893691],[106.86908749986145,-6.1378130993334725],[106.86968599930945,-6.1377015999283158],[106.87005379964883,-6.1376330992631765],[106.87011279970663,-6.1376223995101453],[106.87049429983757,-6.1375509999107054],[106.8708157998075,-6.1375016993423834],[106.87120060000532,-6.1374425996093107],[106.87174039960202,-6.137357299569496],[106.87198519985846,-6.1373178994209505],[106.87207609934998,-6.137306599660155],[106.87218749986137,-6.1372956992419683],[106.87221619996004,-6.1372935997697375],[106.87242239926751,-6.1372805991814525],[106.87294440002141,-6.1372631997321054],[106.87317739920192,-6.1372585995893081],[106.87343359991928,-6.1372565998518587],[106.87358109972031,-6.1372598999909398],[106.87368579922901,-6.1372598996745076],[106.87394789954369,-6.1372645995972634],[106.87406059974748,-6.137267899379327],[106.87429590002073,-6.1373132993064461],[106.87455339965184,-6.137367899777848],[106.87525079941521,-6.1375738997975908],[106.87536109944854,-6.137608199268314],[106.87544519930697,-6.1376340996418675],[106.87547389989798,-6.1376429998939246],[106.87555899935558,-6.137669299990514],[106.87638469985205,-6.1379240995370132],[106.87658980002259,-6.1379873996752252],[106.87677909961489,-6.1380459993042535],[106.87698149985255,-6.1381082997012264],[106.8771917999354,-6.138173199759736],[106.87775399933159,-6.1383467997598684],[106.87811149962273,-6.1384570991997203],[106.87833889994241,-6.1385257994266293],[106.87869099982193,-6.1386359998218962],[106.87875499948235,-6.1386556998679129],[106.87889659928874,-6.1386993993296279],[106.87909659966878,-6.1387611999748906],[106.87917569952141,-6.1387854996844027],[106.88327159949651,-6.1400431996735216],[106.88427179935942,-6.1403505993880199],[106.8844303995803,-6.140399399906082],[106.88452769946467,-6.1404285992318357],[106.88533259969834,-6.1406766998478757],[106.88558409952478,-6.1407535997822684],[106.88633719926113,-6.1409840993528837],[106.88700719927516,-6.141205999463982],[106.88702379953935,-6.1412114995847045],[106.88706039928569,-6.1412252997215813],[106.88713599942018,-6.1412478997360846],[106.88712329986998,-6.1412908995559254],[106.88709949954476,-6.1413724994074341],[106.88708390000882,-6.1414220997657312],[106.887051399836,-6.1415301991527578],[106.88687679987233,-6.1421115998033118],[106.88666769994387,-6.1427955998158454],[106.88664779973924,-6.1428585994139473],[106.8864280994879,-6.1435594991975178],[106.88632979990754,-6.1438647996640405],[106.88630189997596,-6.1439491996807831],[106.88627939973259,-6.1440236992441761],[106.88625319917277,-6.1441396994632145],[106.88623919964174,-6.1441962995147854],[106.88622049993685,-6.1442651998659992],[106.88614609964992,-6.1445387998936303],[106.88611279930441,-6.1445656999662459]]]},"properties":{"OBJECTID":971,"ID":"BRT_15","LINE":"15","NAME":"Jakarta International Stadium - Pulo Gebang","MODE":"BRT","CLASS":"Koridor Utama","STATUS":"Rencana","COLOR":"#82652B","SOURCE":"RTRW DKI Jakarta","REMARK":"Trase rinci diinterpretasikan untuk keperluan visualisasi"}},{"type":"Feature","id":972,"geometry":{"type":"MultiLineString","coordinates":[[[106.81082239925483,-6.1709207991273232],[106.81081510000769,-6.1708240999813384],[106.81079839924459,-6.1706024992515447],[106.81079179923853,-6.1705150999450371],[106.81064139942671,-6.1688477993988924],[106.81063179969875,-6.1687410996517302],[106.81059589921989,-6.1682600999809738],[106.81058909958507,-6.1681683992259648],[106.81054909979517,-6.1677060992895401],[106.81048059986361,-6.1670632993161947],[106.81039849970895,-6.166146599903044],[106.81037149957832,-6.165825299986893],[106.81036319928057,-6.1657518995312035],[106.81036100000139,-6.1656955999451162],[106.81035761518257,-6.1656544087534302],[106.81063939987229,-6.165632899222361],[106.81067469959599,-6.1656303000012223],[106.81073959978232,-6.1656254997738227],[106.81129239961227,-6.1655841994782765],[106.8120117992505,-6.1655294999631289],[106.81256049949579,-6.1654806995072899],[106.81322749961622,-6.1654261992752177],[106.81329579950524,-6.1654243999078204],[106.81340509996295,-6.1654200992846286],[106.81349829928989,-6.1654164999211805],[106.81350149966551,-6.1654168995285792],[106.8138446994199,-6.1654028992498997],[106.81535779974782,-6.1653332992620644],[106.81556799991019,-6.16531819941188],[106.81565089966709,-6.1653088995666447],[106.81569869960296,-6.165301699459051],[106.81581529979324,-6.1652841995779175],[106.81587499922126,-6.1652752997382585],[106.81664789947421,-6.1651475992343681],[106.81796479943038,-6.1649258999730252],[106.81837229961596,-6.164864399843994],[106.81879139983441,-6.1648074991801449],[106.81998419943906,-6.1646334992999607],[106.82009381777443,-6.1646171526298943],[106.82019992625634,-6.1646023767294089],[106.82024682922928,-6.1646095928131315],[106.8203063995569,-6.1646370996745308],[106.82037069956102,-6.1649756997960452],[106.82039289973163,-6.1651262997228065],[106.82040799916747,-6.1652024992458188],[106.82041969920603,-6.1652609993475593],[106.82044939942556,-6.1654133991746214],[106.82052529970935,-6.1657535997576831],[106.82060119984713,-6.166090799336664],[106.82071169968127,-6.166606299233198],[106.8207817997199,-6.1668707991636378],[106.82085609944092,-6.167149999287572],[106.82087679952926,-6.1672497994298148],[106.82088089970982,-6.1672771991685691],[106.82089469965646,-6.1673706999837528],[106.82092466156296,-6.1674180560165794],[106.82093509960829,-6.1674444991668382],[106.82095499999075,-6.1675174995045383],[106.82098569929167,-6.1676069994224259],[106.8209481997928,-6.1676206993212688],[106.82090699931186,-6.1676479998408942],[106.82086559968468,-6.1676780994655616],[106.82083619933005,-6.1676038992028639],[106.8207954992012,-6.1675114993979223],[106.82059958992798,-6.1668261768600159],[106.82010419773506,-6.1646496503994026],[106.81917569932953,-6.1647924999927088],[106.81809559916866,-6.16495239916269],[106.81630139956224,-6.1652566996414029],[106.81583219939141,-6.1653302000070358],[106.81573299966801,-6.1653483992091074],[106.81559729954327,-6.1653656992294712],[106.81350559957302,-6.1654687991233752],[106.8134118991721,-6.1654716994526231],[106.81330659999026,-6.1654791999283125],[106.81323599978305,-6.1654835994119797],[106.81297259968017,-6.1654987998172937],[106.81080799971031,-6.1656637999580308],[106.81074279935166,-6.1656679999321025],[106.81067819976795,-6.1656721996720565],[106.81068059917301,-6.1657248999236121],[106.81068469992883,-6.165796299211534],[106.8107154000091,-6.1662563992595318],[106.81072569949708,-6.166428799955102],[106.81073299947312,-6.1665510992557291],[106.81074339966024,-6.1667520997908314],[106.8107837996743,-6.1672809995026183],[106.81078859941867,-6.1673506992542713],[106.8108202992123,-6.167690999816263],[106.81082089968966,-6.1676972999250683],[106.81083669992877,-6.1678568000098135],[106.81085020002502,-6.1679925993465172],[106.81086449915803,-6.1681364992458168],[106.81087459946356,-6.1682378996769653],[106.81087799960345,-6.1682683997458652],[106.81088309982748,-6.1683251994042214],[106.81089669979416,-6.168458199945495],[106.81090669992409,-6.1685707999141792],[106.81092259984118,-6.1687558997441361],[106.81093669944651,-6.168920299921318],[106.81094989974152,-6.1690733999712855],[106.81095659978381,-6.1691500997507438],[106.81099099986569,-6.1695452993052804],[106.81100449997342,-6.1697001994540495],[106.81100939947923,-6.1697563994058999],[106.81101269988731,-6.1697944994511769],[106.81102779977964,-6.1699934992495535],[106.81105549959294,-6.1703570995895474],[106.81110169988384,-6.170814299384606],[106.81111249955049,-6.1708988995027578]],[[106.8111137995618,-6.1709089993121262],[106.81111439949778,-6.1709153997822339],[106.81112139988457,-6.1709849997872173],[106.8111250992917,-6.171033899831146],[106.81112929934355,-6.1710862991586666],[106.81113159922126,-6.1711083000285392],[106.81113699976576,-6.1711531996074731],[106.81120369999039,-6.1717355994681009],[106.81130289973238,-6.1722716994536997],[106.8113755999737,-6.1725630995008993],[106.81140130001324,-6.1726659992436659],[106.81140530002398,-6.1726820999605598],[106.81152919944179,-6.1731713993488331],[106.81158100000334,-6.1734045995432076],[106.81174139992775,-6.1739712999436573],[106.81194949980259,-6.1748774998350644],[106.8121195991863,-6.1755232998631406],[106.81212969971621,-6.175563699542221],[106.8121430992442,-6.1756100998830359],[106.81216789943348,-6.1757109997971629],[106.81231599991631,-6.176315899755334],[106.81273279985584,-6.1779033000051884],[106.81279029996621,-6.1781049000023307],[106.81286549950542,-6.1783624997611177],[106.81305069991245,-6.1791274996807086],[106.81309219927532,-6.1793247995946725],[106.81312949925807,-6.179449599425122],[106.81317299919598,-6.1795954997675384],[106.81327069972089,-6.1800435994580205],[106.81326759991495,-6.1803101995471907],[106.81330649982868,-6.1804908993583076],[106.81334669949082,-6.1806828996928669],[106.81337159972092,-6.1808301997967829],[106.81339299938033,-6.1809361998267329],[106.81340979952552,-6.1810755996956139],[106.81342719964755,-6.1812555997434631],[106.81344459984015,-6.1814135992630233],[106.81346609954782,-6.1815515996938304],[106.81350429982894,-6.1817161992746934],[106.81354119996965,-6.1818568994624776],[106.81358279949502,-6.1819828997184638],[106.81390669938884,-6.1828341993697293],[106.81422449954147,-6.1836594997398899],[106.8144430992494,-6.1842307998644701],[106.81452289963489,-6.184428200016062],[106.81456109953702,-6.1845007999603068],[106.81463349980454,-6.1846067992071658],[106.81471939994644,-6.1847160995929542],[106.81484879964164,-6.1848727994386854],[106.81499769954009,-6.1850413994198536],[106.81540199932618,-6.1855213993385929],[106.8155013995016,-6.1856598999451853],[106.81557959994917,-6.1858046991697835],[106.81563839998577,-6.1859818999507583],[106.81565799966793,-6.1863119994268638],[106.81566329944575,-6.1868291998671259],[106.81564789954041,-6.1871537995222496],[106.81563329943066,-6.1873987997356013],[106.81560049963825,-6.1877407992365852],[106.8155669991643,-6.1880066999959293],[106.81550659948982,-6.1884613994749929],[106.81538379959157,-6.1892953000188928],[106.81522429974183,-6.1900872998890906],[106.81520419929861,-6.1902205994582999],[106.81520549980094,-6.1903672999209114],[106.81511769934244,-6.1908625995379252],[106.81510209936395,-6.1909398996523972],[106.81510079922299,-6.1909464991850847],[106.81507139975182,-6.1910925993905792],[106.81504060000448,-6.1912381998603125],[106.81501079918547,-6.1913852996590988],[106.81496309934613,-6.1916208993780488],[106.81495169944884,-6.1916769993040051],[106.81493679995621,-6.1917408998031158],[106.81484009949394,-6.1922216997697408],[106.81482600003001,-6.1922904999939945],[106.81478819973948,-6.1924745999787341],[106.81475059962553,-6.1926278993099029],[106.81469189926591,-6.1928661994963443],[106.81464629972808,-6.1931244996326082],[106.8145844991512,-6.193543899519498],[106.8145283999698,-6.1941456999595399],[106.81451889999347,-6.194335099302906],[106.81451549939372,-6.1944067997205661],[106.81450939963158,-6.1945383995113819],[106.81450009952964,-6.1947177997573597],[106.81448289946572,-6.1950587994008979],[106.81447729970559,-6.1951703997431471],[106.81446309959932,-6.195436399182408],[106.81445899937407,-6.1956113999889553],[106.81441599991464,-6.196708199378941],[106.81440949985767,-6.196970899346665],[106.81440649936872,-6.1970903996505227],[106.81440409921751,-6.1971856993465879],[106.81439889935861,-6.1973370994043089],[106.81439019940386,-6.1975878997575569],[106.81438839950449,-6.1976401991385224],[106.81438449918586,-6.1977596998141822],[106.81438389930595,-6.1978377000102647],[106.81438339960098,-6.1979042999688891],[106.81440759920721,-6.1980295997104768],[106.81444219917974,-6.1981039992370137],[106.81444779973442,-6.1981882993250927],[106.81448129923078,-6.1982869997179613],[106.81457029992386,-6.1984780998918358],[106.81484739952789,-6.1990544995111048],[106.81529939962473,-6.2002694991469838],[106.81543479941841,-6.200671099248332],[106.81555049941824,-6.2010154996817821],[106.81565669921949,-6.2013716995840129],[106.81575949981394,-6.2017427992790362],[106.8161214999747,-6.2031264995558404],[106.81617009968774,-6.20333189970105],[106.81623999925333,-6.2035119993037586],[106.81630809983788,-6.2037331999653818],[106.81638029944664,-6.2040115993271456],[106.81645509964233,-6.2043116999612602],[106.81651169965448,-6.2045691993374481],[106.8165745994342,-6.204832399623827],[106.81660679921799,-6.2049569997462237],[106.81669079986447,-6.2053358994664967],[106.81671809917447,-6.2054654993055927],[106.8167284000321,-6.2055087994106541],[106.81684479993459,-6.2059801992185646],[106.81696369928477,-6.206400999787113],[106.81700579937996,-6.2065549995502591],[106.81704959940716,-6.2066882995498727],[106.81709339962205,-6.2068226999210676],[106.81714259922504,-6.2069507995151074],[106.81726409957552,-6.2072437998738428],[106.81728689941013,-6.2072970997347063],[106.81744869946819,-6.2076907991456229],[106.81751849919642,-6.2078808997186794],[106.81762349940688,-6.2082736999756332],[106.81766769958934,-6.2085232992011763],[106.81770429986557,-6.208723699278492],[106.81781079996901,-6.2093062991874737],[106.81782499952632,-6.209434899492317],[106.81784819959964,-6.209581899623088],[106.81785539928502,-6.2096581992191098],[106.81789789951209,-6.2097273999948301],[106.81792069944566,-6.2097961991838488],[106.81793479984766,-6.2098992992963282],[106.81794439998079,-6.2100692995823694],[106.81794699945027,-6.2103934997319001],[106.81795069968371,-6.2105502994061847],[106.81795359960242,-6.2106270993087582],[106.81795209947924,-6.2108265994498115],[106.81794929966819,-6.2111454997717868],[106.81794319965229,-6.2112719997766455],[106.81791499933929,-6.2118721992158683],[106.81792199916347,-6.2123324999816507],[106.81792929944552,-6.2126017994818934],[106.81794929916788,-6.2128583995510782],[106.8179747998376,-6.2130292999521206],[106.81826969968945,-6.2142994000086729],[106.81832689938253,-6.2145384991884223],[106.81841339962213,-6.2149003996378491],[106.8185211998034,-6.2153461000255987],[106.81861619996019,-6.215758299406609],[106.81871309941273,-6.2160991996563446],[106.81880009943667,-6.2163409999685504],[106.81889169944986,-6.2165972991556373],[106.81899100000672,-6.2168637998497998],[106.81906839995716,-6.217087800004272],[106.81919109988173,-6.2174223994910678],[106.8195702000253,-6.2181299993549546],[106.81969069945124,-6.2185950995605088],[106.81971649941106,-6.2186949999415093],[106.81976759947732,-6.2188920998323134],[106.81981839950488,-6.2190733993553158],[106.81988649935987,-6.2193164993812031],[106.81996609932605,-6.2195007991688334],[106.82006539947623,-6.2196968992668671],[106.82011939923342,-6.2197857998746455],[106.82019999984628,-6.2199320999442955],[106.82021999977997,-6.219964599447259],[106.82034180000927,-6.2201718996933435],[106.82042599949884,-6.2203168997407099],[106.82055479972988,-6.2205318992320331],[106.82056639967182,-6.2205543994480124],[106.82073309999537,-6.2208623992244227],[106.82081019924298,-6.2210176995803463],[106.8209429994772,-6.2213068998163363],[106.82095109992487,-6.2213190999605361],[106.82099719999339,-6.2214232991463128],[106.82104399934448,-6.2215119992461121],[106.82110129921804,-6.2216184997992396],[106.82118949984907,-6.2217568997775743],[106.82138029974965,-6.2219982994482521],[106.82151789932902,-6.2221324999447489],[106.82184630003445,-6.2224020996947669],[106.82208399933575,-6.2225970994336537],[106.82213489951897,-6.2226331992899713],[106.82216659926033,-6.2226585993868868],[106.82242829972964,-6.2227924996442949],[106.82279949945081,-6.2229413999331058],[106.8229344991661,-6.2229937991404656],[106.82312469966909,-6.2230478992368639],[106.82324789920183,-6.2230857999694713],[106.82371549960155,-6.2232484997261803],[106.82398879979041,-6.2233435997151245],[106.8240946995421,-6.2233795997264254],[106.82510179936953,-6.2236973992575084],[106.82537799963549,-6.223784499987655],[106.82572790001043,-6.2238993994524101],[106.82609969914375,-6.2240145999347112],[106.82613969998478,-6.2240269997344333],[106.82654289937507,-6.2241678999335601],[106.82664369937625,-6.2241979991686831],[106.82699219957254,-6.2243018996047379],[106.8274850991945,-6.2244489994425916],[106.82770689925722,-6.2245207000267433],[106.82791709951648,-6.2245885997506241],[106.82805089977141,-6.2246317997743077],[106.82817799988611,-6.2246682995372247],[106.82831199950429,-6.2247066994491291],[106.82891639967318,-6.2249038995401698],[106.8289326997261,-6.2249092997358622],[106.82944689942538,-6.2250803998806123],[106.82953139992836,-6.2251038993566468],[106.82976439955343,-6.2251698999825225],[106.82988709951637,-6.2252026992791709],[106.83011819978019,-6.2252641999224005],[106.83028939933649,-6.2253097000043702],[106.83030329919848,-6.2253133995933965],[106.83045079974657,-6.2253526996186794],[106.83081319980842,-6.2254490994165899],[106.83096649978513,-6.2254950998570679],[106.83112039986139,-6.2255400999614938],[106.83120379943369,-6.2255803997176002],[106.8314936996202,-6.2256965995744649],[106.83162329986546,-6.2257220994986628],[106.83188699981048,-6.2257576991703134],[106.83214879997814,-6.2257727996300209],[106.83268049944797,-6.2257912991840358],[106.83331429950444,-6.2257665000093114],[106.83398029972932,-6.2256898995663565],[106.83423189955485,-6.2256603992267481],[106.83452759938595,-6.2256179994220266],[106.83481069991998,-6.2255277991802869],[106.834953099993,-6.2255149992892145],[106.83565189950131,-6.2254308994253016],[106.83673009997901,-6.2253126997447579],[106.83676759954054,-6.2253077997613975],[106.83681539963325,-6.2253019995476944],[106.83803819941664,-6.2251532992716987],[106.83810309925362,-6.2251453995990946],[106.8381226997043,-6.2251439995051907],[106.838236699243,-6.2251350997036239],[106.83838809972033,-6.2251243996166243],[106.83845299919678,-6.2251189999279246],[106.83855339931685,-6.2251106998749242],[106.83871529954251,-6.225100799480126],[106.83882139918943,-6.2250883999236342],[106.83911129958615,-6.2250526997383648],[106.83935079968985,-6.2250248993331585],[106.83950369951049,-6.225028899981969],[106.84001269994143,-6.2249455999103835],[106.84002679956454,-6.2249430995649186],[106.84019239927132,-6.2249141992603647],[106.84031109955713,-6.2249039996387276],[106.84065769924779,-6.2248770992307447],[106.84067819919706,-6.2248755991621785],[106.84074869948783,-6.2248722999431001],[106.84121349941273,-6.2248545991539146],[106.84124799951817,-6.2248523992291291],[106.8413020994643,-6.2248488994584408],[106.8413733998707,-6.2248441995259514],[106.84142999996762,-6.2248409993417351],[106.84146329998802,-6.2248376996052786],[106.84159429981707,-6.224824699992106],[106.84199349915832,-6.2247864994208966],[106.8425126997541,-6.2247316996750559],[106.84266349983729,-6.2247160999430884],[106.84274499919266,-6.2247124998600594],[106.84288339966312,-6.2247010998013712],[106.84326609954385,-6.2246672995261028],[106.84338299985085,-6.2246503993428579],[106.84365449967594,-6.2245951994839857],[106.84399069973857,-6.2245047995184208],[106.84400759965077,-6.2244992992191079],[106.84419639989397,-6.2244439992192699],[106.84431039945252,-6.2244067996530665],[106.84439109938133,-6.2243804994797616],[106.84446739985523,-6.2243549000198453],[106.84448919985142,-6.2243463997564366],[106.84456679962352,-6.224315899701752],[106.84461779919849,-6.2242941996840182],[106.84467349955683,-6.2242708991413211],[106.84482369929401,-6.2242236995223905],[106.84492649941318,-6.2241775995230366],[106.84504339989346,-6.2241250993895614],[106.84588859988605,-6.2237143996791122],[106.8460038997279,-6.2236656997554638],[106.84608509915765,-6.2236383994354298],[106.84616359958174,-6.2236143996952977],[106.84621989926399,-6.2235989993186003],[106.84629429917608,-6.2235929995116956],[106.84652499940147,-6.2235616997828096],[106.84676059919349,-6.2235445998729801],[106.84702829984509,-6.2235461995716932],[106.8473083999569,-6.2235479998671632],[106.84749259956678,-6.2235490994422218],[106.84756769918916,-6.2235496992089034],[106.84783010001514,-6.2235461994837413],[106.8478683994406,-6.2235458999716435],[106.84792829959143,-6.2235462997176016],[106.84825329917116,-6.2235485996768691],[106.84852709929761,-6.2235628997174315],[106.84884679916102,-6.2235900994890896],[106.84899459947252,-6.2235992998054845],[106.84975889959229,-6.2236482998131688],[106.85016019983287,-6.2236740998167441],[106.8503292991461,-6.2236749999513892],[106.8506945995256,-6.2237599999536029],[106.85076779951127,-6.2237893998091343],[106.8508981998214,-6.2238423993350294],[106.85111699918352,-6.2239142995611987],[106.85125049935941,-6.2239713993238697],[106.85133829999032,-6.2240025996072426],[106.85152899985358,-6.2240701994257908],[106.85160789978339,-6.2240927997554536],[106.85187699948344,-6.2241696994894564],[106.85201379925094,-6.2241983995323436],[106.85233149960276,-6.2242732993745893],[106.85307959956332,-6.2244590997346423],[106.85358309999476,-6.2245841999787306],[106.85376499959543,-6.2246253993620657],[106.85468429926125,-6.2248337993002636],[106.85484019942335,-6.2248725995621532],[106.854903199948,-6.2248885996835277],[106.85511870003482,-6.2249400999808175],[106.8553600994196,-6.2250037993652576],[106.85548230001213,-6.2250531997743099],[106.85559999925327,-6.2250896991705584],[106.85560829983157,-6.2250922992818971],[106.85606919946925,-6.2252126993740466],[106.85629759948914,-6.2252663996825452],[106.85659309930827,-6.2253252996443473],[106.85687109989735,-6.2253807998748014],[106.85728260000009,-6.2254451999600633],[106.85740619965483,-6.2254519991610904],[106.85796869922027,-6.225448199233603],[106.85883809960112,-6.2254541994303843],[106.85966389915515,-6.2254236991377248],[106.85990969970047,-6.2254054994298134],[106.86079859951171,-6.2252939995853867],[106.86111219948155,-6.2252285993806309],[106.86142119958023,-6.2251731998211408],[106.86166859973106,-6.2251577992956539],[106.86262989973211,-6.2251018999018832],[106.86273739992161,-6.22503419988809],[106.86302979981858,-6.2250070993152793],[106.86309099952804,-6.2249981997986223],[106.86317699987067,-6.2249919993391609],[106.86330679920489,-6.2249811994235973],[106.86342319934106,-6.2249715995833776],[106.86394229933863,-6.2249397994329483],[106.8639869999551,-6.2249356994681051],[106.86410379945993,-6.2249250998860388],[106.86436289935141,-6.2248827998502811],[106.86504629983415,-6.2247448999802115],[106.86541859965526,-6.2246869997731418],[106.86572449952781,-6.2246454993776723],[106.86597509913864,-6.2245950994295711],[106.8662231995544,-6.2245451991698664],[106.86625529997541,-6.2245249999249506],[106.8662831996662,-6.2244982992986859],[106.86629959981892,-6.2244695995622763],[106.86630699951883,-6.2244342996863082],[106.86631719917523,-6.2243641999206325],[106.86635769949618,-6.2243534998400643],[106.86631939919033,-6.2242863997332805],[106.86613809962216,-6.2236412991801684],[106.86590469928363,-6.2227709997829335],[106.865873899684,-6.2226653995654804],[106.86563159944011,-6.2218767997542361],[106.86549519955858,-6.2214086996305635],[106.8654637995798,-6.2213484999017652],[106.86542619987161,-6.2212485998920082],[106.8653014999569,-6.2209913999949977],[106.86509809989001,-6.2206179000015878],[106.86499689975923,-6.2204079991285877],[106.86490099985296,-6.2201973995785371],[106.86486409973799,-6.2201192997600607],[106.86472299933112,-6.2198125998855982],[106.86468149928353,-6.2196592997226015],[106.86460679994691,-6.2195006999459146],[106.86458139981384,-6.2194277999679581],[106.86447289976296,-6.2191767991804792],[106.86423779917385,-6.2185697995164588],[106.86416549916196,-6.2182383991316756],[106.86412689921661,-6.2179461996785221],[106.86406679951607,-6.2174837994026548],[106.86404539928797,-6.2173192998416669],[106.86399819920102,-6.21673279953189],[106.86397949930844,-6.216536399995749],[106.86395329922296,-6.2164496999158851],[106.86391359933428,-6.2163429996265593],[106.86383119984282,-6.2162290991243445],[106.86372999922132,-6.2161057993010997],[106.86359049991798,-6.2159462992129351],[106.86342149958415,-6.2158081995225478],[106.86309539987407,-6.215526099935361],[106.86289639998176,-6.2153595995322837],[106.86213379989346,-6.2146211991721092],[106.861991399226,-6.2144403000269604],[106.86188189944438,-6.214276499174936],[106.86171399998136,-6.2139503991394562],[106.86160399931691,-6.2137722998097624],[106.86149749921738,-6.213624899558714],[106.86157199961737,-6.2135452994431795],[106.86160819914546,-6.2135220997587739],[106.86167829996648,-6.2134988991689566],[106.86169069943929,-6.2134978998219683],[106.86175080001478,-6.2134927994552109],[106.86182819983092,-6.2135103993794774],[106.86205189947704,-6.2135932994074459],[106.86223399915443,-6.2136591994292569],[106.86234239976366,-6.2136897994332934],[106.86243129972308,-6.2137252999018813],[106.86347719960551,-6.2141743993292309],[106.86594519998904,-6.215298899523571],[106.86607399929845,-6.215377299697189],[106.86614570003773,-6.2154332993819148],[106.86622469929269,-6.2155341997533391],[106.86628799982874,-6.2156230995496475],[106.86634349948706,-6.215712699564051],[106.86640519923657,-6.2158123996654382],[106.86643099962022,-6.2158532992510747],[106.866539799888,-6.2160562997568851],[106.86675639972263,-6.2164325991290585],[106.86681909956511,-6.2165434998621834],[106.86688409941732,-6.2166555995002533],[106.86699319924182,-6.2168803996836877],[106.86707879922791,-6.2170817992808125],[106.86714169917418,-6.2172462992018769],[106.86729409949805,-6.2176781997161257],[106.86747219915604,-6.2181943992566566],[106.86765179921504,-6.2187154992490754],[106.86765759962151,-6.2187323999561483],[106.86767369960651,-6.2187791998312614],[106.8677922995828,-6.2191216993006408],[106.86814239955342,-6.2201145992315929],[106.86816199917538,-6.2202540993430464],[106.86815349927404,-6.2205421994699464],[106.86815169937037,-6.2206692997744266],[106.86814729932021,-6.220971399757123],[106.86813469978172,-6.2214278991351497],[106.8681197993326,-6.2219662993120926],[106.8681122994938,-6.2223450995252216],[106.86810259996236,-6.2227520998789982],[106.86810119944175,-6.2228090998618129],[106.86808949967036,-6.2231289000276924],[106.86807489951968,-6.2232455999449972],[106.86803899996559,-6.2233273999189427],[106.86769699988704,-6.2240111995383556],[106.86750729965362,-6.2243808994837675],[106.86748709969983,-6.2244001995512797],[106.86742349972671,-6.2244108991498068],[106.86739739932037,-6.224453299483371],[106.86730039926374,-6.2246451999507677],[106.86719009966887,-6.2248237994626212],[106.86717899928759,-6.2248526992767186],[106.86707679926245,-6.2250383993807388],[106.86702759946988,-6.2251532995088255],[106.86699759932591,-6.2252265994790648],[106.86695939966599,-6.2254070000005131],[106.86694939950975,-6.2254915998513072],[106.86695439950724,-6.2255662995178014],[106.86707389944048,-6.2260510992131941],[106.86722699981328,-6.2268004994358881],[106.86724799917421,-6.2270114994794659],[106.86725829967421,-6.2272225997630102],[106.86726289974391,-6.2293111995495867],[106.86727349925488,-6.2297378992530481],[106.86727569969689,-6.2301394995838741],[106.86727149985468,-6.2302819997965111],[106.86727529919905,-6.2305712996655078],[106.86731819947421,-6.2317787993286444],[106.8673177999582,-6.2318065998015753],[106.86732619977734,-6.231889599245557],[106.86734479932835,-6.2320098995231366],[106.86735600000914,-6.2321237992881917],[106.86743249990673,-6.2328769997996956],[106.86746459977222,-6.2331162992053111],[106.86754510003512,-6.2338673995350042],[106.86761279997141,-6.2343940993698173],[106.86769669986784,-6.2346967996095515],[106.8678172999837,-6.2350084998484814],[106.86785449992634,-6.2350920996809087],[106.86791890002665,-6.235250699223517],[106.8679842998509,-6.2354065999260726],[106.8680449991913,-6.2355513998196352],[106.86811419975174,-6.2357280996725688],[106.86857919987173,-6.2367364991489653],[106.86876929986275,-6.23716629941155],[106.8687750992798,-6.2371850996477516],[106.8687867994326,-6.2372234999384615],[106.86874639960214,-6.2372326992318374],[106.86868219945995,-6.2372472993552774],[106.86867109955982,-6.237219699729164],[106.86860019932574,-6.2370430992246026],[106.86849809993302,-6.2368297995443713],[106.86842699996456,-6.2366783992960508],[106.86830540001998,-6.2364147993153551],[106.86826669968235,-6.236333399259669],[106.86818759988203,-6.2361683999333888],[106.86812059930035,-6.2360156993494638],[106.86795209943057,-6.2356385991340444],[106.86791129924953,-6.2355527996293691],[106.86787049963446,-6.2354668997518754],[106.86779989982887,-6.2352927997077794],[106.8677375994357,-6.2351328997617586],[106.86772399943327,-6.2351054997232822],[106.86759769918174,-6.2347248997735978],[106.86750519976306,-6.2343519999745993],[106.86746369933444,-6.2340552000168712],[106.86745439959205,-6.2339632996989254],[106.86730689930627,-6.2328994996928104],[106.86726029947107,-6.2324727991792841],[106.86723499930355,-6.2321140995237272],[106.86722879931942,-6.2320174992631472],[106.8672209995222,-6.2318984997799367],[106.8672135000038,-6.231817399478218],[106.86721019965844,-6.2317850000228825],[106.86719839986658,-6.2316357997424365],[106.86716889973862,-6.2312860994863861],[106.8671606993353,-6.231089300015122],[106.86715879959883,-6.2310525999695479],[106.86715219974839,-6.2309266993488288],[106.86715139919198,-6.2308857992414124],[106.86713409989953,-6.2304025992668732],[106.86712819997476,-6.2299624996392593],[106.86712859917679,-6.2299345997051523],[106.86712989993771,-6.2298557991357306],[106.86713149999073,-6.2297169997725392],[106.86714229981311,-6.2289683994161935],[106.86714359989564,-6.2289032000115743],[106.86714759960851,-6.2287203997179859],[106.86715379923291,-6.2283148998349329],[106.86715039975516,-6.2277627994067846],[106.86714989925348,-6.2275684997503973],[106.86715029915214,-6.2273814997459862],[106.86714109961844,-6.2271464997119379],[106.86712929996033,-6.2269347998401461],[106.86710709997786,-6.2267966995018638],[106.86704429987915,-6.2264520996859005],[106.86695149959084,-6.2260075994708801],[106.86692249946265,-6.2259007995927229],[106.86689009928185,-6.225772199963747],[106.86683329942056,-6.2256103993544745],[106.86680919919441,-6.2255368992432318],[106.86677139979926,-6.2254476999559074],[106.86660929939532,-6.2251467998477343],[106.86655149965387,-6.225038499601987],[106.86650999977614,-6.2249605998959723],[106.86642969983237,-6.2248815995973104],[106.86636059998811,-6.2248182991684171],[106.86632099945348,-6.224801599340581],[106.86625929945085,-6.2247989992504662],[106.86606179929085,-6.224819199178496],[106.86572559959978,-6.2248831991496392],[106.86542179957647,-6.2249409000177014],[106.86480769983271,-6.2250407999335993],[106.86417929988791,-6.22515399918196],[106.86394149966532,-6.2251631997254444],[106.86365799998806,-6.2251522994355604],[106.86351319945358,-6.2251347999406228],[106.86341849987761,-6.2251426993395054],[106.86326709924187,-6.2251579995754662],[106.86296199930536,-6.2251977996738299],[106.8628513999921,-6.225206499212927],[106.8624937995835,-6.2252414997465424],[106.86213699975343,-6.225260399650308],[106.86187099996242,-6.2252641997065092],[106.86143489953112,-6.2252945994489606],[106.86120219914598,-6.2252973992778697],[106.86072529979195,-6.2253741998264776],[106.85986299928969,-6.2254834991767112],[106.85882569948714,-6.2255331994815881],[106.85797069959808,-6.2255247996043392],[106.85743319924332,-6.225536899450038],[106.85719459998573,-6.2255123991899159],[106.85653129939037,-6.2253902999344275],[106.85627059926524,-6.2253381997830264],[106.85615329987036,-6.2253226991358224],[106.85588669953586,-6.2252879992511643],[106.85574399925906,-6.2252632994016253],[106.85510559993928,-6.2251356992225464],[106.85476169962706,-6.2250595995363298],[106.85457399960134,-6.2250163992467336],[106.85372089964434,-6.2248201998104058],[106.852838799267,-6.2246172995156295],[106.85257479989633,-6.2245574991281067],[106.85235809914249,-6.2244979991666698],[106.85191789950655,-6.2243876999991983],[106.85180229976808,-6.2243582999004339],[106.85167919958539,-6.2243248998515917],[106.85165349961019,-6.2243197992158974],[106.85159529929878,-6.2243003993588175],[106.85142609929284,-6.2242441997890658],[106.85129699964098,-6.224204799879816],[106.85124139990157,-6.2241877995380799],[106.85122359960853,-6.2241796991993406],[106.85104339927565,-6.2240836998439386],[106.85102729943821,-6.2240750998646472],[106.8508654999098,-6.2239999997732465],[106.8507960999622,-6.2239759998251492],[106.85050809914338,-6.2239078999119197],[106.85021499962525,-6.2238435997911337],[106.84997729931476,-6.2238019996228537],[106.84975769926696,-6.2237635999396179],[106.84935669969066,-6.2237196999885249],[106.84927219943987,-6.2237103992176639],[106.84913329916098,-6.2236997998208308],[106.84880149949559,-6.2236743994072352],[106.84855059966884,-6.2236546992578257],[106.84822690003941,-6.2236202999156456],[106.84810769944005,-6.223615299459488],[106.84791050002293,-6.2236068992872147],[106.84781919949783,-6.2236015994814853],[106.84761519962535,-6.2235986995128183],[106.84700579935095,-6.2235982992820693],[106.84675099964234,-6.2235981996694845],[106.84652239955702,-6.2236189993428015],[106.84636079932268,-6.2236362996795282],[106.84621049924094,-6.2236636997312607],[106.84611259990977,-6.2236869996815152],[106.84601579953737,-6.2237209992533282],[106.84576259984314,-6.2238523996022197],[106.84526719981153,-6.2241080991686282],[106.84500589993243,-6.2242348991582412],[106.84487389938354,-6.2243156999461764],[106.84471629977573,-6.22442629918568],[106.84457149949093,-6.2244939999201314],[106.84444959995308,-6.2245462995557128],[106.8443380992767,-6.2245880998494663],[106.84409819926542,-6.2246521996384363],[106.84406009922388,-6.2246635995286956],[106.84382929924276,-6.224716299369164],[106.84378119927736,-6.2247266998097857],[106.84376019955977,-6.2247309992251134],[106.84325039920211,-6.2248312992516288],[106.84322109949031,-6.2248354992385684],[106.84251969951252,-6.2249349992911833],[106.84223339994371,-6.2249759997626262],[106.84207549983277,-6.2249925997704718],[106.8418920993881,-6.2250035997131077],[106.84159389993823,-6.2250244993010755],[106.84140189917868,-6.2250347994207873],[106.84132009981403,-6.2250391996409471],[106.84123149930842,-6.2250439997040408],[106.84105629966975,-6.2250512998499925],[106.84042159958148,-6.2250834999616371],[106.84038509947861,-6.2250852999358823],[106.8399226997995,-6.2251255994630421],[106.83952319970311,-6.2251767997331493],[106.83896679997098,-6.2252606994756938],[106.83891089978995,-6.2252905997249677],[106.83883949967036,-6.2253097998165128],[106.83845459949774,-6.2253582992705843],[106.83826939995478,-6.2253745999834358],[106.8377428993694,-6.2254415995084704],[106.83603439972308,-6.2256426994392369],[106.83566939936874,-6.2256802994581406],[106.83535619915762,-6.2257079992958673],[106.83528799920764,-6.2257139996311661],[106.83494849949916,-6.2257458992348802],[106.83467019934329,-6.2256723994268128],[106.83398899980864,-6.2257591992031855],[106.83331739975486,-6.2258415994877181],[106.83268099981255,-6.2258715000038451],[106.83171219946587,-6.2258226999669883],[106.83109169942706,-6.2257770994198243],[106.83074389916747,-6.2256955997081525],[106.83043209966478,-6.2256135996483426],[106.83004679956265,-6.2255059000128936],[106.82962809940324,-6.2253851999248973],[106.82937649940689,-6.2253174996901928],[106.82895089972838,-6.2251924991412597],[106.82844889932768,-6.2250323997951469],[106.82835519924801,-6.2250028993596516],[106.82822589981609,-6.2249621992664945],[106.82793459927755,-6.2248703994059449],[106.82729149972377,-6.2246595994667544],[106.82712409959623,-6.2246065000196698],[106.82691619993436,-6.224540499797973],[106.82658109965962,-6.2244420991822862],[106.82569819989814,-6.2241741999137892],[106.82533279943843,-6.2240584996308543],[106.82518599917447,-6.2240109992005488],[106.82501129927823,-6.2239553997494212],[106.82496409983492,-6.2239402995589916],[106.82454739979325,-6.2238028994865555],[106.82414289919916,-6.2236586999771637],[106.82398839996968,-6.2236092998616934],[106.82390749916208,-6.2235812995059892],[106.82388249926366,-6.2235732998438138],[106.82365579948515,-6.2234943998955732],[106.82331579953959,-6.2233779998913628],[106.82292919997852,-6.2232513995848571],[106.82285439944067,-6.2232232993065466],[106.82243689946392,-6.2230724992277056],[106.82218879961941,-6.2229645995486624],[106.82207599995017,-6.2229052997079837],[106.82197820002679,-6.2228518993597461],[106.821349499813,-6.2223681998338103],[106.82125639925076,-6.2222848991913651],[106.82114999928872,-6.2221604998822606],[106.82106949962429,-6.2220558000064772],[106.820941999314,-6.2218991997496778],[106.82091969991599,-6.2218648998851647],[106.82082339955167,-6.2217165999247861],[106.82076909993901,-6.221607899973419],[106.82070599924761,-6.2214705996314956],[106.82066109960049,-6.2213612994264977],[106.82064939985287,-6.221335799508636],[106.82042149942701,-6.2207984992033634],[106.82036059944375,-6.2206775992586936],[106.82022049962499,-6.2204212997217017],[106.8201355000075,-6.2202658998399274],[106.81999659987797,-6.2200120997095381],[106.81992749932358,-6.2198920995344134],[106.81983150004157,-6.2196939997519642],[106.81973739954292,-6.219482099277327],[106.81970849949043,-6.2194073999385484],[106.81965949976421,-6.2192808999492311],[106.81962409941318,-6.2191571994548811],[106.81960519922504,-6.219091099641024],[106.81949419930785,-6.2187033000174665],[106.81947519999547,-6.218636999801797],[106.81939779964148,-6.2183667991345359],[106.81932819916533,-6.2181235992154598],[106.81930009998615,-6.2180252998585956],[106.81910269964152,-6.2173542992139632],[106.81908659988541,-6.2173029992083144],[106.81895169991193,-6.2169525995779971],[106.81890459963965,-6.2168226000176325],[106.81889389923441,-6.2167583996048741],[106.81887119949572,-6.2166852999897912],[106.81879979941394,-6.2165026994531587],[106.81874599916804,-6.2163606991650102],[106.8186599994323,-6.2161254995047761],[106.81860409986875,-6.2159330994465014],[106.81853409994389,-6.2156787999969412],[106.81848439983958,-6.2154822998240276],[106.81834929951087,-6.2149037991931317],[106.81827329968905,-6.2145878996898523],[106.8181889996382,-6.2142372992479302],[106.81791649972205,-6.2130374996266573],[106.81787589989955,-6.2128339994644186],[106.81782749986282,-6.2125866997153993],[106.81777529949639,-6.2124698993758596],[106.81772649925315,-6.2122180999726746],[106.81769459995854,-6.2119662994310181],[106.81769219950301,-6.2119486997275217],[106.81768569940199,-6.2118524995013189],[106.81767949992066,-6.2117111996711172],[106.81767559927188,-6.2114327996500442],[106.81767609998522,-6.2113527999216345],[106.81769139989666,-6.2108637998047938],[106.81768509955874,-6.2102924997093032],[106.81767289950741,-6.2100490999618811],[106.81765419944533,-6.2097581998671663],[106.81764009916675,-6.2095378993287689],[106.81761349949939,-6.2092602996830646],[106.81760309964139,-6.2091773997191346],[106.81758779958155,-6.2090621994634017],[106.81756589931261,-6.2088794997010588],[106.81758509935914,-6.2086881992865974],[106.81757130001782,-6.2086103996983777],[106.81753259933319,-6.2083915995592909],[106.81740799915153,-6.207936199827774],[106.8173281000302,-6.2077333994724713],[106.81721249955818,-6.2074533999829473],[106.81716619957405,-6.2073356993553519],[106.81701489956285,-6.2069757998658579],[106.81697839930877,-6.2068726996756416],[106.81689479941676,-6.2066222996497702],[106.81681169944309,-6.2063120991466727],[106.81670299980888,-6.2058543992575679],[106.81666779953038,-6.2056915997959132],[106.81652389933882,-6.2051309993941226],[106.81650239927365,-6.2050500994673587],[106.81647989990985,-6.2049435993506954],[106.8164683992749,-6.2048791998244477],[106.81640469997791,-6.2045861996358846],[106.81638129966645,-6.2044885997047752],[106.81619819981576,-6.2037859993138431],[106.81604299952036,-6.2031559999024504],[106.81580059965553,-6.2022056991762984],[106.81552109995188,-6.2012554998705207],[106.81547629968584,-6.2011109992305684],[106.81534679968487,-6.2007078997379637],[106.81523879965472,-6.2003957999321671],[106.81477589921249,-6.1991250994343714],[106.81448679953968,-6.1984781000154365],[106.81433349967156,-6.198171599754251],[106.81432809952261,-6.1981580998489099],[106.81428769946407,-6.1980493993171928],[106.81426709927095,-6.1979565997321657],[106.81424899971647,-6.1978491999307161],[106.81424759976797,-6.1977826996004879],[106.81427629974645,-6.1971729998785525],[106.81427919978566,-6.197145199997224],[106.81428159917634,-6.1970895992049515],[106.81428749991757,-6.1970155999413592],[106.81429139915593,-6.1969073997009119],[106.81430039957776,-6.1966976995980962],[106.81431689931692,-6.1963648996188549],[106.81432509992234,-6.1961410997645086],[106.8143311992292,-6.1959109995439743],[106.81433949976361,-6.1956407995620699],[106.8143516999604,-6.1951394996266034],[106.81435689922175,-6.1950539997963716],[106.81438209973962,-6.1946439992283331],[106.81439299995102,-6.1943825997756221],[106.81439499916398,-6.1943351994569271],[106.81439979961216,-6.194284499248905],[106.81442909967404,-6.1940462995927694],[106.81446919991609,-6.19377399983785],[106.81452749966462,-6.1933479996439154],[106.81456529947179,-6.1930348994365927],[106.81460339943808,-6.1927961995303438],[106.81467589927399,-6.1924686991352758],[106.81473339943135,-6.1921979999839252],[106.81476329914139,-6.1920554993871422],[106.81479789940161,-6.1918766998071781],[106.81481199944578,-6.1918040993120229],[106.81484179944079,-6.1916495997025098],[106.81489029939854,-6.1913987997936397],[106.81490169968201,-6.1913398996230713],[106.81494929976341,-6.1910800998862516],[106.81496669992768,-6.1909904994868157],[106.81497739933397,-6.1909268999828191],[106.8149783998789,-6.190921199323979],[106.81499629932676,-6.1908232995654231],[106.81507339965054,-6.1904484994481805],[106.81509259943425,-6.1903519994350562],[106.81513039959549,-6.1902073000132098],[106.81515189936579,-6.1900765996893066],[106.81540799917943,-6.1886486992261469],[106.81543339925982,-6.1884478999360146],[106.81549239970634,-6.1879516997840289],[106.81555019996887,-6.187378099678118],[106.81557119966413,-6.1871376997393961],[106.81559879922209,-6.186830099432477],[106.81557899991543,-6.1863975996182976],[106.81556329935611,-6.1860361994772539],[106.81549769927176,-6.1858100994964005],[106.81542469962787,-6.1856852992044447],[106.81534259964418,-6.1855705998362929],[106.81505949948854,-6.185237099560382],[106.81478239923369,-6.1849140995597534],[106.81459129946602,-6.1846687992070857],[106.81450549928523,-6.1845434998893225],[106.81435539976299,-6.1841506996990434],[106.81415539927171,-6.1836876992652385],[106.81405349988147,-6.1834274995535932],[106.81394419923554,-6.1831414998613896],[106.81370449984379,-6.1825102996724794],[106.81350819957309,-6.1819854997301826],[106.81342319986996,-6.181762899336996],[106.81337759924791,-6.1816061995032774],[106.81333469975004,-6.1814489000073554],[106.81329179948419,-6.18124759946119],[106.81320729937516,-6.1808935999280674],[106.813102699862,-6.1804035996562945],[106.81282009925575,-6.1794253998050692],[106.8128047993652,-6.1793685997907897],[106.81278949947958,-6.1793117997793123],[106.81271369949083,-6.1790195999934356],[106.81267729978981,-6.1788709998890381],[106.81259299947341,-6.1784311997768251],[106.81244860002261,-6.1778932991614219],[106.81202919965516,-6.1763663997390008],[106.81201110002762,-6.1763004995591482],[106.81186209935233,-6.1757580995031551],[106.81185129935714,-6.1757186995051327],[106.81184149996703,-6.1756828992655937],[106.81182299964948,-6.1756101991749111],[106.81170169922869,-6.1751334991957263],[106.81168599931254,-6.1750715999467953],[106.81138399963011,-6.1738418000165423],[106.81132589998273,-6.1736015993595821],[106.81131419996747,-6.1735527998066342],[106.81130229971718,-6.173502499989179],[106.81124179982081,-6.1732351991903709],[106.81112069974202,-6.1727395997433128],[106.81109909990573,-6.1726516999616265],[106.8110432991453,-6.1724016999804068],[106.8110145998337,-6.1722785992248443],[106.81093619993584,-6.1719429994218178],[106.81093309957068,-6.1719294996841043],[106.8109217999442,-6.1718471996944571],[106.81089949950324,-6.1717069998544396],[106.81089369943869,-6.1716513997306865],[106.81084029970106,-6.1711396994996779],[106.81083779985609,-6.1711199995468276],[106.81083459987578,-6.1710893993472355],[106.81083199915906,-6.1710665992944191],[106.8108282994851,-6.1710090995669491],[106.81082379972666,-6.1709391998963472]]]},"properties":{"OBJECTID":972,"ID":"BRT_16","LINE":"16","NAME":"Kampung Melayu - Harmoni","MODE":"BRT","CLASS":"Koridor Utama","STATUS":"Rencana","COLOR":"#A417D3","SOURCE":"RTRW DKI Jakarta","REMARK":"Trase rinci diinterpretasikan untuk keperluan visualisasi"}},{"type":"Feature","id":973,"geometry":{"type":"MultiLineString","coordinates":[[[106.84449879957504,-6.1274364995100186],[106.8445065991865,-6.1274154996222032],[106.8445263993428,-6.1273864999749357],[106.8445649999597,-6.1273498994044502],[106.84461299997379,-6.1273156996105431],[106.84466619914733,-6.1272881998790334],[106.8447304996418,-6.1272638997695967],[106.84479629934567,-6.1272444995949531],[106.84488449977843,-6.1272270992002911],[106.84537559936781,-6.1271074993925962],[106.84545949931288,-6.1270817999100595],[106.84572029974568,-6.1269645992338182],[106.84580579957127,-6.1269412992849421],[106.84619999944006,-6.126833699797575],[106.84663629945211,-6.1267497997325577],[106.84664909954135,-6.126747099204402],[106.84689480003306,-6.1266424999044524],[106.84699819951022,-6.1266102999201406],[106.84744359940322,-6.1265308996102155],[106.84772309944832,-6.1265230992015471],[106.8479410997879,-6.1265293994901642],[106.84806239936822,-6.1265398992081987],[106.84811149985467,-6.1265357995640501],[106.84818499933998,-6.1265276998733507],[106.84844919978592,-6.1264745998232382],[106.84953419977069,-6.1262032997923006],[106.84968179954463,-6.1261627994709587],[106.85021819928853,-6.1260295991641289],[106.85043759948188,-6.1259910995711131],[106.85132629968922,-6.125735599579242],[106.85221399993978,-6.1254581993727841],[106.85374829928547,-6.124923299352675],[106.853766999209,-6.1249177997983804],[106.85378669916881,-6.1249130996824741],[106.85385189961578,-6.1248956997531057],[106.85389589949885,-6.1248784996837395],[106.85399449998523,-6.1248333992044355],[106.85456559997384,-6.1246102992655089],[106.85573809997535,-6.1240556999506914],[106.85581369938527,-6.1240199997993638],[106.8577733995175,-6.1231070992375649],[106.85779050002651,-6.1230993998672112],[106.85971209973462,-6.1222463991768787],[106.85981519967999,-6.1221992994976473],[106.86101349983058,-6.1216034993108908],[106.86116869942371,-6.1215017992534362],[106.86136039964097,-6.1212860992285547],[106.86155209927794,-6.1211247996760187],[106.86172719963297,-6.1210261995699433],[106.86186149938827,-6.1209859995043159],[106.86196599954475,-6.120961499535297],[106.86207079936756,-6.1209384994147253],[106.86263219952335,-6.1208495992432015],[106.86273649922695,-6.1208347996397121],[106.86275399916984,-6.1209486998486922],[106.86277249929925,-6.1210709998201551],[106.86285489941555,-6.1215946994016202],[106.86286299958414,-6.1216491992215811],[106.86523419983608,-6.1205576993702104],[106.86613439984444,-6.1199808992624245],[106.8662553998453,-6.119896399278332],[106.8663895996638,-6.1197927991979668],[106.86671879938103,-6.1195383994710539],[106.86677679953107,-6.1194935993762591],[106.86714159998279,-6.1192205992724604],[106.86783759939937,-6.1186421994148219],[106.8679749992298,-6.1185279994229385],[106.86849690001354,-6.1181248994070527],[106.86910860002044,-6.1176192998649261],[106.86974449922738,-6.1170787994332469],[106.86981229954078,-6.1170211992839461],[106.86993949961082,-6.1169130996168715],[106.87077489987912,-6.1162468999897186],[106.87119629920629,-6.1159006998597167],[106.87128219954836,-6.1158297997438886],[106.87162929913939,-6.1155492991301221],[106.87226779942546,-6.1150254995698488],[106.87230169962338,-6.1149976998577129],[106.87350199981826,-6.1139977997347756],[106.87365290000065,-6.1138719995579471],[106.87373009963974,-6.1138100996814329],[106.8744606999803,-6.1131907992612868],[106.87497069948267,-6.1127351998680508],[106.87554149975193,-6.1123001998104165],[106.87605159966306,-6.1119537993302613],[106.8765391999809,-6.1117101995299468],[106.87660349917296,-6.1116742999339522],[106.87777789958344,-6.1111794993431001],[106.8787398994578,-6.1107680993277604],[106.87911080002051,-6.1106008995118124],[106.87933449987776,-6.110490899813195],[106.87947229917299,-6.1104143998536804],[106.8800707995771,-6.1099988991933918],[106.88054499915391,-6.1095988996794359],[106.88066939951833,-6.109548299633067],[106.88074019942644,-6.109496199929092],[106.88093319939141,-6.1094527992002803],[106.88107459950143,-6.1094393995834526],[106.88117919992483,-6.1094333998571138],[106.88141419919934,-6.109437799927937],[106.88148719915934,-6.1094388997892537],[106.88267339936993,-6.1094853995735008]],[[106.85768529996564,-6.124007999449641],[106.85721149977243,-6.1242344994307647],[106.85655079982278,-6.1245501995913285],[106.8561392999157,-6.1247388999823622],[106.85432689997133,-6.1255696998368698],[106.85406099970528,-6.1256916991748529],[106.85392429995443,-6.1257626991469021],[106.85379540000832,-6.1258175997418336],[106.85369409959053,-6.1258606996265685],[106.85313189975415,-6.1261006997198022],[106.8527471992608,-6.1262648995254896],[106.85214259932228,-6.1264739999969482],[106.8517731995186,-6.1265969997616043],[106.851522299552,-6.1266725998496057],[106.85077419945897,-6.1268751999881168],[106.85075729997169,-6.1268783993908249],[106.85040839919684,-6.1269453996676395],[106.85005329972546,-6.1270134997994026],[106.84891809926171,-6.1272212995340567],[106.84881209973132,-6.1272386995494657],[106.84821289936205,-6.1273397996558012],[106.84808829938279,-6.1273614996755184],[106.84796369938934,-6.1273831996692545],[106.84760829963622,-6.1274451998961847],[106.84707849993572,-6.1275395994153854],[106.84702439931063,-6.1275499992677576],[106.84684829945709,-6.1275818991366391],[106.84635169971257,-6.1276717993416563],[106.84554829978754,-6.1278257993400169],[106.84524639990059,-6.1278836998399582],[106.8451193996946,-6.1279112999560406],[106.84491039923734,-6.1279606996202327],[106.84479619948605,-6.1279814996823641],[106.84471529951597,-6.1279961995488232],[106.84444819943525,-6.1280547999706751],[106.8443445992941,-6.1280744992706726],[106.8439410998366,-6.1281510996465496],[106.84345379938539,-6.128243699674722],[106.8425784995498,-6.1284098996975125],[106.84220339939382,-6.1284811996107296],[106.84105319989553,-6.1286995994279874],[106.84072239996621,-6.1287900999788389],[106.84065320001363,-6.1288003992161766],[106.84045019929438,-6.1288339999194035],[106.84024029969498,-6.1288684000140341],[106.84004259953299,-6.1288971993267847],[106.83942899983151,-6.1289903996512507],[106.83904419953237,-6.1290586992037124],[106.83890649983138,-6.1290830996158201],[106.83879169932155,-6.1291043996991279],[106.83802839938966,-6.12923799959737],[106.83704069941106,-6.1294164994006604],[106.83601319988466,-6.1296022994761019],[106.83578129933373,-6.1296441993285455],[106.83427159936467,-6.1299250995204835],[106.83426719915678,-6.1299258994037613],[106.83424590002853,-6.1299298991247344],[106.83388929983167,-6.130059499340935],[106.83327099979797,-6.1301713995427631],[106.83249949976889,-6.1303108993855355],[106.83249229995793,-6.1303121997941199],[106.83223929925279,-6.1303606000083235],[106.83215359951726,-6.1303747992139757],[106.83192769972069,-6.1304113994056522],[106.8317533993099,-6.1304407995063208],[106.83152059971999,-6.1304874992332374],[106.83124789964805,-6.1305857998690705],[106.8311583991449,-6.1306181993675581],[106.83112569916975,-6.1306429995705285],[106.83109969915418,-6.130672499371423],[106.83109009966444,-6.1306970000102368],[106.83108319957324,-6.1307241994233355],[106.83106779970082,-6.1308376995819964],[106.83113909934447,-6.1312744998289457],[106.83118239969465,-6.131494199753126],[106.83118719979974,-6.1315271992346574],[106.83116769964442,-6.1315708000174407],[106.83118459982987,-6.1316576993065164],[106.83121959975186,-6.1318393998690448],[106.83123659926298,-6.1319230998437106],[106.83125039928058,-6.1319779992777317],[106.83131729929814,-6.1322085996672939],[106.83132319949986,-6.132250799861235],[106.83146019948013,-6.1327598999297432],[106.83160959937939,-6.1334126992790639],[106.83168279973519,-6.1337085999378447],[106.83188459999332,-6.1345248994850881],[106.83192899975424,-6.134706499887093],[106.83194790002192,-6.134781399289075],[106.83198439915176,-6.1349177999788811],[106.83202819982193,-6.1350778993643571],[106.83204509944891,-6.1351377999509999],[106.83206859954821,-6.1352279993775021],[106.83214989955955,-6.13557579963188],[106.832215499942,-6.1358560992139433],[106.83234109921781,-6.1364454999868228],[106.83241349995816,-6.1367853991408197],[106.8324432993759,-6.1369191996488839],[106.83246969943607,-6.137037399439409],[106.83250250003204,-6.1371915995434732],[106.83263939984818,-6.1378354992081112],[106.83269839939719,-6.1381448993422767],[106.83271209958923,-6.138216699763908],[106.83273039957002,-6.1383124992484577],[106.83281819920296,-6.1386749000145713],[106.83285999938111,-6.1388472991255627],[106.8329777996495,-6.1393175995049614],[106.83298069965473,-6.1393305997032375],[106.83308689927895,-6.1398143992339316],[106.83302789929147,-6.1398283999412335],[106.83285049947085,-6.1390670997596919],[106.83275699968191,-6.1386801992029927],[106.83274479981327,-6.1386294997439848],[106.83267159930416,-6.1382767995455989],[106.83257910000134,-6.1378240997259974],[106.8325654994642,-6.1377639998435312],[106.83246929989417,-6.1373399992915942],[106.83245259922037,-6.1372743999864472],[106.83243510000524,-6.1372058992122227],[106.83238499974827,-6.1370095994680627],[106.83236879943411,-6.1369354992187022],[106.83233969938503,-6.1368027993998187],[106.83231119982817,-6.1366879992299888],[106.83230369986779,-6.1366376995595671],[106.83223659969951,-6.1363203991939788],[106.83216239946526,-6.135967999600239],[106.83211769962749,-6.1357554993044454],[106.83203389938679,-6.1353786999355391],[106.83199369944515,-6.135197699138411],[106.83198299973576,-6.1351507992352241],[106.83196909927395,-6.1350946000172772],[106.83196019933376,-6.1350572998846626],[106.83193669983682,-6.1350288997469109],[106.83190169919558,-6.1350090996655355],[106.83183789999013,-6.1350079996485301],[106.83157289922687,-6.1350677000263705],[106.83155609983625,-6.1350717991442645],[106.83129109941983,-6.1351228998062357],[106.83084099950617,-6.1352188998236006],[106.83075289993961,-6.135237699542138],[106.8307003994597,-6.1352489000164736],[106.83056729997685,-6.1352772994671048],[106.83024079991917,-6.1353558996951749],[106.83008059990986,-6.1353944994340068],[106.83000799991342,-6.1354118997568383],[106.82943249960906,-6.1355372997681039],[106.82901099970402,-6.13560459987578],[106.82883219988732,-6.1356510993080233],[106.82859239989286,-6.1357207992861351],[106.82829749972426,-6.1358065999049334],[106.82786469982194,-6.1358971995097438],[106.82780949943772,-6.1359087995582016],[106.82742259981065,-6.1359679992754881],[106.82705639945424,-6.136023399280738],[106.82671669927473,-6.13607589935941],[106.82598829958781,-6.1361892994872189],[106.82579289940367,-6.13622059940284],[106.82574769974525,-6.136226799774553],[106.82541109966321,-6.1362798997510106],[106.82535279962291,-6.1362890996118624],[106.82486500000485,-6.1363660995031024],[106.82484689971251,-6.1363688999561461],[106.82452409967313,-6.1364194993505823],[106.82389999966806,-6.1365220999794579],[106.82365419961549,-6.1365622998209037],[106.82336979967604,-6.1366038996014423],[106.8230886995734,-6.1366382997967674],[106.82260619961194,-6.136708099694288],[106.8224951994671,-6.136724199451514],[106.82203079936626,-6.1367953993041677],[106.82183149926017,-6.1368271994327435],[106.82148589989798,-6.1368788991874013],[106.82141459969552,-6.1368932994215459],[106.82140819921734,-6.1368945997064817],[106.82135869922112,-6.136904499803852],[106.82130899935041,-6.136914599494907],[106.82127549982231,-6.1369212995096909],[106.82099699994141,-6.1369737996258538],[106.8206636998619,-6.1370526999499084],[106.82033739930603,-6.1371183997009551],[106.81994309932701,-6.1372011997374134],[106.81910659920894,-6.1373840996581182],[106.81896099951206,-6.1374169993504335],[106.81854659948669,-6.137510399577276],[106.81809429998785,-6.1376013992760621],[106.81794509934501,-6.137628199608792],[106.81775780003457,-6.1376619992547061],[106.8177405994673,-6.1376650993325628],[106.81755049917443,-6.1376872996635568],[106.81742089981839,-6.13769809983991],[106.81736859932057,-6.1377013995655751],[106.81721409966514,-6.1377034992345267],[106.81707999987303,-6.1377044997393027],[106.81703239950824,-6.1377066993619431],[106.81682280000504,-6.1377478991761336],[106.81647229943046,-6.1378317996515213],[106.81495569974084,-6.1382341994031417],[106.81463709914664,-6.138321299966524],[106.81408389931116,-6.1384763998543423],[106.81404349915866,-6.13847819959493],[106.81397579973567,-6.1384812998473297],[106.81393799987687,-6.1384735995700037],[106.81390589954439,-6.1384629992471984],[106.81386939920969,-6.1384516995363763],[106.81381429952864,-6.1384273992421381],[106.81377649941707,-6.1384011993917982],[106.81370529985493,-6.138188399218576],[106.81368829970101,-6.1381329997516803],[106.8136744000066,-6.1380874996093455],[106.81350609981561,-6.1375382993673231],[106.81348329958969,-6.1374637997022514],[106.81342059961108,-6.1372590992136349],[106.81338539914586,-6.1371440998411],[106.81322050003372,-6.1366060996566629],[106.813186499346,-6.1365626992534965],[106.81313829949582,-6.1365430998033874],[106.81308419967183,-6.1365461999311828],[106.81302909952679,-6.1365574998463996],[106.81231049977174,-6.1367478999833986],[106.81224749917153,-6.1367638993947047],[106.81222289987373,-6.1367709991299186],[106.81195659999176,-6.1368414991488773],[106.81189079969,-6.1368448991724076],[106.81183949924116,-6.1368353998682963],[106.81176489971567,-6.1367771996629124],[106.81172159983475,-6.1367257996600202],[106.81168969927054,-6.1366667993927226],[106.81166769968328,-6.1365863997766201],[106.81167649962715,-6.1365326995162599],[106.81167389924285,-6.136463299632009],[106.8116314993312,-6.1362538996757614],[106.81144099995518,-6.135456199654941],[106.81140909989831,-6.1353306993956789],[106.81138119969819,-6.135223299997258],[106.81136019995111,-6.1351756998048597],[106.81129709940366,-6.1350999998724705],[106.81123479943851,-6.1348458992029338],[106.81113619991457,-6.1344966999553456],[106.81108879993107,-6.1343288992162162],[106.81109319926526,-6.13425929931247],[106.81111239980538,-6.1342352997472931],[106.81117309964594,-6.1342193996521734],[106.81120059994377,-6.134210799186965],[106.81122939918068,-6.1342018995600744],[106.81132309928736,-6.134174799839216],[106.8115227993454,-6.1341169998866674],[106.81163299931214,-6.1340836994823142],[106.81181549951029,-6.1340508995051621],[106.81211939945433,-6.1339598996795681],[106.81245559943589,-6.1338603995873058],[106.81289969952175,-6.1337207997991445],[106.81406219990713,-6.1333551998359752],[106.81443369991126,-6.1332276996239505],[106.81449219944732,-6.1332223991503358],[106.81452019979277,-6.1332406998644586],[106.81454569924718,-6.1332449996593486],[106.81455809928688,-6.1332704998718972],[106.81457579931089,-6.1333298997780163],[106.81466729952975,-6.1336372998648745],[106.81468699949409,-6.133703600026835],[106.81478179950611,-6.1340220994538495],[106.8149680993926,-6.1346476994682098],[106.81502829969523,-6.13484999944564],[106.81512809915071,-6.1351851991317661],[106.8152073994965,-6.1354517993327073],[106.81545589915699,-6.1362866993271901],[106.8154913992491,-6.1364137998940631],[106.81550069938665,-6.1364972992964351],[106.81548879917514,-6.136580799160356],[106.81548099996249,-6.1366038994053556],[106.81537919982236,-6.1367111992951839],[106.8153127996578,-6.1367438999397583],[106.81505699985235,-6.1368213993954024],[106.81481399976744,-6.1368897999836243],[106.81463569941015,-6.1369424997566373],[106.81453289983413,-6.1369728996071213],[106.81445079984182,-6.1369991993427018],[106.81434369936167,-6.1370346997621592],[106.81423839997738,-6.1370679996147475],[106.81419489967737,-6.1370911991567976],[106.81409899999882,-6.13717259942303],[106.81406389929012,-6.1371901998257998],[106.81391409997237,-6.1372390992883874],[106.81378359932594,-6.1372836999411264],[106.81367569999688,-6.137322899258816],[106.81362979942318,-6.1373583992511227],[106.81362249963269,-6.1373715997222273],[106.81358439996829,-6.1374402992499189],[106.81358159969994,-6.1374886996384204],[106.8135861992816,-6.1375224995480417],[106.81367629990628,-6.1378153995788711],[106.81377230000142,-6.1381203992222577],[106.81382849984419,-6.1382957999212326],[106.81386279997886,-6.1383106994111092],[106.81390109995657,-6.1383182994463867],[106.81395079931302,-6.1383249991581925],[106.81401129935229,-6.1383257995393254],[106.81409259953101,-6.1383254995465917],[106.81418269963424,-6.138319099936826],[106.81445849920301,-6.138266399648491],[106.81449270003266,-6.1382612998420143],[106.8145214994708,-6.1382542996772216],[106.816790699679,-6.1376852996290943],[106.81702579983369,-6.1376430991374393],[106.81707659937172,-6.1376345991793402],[106.81725559973887,-6.1376141998565226],[106.81729099993753,-6.1376300999222497],[106.817364999719,-6.137640199714907],[106.81774339918337,-6.1375939995982129],[106.8177524998801,-6.137592699222842],[106.81793769928869,-6.1375624999269585],[106.81808179971256,-6.1375410995084314],[106.8180977993505,-6.1375386997158561],[106.81865689953476,-6.1374288991301018],[106.81895029997827,-6.1373711992563242],[106.82008259961935,-6.13711969925426],[106.82078999994489,-6.1369626997369275],[106.82122069941762,-6.1368669992877534],[106.82130469967379,-6.1368529998187267],[106.82138099914162,-6.1368401992650403],[106.82182379981057,-6.136766299431005],[106.82186569963535,-6.136759299546001],[106.82190959975094,-6.136752899553688],[106.82259889988192,-6.1366523991966071],[106.82272539943284,-6.1366339997645998],[106.82286299916237,-6.1366098996504945],[106.82332599991003,-6.1365289993850398],[106.82341029930902,-6.1365142996724913],[106.82364359966547,-6.1364799997830692],[106.8238863998163,-6.1364395995032668],[106.82504089934653,-6.1362586000247319],[106.82533779941544,-6.1362174993306366],[106.82539989981292,-6.1362087991852627],[106.82578299921752,-6.136155799240087],[106.82598039916493,-6.136128399459861],[106.82704919954088,-6.1359713994223677],[106.82819709997521,-6.1357451993866334],[106.82820589928241,-6.1357434993288846],[106.82857289991905,-6.1356505997817354],[106.82873029932587,-6.1356107993156082],[106.82903639947725,-6.1355332994459806],[106.82939909979086,-6.1354415000190201],[106.82961389969253,-6.135364099332314],[106.8300232996455,-6.1352165992887278],[106.83021859927624,-6.1351518999844803],[106.83042319964309,-6.1350873993906445],[106.83069029978616,-6.1349960996413939],[106.8307343000191,-6.1349836994661038],[106.83120079941871,-6.1348696992903342],[106.83141229919761,-6.1348167997403484],[106.83150879922209,-6.1347932993473977],[106.83176179945701,-6.1347316997346226],[106.83177149991211,-6.1347290996019517],[106.83182789988317,-6.1347180999907014],[106.83187829965087,-6.1347128994701148],[106.83186889920285,-6.1346731995634904],[106.83183609960416,-6.1345357997399574],[106.83174699947564,-6.1341614993778242],[106.83165539970044,-6.1338590992023461],[106.83162139989825,-6.1337206998033595],[106.83159769973244,-6.1336236998049785],[106.83156949938621,-6.1334616997297005],[106.83156289976942,-6.1334265996983044],[106.83154199982624,-6.1333162996733632],[106.83130529963165,-6.132298499226672],[106.83128149933215,-6.1322538999659395],[106.83126389943961,-6.1322221992440102],[106.83124789983437,-6.1321577999524832],[106.83122099991735,-6.1320495999854243],[106.83118509968551,-6.131910899561527],[106.83116129985963,-6.1317914998409746],[106.83112279934191,-6.1315629000133924],[106.83110839959417,-6.1315389994888596],[106.83108179986149,-6.131437999305974],[106.83105629959131,-6.1313017995098553],[106.83096729947137,-6.1307176993508543],[106.83094179917545,-6.1305607993851163],[106.83091149978885,-6.1304018994992795],[106.83097859963154,-6.1303916999028525],[106.83121759994518,-6.130360099712326],[106.83132709983154,-6.1303443997586831],[106.8317164998612,-6.1302887994363875],[106.83204960003083,-6.1302347991390072],[106.83314440002366,-6.1300179000164139],[106.83338859990494,-6.1299694997157088],[106.83425299922899,-6.1298163994597603],[106.83522829984848,-6.1296435996527858],[106.83729549919987,-6.1292828991734423],[106.83942539961365,-6.1289095991707478],[106.84034399992791,-6.1287485996444575],[106.84152119928255,-6.1285253995698747],[106.84324409929638,-6.1282180995949362],[106.84436789949655,-6.1280145994305242],[106.84446839999981,-6.1279558996127763],[106.8445287999222,-6.1278831993137421],[106.84454889945293,-6.1278187995998401],[106.84449970002332,-6.1274445995558748]],[[106.88180589969579,-6.1101063000022595],[106.88169709971061,-6.110034199778088],[106.88163659927925,-6.1099939997154182],[106.8816080000078,-6.10998079978771],[106.88158549958415,-6.1099752999459476],[106.88147749994593,-6.1099499992037112],[106.88141329932972,-6.1099228996109138],[106.88130469999682,-6.1098308991683217],[106.88119599953495,-6.1097388999514415],[106.88115849934729,-6.109672199205499],[106.88115669942216,-6.1095990996520797],[106.88116519996184,-6.1095826993890237],[106.88118799936294,-6.109538799140533],[106.88125869974961,-6.109508399301971],[106.88162879988289,-6.1095175995145112],[106.88216709987199,-6.1095309999365011],[106.88244829996549,-6.1095343996518734],[106.88249590001615,-6.1095276996083125],[106.88252749952591,-6.1095174995802282],[106.88267339936993,-6.1094853995735008]],[[106.88180589969579,-6.1101063000022595],[106.88168539920783,-6.1100744997484462],[106.88162039926874,-6.1100750997685891],[106.88154900003026,-6.110104299599957],[106.8811935000213,-6.110276299441896],[106.88112649926201,-6.1102931991724834],[106.88106729985363,-6.1102835999277909],[106.88091579951707,-6.1101168995611808],[106.88065349996486,-6.1098520995916701],[106.88047159973016,-6.1097573996827998],[106.88041580001325,-6.1097965998494335],[106.88023219917572,-6.1099446996942675],[106.88006769985613,-6.1100737998193919],[106.87965309930858,-6.1103555992383338],[106.8794371994851,-6.1104955994732908],[106.87913449994173,-6.1106451995678359],[106.87836499938702,-6.1109882997451823],[106.87751739929367,-6.1113549999257444],[106.87691929918952,-6.1116003994730432],[106.87662489971723,-6.1117412996523512],[106.87658399965596,-6.1117670995553652],[106.87631449965296,-6.111893799781515],[106.87583699931723,-6.1121644995970223],[106.87563049940515,-6.11230849942313],[106.87540919992404,-6.1124657993896934],[106.87520799929771,-6.1126177995480369],[106.87474069971357,-6.1130358995852001],[106.8744977996121,-6.1132470997745987],[106.87402589953365,-6.1136452997995576],[106.87368519974835,-6.1139493999030901],[106.87361779974223,-6.1140054998242599],[106.87351109928959,-6.114092399318559],[106.87322719970112,-6.1143206995788839],[106.87292949989158,-6.114548699776261],[106.87232999995904,-6.1150336995309216],[106.87227909930307,-6.1150790999724283],[106.87206179934923,-6.1152728000112031],[106.87165459938657,-6.1155867993392219],[106.87161789928119,-6.1156167995474719],[106.87122759923662,-6.1159368998121924],[106.87066569977866,-6.1163955995761734],[106.86996969980024,-6.116967599945097],[106.86990939963333,-6.1170178991631197],[106.86984899919709,-6.1170681996365177],[106.86927899959103,-6.1175436998209962],[106.86849979941725,-6.1181757995697934],[106.86807949919917,-6.118511299539267],[106.86800309988539,-6.1185722992876039],[106.86795529987232,-6.1186104997956621],[106.86765759987425,-6.1188611999551723],[106.86714400002344,-6.1192798999136295],[106.86687609924132,-6.1194778996551795],[106.86679569995613,-6.1195373996678155],[106.86641419976289,-6.1198320995964481],[106.86630579988055,-6.1199125992052945],[106.86615289921575,-6.1200332995027829],[106.86579209997855,-6.1202879996783919],[106.86540459991568,-6.1205306994290636],[106.86506529973727,-6.1207199992757158],[106.86485679919471,-6.120815999332919],[106.86437589937492,-6.1210373993120539],[106.86361149991387,-6.1213720998295145],[106.86287299949655,-6.1217057991354276],[106.86274459919976,-6.1217688993982513],[106.86226319948607,-6.121927199449992],[106.86172999966695,-6.1221706996003284],[106.86149719952458,-6.1222769999993369],[106.86126509929252,-6.1223871993397836],[106.86082269985343,-6.1225972997720008],[106.86037549933553,-6.1227978994093615],[106.85999239915608,-6.1229696996924616],[106.85964189914147,-6.1231232999609047],[106.85903559985037,-6.1233890000028799],[106.85892329922193,-6.1234381993208782],[106.8583639999279,-6.1236985994029247],[106.85806519957156,-6.1238486997281578],[106.85780179972282,-6.1239577993458223]],[[106.88267339936993,-6.1094853995735008],[106.88288289939142,-6.1095021991581087],[106.8828614993749,-6.1096318999791643],[106.88285549931911,-6.1096565997073515],[106.88282329933605,-6.1097877994579415],[106.88278479979145,-6.1099295998000311],[106.88272549930073,-6.1099995995619407],[106.88262939924392,-6.1101573998080738],[106.88252720003182,-6.1102727996920398],[106.88242029974306,-6.1103614993570003],[106.88231469962038,-6.1104272996203521],[106.88228619923247,-6.1104361994898753],[106.88217489998682,-6.1104044991671609],[106.8820964995939,-6.1103551992180085],[106.88197979923835,-6.1102517998043977],[106.8818999995201,-6.1101734996316681],[106.88180589969579,-6.1101063000022595]]]},"properties":{"OBJECTID":973,"ID":"BRT_17","LINE":"17","NAME":"Tanjung Priok - Kota ","MODE":"BRT","CLASS":"Koridor Utama","STATUS":"Rencana","COLOR":"#2323E7","SOURCE":"RTRW DKI Jakarta","REMARK":"Trase rinci diinterpretasikan untuk keperluan visualisasi"}},{"type":"Feature","id":974,"geometry":{"type":"MultiLineString","coordinates":[[[106.73044239966512,-6.1855337992134922],[106.73030109985899,-6.1854656997337303],[106.72992369936793,-6.1852839997659146],[106.72985789976185,-6.1849783994468668],[106.72977399934514,-6.184660199846804],[106.72976089972194,-6.1846104995214395],[106.72975119996606,-6.184574699552595],[106.72973429940289,-6.1845088992952659],[106.72972109942117,-6.1844638994293488],[106.72968389995162,-6.1843207992358673],[106.72932439979658,-6.183030599397382],[106.72930219933666,-6.182948899341941],[106.72919989924652,-6.1825018997118484],[106.7291616993702,-6.182367499448489],[106.72909589983144,-6.1821421999309027],[106.72905169983711,-6.1819754995917826],[106.72884539956949,-6.1811798991682565],[106.72882249931349,-6.1810912993986031],[106.72869999960058,-6.1806187991806247],[106.7284332991881,-6.1791155991293119],[106.72833279954729,-6.1784099992523069],[106.72828419926269,-6.1780947991298722],[106.72827379954231,-6.1780029992895695],[106.72826169945847,-6.177899499832078],[106.72825589969615,-6.1778244999433145],[106.72819999988045,-6.1766789000139726],[106.72819529942068,-6.176593499806053],[106.7281923996473,-6.1765679993257221],[106.72815319942374,-6.1760668994861936],[106.72812409928942,-6.1757239992626571],[106.7280981995879,-6.1754418993333946],[106.72795569980958,-6.1734618995998192],[106.72793519925669,-6.1731943997057206],[106.72790759936971,-6.1728329995260136],[106.72782969993357,-6.1716581998523328],[106.72775069977457,-6.1708602995741488],[106.72767999928497,-6.1699808991530452],[106.72762389927844,-6.1694411991360534],[106.72760119990932,-6.1692543999203036],[106.7275798999213,-6.1690948991417187],[106.72748539939661,-6.168490499915217],[106.72747019950671,-6.1683830995941458],[106.72727889922011,-6.1673463998735549],[106.72723019926117,-6.1669504993741979],[106.72721699951211,-6.166830999460605],[106.72715429994484,-6.1663586995427817],[106.72713379985485,-6.1661756998528192],[106.72706819941317,-6.1655723992041684],[106.72708559921993,-6.1654634997498032],[106.72709199937974,-6.1653869998735926],[106.7270417993433,-6.1642294992337439],[106.72700919991001,-6.162220599679733],[106.7270279995072,-6.1592974991476321],[106.727011299379,-6.1591756992735691],[106.72699339960995,-6.159134999394885]],[[106.73032959960338,-6.1850744999777358],[106.73040039918843,-6.1853627997056773],[106.73044239966512,-6.1855337992134922]],[[106.73032959960338,-6.1850744999777358],[106.73048539974275,-6.1852748993355071],[106.73053149977869,-6.1853287998165793],[106.73058249970555,-6.1853860995652896],[106.73064619976633,-6.1854407998896139],[106.73075579934367,-6.185488299534045],[106.73090240002476,-6.1855066992359893],[106.73103709932178,-6.1855054998264922],[106.73117319926081,-6.1854940998372827],[106.73128619959854,-6.1854768994869644],[106.7312942991533,-6.1854756994071423],[106.73145169973679,-6.1854400999137003],[106.73178569930242,-6.1853408996366088],[106.73204629923467,-6.1852351993758807],[106.73243389933903,-6.1850341996775162],[106.73252689961335,-6.1849833993380718],[106.73271569941568,-6.1848718991443317],[106.73290099974695,-6.1847769991233648],[106.73303339964311,-6.1847267998990469],[106.73318049971724,-6.1846841996709472],[106.73340079936958,-6.1846527998367105],[106.73360629947055,-6.1846434994027959],[106.73394179991504,-6.184638999161816],[106.73485109999169,-6.1846433998525283],[106.73506269956833,-6.1846468998480546],[106.73540169996552,-6.1846523996629177],[106.73544669933375,-6.1846523991451665],[106.73566839975548,-6.1846588995480642],[106.73595940000247,-6.1846623992714225],[106.73610279960344,-6.1846645999053926],[106.73639979950887,-6.1846701992578863],[106.73653119987682,-6.1846726994144881],[106.73669200002708,-6.184675799671032],[106.73724849989829,-6.1846940998322921],[106.73732089939017,-6.1846962999288744],[106.73739249976892,-6.1846991997826857],[106.73785729940589,-6.1847132998051988],[106.73814429942772,-6.1847219997952765],[106.73840329958507,-6.1847199994307047],[106.73864999977776,-6.1847246996535663],[106.73879539948049,-6.1847254996132959],[106.73916569963839,-6.1847347998539899],[106.73925259925295,-6.1847488996237656],[106.73933139941057,-6.1847771994805099],[106.73980499934568,-6.1847762996566944],[106.73989729951843,-6.1848070996713487],[106.73999029939388,-6.1848230998811591],[106.74022959935742,-6.1848281997468968],[106.74026019988327,-6.1848486993435996],[106.7402707994444,-6.1848734998028636],[106.74029009986346,-6.1858233991433496],[106.74029839993094,-6.1864584992901603],[106.74029540001339,-6.1865232997819382],[106.74028999996158,-6.186579399639232],[106.74027799962897,-6.1866124997972465],[106.74025449945273,-6.1866460996913126],[106.74022669972794,-6.1866723000102679],[106.74018150003741,-6.1866966991847017],[106.7401056993636,-6.1867120995041809],[106.74001919916594,-6.1867227000262037],[106.73905619941536,-6.1867209996691033],[106.73895329961732,-6.1867331999405355],[106.73887729948677,-6.1867450996204232],[106.7388342997061,-6.1867647995139432],[106.73880069950683,-6.186792399513573],[106.73877059956759,-6.186847399366231],[106.7387497998738,-6.186937399913595],[106.738726399577,-6.1870178993331253],[106.73869679972518,-6.1870793997687459],[106.7386574991415,-6.187134299539454],[106.73859629979104,-6.1871886995427046],[106.73853459986393,-6.1872300994491862],[106.73845929940549,-6.1872730991372915],[106.73835019957792,-6.1872860999562365],[106.73827479996366,-6.1872854995312432],[106.73813949997472,-6.1872833997608039],[106.73804969941555,-6.1872799999648977],[106.73801279999341,-6.1872786993104993],[106.73796849963065,-6.1872769997015196],[106.73783859976588,-6.1872734996299377],[106.73735949951238,-6.1872608991739808],[106.73693859967803,-6.1872540992498388],[106.73685079954464,-6.1872440991536326],[106.73678309999264,-6.1872300999604262],[106.73671619994435,-6.1872085994614592],[106.73664089991216,-6.187167400027767],[106.73662309945658,-6.1871516995406113],[106.73659259960242,-6.1871246998898988],[106.73656449951061,-6.1870860994215358],[106.73654169950754,-6.1870433999835841],[106.73651889944547,-6.1869873995052993],[106.73650940003913,-6.1869419999767743],[106.73649069964381,-6.1868700998920758],[106.73646389990762,-6.1868060993123146],[106.73644239966605,-6.1867820993505953],[106.73641719922681,-6.186768499129955],[106.73589390003291,-6.1867688997042354],[106.73582549936151,-6.186768999405567],[106.73579869984802,-6.1867689992901198],[106.73534679923766,-6.1867690999426523],[106.73507050001459,-6.1867690994187807],[106.73505009969874,-6.1868221993640704],[106.73501119931043,-6.186864199888781],[106.73504639971232,-6.1873746995007197],[106.73504889967718,-6.1874178993897857],[106.73508779971787,-6.1877022998402786],[106.73509539958913,-6.1877393000177632],[106.73511339920567,-6.1878273997378042],[106.7351638997382,-6.1879440994535715],[106.73529029991001,-6.188128999486703],[106.73545749984628,-6.1883200992431435],[106.73552739994103,-6.18839289990001],[106.73547649993286,-6.1884483998913895],[106.7354242998271,-6.1885052993360654],[106.73510879973517,-6.188838999543913],[106.73507059966116,-6.1888793991654509],[106.73495229964892,-6.1890044991511504],[106.73490459967242,-6.1890549991837851],[106.73488569954709,-6.189074999862255],[106.73484879985432,-6.1891140994821798],[106.73438419970137,-6.1896200999324362],[106.73431819927497,-6.1895542995046933],[106.73473249934082,-6.1890957992975046],[106.73481049924618,-6.1890084998548911],[106.73535189921031,-6.1884267994178197],[106.73510469927606,-6.1880679998764903],[106.73506169972663,-6.1879986991675295],[106.73504629926521,-6.1879661994532711],[106.7350105991856,-6.1878719998420788],[106.73497149973031,-6.1877676994667814],[106.73495159967744,-6.1876971993159922],[106.734928499894,-6.1875683993045874],[106.73490969960103,-6.1874372993822861],[106.73490189996051,-6.1873528998323781],[106.73487549971236,-6.1868927996629468],[106.73483589995156,-6.1868779994867928],[106.73480149922942,-6.1868535994138973],[106.73477459945146,-6.1868211996355038],[106.7347569000443,-6.1867829999835795],[106.73474959964888,-6.1867341996672494],[106.73475659972841,-6.1866850994573905],[106.73477249983665,-6.1866491997907032],[106.73479669917809,-6.1866181991926377],[106.73482769963181,-6.1865939996079256],[106.73486289942502,-6.1865777994846711],[106.73490689938346,-6.1865704997669768],[106.73495049963354,-6.1865749995893822],[106.73499209968782,-6.1865908999931021],[106.7350186994815,-6.1866099996956159],[106.73504159983851,-6.1866341995154874],[106.73505899985317,-6.1866625993131592],[106.73534539950927,-6.1866673998994424],[106.7358001997662,-6.1866748996898266],[106.73582739934119,-6.1866753994345105],[106.73647799914423,-6.1866793994871614],[106.73650509979799,-6.186688899193733],[106.73652289934918,-6.1867034992582299],[106.73653969953635,-6.1867307996099168],[106.73657609985007,-6.1868293994109624],[106.73658569948252,-6.186901899810346],[106.73659869962903,-6.1869507998643156],[106.73662119992714,-6.1870051999515345],[106.73665299954193,-6.1870580993628757],[106.73670049961781,-6.1871077998458714],[106.73677969982883,-6.1871386992409558],[106.73686859943803,-6.1871519997703217],[106.73726649968681,-6.1871689995294226],[106.73795859949516,-6.1871866999588914],[106.73805149963061,-6.1871888996773334],[106.73811029946322,-6.1871900997171965],[106.73824969932198,-6.1871926996751903],[106.73842629999656,-6.1871881999749139],[106.73850709945623,-6.1871593992890475],[106.73856459987309,-6.1871165998412643],[106.73861639978455,-6.1870502000218979],[106.73864439989944,-6.1869677993467862],[106.73866069967767,-6.1868405996036433],[106.73867439982216,-6.1867251993524457],[106.73867999948578,-6.1866388997955193],[106.73870099990759,-6.1862575998842297],[106.73871319924837,-6.1860373995525704],[106.73872259987202,-6.1855178992141377],[106.73872339949574,-6.1850387993835714],[106.73872049982474,-6.1850079995113605],[106.73871699954584,-6.1849697996882789],[106.73870789964032,-6.1849242000042732],[106.73869099976773,-6.1848992998547967],[106.73867469939265,-6.1848797995238263],[106.73862709995456,-6.1848543994493994],[106.73856269982601,-6.1848479994928649],[106.73802579916827,-6.1848386996062095],[106.73785600004034,-6.1848357992044649],[106.73739179992909,-6.1848276994398441],[106.73733369954807,-6.1848272999085179],[106.73704909943422,-6.1848189994440199],[106.73663419921019,-6.1848075992648957],[106.73654579915188,-6.1848054993070791],[106.73652560001247,-6.1848052994977465],[106.73586349933728,-6.1847871999082091],[106.73561619958792,-6.1847829994742307],[106.73505879997207,-6.1847853999121831],[106.73494829943961,-6.1847854994894318],[106.73481949980005,-6.1847853992935153],[106.73394269968504,-6.1847847996672041],[106.73362129958015,-6.1847888994624229],[106.73341929989422,-6.1847921998574762],[106.73320910002197,-6.1848234998459484],[106.7329829998427,-6.1848978996924862],[106.73245389969476,-6.1851794994557396],[106.73216099950959,-6.1853388992075233],[106.73202399946247,-6.1854031992070304],[106.73179520003995,-6.1854875999931718],[106.73152760000328,-6.1855861995558481],[106.73139919999883,-6.185621299457627],[106.73126849951726,-6.1856507997682266],[106.73114779968223,-6.1856660992327193],[106.73102979940799,-6.1856736000209693],[106.73081169952162,-6.1856512992645634],[106.73079580000129,-6.1856496999681738],[106.73060499961912,-6.1856088993431264],[106.73044239966512,-6.1855337992134922]],[[106.72699439995638,-6.1591168999453201],[106.72699469959979,-6.1590267995211487],[106.72699569939522,-6.1586674997952855],[106.72698039928927,-6.1583428999350494],[106.72702459923732,-6.1582241996920279],[106.72703719984537,-6.1581428991229652],[106.727072199609,-6.1578325994788283],[106.72711439917522,-6.1574040991525782],[106.72719339983686,-6.1567026992608564],[106.72721759933594,-6.155931999912994],[106.727215599768,-6.1555985996032048],[106.7272443995426,-6.1547639993186829],[106.7272537996092,-6.1538920993202542],[106.7272088992179,-6.1519683995079335],[106.72720859952695,-6.1517851995188977],[106.72721429983751,-6.151558699500856],[106.72722509967015,-6.1513135994071497],[106.72726289992146,-6.150811099126428],[106.72728209988509,-6.1506210996188555],[106.72730329950046,-6.1504423991433903],[106.72737919988877,-6.1501148992106538],[106.72743969964741,-6.1497345999857664],[106.7274580996591,-6.1496191996473817],[106.72754289944335,-6.1490858997195641],[106.72774689921282,-6.1483890998586963],[106.72785749996308,-6.148011399285128],[106.72787689925443,-6.147945299375861],[106.72795009933435,-6.1476917998870233],[106.72822449923795,-6.1466590997958557],[106.72833309960403,-6.1462321997900498],[106.72849859998254,-6.1454974993676954],[106.7287128991892,-6.1446013993991988],[106.72872449985765,-6.1445528991920249],[106.72881589947218,-6.1441704992285286],[106.72892209930555,-6.1434956992076755],[106.72892890000576,-6.1434608999260583],[106.72896839991766,-6.1431793999664102],[106.72897859952583,-6.1431037993348774],[106.72898289922409,-6.143073099748988],[106.72932029967932,-6.1413745995076416],[106.72938059966397,-6.1411058994402037],[106.72957369917087,-6.1402322994457235],[106.7296384994885,-6.1399309994127185],[106.72965699972639,-6.1397912996974586],[106.72968029968621,-6.1396159997203066],[106.72972749954798,-6.1392600999982339],[106.72974219928196,-6.1390498995399909],[106.72976539992362,-6.1386746999254305],[106.72979869950683,-6.138020199620418],[106.72983309966976,-6.1373421995585415],[106.72983439929953,-6.13678139959314],[106.72983809921726,-6.1366512999296265],[106.72986029971126,-6.1358717996763277],[106.72988939954529,-6.1349795993119818],[106.72989029960982,-6.1349370997772876],[106.72990079974241,-6.1347638992010332],[106.72990919979078,-6.1346176991504038],[106.72995569988298,-6.1338011992090609],[106.7299749992743,-6.1334623999267857],[106.72997799949349,-6.1334057994994025],[106.72994879929833,-6.1324408998899589],[106.72993759926945,-6.1322156997628614],[106.72990259974307,-6.1318132992127961],[106.72989379998998,-6.1316028997673673],[106.72986329981083,-6.1305854996605396],[106.72986049920249,-6.1304396992580372],[106.72985469998605,-6.1301356994878073],[106.72983849992015,-6.1298801996005032],[106.72982619999672,-6.1296866995812698],[106.72982459973254,-6.129662199418517],[106.72976799980994,-6.1288113995448041],[106.72976709928744,-6.1287662998446741],[106.72973129999286,-6.1274515992711693],[106.72971999933711,-6.1268346992943181],[106.72971549930355,-6.1266937997980362],[106.72972419998605,-6.1260877998768644],[106.72979179971153,-6.1254060992677122],[106.72981339950682,-6.125219099711777],[106.72982209969402,-6.125185299849532],[106.72991239951311,-6.1247242991791389],[106.73007219930177,-6.1240657992980365],[106.73034749965268,-6.1233551999982758],[106.73074069935623,-6.1225545993812611],[106.73088099970992,-6.1222729997758041],[106.7310914838133,-6.1219135580685631],[106.73137668031309,-6.1214468715114103],[106.73232149966769,-6.1201669994822101],[106.73270349955492,-6.1195573992332672],[106.7332325994374,-6.1186677995139327],[106.73505389950454,-6.1157572993006024],[106.73555449944865,-6.1150393996444237],[106.73646589950091,-6.113602999567834],[106.73661579952902,-6.1133637993472831],[106.73668969978945,-6.1132189993163459],[106.73676159919881,-6.1130425996656221],[106.73693989930312,-6.1124844997771302],[106.73703519961029,-6.1123100996909221],[106.73755389942266,-6.1114296991693804],[106.73807939996813,-6.1104646995825451],[106.7381427998622,-6.1103481993937683],[106.73845189948791,-6.1098371997520315],[106.73853919988191,-6.109701199655988],[106.7389665994091,-6.1089230991596146],[106.73906839918618,-6.1089386995482089],[106.73913309958969,-6.108959599276238],[106.73923509936682,-6.1090197995601816],[106.73927799914931,-6.1090597999560217],[106.7393449996046,-6.109140599391333],[106.7393775994944,-6.1091996994414677],[106.73940359929823,-6.1092651991945317],[106.73943979928445,-6.1093900993105903],[106.73946239949494,-6.1095234996728127],[106.73947869957932,-6.1095832998591506],[106.73950099934382,-6.1096367999318222],[106.73953369948337,-6.109691399341977],[106.73960339971903,-6.1097518993144639],[106.73986519931208,-6.1098981992099155],[106.74025309968212,-6.1101403999226491],[106.7406741000049,-6.1104251992844434],[106.74077359940868,-6.1104936998224826],[106.7409840996381,-6.1106361991908695],[106.74108599937637,-6.1107183998100831],[106.74135559986071,-6.1109332999442678],[106.74203549996059,-6.1114971992632849],[106.74207859942018,-6.1115329000278038],[106.74278599945494,-6.112091499628634],[106.74281879961957,-6.1121173994411917],[106.74284589932132,-6.1121342999829169],[106.74320379921849,-6.1123570991917706],[106.7435395997928,-6.1124781993350732],[106.7436732991665,-6.1125264991898289],[106.74389239951017,-6.1125678994038912],[106.74391639938533,-6.1125723995689363],[106.74418159983026,-6.1125731999531148],[106.74454769972353,-6.1125451998184053],[106.7448844994707,-6.1124596996601088],[106.74495099931649,-6.1124427991557075],[106.74504119940875,-6.1124198999793062],[106.74539789977098,-6.1123317995014466],[106.74566219998999,-6.1123188996324176],[106.74575339921459,-6.112322499656166],[106.74659459941289,-6.1126044992002146],[106.74704279940235,-6.1127546999188063],[106.74707679933975,-6.1127660991328003],[106.74721449921201,-6.1128102997490732],[106.74790619959182,-6.1129898995810139],[106.74834479971476,-6.1130665995566629],[106.74886919927482,-6.1130816997473971],[106.74918419914746,-6.1130610991442449],[106.74920299992858,-6.113058299988654],[106.74926399948717,-6.1130498992979039],[106.74946529930824,-6.1130229991790861],[106.74954079979676,-6.1130062993969947],[106.7497403995503,-6.112957199947938],[106.74981909973607,-6.1129354993606837],[106.75015689995446,-6.1128495000064316],[106.75031469991453,-6.1128014994966424],[106.75034869959946,-6.1127916992080999],[106.7506687992594,-6.1126990995136099],[106.75070139936214,-6.1126894999791075],[106.75094539990818,-6.1126361991991587],[106.75105159997668,-6.1126149993082031],[106.75123159923842,-6.1125842997788933],[106.75131759934102,-6.1125725993178719],[106.75203759993805,-6.1124884999100964],[106.752118599863,-6.1124792995036987],[106.75213939914215,-6.1124765995294128],[106.75228419948097,-6.1124566995088099],[106.75260799992625,-6.1124169994173227],[106.75265969979311,-6.1124112997471753],[106.75316409988083,-6.1123561993362614],[106.75327549983976,-6.1123353998306014],[106.75331849932516,-6.1123232995404519],[106.75360389956822,-6.1122428999207914],[106.75364099937566,-6.1122119995070499],[106.75368469951701,-6.1121911992939726],[106.75375789959982,-6.112181699498981],[106.75382949971784,-6.1121999000080836],[106.75388899950359,-6.1122433991400085],[106.75392799945186,-6.112305799885716],[106.7539403997053,-6.1123636994737804],[106.75393469926993,-6.1124226997829059],[106.7540122993933,-6.1125550997432052],[106.75411819946751,-6.1126897998523351],[106.75434869940345,-6.1129495000170593],[106.75469019955366,-6.1133189993914696],[106.75522889927967,-6.1139126998081386],[106.75548129952125,-6.114265700025812],[106.755650499737,-6.1145963992261265],[106.75579059992661,-6.1150726998570546],[106.75581889926849,-6.115243699335692],[106.75583999944801,-6.1155117992697727],[106.75585989996522,-6.1159387999991894],[106.75586059980745,-6.1159544993219335],[106.75586860004098,-6.1163788995497708],[106.75629419940985,-6.1163595991695718],[106.75632099931531,-6.1163583993503039],[106.75660939983119,-6.1163493996459373],[106.75747259945041,-6.1163222000013562],[106.75874049922119,-6.1162984996640128],[106.75911989977749,-6.1162913996642168],[106.75924589922023,-6.1162868999328914],[106.76004519957813,-6.1162582996467307],[106.76235039981179,-6.1161707000102732],[106.76249059937119,-6.1161665996185315],[106.76492599970071,-6.1160936991823469],[106.76497729981182,-6.1160911995607155],[106.76518099983132,-6.1160814998269926],[106.76541319928381,-6.1160701999377922],[106.76850739946423,-6.1160143998059437],[106.76911049929281,-6.1160612994348513],[106.76947789984609,-6.1161255996227561],[106.76979169959796,-6.1161739994202717],[106.77019389913943,-6.1162760994626462],[106.77057269961237,-6.1163566992963796],[106.77114819953906,-6.116487199652104],[106.77128999938103,-6.116517999336696],[106.77203629950732,-6.116679999202157],[106.77225969966699,-6.1167523993431105],[106.77249989920284,-6.1168539993924265],[106.77270989937904,-6.1169648992545813],[106.77291529933899,-6.1170871999110954],[106.77293129943121,-6.1171043992637282],[106.77300999924459,-6.1170807992627774],[106.77313649925502,-6.1170055995581984],[106.77317449920065,-6.1169825995848042],[106.77328509979598,-6.1168653997323021],[106.77332589999456,-6.1168143991238191],[106.77379089990407,-6.1162999993184375],[106.7739466996931,-6.1161254991559222],[106.77412739971709,-6.1159230998674676],[106.77416359925857,-6.1158825995571489],[106.77424079984402,-6.1157947997549531],[106.77433329991909,-6.115686799274882],[106.77445609992358,-6.1155287994316607],[106.77447739931822,-6.1154983994391685],[106.7744875991695,-6.1154753999326967],[106.77449329959485,-6.1154551993218096],[106.7744925993704,-6.1154189992186181]],[[106.78432140000643,-6.1177822000221225],[106.78384349948497,-6.1177125995945012]],[[106.78377490003534,-6.1176985999539717],[106.78373180001294,-6.1176729997393551],[106.78368239944355,-6.1176564994938696],[106.78354919954229,-6.1176120991983227],[106.78312579933272,-6.1174952996831298],[106.7830976995744,-6.1175053997439246],[106.78307859940891,-6.1174997992775006],[106.78303079921366,-6.1174809997008444],[106.7829555995678,-6.1174570991940334],[106.78276289918679,-6.1173996000082687],[106.78220829958343,-6.1172479995465938],[106.78197289915096,-6.1171835998570208],[106.78150359947499,-6.1170568992019581],[106.78111979998791,-6.1169746994354508],[106.78097279936554,-6.1169422000151252],[106.78061629954848,-6.1168635993396903],[106.78012899982728,-6.1167559994131864],[106.78008549944082,-6.1167463999585419],[106.77951199916164,-6.1166197994649414],[106.77895609934272,-6.1164970994650645],[106.77821579981052,-6.1163335997636112],[106.77818499938654,-6.1163268994451077],[106.77813839967334,-6.1163164999145883],[106.77764789934059,-6.1162054992066039],[106.77760559987746,-6.1161959995365187],[106.77753589975049,-6.1161801996592544],[106.77721299988818,-6.1161070994078992],[106.77620949992463,-6.1158734000047765],[106.77524930000938,-6.115654199803914],[106.77520969979625,-6.1156435996249732],[106.77497909960451,-6.1155780991279824],[106.77492359991743,-6.1155629997168806],[106.77487649961266,-6.1155760998991768],[106.77482729949591,-6.1155835991585556],[106.7747476996792,-6.1155787995477926],[106.77470949980395,-6.1155780993207101],[106.77467079919397,-6.1155816993182235],[106.77461619989909,-6.1156045995770496],[106.77449109984143,-6.1157115992350768],[106.77425489971213,-6.1159567996557005],[106.77388369913974,-6.1163648993311241],[106.77339989990227,-6.1168881998606377],[106.77326849997549,-6.1170526994008361],[106.77323809953853,-6.1171004991535298],[106.77318099959636,-6.1172368994040118],[106.77317859976237,-6.1172731992847149],[106.77316819966757,-6.1173080996557303],[106.77315019988859,-6.117339799833335],[106.77310549940366,-6.117381899700554],[106.7730481993603,-6.1174046993770821],[106.77298659922978,-6.1174049995176869],[106.77290879954609,-6.1173675999876407],[106.77287619987055,-6.1173291994563002],[106.77285689989236,-6.1172826994791576],[106.77285269948699,-6.1172325997476706],[106.77282869980101,-6.1172004993300506],[106.77280979999811,-6.1171750993913356],[106.77273229984758,-6.117120299268195],[106.77261700001765,-6.117053599820494],[106.77243329938594,-6.1169810995969325],[106.77220889929492,-6.1168848997346918],[106.77204509985556,-6.1168296997807508],[106.77198709916208,-6.1168111994898187],[106.77123459947605,-6.1166473998850304],[106.77112529936534,-6.1166235991478839],[106.77056319968149,-6.1164831997190019],[106.76977429953344,-6.1162894991538028],[106.76944899987583,-6.116228999219409],[106.76932269931316,-6.1162034999227055],[106.7691504996839,-6.1161685997715933],[106.76852409958224,-6.1161170994963658],[106.76745409958656,-6.1161432991561986],[106.76734689984031,-6.1161458997713138],[106.76547869933219,-6.1161915994075402],[106.76533709947346,-6.1161944998737203],[106.76529759983964,-6.1161952997194637],[106.76520509930839,-6.1161972991287961],[106.76264009958109,-6.1162839995258924],[106.76248939985557,-6.1162890992113024],[106.7623485992757,-6.1162933996069428],[106.76085849988587,-6.1163334996678813],[106.76076859914072,-6.1163360992356566],[106.75951389998829,-6.116369799648866],[106.75924359933234,-6.1163769992072794],[106.75912789999272,-6.1163800998516429],[106.75896629960005,-6.1163840000240786],[106.75764230002086,-6.1164262996790315],[106.75660700004207,-6.1164521998910395],[106.75623329919655,-6.1164656994084163],[106.75587099939457,-6.1164768999650674],[106.75587659998781,-6.1166345994446525],[106.75587289962017,-6.1171518994056004],[106.75583409937742,-6.1178591992030178],[106.75586889993303,-6.1190488995120278],[106.75596229975497,-6.120187999211586],[106.75598679951884,-6.1208339998082106],[106.75601260003766,-6.120853399309901],[106.75603379974123,-6.1208777996799268],[106.75604929923219,-6.1209060995669633],[106.75605849985719,-6.1209369997772347],[106.75605849971446,-6.1209919992617703],[106.75603879965374,-6.1210433993474949],[106.7560075997356,-6.121079899507099],[106.75596659979617,-6.1211049998087219],[106.7559197999546,-6.1211161996688741],[106.7558781997883,-6.1211137994708986],[106.75583879923063,-6.1211002992226655],[106.75580449990304,-6.1210767997998001],[106.75577789971668,-6.1210448994854847],[106.75576089941474,-6.1210070994363583],[106.75575479914242,-6.1209617994749177],[106.75576859996193,-6.1209011993655116],[106.75580569969354,-6.1208510995812837],[106.75581190000851,-6.1206680996993912],[106.75579479982045,-6.1202322991831881],[106.7556959994489,-6.119093599503092],[106.75568739943246,-6.1178467993280892],[106.75572609935215,-6.1171814994804903],[106.75572349967102,-6.1164808995613189],[106.75572269927848,-6.1163839997569998],[106.75571069991558,-6.1158396997989222],[106.75570369924482,-6.1157144000226662],[106.75568479993169,-6.1152685992502374],[106.75565209998403,-6.1150877998339874],[106.75554429921952,-6.1147176998069765],[106.75552609942213,-6.1146551996646998],[106.75536149964745,-6.1143564998624216],[106.75531739969762,-6.1142765996078721],[106.75511669917849,-6.1139929000096549],[106.75493589957034,-6.1137957993608163],[106.75451179970715,-6.1133333991813359],[106.7541598998274,-6.1129809996942468],[106.75375229952135,-6.1125679996188422],[106.75369549930505,-6.1125614992339381],[106.75364319927559,-6.1125387996820475],[106.75359969962788,-6.1125018996975209],[106.75334209916666,-6.1124673999958912],[106.7533201994399,-6.1124644993005983],[106.75323619964726,-6.1124606998721198],[106.75312789932755,-6.1124651998925792],[106.75291319991165,-6.1124851997328857],[106.75277009975493,-6.1125025996539692],[106.75262369941872,-6.1125204994769602],[106.75257579998977,-6.1125261994117182],[106.75252789933027,-6.1125317998860753],[106.75244299949439,-6.1125417997354097],[106.75224119921289,-6.1125599000073576],[106.75205089971314,-6.1125771995597775],[106.75204439933299,-6.1125780996460062],[106.75131929928234,-6.1126677992261405],[106.75123920001023,-6.1126797996473297],[106.7510735997251,-6.1127066997870525],[106.7509565996704,-6.1127280994425242],[106.75069479973317,-6.1127998996501738],[106.75066069938738,-6.1128092997199044],[106.75037769945105,-6.1128973000196796],[106.75034719917984,-6.1129036999253277],[106.75015559919864,-6.1129428995170629],[106.74984279925641,-6.1130351994156191],[106.74976419937308,-6.1130533000068779],[106.74947669980851,-6.1131102991348056],[106.74922499943462,-6.1131449994245894],[106.74919229933269,-6.1131472000279308],[106.74902779955352,-6.1131703995963118],[106.74894669989035,-6.113181799860727],[106.74877459929267,-6.1131763994008077],[106.74823159946268,-6.1131593993241014],[106.74726369970026,-6.1129228998500498],[106.74712519961652,-6.1128756998627747],[106.74705009924092,-6.1128514994898637],[106.74698219985339,-6.1128270993662577],[106.74671129982106,-6.1127297994278136],[106.74656819941737,-6.1126793997398954],[106.74627729958166,-6.1125769996641361],[106.74576309992403,-6.1124217998030161],[106.74566609949143,-6.112416599179614],[106.74552169939282,-6.1124163999955128],[106.74535229986955,-6.1124385998058166],[106.74511999987288,-6.112498999863849],[106.74502369976334,-6.1125197993842209],[106.74495979943505,-6.1125337997740514],[106.74491899934978,-6.1125436995894145],[106.74480999944319,-6.1125699999638456],[106.74457219925388,-6.1126263993419094],[106.74434649916881,-6.1126611992295397],[106.74403239963165,-6.1126704994882752],[106.74397639962466,-6.112669299586071],[106.7438818997304,-6.1126593994574527],[106.74380659925885,-6.1126514995351702],[106.74363039958403,-6.1126144992658569],[106.74352129964825,-6.112586799926671],[106.74341219971058,-6.1125590996566785],[106.74319309992867,-6.112465699552434],[106.74288999958374,-6.112289099911357],[106.74272459989372,-6.1121697995399655],[106.74223539984933,-6.1118169994985099],[106.74205759954114,-6.1116771997439692],[106.74197620000564,-6.1116076996057265],[106.74195529995745,-6.1115899000096015],[106.74194359972911,-6.111579899311641],[106.74144249960072,-6.1111521998009266],[106.74100179947237,-6.1108016995802119],[106.74090379958142,-6.1107236999667798],[106.74029789928645,-6.1103058994831105],[106.74020229933869,-6.1102380996340866],[106.74015689950851,-6.1102091994917025],[106.73967189933136,-6.109927899855716],[106.73951689970714,-6.1098491999986519],[106.73942169952936,-6.1098284993986756],[106.73935600000948,-6.1098260996649731],[106.73927859949126,-6.1098360993433447],[106.73921529914672,-6.1098509994729335],[106.73913659928996,-6.1098748993683536],[106.73901389949799,-6.1099055993326514],[106.73888739968437,-6.1099037000184699],[106.73879339937339,-6.1100727999510562],[106.73862840000417,-6.1103549994971997],[106.73858549998765,-6.1104282994777259],[106.73842339978947,-6.1107055996262902],[106.73795579981771,-6.1115441995227107],[106.7374808998776,-6.1123960996503435],[106.73726649968458,-6.1126570994014866],[106.73718469957957,-6.1127623997532945],[106.73690349964613,-6.1131382993358105],[106.73625599996038,-6.1140933996327265],[106.73562799947233,-6.1150854998349331],[106.73518679914801,-6.1158405998676955],[106.73461849960046,-6.1167368993113289],[106.73335859992791,-6.1187348991418116],[106.73253869960331,-6.1201150996257327],[106.73248709951578,-6.1202026998521823],[106.73243549997818,-6.1202800995567905],[106.73230669975207,-6.120474699518196],[106.73166367826755,-6.1216722929481175],[106.73130808163367,-6.1223024631038259],[106.73119555135686,-6.1225410271464753],[106.73083479977598,-6.1233834999113084],[106.73065799957918,-6.1238138000043181],[106.73061499956573,-6.1239864995570574],[106.7304411999578,-6.1246851992729932],[106.73038459924207,-6.1249714994569509],[106.73026799951772,-6.1255615993663888],[106.73020899998505,-6.1262710995547538],[106.73020989918653,-6.1263631998183667],[106.73021429917297,-6.1268364997879372],[106.73024799915,-6.1279168993657747],[106.73025259972245,-6.1280121000041508],[106.73035919997156,-6.1305033992760558],[106.73039160001881,-6.1323064993903893],[106.73042320001484,-6.1330636993906635],[106.73042689967468,-6.1332959992092286],[106.73043780000702,-6.1335135993340026],[106.73044359927887,-6.1338783997357842],[106.73044389932215,-6.1338943998745385],[106.73044419987423,-6.1339113991754486],[106.73044689989524,-6.1340339993134032],[106.73044129939454,-6.1342775993855652],[106.73043979928352,-6.1343429993623548],[106.73043039938172,-6.134755299714878],[106.73041669987428,-6.1358224992823631],[106.73039649992077,-6.1367944998645774],[106.73039179945091,-6.1370195993581609],[106.73038089943124,-6.1373548992144036],[106.7303719994574,-6.1376321994406418],[106.73036610002164,-6.1377348992187066],[106.73029859985142,-6.1389817995835729],[106.73026779926342,-6.1392251999200971],[106.73021019949202,-6.1396806997872142],[106.73014239971018,-6.1400786997394876],[106.72967529970934,-6.1423471992769318],[106.7296444996027,-6.1424972993533498],[106.7295893995669,-6.1427546997476794],[106.72953770001425,-6.1430190995886411],[106.72951579995106,-6.1431211992020183],[106.72941119953329,-6.1436083995386142],[106.72930250000258,-6.1440946998898553],[106.72923449962997,-6.1444275993809079],[106.72916310000105,-6.1447539000143596],[106.72912499976752,-6.1449343992673358],[106.72903089987184,-6.1453796993416123],[106.72896679961931,-6.1456826999103402],[106.72895889932583,-6.145715499902189],[106.72890479944736,-6.1459396995333861],[106.72882169936925,-6.1462841993655273],[106.72875019923623,-6.1465147993140921],[106.72866249923484,-6.1467975999744517],[106.72837429945896,-6.1477446994806515],[106.72833739960997,-6.1478652992196343],[106.72828579972972,-6.1480512991813523],[106.72815019929362,-6.148623700026878],[106.72810230001132,-6.1488978994534325],[106.72801169933325,-6.1494164991409948],[106.72793849987409,-6.149811199347833],[106.72793029929186,-6.1499090998200607],[106.727875499269,-6.1505639992709868],[106.72784929943508,-6.1506892998510221],[106.72780899921301,-6.1509025997721967],[106.72779029957982,-6.1511612995510614],[106.72780539960749,-6.1523500998248331],[106.72780639970871,-6.1540573996791474],[106.72774199947962,-6.155486700005353],[106.72771599941682,-6.1577189999887967],[106.72770579940327,-6.1580425999478443],[106.72768689968751,-6.1582324999221161],[106.72767769995599,-6.1583118996400197],[106.72766559994213,-6.158399899767061],[106.72763759950158,-6.1586198991332708],[106.72762659932715,-6.1587786999277299],[106.72762329928911,-6.1588206999902146],[106.72758949916927,-6.158848599827687],[106.72757640001302,-6.1588594992472743],[106.72755589953687,-6.1589141996605026],[106.72745699921248,-6.1603511991537525],[106.72740959914522,-6.161648499494123],[106.72738189936229,-6.162399399430929],[106.72747359988163,-6.1651585997077358],[106.72747719942484,-6.1652342994689091],[106.72751529946768,-6.1652881996204894],[106.7275180998049,-6.1653332994747361],[106.72752229960284,-6.1654037998177689],[106.72753419933568,-6.1656268997684567],[106.72765169940627,-6.166588399561598],[106.72766759964539,-6.1667156995471801],[106.72773209971501,-6.1672315995326255],[106.72780329975612,-6.1676898995892717],[106.72787059976365,-6.1680778999432579],[106.72789769914132,-6.1682270999839535],[106.72801329993349,-6.1688209994638656],[106.72805679933818,-6.1690446993437522],[106.72813119922608,-6.1694264997771464],[106.72820269941914,-6.1698621993822051],[106.72826019979311,-6.1704314997321941],[106.72829009982381,-6.1708333997452893],[106.72830439954355,-6.1710612994721421],[106.72832229996325,-6.1713469998147028],[106.72834859930759,-6.1717277997108919],[106.72842540002938,-6.1729545998172437],[106.72846079955436,-6.1734470993176878],[106.72847340002012,-6.1736216997320748],[106.72850529946969,-6.1740662000205075],[106.72853899942599,-6.1746342996935226],[106.72860959920682,-6.1758258992400252],[106.72862879951931,-6.1762977997083981],[106.72865529980488,-6.1767915992806879],[106.72866199925036,-6.1768954996641305],[106.72867249916897,-6.1770579993185359],[106.72871139983543,-6.177512199772627],[106.72873259994127,-6.1777590999121346],[106.72876859972767,-6.1781795994832258],[106.72884909988508,-6.1787475991979619],[106.72901289987286,-6.1796157997220043],[106.72921929955551,-6.1805421999814119],[106.7293934996258,-6.1813182993234399],[106.72943869989037,-6.1814994991614958],[106.72953989958683,-6.1819045998462698],[106.72980069970011,-6.182948899893379],[106.72987109930469,-6.1832305994563752],[106.72989799967368,-6.1833380996552041],[106.72996489936094,-6.1836061993370839],[106.73003679963234,-6.1838941999718324],[106.73011239916319,-6.1841994998234995],[106.73011879963434,-6.1842225998932099],[106.73016879945537,-6.1844227996449037],[106.73019289940487,-6.1845161994569349],[106.73019949919718,-6.1845402998473675],[106.73020849982238,-6.1845741995963301],[106.73023559973949,-6.1846915993953218],[106.73024549979274,-6.1847123000195667],[106.7302801992229,-6.1848730993364631],[106.73032959960338,-6.1850744999777358]],[[106.77448290002958,-6.1153927000117552],[106.77445869990717,-6.1153460996513669],[106.7744283000339,-6.1152846999069412],[106.77435599974247,-6.115139999752798],[106.7742598993803,-6.1149436994478492],[106.77418109934526,-6.1147739996426305],[106.7740831992644,-6.1145646991753893],[106.77399849935944,-6.1143773995191646],[106.77395009964252,-6.1142746991533494],[106.77393100001524,-6.1142228999175412],[106.77391109929435,-6.1141187997775166],[106.77378399975255,-6.1138670999146196],[106.77315839925838,-6.1124773997701256],[106.77314139923814,-6.1124395996252971],[106.77313169923431,-6.1123943998202819],[106.77312700003401,-6.1123496998129987],[106.77312239917458,-6.1122393996150999],[106.77313429962477,-6.1121602996249358],[106.77320209979737,-6.1120650994390306],[106.77325479920783,-6.1120221993012427],[106.77335849952952,-6.1119357997079833],[106.77413529943009,-6.1112169997733812],[106.77430719974434,-6.1110363000258561],[106.77452989981255,-6.1107080992434444],[106.77466009969481,-6.1104051995591977],[106.77466039954551,-6.1103497999506251],[106.77466939932945,-6.1102479996481565],[106.77469249940609,-6.1101713999151315],[106.77478479919279,-6.109935399733871],[106.77483409977914,-6.1098093992654841],[106.77487409998349,-6.1097084993956923],[106.77504069981239,-6.1092884994209173],[106.77518819962791,-6.1088628995117089],[106.77520409935475,-6.1088403993179234],[106.77522659986184,-6.10882119937376],[106.77525989925587,-6.1088061999529817],[106.77529499970149,-6.1088020992545911],[106.77532729921768,-6.1088076999378824],[106.77561619997331,-6.1089142998516976],[106.77565249935284,-6.1089277999648637],[106.7760665000358,-6.1090817997107427],[106.7763931995532,-6.109203699928254],[106.77669149927225,-6.1093122998308251],[106.77682579931106,-6.1093611991619658],[106.77687719946927,-6.1093802996192954],[106.77701579920732,-6.1094345999426345],[106.77733109993363,-6.1095510992795301],[106.77758839966201,-6.1096437999245161],[106.77829399976244,-6.1099037993666556],[106.77833379933243,-6.109920199205626],[106.77960879935119,-6.1104088999478918],[106.77964839988861,-6.110424099552735],[106.77978409935248,-6.1104783995576843],[106.7797960999154,-6.1104832000021529],[106.77989099967027,-6.1105207997699305],[106.77996809987161,-6.1105531996355458],[106.78087249951002,-6.1109017991666583],[106.78121919971774,-6.1110390000190442],[106.78157109946754,-6.1111692996967877],[106.78184169947411,-6.1112808994407208],[106.78251739983699,-6.1115449995411399],[106.78255779916914,-6.1115585994167514],[106.78261829928218,-6.111581599571374],[106.78377199966148,-6.1119967000255251],[106.78413549922567,-6.1121558997913494],[106.78417879937915,-6.1121877998770433],[106.78420589921166,-6.1122216995726992],[106.78424429915094,-6.112282899239486],[106.7842761993271,-6.1122837997005046],[106.7847602995934,-6.1122979993982218],[106.78527579931719,-6.1122947997804964],[106.78544049942057,-6.1122822991566546],[106.78551879943107,-6.1122783996326646],[106.78561869950045,-6.1122739997370736],[106.78595199950968,-6.1122563996878334],[106.78713659933511,-6.1122292998734116],[106.78806420000691,-6.1122298999556541],[106.78809179991578,-6.1122298994500346],[106.78922629993443,-6.1122153998577211],[106.78936129940161,-6.1122134991609238],[106.78945970004108,-6.1122121995170318],[106.79033740001934,-6.112200399863994],[106.79092689984199,-6.1121870998584544],[106.79150759963755,-6.112186999931053],[106.79202599969651,-6.1121815996712616],[106.79278949930494,-6.1121718993093594],[106.79400479990775,-6.1121564998627145],[106.79469109932693,-6.1121327999259458],[106.79472889974929,-6.1121563996865991],[106.79473979918266,-6.1121741993743379],[106.79474839949599,-6.1121962998429664],[106.79475339980723,-6.1122383994897547],[106.79476169980107,-6.1126310993100397],[106.79476979954138,-6.1130831997584538],[106.79477919965359,-6.1132844992992696],[106.79477679949728,-6.1133302991975773],[106.79476569919173,-6.1135391991304564],[106.79475639965604,-6.1136858991292593],[106.79473889918552,-6.1138565993569181],[106.79460209973378,-6.1144592995482681],[106.79446529933634,-6.1150286993055039],[106.79441709966706,-6.1152660994494772],[106.79439159988699,-6.1154353996091935],[106.79437409950683,-6.1155700994661082],[106.79435729918244,-6.1156608993737089],[106.79434459961537,-6.115794099418987],[106.79427759969346,-6.1165554999652922],[106.79422129940048,-6.1170441994111435],[106.79421239988496,-6.117150199527436],[106.7941814999816,-6.1175047993262135],[106.79417169931602,-6.1176249991705145],[106.79416390000371,-6.1180892997157352],[106.7941755998193,-6.1185289998488335],[106.79418100000045,-6.118833099487011],[106.79418729939007,-6.1190676999299711],[106.79418929933294,-6.1191480994063259],[106.79419129928293,-6.1192284997876811],[106.79420039932624,-6.1195757992719351],[106.79420779937699,-6.1197037999554746],[106.79422189918101,-6.1202033992468996],[106.79425149923411,-6.1214953993028232],[106.79426649958171,-6.1221219991899503],[106.79426809983632,-6.1221886996742336],[106.79415769954802,-6.1221881999150707],[106.79409389975558,-6.1221889991635754],[106.79320869961137,-6.1222000996033996],[106.79228469983713,-6.1222125994965415],[106.79222429932584,-6.1222133998236563],[106.79217489983641,-6.1222138993787993],[106.79211229954106,-6.1222143996161034],[106.79207279930942,-6.1222146997250873],[106.79198559971339,-6.1222173997263889],[106.79180449948427,-6.1222249993647058],[106.79176479975172,-6.1222266998074968],[106.79174529987728,-6.1196991993748382],[106.79174489976525,-6.1196411994436204],[106.79173560000535,-6.1188223996449373],[106.79171149964249,-6.1177929993530542],[106.7917099993489,-6.1177303998413386],[106.79165169919628,-6.1176949999099692],[106.79160209922927,-6.1176755995749206],[106.79115539998377,-6.1176795998933509],[106.79042459978659,-6.1176860997247031],[106.79036119996911,-6.1176840000037425],[106.78984389936929,-6.1176878991769756],[106.78904729969871,-6.1176939998096147],[106.78725149947452,-6.1177075998123218],[106.78661789921691,-6.117721599461678],[106.78629140002779,-6.1177282998904037],[106.78469069958207,-6.1177661999145707],[106.78463239922746,-6.1177627995074984],[106.78457929954585,-6.1177506997158133],[106.78457219938814,-6.1177169994956904],[106.7845754997397,-6.1175795994834292],[106.78458069938871,-6.1175469000193949],[106.78461269927659,-6.1172871997592599],[106.7846483991998,-6.1170546999022477],[106.78465679958501,-6.1170037991793835],[106.78466749994453,-6.1169155999387446],[106.78481179951859,-6.1160240998937576],[106.78483809914225,-6.1158792994750621],[106.7848543999764,-6.1158481997238328],[106.78487889959889,-6.1158336999917839],[106.7849125996329,-6.1158144995146664],[106.78496059948317,-6.1157973998840065],[106.78506319914059,-6.1157781991836568],[106.78518309930517,-6.1157740998190828],[106.78551419932464,-6.1157687992727574],[106.7855252994563,-6.1158002998270273],[106.78557369957612,-6.1157992998340109],[106.78680809962094,-6.1157771995136665],[106.7877146997749,-6.1157662991265047],[106.78792059969722,-6.1157640992550242],[106.79012700003581,-6.1157442994736346],[106.79051909949654,-6.1157394996353123],[106.79120909959697,-6.1157309998888163],[106.79141179957948,-6.1157263996811331],[106.79164839916683,-6.1157300998392223],[106.79207479921773,-6.1157238995933429],[106.79278289930974,-6.1157075993677061],[106.79279799914603,-6.1156729997686128],[106.794114399149,-6.1156414993666219],[106.79417729979454,-6.1156234992846183],[106.79420449920028,-6.1156184995710321],[106.79423129920248,-6.1156093997766234],[106.79424779977316,-6.115596399345022],[106.79425809960331,-6.1155800994303933],[106.79428419914301,-6.1155036993578049],[106.79439399996257,-6.1150370996169894],[106.7945207994704,-6.1144470996049476],[106.79454749933927,-6.1143201993328287],[106.79459939984892,-6.114083299523525],[106.7946473995908,-6.1138040992902232],[106.794666799182,-6.1135698000083005],[106.79468559954448,-6.1129787999921783],[106.79467189935343,-6.1126150993513635],[106.79466989930557,-6.1124597993401881],[106.79466329998647,-6.1123341993026994],[106.79464569939709,-6.1122756999038899],[106.79463829933357,-6.1122610993148134],[106.79462389931645,-6.1122456992853884],[106.79460749994271,-6.1122350999567363],[106.79458469986692,-6.1122256992578059],[106.79454879955748,-6.1122219998299379],[106.79400579995183,-6.112244899385427],[106.79238330001402,-6.1122754994087245],[106.79204160002297,-6.1122818995206893],[106.79156819990128,-6.1122823991738766],[106.79092629916512,-6.1122856996506094],[106.79056669958646,-6.1122916991504885],[106.78946029968134,-6.1123118994128092],[106.789078799572,-6.1123174997610148],[106.78806349997615,-6.1123321992886428],[106.7880184994338,-6.1123328996670292],[106.78713539978477,-6.1123302997806839],[106.78560989917072,-6.1123442994840325],[106.78557359949554,-6.112357499292246],[106.78554969948037,-6.1123677997313184],[106.78553359949854,-6.1123847996714522],[106.78551819932063,-6.1124057992523877],[106.7855084999272,-6.1124348995811886],[106.78542589952913,-6.1126377998659942],[106.78534369975679,-6.1129508995603477],[106.78528039937969,-6.1133188998507322],[106.78526739977322,-6.1133944994908154],[106.78526469964267,-6.1134121999685904],[106.78519299951454,-6.1138903999828242],[106.78514079927096,-6.1143375999584197],[106.78504919954993,-6.1147537993835366],[106.78487139982329,-6.1155356999661183],[106.78484939986637,-6.1156430993793016],[106.78483489921636,-6.1157040994475755],[106.78481059974999,-6.1158325995978648],[106.78480139942923,-6.1158868991344679],[106.78477619956753,-6.1160181998637313],[106.78469200001052,-6.1164681998622568],[106.78465249923342,-6.116687499314077],[106.78462359965404,-6.1168428992386668],[106.78460619937425,-6.1169575992364082],[106.78459209916905,-6.1170450999805253],[106.78455559994329,-6.1172811993904839],[106.7845495994647,-6.1173251994494535],[106.78454449989101,-6.1173542998764132],[106.78451839953195,-6.1175422994523805],[106.78450489941318,-6.1176709997325665],[106.78449689966162,-6.1177282999353375],[106.78447880000327,-6.1177636997059031],[106.78445259917231,-6.1178004998725095]]]},"properties":{"OBJECTID":974,"ID":"BRT_18","LINE":"18","NAME":"Puri Kembangan - Pluit via PIK","MODE":"BRT","CLASS":"Koridor Utama","STATUS":"Rencana","COLOR":"#37474F","SOURCE":"RTRW DKI Jakarta","REMARK":"Trase rinci diinterpretasikan untuk keperluan visualisasi"}},{"type":"Feature","id":975,"geometry":{"type":"MultiLineString","coordinates":[[[106.83151462970612,-6.3556718138044772],[106.83134309996281,-6.3556938997248036],[106.83116999942145,-6.3557152000035542],[106.83104929992243,-6.3557325000246481],[106.83093539925447,-6.355749799454701],[106.83086289974136,-6.3557644992836106],[106.8308025999995,-6.3557817997001393],[106.83073689960808,-6.3558044999241696],[106.83067919944675,-6.3558323997107848],[106.83062019934843,-6.3558670998131008],[106.83057319968123,-6.3559016995638773],[106.83052489956123,-6.3559403997910442],[106.83047399963768,-6.3559870993382974],[106.83043779987133,-6.3560283996067382],[106.83040689948704,-6.3560762996201552],[106.83038139970915,-6.356121600022008],[106.83035599996606,-6.3561749996007846],[106.83033989930361,-6.356226999158042],[106.830329199253,-6.3562855999144601],[106.83032579924645,-6.3563422995873164],[106.83032909967403,-6.3564048996438505],[106.83033589994606,-6.3564535993124487],[106.83034849930981,-6.356502999975274],[106.8303679992339,-6.3565601999668662],[106.83038819995538,-6.3566054995471806],[106.83041289920243,-6.3566547995100366],[106.83050489973594,-6.3567547992548334],[106.83055919941434,-6.3568007999916416],[106.83061279927395,-6.3568347000220431],[106.83067519955802,-6.356860099559472],[106.83072749994749,-6.3568740998500841],[106.83079309955401,-6.3568846994985897],[106.83086289924398,-6.3568833998955609],[106.83092529976531,-6.3568753994861043],[106.83099029975621,-6.3568587993842245],[106.83104059983278,-6.3568394999505111],[106.83110030003161,-6.3568046996496532],[106.83115529951759,-6.3567600994572038],[106.83119609914341,-6.3567161996448505],[106.83124109979678,-6.3566547992821825],[106.83127459922721,-6.3566027995813696],[106.83130009997467,-6.3565508996353133],[106.83132559994893,-6.3564854995885112],[106.83134499997517,-6.3564275995030348],[106.83136379958101,-6.356357599279038],[106.83139869991852,-6.3562095992877294],[106.83146639949321,-6.3558977992197798],[106.83151462970612,-6.3556718138044772]],[[106.83151462970612,-6.3556718138044772],[106.83155449971427,-6.3554849993604581],[106.83161929969499,-6.3552126999428094],[106.83167289934445,-6.3549553996278876],[106.83172519922384,-6.3547075000202744],[106.83177149970825,-6.3544382996198525],[106.83189029946494,-6.3536327994939539],[106.83190679972142,-6.353525199552303],[106.83197909969473,-6.3530653993294877],[106.83200689983035,-6.3526574994036373],[106.8320094998263,-6.3524576993380197],[106.8320209997034,-6.3517925992838205],[106.83203099913986,-6.3516838993976119],[106.83209669971532,-6.3512180999455223],[106.8321450000263,-6.3509807996591592],[106.83223489999141,-6.3506422998006116],[106.83237570000335,-6.3502396997535184],[106.83242529980974,-6.3500690997313605],[106.83247089962522,-6.3498644991560624],[106.83251449976881,-6.3494966991981565],[106.83256339999289,-6.3489161998792643],[106.83259429997754,-6.3484256998588435],[106.83260499978562,-6.3481017997159102],[106.83261839986507,-6.347957799130941],[106.83264389936511,-6.347825899574957],[106.83281559976194,-6.3472087999421891],[106.83284239941062,-6.3470780992410587],[106.83286849957359,-6.3468581996361015],[106.83287859957439,-6.3466848995027068],[106.83291479926012,-6.3463436992529871],[106.83295099932494,-6.3460412000180337],[106.83296829932898,-6.34591339915539],[106.83298319940874,-6.3458265998560464],[106.83300999936888,-6.3456325994323306],[106.83304019999277,-6.3454073995851941],[106.83312719948117,-6.3446225995414665],[106.83317759978256,-6.3442065999046511],[106.83319139987515,-6.344085499556158],[106.83322039937113,-6.3438254999344643],[106.83327289957967,-6.3432247998628393],[106.83329639914803,-6.3430560997613306],[106.83334799935308,-6.3426348996788624],[106.83342589941611,-6.3421972999355818],[106.83353909959185,-6.3416241991309477],[106.83380879938413,-6.3402585996804728],[106.83392059925546,-6.3397191994820066],[106.83395349918868,-6.33958399987538],[106.83402939948046,-6.3392574994396949],[106.83405369987146,-6.3391532997348987],[106.8343908999926,-6.3378133996792068],[106.83449679918267,-6.3373844995532034],[106.83451349976536,-6.3373169996952079],[106.83453019999145,-6.3372493994783401],[106.8348425999645,-6.3358924996297423],[106.83487669923734,-6.335735399674741],[106.83501589961379,-6.3351637995526309],[106.83511179979487,-6.3347811992478871],[106.8351631992369,-6.3345761996521999],[106.83519229965844,-6.3344327992255591],[106.83523209958599,-6.3340406993021228],[106.83524629963888,-6.3339143996136427],[106.83524629949024,-6.333337300011963],[106.83521749920321,-6.3329946997959334],[106.83515439995234,-6.3326154999877087],[106.83508129973447,-6.3323703996850105],[106.83498079949635,-6.3320336993985817],[106.83487889962588,-6.3317509998446626],[106.83473469976876,-6.3314040993961527],[106.83472509956214,-6.3313809993530477],[106.83469459937707,-6.3313104999726884],[106.83461269933393,-6.3311295991952665],[106.83438459976257,-6.330611399774269],[106.83397359963047,-6.3297183994973656],[106.83363469961796,-6.3289900999265205],[106.83362619963344,-6.3289716994189886],[106.8336134992547,-6.3289432992024075],[106.83344189956476,-6.3285586995921914],[106.83339489935059,-6.3283787999335539],[106.83336040002121,-6.3282165994877575],[106.83335469975287,-6.328189499148495],[106.83334429923741,-6.3281374992933808],[106.83332919980685,-6.3280414994047733],[106.83331709983661,-6.3279321994921149],[106.83329729929986,-6.3277092992942992],[106.83328249930446,-6.3273199000291536],[106.83326119926527,-6.3268079992203203],[106.83325279988253,-6.326449999832481],[106.83325529929012,-6.3261740991492816],[106.83325579994182,-6.3261177000111752],[106.83325679919899,-6.3260114994482022],[106.83327689968424,-6.3258576000055955],[106.83330509994288,-6.3257195997726665],[106.83335519949296,-6.325583199502808],[106.83336319981498,-6.3255613998560198],[106.83345469973153,-6.3253715999170375],[106.83350739924867,-6.3252882993869672],[106.83373659988112,-6.324956899420517],[106.83419019975381,-6.3242519994187942],[106.83426659949683,-6.3241359992502133],[106.83437119921972,-6.3239693991778108],[106.83445509976821,-6.3238480994346036],[106.83474699991264,-6.3234211997940495],[106.83482569937999,-6.3232982999476119],[106.8349581993135,-6.323098699680135],[106.83515839994926,-6.3228110993789741],[106.83516899914665,-6.3227956992835459],[106.83519629964906,-6.3227557997307118],[106.83571309942867,-6.3219798991982588],[106.8357292992583,-6.3219561998839486],[106.83587079944111,-6.3216961994034753],[106.83592599997223,-6.3215929992738138],[106.8359454992149,-6.3215349996539079],[106.8359791999853,-6.3214247994536308],[106.8359859996211,-6.3211927992440557]],[[106.83202933165973,-6.3556055417720163],[106.83151462970612,-6.3556718138044772]],[[106.83202933165973,-6.3556055417720163],[106.83203739994541,-6.355726999635305],[106.83204779975615,-6.35585709939539],[106.8320637994922,-6.356016399243134],[106.83207859946801,-6.356136999611393],[106.83209339983122,-6.3562262995599053],[106.832107499784,-6.3562869996029505],[106.83212409937568,-6.3563468996464589],[106.83214369922891,-6.3564041995282876],[106.83217329964974,-6.3564672994562095],[106.83220399915683,-6.3565214993976777],[106.83222859975174,-6.3565553998246358],[106.83227239978683,-6.3566041997752833],[106.83231000002795,-6.3566401997114959],[106.83234739997032,-6.3566693992216665],[106.83239849929092,-6.3566999995558744],[106.83244239955502,-6.3567211994728261],[106.83248749985438,-6.3567369999694705],[106.83253789948343,-6.356748399191642],[106.83260099947408,-6.3567542000135253],[106.83264539956856,-6.3567526999622368],[106.83269499984775,-6.3567455991559152],[106.83276139923692,-6.3567265996563478],[106.83280449993565,-6.3567077993749823],[106.83285849988037,-6.3566800996346311],[106.83290279930235,-6.356648899892221],[106.83294289940353,-6.3566149998233463],[106.83298719968296,-6.3565694997957474],[106.8330166993981,-6.3565308994727188],[106.83305959969907,-6.3564641999179301],[106.83307979972565,-6.3564081993514794],[106.83309579960329,-6.3563535997585463],[106.8331065993475,-6.3562989996128252],[106.83311189946869,-6.356244299615156],[106.83311259975004,-6.356184299432833],[106.83310719992367,-6.3561222991571604],[106.83309649972645,-6.3560569993817904],[106.83307909994699,-6.3560010995547014],[106.83305959998377,-6.3559510996121835],[106.83303009958097,-6.3558937996186149],[106.83299259982452,-6.3558363995858906],[106.83295769937045,-6.3557917996505697],[106.83291609913964,-6.3557470995819783],[106.83287859955765,-6.3557144998883466],[106.83283409933303,-6.3556830995166784],[106.83278339948382,-6.3556511994059823],[106.8327336994347,-6.3556231999270372],[106.83269389943844,-6.3556057992566926],[106.83264159979143,-6.3555837999847258],[106.8326022993092,-6.3555698993648493],[106.83251819936989,-6.3555454991840534],[106.83209489983477,-6.3555970996671869],[106.83202933165973,-6.3556055417720163]],[[106.83600339944347,-6.3215845993098201],[106.83612649932921,-6.3214338995835408],[106.8361628991666,-6.3213840998263411],[106.83627019921633,-6.321235499305641],[106.83631369996202,-6.3211438993337223],[106.83635119925221,-6.3210619996469033],[106.83638139974136,-6.3209962994378763],[106.83640539980412,-6.3209317992556464],[106.83652109971534,-6.3206395994426661],[106.83665039999462,-6.3202833991281304],[106.83676239978176,-6.3198878998322057],[106.83685049958885,-6.3195488994237632],[106.83692469965648,-6.3191334991920165],[106.83698289963826,-6.3187468997849061],[106.83700619967409,-6.3185815994945242],[106.83706949914881,-6.3181816999151383],[106.83721099938852,-6.3173159996870281],[106.83731309935565,-6.3167650996712661],[106.83737319970308,-6.3164404994303807],[106.83739269996218,-6.3163228991306539],[106.83739809999877,-6.3162848997264804],[106.83769169988801,-6.3146256995419705],[106.83769599967279,-6.31460139940625],[106.83778239984939,-6.3140893996837546],[106.83778909968142,-6.3140496994888231],[106.83791579975244,-6.3133803992807982],[106.83800589917887,-6.3128303999037598],[106.83805289923495,-6.3125432992410326],[106.83813369975556,-6.3120526992598398],[106.83815299985061,-6.3119313998748821],[106.83818529978817,-6.3117287991680939],[106.83823089953744,-6.3113902999314782],[106.838241699151,-6.3112782991511001],[106.83824839985164,-6.3111142998874019],[106.83823629996051,-6.3109210991925115],[106.83818129981418,-6.3105930997866651],[106.83812499925357,-6.3102811999689772],[106.83808739980839,-6.3100545998979625],[106.83805659937863,-6.3098399993942627],[106.83804319987674,-6.3096853993097923],[106.83805249973422,-6.3094121994445249],[106.83809949936673,-6.3090015999312641],[106.83813219941824,-6.308883499234077],[106.83816109995473,-6.3088195994207297],[106.83844389986346,-6.308252199530469],[106.83848749925708,-6.308151399537592],[106.83864289994436,-6.3078142995360347],[106.83875939916972,-6.3075871999957958],[106.83882449944628,-6.3074523998895069],[106.83891539962303,-6.3071267997472082],[106.83891729982081,-6.3071146998464425],[106.8389517998914,-6.3068981998905729],[106.83896869986927,-6.3068027997707947],[106.83897209950193,-6.3067835996045778],[106.8390227994969,-6.3067247992071218],[106.83911469967315,-6.3061432999832379],[106.83945539920299,-6.3040707992908889],[106.83946439986542,-6.3039708999223079],[106.8394626993063,-6.3038875998803965],[106.83945449930127,-6.3038228997232277],[106.83950339972354,-6.3036255995759278],[106.83953619952617,-6.303469999310658],[106.83965069938947,-6.3028565993869794],[106.83966119940305,-6.3027964996445398],[106.83968509981744,-6.3026497997369217],[106.8397000999128,-6.3025424994297294],[106.83983569937206,-6.3016304991890468],[106.83986899957993,-6.3013273991581498],[106.83992609988772,-6.3009511994328635],[106.83992859932617,-6.3009316995565978],[106.83997419974162,-6.3004638998002029],[106.84000819933486,-6.2999991997634561],[106.84004989931985,-6.2995022997172327],[106.840084999456,-6.2990890996928846],[106.84009259952063,-6.2990150996368319],[106.84010179999632,-6.2988851994454969],[106.84014819942634,-6.2983347997581722],[106.84015679935462,-6.2982226992461365],[106.84016179994276,-6.2981633992140686],[106.84020699967273,-6.2977279998335103],[106.84022380001112,-6.2975660998128866],[106.84023519915411,-6.297476499490025],[106.84038009962241,-6.2965353997555988],[106.84053029943348,-6.2958268991944015],[106.84060669950856,-6.2954942999685777],[106.84067779997108,-6.295289799631866],[106.84082459945536,-6.2948330998923474],[106.84150749914791,-6.2930111997229154],[106.84331309952836,-6.28860989975683],[106.84344849938293,-6.2882199994104155],[106.84346930004104,-6.2881279998537325],[106.84349379981671,-6.2879540999773154],[106.84350419966454,-6.2878994998096926],[106.84353759996502,-6.2877029997466147],[106.84362270001748,-6.2872946999471608],[106.84365569923474,-6.2871361996352961],[106.84369509925179,-6.2869544994557227],[106.8437365996266,-6.2867628994281324],[106.84374079996428,-6.2867434993780096],[106.84380319958395,-6.286550999234799],[106.84411889995341,-6.2853749993121681],[106.84419089993412,-6.2849694999145456],[106.84442729936829,-6.2835907991534121],[106.84459939961734,-6.282582799354584]],[[106.84447099977724,-6.2829273997116699],[106.84451669977265,-6.2827590996854878],[106.84453759931569,-6.2827141994423554],[106.84455889994888,-6.2826684994078388],[106.84459939961734,-6.282582799354584]],[[106.84459939961734,-6.282582799354584],[106.84461019936398,-6.2825239997878173],[106.84468789980077,-6.2820996991489917],[106.84479729964295,-6.2814952997614641],[106.84483429925839,-6.2812819995659943],[106.84503439983601,-6.2802066994443289],[106.84535209931683,-6.2787746998846439],[106.84537769982924,-6.2786593995317412],[106.84548559997229,-6.2782147999519715],[106.84550709993351,-6.2781207998365636],[106.84562379952639,-6.2776554992195654],[106.845636299585,-6.2775968998381293],[106.84564869969311,-6.2775383993589751],[106.84568579942996,-6.2773717997485399],[106.84572629958322,-6.2771895995064773],[106.84586379954239,-6.2765350994349394],[106.84593759990925,-6.2761511999106245],[106.84601809993072,-6.2757432993226976],[106.84604020002234,-6.2756372998047931],[106.84607709931636,-6.2754699993081395],[106.84618499945786,-6.2749387993185799],[106.846409699644,-6.273856299294069],[106.84642309949464,-6.2737642997567997],[106.84645589957637,-6.2734030991760523],[106.84645939931535,-6.2732919997724279],[106.84646130003929,-6.2732330996225683],[106.84648279916946,-6.2723518996539127],[106.84648879915041,-6.2719886995047816],[106.84650149949719,-6.2717112996372535],[106.84649859956573,-6.2711468997961601],[106.84648799992094,-6.2709171996875694],[106.84647899964554,-6.2707236992783919],[106.84642639934292,-6.2702355994769983],[106.84640909999511,-6.2701507994491363],[106.84629429921438,-6.2696303996334901],[106.84625489987371,-6.2695231999781642],[106.8462118995659,-6.2694143999782694],[106.84608069938298,-6.2691259996283426],[106.84592829916544,-6.2687909992202604],[106.8458386998673,-6.2686257997803754],[106.84572829957273,-6.2684259998445908],[106.84571799983676,-6.2684090993492827],[106.84565059983338,-6.2682980994195141],[106.84552919971669,-6.268110699828914],[106.84535099927675,-6.2678663995658441],[106.84530799948114,-6.2678074991846247],[106.84526939984882,-6.2677569992547868],[106.84513309950293,-6.2675650994734129],[106.8449773994102,-6.2673474992681601],[106.84466159973555,-6.2668802994954929],[106.8445908998778,-6.2667719998936473],[106.84447949929535,-6.2665857997446457],[106.84442649953301,-6.2664956992058212],[106.84435099934284,-6.2663686993526131],[106.84428509971254,-6.2662578999557512],[106.84414829986588,-6.2659893998780571],[106.84405059996277,-6.265790399957119],[106.84401659979331,-6.2657210996964015],[106.84392919919945,-6.2655429994022311],[106.84391309972051,-6.2655101996303975],[106.84389849987755,-6.2654804000253206],[106.84376969922889,-6.2652183996610074],[106.84372319918225,-6.2651233999727562],[106.84362879991545,-6.2649311993332768],[106.84338609995365,-6.2644366993450715],[106.8433476995052,-6.2643508999151019],[106.84332579966495,-6.2642700994760547],[106.843311499368,-6.2641677993603153],[106.84328619983569,-6.2639400997186252],[106.84327559982843,-6.2638264999246003],[106.84326779992804,-6.2637496996804485],[106.84325830000557,-6.2636132993524338],[106.84325039980695,-6.2635007000182901],[106.84324749933741,-6.2634594993539139],[106.8432358993434,-6.2632923992060539],[106.84323289924473,-6.2632500994268039],[106.8432299995942,-6.2632080994790256],[106.8432169995462,-6.2630231000056931],[106.84320769982826,-6.2628893996967747],[106.84318659974647,-6.2625875999230347],[106.8431755992283,-6.2623718997806623],[106.84315729934103,-6.2620370999491017],[106.84315589962627,-6.2619597998062506],[106.8431528992957,-6.2617911992599984],[106.84314779956435,-6.2614995991832849],[106.84317559989735,-6.260842699221663],[106.8432328997431,-6.2600650992789779],[106.84324469998626,-6.2599474994296029],[106.84325709952459,-6.2598193992371165],[106.8432675993616,-6.2597269993760252],[106.84329809978381,-6.2594070996573858],[106.84330299978359,-6.2593655994411002],[106.84332449979159,-6.2592149997454758],[106.84334629934297,-6.2590768999646542],[106.84336599972175,-6.2589286999111202],[106.84339939983184,-6.2586345993719625],[106.84344249958156,-6.2582097996282871],[106.84344569941855,-6.2581433993022628],[106.84344889926038,-6.2580769998773667],[106.84344649949153,-6.2579991996278004],[106.84343579940204,-6.2578911996229554],[106.84341699921599,-6.2577698997840328],[106.84322779926943,-6.2568672992663927],[106.84313599985624,-6.2563820992154104],[106.84299749937546,-6.2557264997312769],[106.84299989980931,-6.2556688997029877],[106.84298799943173,-6.2555944998634665],[106.84296239920668,-6.2554795999617445],[106.84293939941324,-6.2553976992340941],[106.84273369948279,-6.2547480992828079],[106.84268399933322,-6.254596999773999],[106.84257829982121,-6.2542873996249329],[106.84252509967646,-6.2540870996149742],[106.84250169924468,-6.2539923999840612],[106.84248559924183,-6.253905599747184],[106.84247029984799,-6.2538151999326015],[106.84244519953664,-6.2535273994424561],[106.84245259950286,-6.2532754996469704],[106.84246449995479,-6.253049099578436],[106.84250629986914,-6.2524659996656506],[106.84251579969288,-6.2520426991979079],[106.84252289999026,-6.2519647995689818],[106.84252999938414,-6.2518868999478414],[106.84253719924415,-6.2518074999647748],[106.84257479954469,-6.2514274999593313],[106.8425922992036,-6.2511142995213422],[106.84262029978892,-6.2507648993427027],[106.84262239989719,-6.250738899980627],[106.84264159929339,-6.2504677996042872],[106.84266059991735,-6.2502127000110992],[106.84267539931979,-6.250013699527952],[106.84268819960563,-6.2497285998130803],[106.84269079998421,-6.2496704999767472],[106.84269649973871,-6.2493751999538807],[106.84270039973966,-6.2491738995054495],[106.84270739936294,-6.2488128992811047],[106.84272079939907,-6.2482273998434446],[106.84273779960122,-6.2474828995967622],[106.84275379977618,-6.2468997997340754],[106.84275979944769,-6.2466568000175124],[106.84279899969137,-6.2461760995470099],[106.84280339928766,-6.2461226995800354],[106.84283029918394,-6.2458869992096195],[106.84283469978512,-6.2458529998859751],[106.84284429922234,-6.2457783998608596],[106.84287119918473,-6.2456183997170625],[106.84289869950916,-6.2454796995792243],[106.84295229993353,-6.2452232997978765],[106.84299049915855,-6.2450437997665116],[106.8430385997372,-6.2448785996728011],[106.84317959963604,-6.2444451993644456],[106.84328149933646,-6.2440832998755704],[106.84329159998849,-6.2440292994827375],[106.84329299929526,-6.243977299735195],[106.84326609926502,-6.243781299813338],[106.84322199925954,-6.243532799275286],[106.84322019967436,-6.2434576993977675],[106.84323329946245,-6.2433719993656434],[106.84326259979382,-6.2432919994085241],[106.84357039937956,-6.2427769992083322],[106.84363540002406,-6.2427025993728211],[106.84402249973463,-6.2422590992834346],[106.84418029977957,-6.2420146999212109],[106.84430439948083,-6.2418270997191367],[106.84436009935398,-6.2417425000232081],[106.84444379928382,-6.241607899647077],[106.84449899972483,-6.2415256995410644],[106.84458239981225,-6.2413815992669033],[106.84471260003249,-6.2411570995717653],[106.84481439944375,-6.2409816996035739],[106.8448671991526,-6.2408878993568306],[106.8448894992041,-6.2408480995251825],[106.84507679939472,-6.2405149996320386],[106.84511739920603,-6.2404378995298968],[106.84525679984489,-6.2401919995068074],[106.84532889922708,-6.2400339993472311],[106.8453681999522,-6.239907399976123],[106.8453779995814,-6.2398719993035341],[106.84540119965958,-6.2397880993913271],[106.84542879953374,-6.2396557995921542],[106.8454383999515,-6.2395626995627653],[106.84543419914185,-6.2394737998123579],[106.84542989982799,-6.2394039999433275],[106.8454042995152,-6.2393139997658995],[106.84536179974629,-6.239189199702861],[106.84528719991427,-6.2390495997461066],[106.84518019971328,-6.2389030996883941],[106.84487879932645,-6.2384879999853231],[106.8447443992218,-6.2382950991458115],[106.84470609914597,-6.2382262998753841],[106.84456989999281,-6.2379477999687518],[106.84451509997554,-6.2378118999048828],[106.84444559967704,-6.2376333992024744],[106.84438909945443,-6.2374884995875677],[106.84424969991218,-6.2370128994278042],[106.84421359930943,-6.2368670992305697],[106.84419139992214,-6.2366448991778167],[106.8441897997758,-6.2366311994674763],[106.8441862000136,-6.2364235998347626],[106.84418579914082,-6.2362173994997407],[106.84418269990151,-6.2360438995473242],[106.84418679948863,-6.2359291992776571],[106.84419039940536,-6.2356130992238166],[106.84416899932705,-6.2345661996498301],[106.84416259966817,-6.234252799141073],[106.84416259933809,-6.2342314997587724],[106.84415709968479,-6.2340711999322123],[106.84416529971237,-6.2339448993604902],[106.84420609918956,-6.233748599209413],[106.84424179921011,-6.233580499685992],[106.84427529955603,-6.2334719994764844],[106.84432009952639,-6.2333275997031592],[106.84433949935544,-6.2332831997818303],[106.84440079965773,-6.2331429999873977],[106.84444029914965,-6.233052799859558],[106.84448589999487,-6.2329486000162539],[106.8445370997127,-6.2328313995132403],[106.84455259917773,-6.2327960991797324],[106.8447344994037,-6.2325378999909367],[106.84489459962425,-6.2323433994287454],[106.84491419948461,-6.2323135992388705],[106.84500179919306,-6.232208799446834],[106.84505089917708,-6.2321593995473252],[106.8453119992903,-6.2318627999967298],[106.84559919915392,-6.2315899997457764],[106.84580679916428,-6.2314121999828496],[106.84584569985758,-6.2313828991276212],[106.84613809990209,-6.231120199923752],[106.84646829954686,-6.230823999258166],[106.84662059989788,-6.2306874998104673],[106.84675469923803,-6.2305673995798161],[106.84678019978507,-6.2305300994739303],[106.84684819983134,-6.2304260996619307],[106.84692969929196,-6.2302680993920259],[106.84701559913924,-6.2300858991782588],[106.84705269998662,-6.2299674993889962],[106.84710719985857,-6.2297020996279979],[106.84712129931053,-6.2296333999183213],[106.84717739967368,-6.2292936995503183],[106.84719359937665,-6.2291899995980238],[106.84722859947014,-6.2289808998074792],[106.84724219962202,-6.2289029992892013],[106.84725419986208,-6.2287770996867371],[106.84726589946897,-6.2286429994800372],[106.84730940001748,-6.2281243995999223],[106.84734629945437,-6.227737299795514],[106.84735589946824,-6.2276357992850251],[106.84739809930187,-6.2270218998581983],[106.84741359929973,-6.2268327997286317],[106.8474056991771,-6.2265513996508819],[106.84740359955636,-6.2265012992308373],[106.84739809929854,-6.2263245999677901],[106.8473847992578,-6.2258550996777764],[106.84737179996245,-6.2254136996793639],[106.84736719980893,-6.2252589991402152],[106.84736239915858,-6.2250931998034096],[106.84735769952442,-6.2249213991890784],[106.84735939920212,-6.2247789994233678],[106.84736039990976,-6.2247351991991371],[106.84736179931669,-6.2246862999134809],[106.84736279981982,-6.2246426995138702],[106.8473905993729,-6.2242787998432654],[106.84746719924782,-6.2239045991677324],[106.84748570000865,-6.223665599587302],[106.84749290000929,-6.2235450992823322],[106.84749719956122,-6.2234790993727893],[106.84748929927915,-6.2233541998159794],[106.84746539951664,-6.2232824992855855],[106.84739199966316,-6.2231143992741735],[106.8472951991492,-6.2229144994406989],[106.84702299924355,-6.2224143991558698],[106.84686399956722,-6.2221312995673959],[106.8466901000285,-6.221815999595707],[106.84660789984726,-6.2216851996972089],[106.84624029954259,-6.2211391995943863],[106.84616279998258,-6.2210229998334183],[106.84611339972717,-6.2209591993535369],[106.84598919977238,-6.2207346993636463],[106.84594499969761,-6.2206466997401799],[106.84567709919398,-6.2199283993273617],[106.84565639926517,-6.2198636991990846],[106.84554189944103,-6.2195574992268146],[106.84552319962825,-6.219503599558232],[106.84535339983576,-6.2190163992038894],[106.84534770002489,-6.2190006993227653],[106.84533949932366,-6.2189792992912727],[106.84532129988997,-6.2189356998986076],[106.84523279940169,-6.2187397991658084],[106.84519159965946,-6.2186461993671331],[106.84488389984809,-6.2179938997931865],[106.84446119940282,-6.2171294991299089],[106.84427679925773,-6.2167523991734859],[106.84426069964626,-6.2167194000162391],[106.84423759941404,-6.2166722995274863],[106.8441355995644,-6.2164636000133724],[106.84381789974806,-6.215864299853572]],[[106.84381789974806,-6.215864299853572],[106.84386599940831,-6.2158324998824268],[106.84392440002524,-6.2158209995332712],[106.84398029918673,-6.2159563993423976],[106.84403129929346,-6.2160916995918916],[106.84417769987684,-6.2164371998059762],[106.84421509973693,-6.2165117993837633],[106.84432359985878,-6.2167278993752744],[106.84441419941402,-6.2169082993884572],[106.84460499950083,-6.217288599356535],[106.8448180999457,-6.2177131994867381],[106.84485449976422,-6.2177856993675231],[106.8449428992129,-6.2179617994235086],[106.84506049959394,-6.2182015997953997],[106.84518820003184,-6.2184648993078424],[106.84535829955452,-6.2188715992893124],[106.84536839950002,-6.2188950993864482],[106.84539389951129,-6.2189576995943421],[106.84547220000404,-6.2191461991538501],[106.84559729963537,-6.2194842999163642],[106.84572079967563,-6.2198387995713986],[106.8457347997505,-6.2198691992588504],[106.84582169953124,-6.2201012999424767],[106.84593519927903,-6.2203993992439282],[106.84611359970052,-6.2208093996266518],[106.84620199938436,-6.2209929992123394],[106.84620650001241,-6.2209979997771674],[106.84633079952397,-6.2211740994752507],[106.84648540000352,-6.22139319914504],[106.84666109922146,-6.221650599433727],[106.84676109981054,-6.2218112992131953],[106.84697759958593,-6.2222124993106362],[106.84729649926179,-6.2227662999572697],[106.84737259939237,-6.222898399467482],[106.84739449927687,-6.2229387000251633],[106.84740429942087,-6.2229595998073846],[106.84741099952102,-6.2229739995633269],[106.84742839967106,-6.2230136992221956],[106.84750169982638,-6.2231842995852418],[106.84753409983773,-6.223267399885728],[106.84755579936329,-6.2233317997616657],[106.84756639952431,-6.2234128000244997],[106.84756589968401,-6.2234778996502058],[106.84756559986857,-6.2235536993347678],[106.84756429952121,-6.2236611997387303],[106.8475604998365,-6.2237344999118411],[106.84754809953569,-6.22397089946341],[106.84754189971081,-6.2240008995692353],[106.84750439965612,-6.2241828994346982],[106.84748639950526,-6.2242703994485185],[106.84748359936697,-6.2243111996241902],[106.84747789985575,-6.2243930996061891],[106.84746619943097,-6.2245401998414964],[106.84746189963228,-6.2246554992013454],[106.84746109956453,-6.224688199223845],[106.84745859942913,-6.224751499335369],[106.84745899972575,-6.2247814998445117],[106.84746029995537,-6.2248171997607713],[106.84746419944248,-6.2249192994916136],[106.84747979928719,-6.2252317993238497],[106.84748289987203,-6.2253221992702388],[106.84748719972208,-6.2254312994257708],[106.84751739976467,-6.2259260995761148],[106.8475227997283,-6.2263260992204845],[106.84752209924625,-6.2265226999934642],[106.84752079994939,-6.2267053995622508],[106.84751669940876,-6.2268866993448801],[106.84751739948867,-6.2269553996568945],[106.8475140998947,-6.2270579992617794],[106.84751069932543,-6.2272032991841861],[106.84750869973242,-6.2272626996974054],[106.84749999945734,-6.2273625993996209],[106.84748589970697,-6.2274939991248077],[106.84747889986393,-6.2275752996797431],[106.84747179945334,-6.2276435996381752],[106.84746549929201,-6.2277417992468243],[106.84744749950356,-6.2279820999831523],[106.84742629953786,-6.2282249996408723],[106.84741699928171,-6.2283408996959979],[106.84740929998448,-6.2284280996471519],[106.84739449976168,-6.2285849992091755],[106.84737379969725,-6.2287873996966479],[106.84736429992176,-6.2289190997825514],[106.84729369995574,-6.2293553991631549],[106.84724929929588,-6.2295759993643722],[106.84719489969497,-6.2298467993271265],[106.8471777998885,-6.2299090999390918],[106.84702889959846,-6.2302870992472554],[106.84686399977373,-6.230571600011241],[106.84685209997603,-6.2305879997942322],[106.84680429967949,-6.2306425995771049],[106.84671579929942,-6.2307283998712206],[106.84658139927353,-6.2308588999300492],[106.84633999928893,-6.2310692993484844],[106.84616699952909,-6.2312208993295384],[106.84613129944816,-6.2312520994894633],[106.84598749980201,-6.2313781992726485],[106.84589169966064,-6.2314621995516148],[106.84565099962371,-6.2316731994367149],[106.84556539942733,-6.231750799575849],[106.84538809963482,-6.2319303992310742],[106.84532989972379,-6.2319834991879892],[106.84511649930771,-6.2322048998367912],[106.84499239955505,-6.2323684994384445],[106.84478869918303,-6.23266879956038],[106.8446898999284,-6.2328166993297565],[106.84467119998541,-6.2328446997943141],[106.84463899922665,-6.2328999998957855],[106.84460639947977,-6.2329566992269694],[106.84458589919774,-6.2329904998746182],[106.84449579918898,-6.2331906994695583],[106.84446209954172,-6.2332873992296696],[106.84444159919704,-6.2333517000275975],[106.84438969946979,-6.233519399624023],[106.84435759914305,-6.2336512992061541],[106.84434450000913,-6.2337252992949272],[106.84431169927649,-6.2339067992281327],[106.84430229988908,-6.2340003994850308],[106.84429749944934,-6.2340471995156523],[106.84428949950083,-6.2341779994042872],[106.84428979970559,-6.234222799659336],[106.84428979985728,-6.2342380999125204],[106.84429049976485,-6.2348962996212292],[106.84429329997032,-6.2355674992612649],[106.8442930992416,-6.2356612996977674],[106.84429229943927,-6.2359985998050229],[106.84429219989161,-6.2360698997753898],[106.84429179995595,-6.2362131993420062],[106.84429339918893,-6.2364584996398422],[106.84429349920241,-6.2366620997339233],[106.84430069941946,-6.2367429998781043],[106.84430409915427,-6.2367816997364098],[106.84433959919134,-6.2369939996321095],[106.84447279929948,-6.237366899451712],[106.84452069973638,-6.2374900994017572],[106.84461050002426,-6.2377469995411072],[106.84467129931711,-6.2379029998306788],[106.84474549997843,-6.2380468997648331],[106.84481309980761,-6.2381740993933938],[106.84495459935253,-6.2384006997343349],[106.84505959979106,-6.2385538995092009],[106.8453052999127,-6.2389125999448476],[106.8453843998564,-6.2390285999518769],[106.84545549989595,-6.2391765991702774],[106.84549699943562,-6.2392938999803436],[106.8455240000236,-6.2394692997465357],[106.84553019983318,-6.2395817992725204],[106.84551919930229,-6.2396860995513315],[106.84549839949889,-6.2397721999234301],[106.84546799934002,-6.2398799000292868],[106.84545559962213,-6.2399238993592423],[106.84534429923691,-6.2401886991891455],[106.8451639991732,-6.240557999854599],[106.84505949942303,-6.2407540992562103],[106.84495379951585,-6.2409330997186707],[106.84473189973359,-6.241303299328667],[106.84464339939126,-6.2414334996982568],[106.84453699945904,-6.2416023000254439],[106.84450519920028,-6.2416530997418436],[106.84447249989898,-6.2417087995540168],[106.84442689929108,-6.2417867996475422],[106.84437819948582,-6.2418683992206523],[106.84437260003916,-6.2418765997079531],[106.8442920995145,-6.2420031996905712],[106.84424849945566,-6.2420641999252355],[106.84419079972758,-6.2421574992570354],[106.84411969942562,-6.2422788999124519],[106.84402320003356,-6.2424801991565468],[106.843994999567,-6.2425294998136129],[106.84395069927419,-6.2426147991806822],[106.84387649929023,-6.242761899792038],[106.84383509917757,-6.2428437992878365],[106.84369829954129,-6.2431947992226542],[106.8435781994544,-6.2435187993026489],[106.84356039945605,-6.2435628998533517],[106.84341429961108,-6.24391059964245],[106.84336999990323,-6.2440252997077783],[106.84331639943332,-6.2441932993516645],[106.84324829920068,-6.2444145996167508],[106.84321989948944,-6.2445102999529718],[106.84317439924716,-6.2446547991426655],[106.84314309923313,-6.2447543993505228],[106.84312959938055,-6.2447995996793955],[106.84311769996329,-6.2448471994721446],[106.84309109915196,-6.2449291999536127],[106.84305489929369,-6.2450512993654641],[106.84301399957329,-6.2452323992788248],[106.84299079984878,-6.2453642995045726],[106.84295759960182,-6.2455529999788384],[106.84292849993275,-6.2457063992875836],[106.84290069962512,-6.2458623998510765],[106.84288459992156,-6.2459929994347938],[106.84287049948297,-6.246132300023004],[106.84286709993634,-6.2461809993513224],[106.84285999957622,-6.2463301995218545],[106.84284939955946,-6.2465531998643433],[106.84283759935245,-6.2468021991297018],[106.84282830003895,-6.2472184997421376],[106.84282559923911,-6.2473759991867537],[106.84282419976269,-6.2474658996837027],[106.84282149987008,-6.2476313991707872],[106.84281559951064,-6.2478213991503253],[106.84280609942063,-6.2481293997073912],[106.84280139939116,-6.2482830996301084],[106.84278750003689,-6.2488128997755812],[106.84278729956878,-6.248829199841075],[106.8427842997456,-6.2489525997927675],[106.84277420002961,-6.2493269997266312],[106.84277169940921,-6.2494419991477832],[106.84276909940738,-6.249556999826801],[106.8427665992343,-6.2496697994157309],[106.84273549914255,-6.250105599678494],[106.84272199991183,-6.2502575998731453],[106.84268729919475,-6.2507635993920259],[106.84267479991142,-6.2509469995046105],[106.84266379924259,-6.2511067993035283],[106.84265719971722,-6.2512035996178721],[106.84263449969697,-6.2514314995626226],[106.84262499930126,-6.2515291997458631],[106.84258999953657,-6.2518895992090888],[106.84258759963224,-6.2519140996128222],[106.84258259944274,-6.2520090995612048],[106.84257409957836,-6.2521713996557757],[106.84257079977291,-6.2523873997032773],[106.84256809942585,-6.2526127991458607],[106.84256699999058,-6.2527023993115485],[106.84254569914852,-6.2529925993958777],[106.84251939962451,-6.2533216996682697],[106.84251989995299,-6.2535326999280274],[106.84252929922209,-6.2536460997526211],[106.84254529968139,-6.2538161991514194],[106.84259819988854,-6.254094699539249],[106.84265219986418,-6.2543081993308576],[106.84282779934594,-6.2548443999006498],[106.84293659926243,-6.2551642992176841],[106.84300929954817,-6.2553792992944635],[106.84302809918914,-6.2554664995914493],[106.84305339957588,-6.2555835000028459],[106.84307009970134,-6.2556609996521608],[106.84309719938574,-6.2558379000036854],[106.8431372992067,-6.2560262999916931],[106.84319299931448,-6.2562885000077539],[106.84319609965598,-6.2563029991407113],[106.8432700997807,-6.2566507998702807],[106.84329440004173,-6.2567749999786244],[106.84331139979281,-6.256861899131227],[106.84331329980282,-6.2568718997435901],[106.84339649999755,-6.257297199208951],[106.84347199979625,-6.2576831999751921],[106.84349879968124,-6.2578138994337991],[106.84351619976056,-6.2579164997554395],[106.84352229965616,-6.2579924994804292],[106.84352559924936,-6.2581150996660568],[106.8435234997377,-6.2581383991898027],[106.84351289951047,-6.2582567995125791],[106.84349049916158,-6.2584546991341288],[106.84342909944799,-6.2589389992023783],[106.84340759963167,-6.2591215999414294],[106.84337539925264,-6.2593609998190951],[106.84334729938844,-6.259584199874852],[106.84331299941169,-6.2600413992703174],[106.84325289978155,-6.2608468997460234],[106.84322389918164,-6.2614992993583449],[106.84323359937848,-6.2619354996596517],[106.84323729943088,-6.2621010995362445],[106.84326399942844,-6.2625835992636363],[106.84328639963977,-6.2629432997763459],[106.84328750000873,-6.2629586992344564],[106.84329279935083,-6.2630299992045977],[106.84329979980421,-6.2631248999897133],[106.84335099918368,-6.2638188995167212],[106.84336589930304,-6.2639602998721386],[106.84338209972444,-6.2640926992284722],[106.84340499945661,-6.264244199893751],[106.84341429997588,-6.2642786999140219],[106.84342559927967,-6.2643193999900211],[106.84351889924926,-6.2645127998927528],[106.84381749927972,-6.265120299935063],[106.84399109935366,-6.2654733999323291],[106.84407669987381,-6.2656475996576431],[106.84411219932564,-6.2657197997169334],[106.84423390001534,-6.2659673998613954],[106.8443608993321,-6.2662177995847914],[106.84441439936558,-6.2663139996711159],[106.84465779991505,-6.2667199994437288],[106.84504189983898,-6.2672834999333089],[106.84541639914315,-6.2677947993365208],[106.84553729940112,-6.2679587992320656],[106.84569589962099,-6.2681717994120003],[106.84579069987019,-6.2683305999332983],[106.84580809969178,-6.2683630993409016],[106.84586809979724,-6.2684754996195169],[106.84600569955532,-6.2687522997841381],[106.84603359965384,-6.2688175995431772],[106.84621309944875,-6.2692373997956921],[106.84632589920976,-6.2694931993519418],[106.84634359930392,-6.2695480991720416],[106.84635929979727,-6.2695970991448515],[106.84648079956408,-6.2701294997688741],[106.84650289923366,-6.2702282991879388],[106.84655729997941,-6.2707308998885054],[106.84656250001569,-6.2709372997863708],[106.84656469941427,-6.2710240996626876],[106.84656789951535,-6.2711520995461338],[106.84656719915696,-6.2713987997167084],[106.84656569951613,-6.2715423993827466],[106.84656389964003,-6.2717192994584492],[106.84656319990331,-6.2718033997750711],[106.84653939919708,-6.2726578998155214],[106.84653869965216,-6.2727268997306558],[106.84652259933291,-6.2731785995113754],[106.84651359993761,-6.2734309998274727],[106.84649479965951,-6.2737722992823466],[106.84648949921754,-6.2738125992531266],[106.846398899211,-6.2742828998808147],[106.84638689918847,-6.2743462000207542],[106.84613000002257,-6.2755812995275706],[106.84588599956309,-6.2767689991748243],[106.84581979968445,-6.2770872994185281],[106.84575099967007,-6.2773910997603544],[106.84543049973712,-6.2787919994512968],[106.84510409924678,-6.2802189998266229],[106.84458249981635,-6.283102399451117],[106.84456919986145,-6.2831760993925903],[106.84450189946244,-6.2835822991362464],[106.84425689982615,-6.2849807997118585],[106.84417969924604,-6.2853961999431123],[106.84387759954764,-6.2865619999602362],[106.8438132993597,-6.2868169997820891],[106.84359269932382,-6.2878333998801477],[106.84356149996441,-6.2880033993191287],[106.84355779914421,-6.2881119995523473],[106.84356019959392,-6.288245999691676],[106.8435742993826,-6.2884197995667401],[106.84357929949358,-6.2884929991786906],[106.84357389966497,-6.2885504994405546],[106.843556499307,-6.2886011993410724],[106.84283089927196,-6.290407499765668],[106.84260429940177,-6.2909552993781164],[106.84252189923917,-6.2911587996927505],[106.84228509941575,-6.2917431996665112],[106.84208119938442,-6.2922403991868849],[106.84174059921845,-6.2930548995752273],[106.84149789985146,-6.2936999997559315],[106.84121629992971,-6.2945467995753868],[106.841132899923,-6.2947975993672269],[106.84104059984911,-6.2950716991940343],[106.84097479938501,-6.2953169992981266],[106.84095169956628,-6.2954161996720881],[106.84088890001537,-6.2957145997579218],[106.8408151998472,-6.2960647998496917],[106.84069329962041,-6.2967709998535124],[106.84065969956646,-6.2969858996774031],[106.84063040001165,-6.2971956993193379],[106.84061679968927,-6.2972811997755915],[106.84057039946086,-6.29775049951221],[106.84049589964168,-6.2983438998768992],[106.84048219943809,-6.2984643999604604],[106.84041519999715,-6.2990898997334783],[106.84030359998427,-6.3003570997917437],[106.84028429925714,-6.3005750993291612],[106.84026199926507,-6.300844099755766],[106.84023139979448,-6.301103999225842],[106.84012819922719,-6.3019541993675814],[106.8400878999942,-6.3022550998335429],[106.84004749977163,-6.302557599222224],[106.84000089961047,-6.3028423997993253],[106.83999589970976,-6.3028728995090901],[106.83992889922916,-6.3032841994753257],[106.83989509946146,-6.3034913993575099],[106.83987019942738,-6.3036210999918616],[106.83986089933416,-6.3036708997883819],[106.83978859927613,-6.304082299866419],[106.83941709984209,-6.3060449998649242],[106.83926669949172,-6.3070496995932412],[106.83918599956088,-6.30751459990186],[106.83914059933225,-6.3077683998311853],[106.83913139933512,-6.3078201993059384],[106.83862289978055,-6.3108768996100206],[106.83803209915783,-6.3142305992661161],[106.83797629914847,-6.3146687997011064],[106.83791749985932,-6.3150385998671927],[106.83784209915873,-6.3155594993262794],[106.83782589966442,-6.3156423996862161],[106.8376782992537,-6.3164813995807982],[106.83767079971912,-6.3165269995687678],[106.83754929962763,-6.3172631996999398],[106.83747549932701,-6.3177100995023707],[106.83736499972694,-6.3183794991634974],[106.83735530002969,-6.3184384994172396],[106.83731969950017,-6.3186537991335534],[106.83717029927416,-6.319559299698831],[106.83702019996998,-6.3200971993414683],[106.83695239991482,-6.320333599406311],[106.83692339961785,-6.3204348995718096],[106.83689529928394,-6.3205225997326142],[106.83678309969953,-6.320869899648982],[106.83662659989056,-6.3212527993294616],[106.83661559920412,-6.3212803998409024],[106.83654939945302,-6.3214463996381598],[106.83648849969011,-6.3215900993864036],[106.83641689935165,-6.3217388993475883],[106.8364024999742,-6.3217677993987333],[106.83630539979072,-6.3219619998525634],[106.83628620003347,-6.3219931998726153],[106.83587439991719,-6.3226624995455403],[106.83572219996583,-6.32288969950958],[106.83550139928768,-6.3232192997376488],[106.83525549974703,-6.3235909997137298],[106.83518379948597,-6.3237005999395963],[106.83501999929379,-6.3239423997007265],[106.83483189914961,-6.324201699471824],[106.83470649944481,-6.3243559995382874],[106.83455670000632,-6.3245673997059608],[106.83452229922044,-6.3246267991599066],[106.83440209949576,-6.3248344998598567],[106.83431759997033,-6.3250037993913288],[106.83424509960768,-6.3251807998419221],[106.83417679959008,-6.3253449996576849],[106.83412309977071,-6.325500299774248],[106.83407179985389,-6.3256708998495332],[106.83403369941473,-6.3258102993943792],[106.83396669915898,-6.3261175996831662],[106.83390439948445,-6.3264393997749444],[106.83386259926014,-6.3266753999222898],[106.83384279929781,-6.3269018991867574],[106.83384279925329,-6.3269351996190091],[106.83384069949706,-6.3271743996093122],[106.83385959992262,-6.3274876996100344],[106.83388430003012,-6.3277588992397416],[106.83392129971324,-6.3279527998831382],[106.83398629965386,-6.3282540997212982],[106.83403799976831,-6.3284320992960588],[106.83408019974952,-6.3285353994892022],[106.83410339952383,-6.3285917998875023],[106.83414459981685,-6.3286852997286998],[106.83419559984803,-6.3287905995737033],[106.83424179958079,-6.3288779994173616],[106.83429949994529,-6.3289692998847791],[106.83450739978535,-6.3292951998087963],[106.83473529986686,-6.3296623998910464],[106.83490499935293,-6.3299388997764403],[106.83496199941678,-6.3300175994199952],[106.83503579959356,-6.3301301992129488],[106.83506729977354,-6.3301808992530981],[106.83511759929779,-6.3302688992777565],[106.83516919970994,-6.3303687998410592],[106.83522349964377,-6.330484099626835],[106.8352804994452,-6.3306020996406112],[106.8353489996243,-6.3307819997179156],[106.83537069999795,-6.3308438998979044],[106.8353826995198,-6.3308779996529294],[106.83550509954071,-6.3312652999726602],[106.83557419981705,-6.3314824991687848],[106.83560929956937,-6.33161479994898],[106.83563929918124,-6.3317476992302613],[106.83565669997068,-6.3318589991635026],[106.83566469919148,-6.3319289993482775],[106.83566339968525,-6.3320082992030464],[106.83564329919383,-6.332190300014326],[106.83563319989544,-6.3322975995221498],[106.83563179924174,-6.3323341996449605],[106.83562919956432,-6.3323994994920136],[106.83563049954405,-6.3325287995095074],[106.83563589925953,-6.3327533993766068],[106.83563919973329,-6.3328866995800066],[106.83564389961464,-6.3330786995401223],[106.83564599957505,-6.3335624998673721],[106.83565399946944,-6.3339893992115686],[106.83564659986919,-6.33434429922516],[106.83558689922417,-6.3345648997035049],[106.83552249929578,-6.3350907999373458],[106.83541229999098,-6.3354211991471008],[106.83528189977544,-6.3357711997997619],[106.83488629927933,-6.3374279998785932],[106.83474139931444,-6.3380517996699766],[106.83462339929537,-6.3385462991256514],[106.83457859919245,-6.3387143999882873],[106.83457339932011,-6.3387358995442415],[106.834567899536,-6.3387581994424034],[106.8343527994699,-6.3397469997394236],[106.83434929925544,-6.33975999955367],[106.83402389994673,-6.3409661998787152],[106.83388669981244,-6.3415723993229909],[106.8337830997116,-6.3420297998466593],[106.83372729940756,-6.3424067992273967],[106.83362759959566,-6.3430801992778543],[106.83355629960465,-6.3438891996444058],[106.83351260003961,-6.3441784992085006],[106.83350809920009,-6.3442279992177939],[106.8334907993053,-6.3444284000212923],[106.83345199924487,-6.3448082995398956],[106.8334210993841,-6.3450894995186617],[106.83341439927717,-6.3451707995807611],[106.83339629920303,-6.3453306993241565],[106.83337819931384,-6.3455386997694276],[106.83329699949512,-6.3461897992547467],[106.83322659931341,-6.3468674999719576],[106.83319709940226,-6.3471693995179583],[106.83313909952577,-6.3477451993987311],[106.8330938992211,-6.3481303992675393],[106.83300399948192,-6.3486336000298973],[106.83283369979014,-6.3494945998406571],[106.83277259940935,-6.3498238999589036],[106.83270419981002,-6.350334399959408],[106.83268829987645,-6.3504422997286873],[106.83250239934111,-6.3518439999996135],[106.83238099956372,-6.3527016993954932],[106.83231849946773,-6.3532468994882594],[106.8322926999646,-6.3534142995251441],[106.83224729940193,-6.3535755998674865],[106.83220399983972,-6.3538596992906315],[106.83207399946575,-6.3544643993636569],[106.8320138999011,-6.3549000992518723],[106.83200449977893,-6.3550940996561192],[106.83200869936714,-6.3552140992490092],[106.832026399143,-6.3555613999277663],[106.83202933165973,-6.3556055417720163]],[[106.84381789974806,-6.215864299853572],[106.843666899708,-6.21562379980403],[106.84353029980795,-6.2154180995708748],[106.84342139939375,-6.2152541998609614],[106.84338879917024,-6.2151764993213625],[106.84336939996378,-6.2150886993453476],[106.84336669932532,-6.2150224994975964],[106.8433752993745,-6.2149577991331117],[106.84344939937161,-6.2147208991758447],[106.84345369919168,-6.2147050992771149]],[[106.84345369919168,-6.2147050992771149],[106.84343339992982,-6.2146911998074694],[106.84341479936667,-6.2146762998358014],[106.84340319949898,-6.2146648998881693],[106.84339419973931,-6.2146531997302947],[106.84338749921866,-6.2146398993235179],[106.84337199920044,-6.2145981999482132],[106.84351919943657,-6.2141413991295611],[106.8438219997326,-6.2132019996007184],[106.84426279933926,-6.2119084994394704],[106.84453419951758,-6.2111829992808234],[106.84527559997375,-6.2093463994822606],[106.84537929951983,-6.2090961992927038],[106.84538709949155,-6.2089327996339314],[106.84537509972748,-6.2088129999877912],[106.84534559997077,-6.2087036999397576],[106.84526689927009,-6.2085966998460762],[106.84513909941857,-6.2085175998233186],[106.84498559992917,-6.2084451996988843],[106.84303879914326,-6.2077872998538606],[106.84165129969151,-6.2073194996013683],[106.841481699542,-6.2072802991455642],[106.84113089965494,-6.2071558991594769],[106.841019099975,-6.2071159992852385],[106.84092470003091,-6.2070699999385868],[106.83973729932829,-6.2066698996791159],[106.83975019960479,-6.2066319991940464],[106.84008789919221,-6.2067458996305493],[106.84092480000609,-6.2070248997862398],[106.84096799918086,-6.2070363997242026],[106.84103029930965,-6.2070508992551305],[106.84108509978134,-6.2070682992037476],[106.84115249948586,-6.2070919998567833],[106.84143609962356,-6.207191499618391],[106.84156089935783,-6.2072336995710851],[106.84164489934317,-6.2072697999892119],[106.84173629918368,-6.2073033999391649],[106.84209369946979,-6.2074213993992791],[106.84255009956445,-6.2075749999415892],[106.84297189935509,-6.2077184998056003],[106.84451209927931,-6.2082457993673819],[106.84521759956576,-6.2084753991311761],[106.84530479933257,-6.2085081992353253],[106.84541049964504,-6.2085575994480449],[106.84578204603598,-6.208644781520424]],[[106.84345369919168,-6.2147050992771149],[106.84352359920848,-6.2145375995601926],[106.84363519995256,-6.2142857993289269],[106.84416749991227,-6.2130648998397282],[106.84420909983297,-6.2129630995765437],[106.84428209931582,-6.2127864995186126],[106.8443768998127,-6.2125654994946427],[106.84452869955774,-6.2121776994023801],[106.8446446991513,-6.2118782995323505],[106.84534539939992,-6.2098761995001368],[106.84550839987506,-6.2094059992827422],[106.84553219957473,-6.209338599475557],[106.84561899914534,-6.209213899172072],[106.84568499997035,-6.2091307996522387],[106.8457442997401,-6.209067699191265],[106.84581949997249,-6.2090009998467348],[106.84591140003121,-6.2089404999552942],[106.84602040003803,-6.208896799440117],[106.84614559939692,-6.2088740994501537],[106.84626429980844,-6.2088930995228937],[106.8463508744388,-6.2089087785481931],[106.84647649948161,-6.2089354000136661],[106.84675619969674,-6.2089687993402647],[106.8468757993486,-6.2089660998271974],[106.84692559989632,-6.2089745996504897],[106.84701559923849,-6.2089867991380414],[106.8471074997551,-6.2089956999156639],[106.8471787995645,-6.2089953994981517],[106.84724559996818,-6.2089815993458197],[106.84735509991275,-6.2089452992195548],[106.84739499949933,-6.2089289998241828],[106.84749069928237,-6.2088899991950006],[106.8478373997623,-6.2087733994323901],[106.84787059933015,-6.2087638992001786],[106.84790149961607,-6.2087551999448189],[106.8479384997994,-6.2087424992647566],[106.84804099946155,-6.2086720000104307],[106.84812249953936,-6.2086198996517412],[106.84815389968895,-6.2086034996960304],[106.84828959943997,-6.2085171999607969],[106.84831669950621,-6.2085011992860988],[106.84861569931662,-6.2082731993439069],[106.84873479917356,-6.2081835000069372],[106.84885139966772,-6.2080659991681673],[106.84888919986777,-6.2079930992468002],[106.84890790002989,-6.207944399948401],[106.8489186000043,-6.2078775992377055],[106.84891099945018,-6.207749499691162],[106.84886139934163,-6.2074564992927623],[106.8488599999725,-6.2074111993312941],[106.84884889954519,-6.2072890993620806],[106.84884569972479,-6.2071694998335554],[106.84885059952887,-6.2070687997440555],[106.84886069946907,-6.2069731999547564],[106.84887429940606,-6.206883799533446],[106.84888579953231,-6.2068111994485351],[106.84890909937353,-6.2066645995011172],[106.8489367996263,-6.2063499999016969],[106.84890569963781,-6.2063202992005087],[106.84888249965287,-6.2063089995382068],[106.84884329929193,-6.2062992991554591],[106.84881189990963,-6.2062979992243585],[106.84877059955326,-6.2063078993671654],[106.84876699979102,-6.2063331995483484],[106.84874999932423,-6.2064553000191784],[106.84871279952718,-6.2067736995556961],[106.84870419996359,-6.2068472000041339],[106.84870349971169,-6.2069616992249461],[106.8487117993751,-6.2070674997132977],[106.84873579955431,-6.2072040998979441],[106.84878099987746,-6.2074261995559912],[106.84885559935819,-6.2077778000032087],[106.8488565996694,-6.2078381999649617],[106.8488478999855,-6.207905000013775],[106.84883819999177,-6.2079386000128753],[106.84881689973145,-6.2079963997466034],[106.84876659950484,-6.2080652999197055],[106.84858129971799,-6.2082289992802213],[106.84826769955971,-6.2084294994591351],[106.84790369952644,-6.2086193997031973],[106.84779579995021,-6.2086712992690885],[106.84762470000695,-6.2087285994284862],[106.84735339960928,-6.2088208995811076],[106.84721039991786,-6.2088655996753763],[106.84713999958286,-6.2088732993372169],[106.84704689953352,-6.2088833992089718],[106.84691368737334,-6.20887396990382],[106.84673038945087,-6.2088540480386261],[106.84652774332737,-6.2088382270900038],[106.84633672219789,-6.2087951537984765],[106.84578204603598,-6.208644781520424]],[[106.84574667209874,-6.2086351914713864],[106.84578204603598,-6.208644781520424]]]},"properties":{"OBJECTID":975,"ID":"BRT_19","LINE":"19","NAME":"Manggarai - Universitas Indonesia ","MODE":"BRT","CLASS":"Koridor Utama","STATUS":"Rencana","COLOR":"#993355","SOURCE":"RTRW DKI Jakarta","REMARK":"Trase rinci diinterpretasikan untuk keperluan visualisasi"}}]}