{"type":"FeatureCollection","features":[{"type":"Feature","id":0,"geometry":{"type":"MultiLineString","coordinates":[[[106.79849229959716,-6.239933899856922],[106.79849839919525,-6.2399602993392831],[106.79850959957719,-6.240000799364239],[106.79851839960784,-6.2400437995185367],[106.79851949977373,-6.2401183992412257],[106.79851929968748,-6.2401860999469969],[106.79851839985726,-6.2403018994094932],[106.79851309963966,-6.2403744992335195],[106.79849759945913,-6.2404704998747906],[106.79848849990537,-6.2405237992624478],[106.79848769943032,-6.2408016999447096],[106.79848719987157,-6.2415070996270208],[106.79848790002042,-6.2417072993806659],[106.79849289956728,-6.2419660992003205],[106.7984985991849,-6.2420992997704889],[106.79850679986767,-6.2421940991555953],[106.79852289943017,-6.2422668998353723],[106.79854949929894,-6.2423261994989945],[106.79862039939754,-6.2424120999414203],[106.79869700003204,-6.242514399997348],[106.79877339998671,-6.2426163996259358],[106.79889819958366,-6.2427589999462683],[106.79902329919278,-6.2428909994200845],[106.79919009991272,-6.2430435992236895],[106.79935279951194,-6.2431453995452877],[106.79959189987527,-6.2432598991732222],[106.7998760994753,-6.2433480999133053],[106.8020097996109,-6.2433512999706773],[106.8022375994901,-6.243354299455115],[106.80234329971849,-6.2433449996362764],[106.80240689999555,-6.2433149998229105],[106.80244889981562,-6.2432733991533782],[106.80247329954636,-6.2432223991862568],[106.80248239941668,-6.2431613998025535],[106.80246659993277,-6.2430739994257536],[106.80237779966939,-6.2428062997604039],[106.80234959926901,-6.2426555992224371],[106.80239689941548,-6.2422046997097471],[106.80239819991866,-6.2419206991910903],[106.80234319967607,-6.2417378996279336],[106.8023245996353,-6.2416838994276604],[106.80231859918099,-6.2416455997440217],[106.8023183999839,-6.2416097992582884],[106.80231879935255,-6.241128499788493],[106.80231819960713,-6.2410682994571012],[106.80232449989735,-6.2405564997348018],[106.80232859931587,-6.2402183995015701],[106.80226299927254,-6.240127699273839],[106.8022186996962,-6.2400763991932839],[106.80218229992907,-6.2400406999922451],[106.80217339981704,-6.2400337998799253],[106.80215989926636,-6.2400235998665838],[106.80201459936195,-6.2399447992449906],[106.80160089974112,-6.2399528994109525],[106.80141359949852,-6.2399564995740242],[106.80130149924132,-6.2399594997515413],[106.80121349984583,-6.239961799917058],[106.8010790996111,-6.2399366992186716],[106.80093419992372,-6.239935899998855],[106.80061549924295,-6.2399339997047951],[106.79910369932449,-6.239934599883326],[106.79861469943103,-6.2399347992061802],[106.79853979961898,-6.2399346996807683],[106.79849229959716,-6.239933899856922]],[[106.79849229959716,-6.239933899856922],[106.79845889970498,-6.2399333999877209],[106.79843309974889,-6.2399278993252674],[106.79842109920536,-6.2399200992090158],[106.79840919949736,-6.2399060996459408],[106.79840399922377,-6.2398872000267813],[106.79840149937303,-6.2398644999280304],[106.79840209926012,-6.2398098995111519],[106.79840239931031,-6.2397873996261506],[106.79841079953469,-6.2397446996836878],[106.79841070000622,-6.2396664996861668],[106.79841279951175,-6.2386223999196622],[106.7984204000081,-6.237725799308091],[106.79841569982796,-6.2372301992940038],[106.79841589999384,-6.236785299245776],[106.79841719916234,-6.2367120991336416],[106.79841379969309,-6.2365799991930917],[106.7984130995747,-6.2365362995567679],[106.79841259925576,-6.2364199994130125],[106.79841409947693,-6.236121599299171],[106.79841339915939,-6.2356122998359886],[106.79840789919923,-6.2352760996839205],[106.79838859952848,-6.2348815994796549],[106.79838639968828,-6.2346387995336983],[106.79838479921,-6.2343090998134221],[106.79838739923709,-6.2338936996459724],[106.7983814995187,-6.2334320992354515],[106.798382199513,-6.233154599368798],[106.79838459984711,-6.2328796995632842],[106.79838419957622,-6.2324926992494483],[106.79838689930655,-6.2322305998881191],[106.79839499961747,-6.2320679995614547],[106.79841169940271,-6.2318216992181439],[106.79845009937682,-6.2315243992809393],[106.79850669973425,-6.2312263998247852],[106.7985872996868,-6.2309131996250864],[106.79866479948686,-6.230667899927739],[106.79876229999225,-6.2304079999396196],[106.79881769936662,-6.2302741993989663],[106.79896569998607,-6.229963499988366],[106.79906739977184,-6.2297573992314454],[106.79916739958657,-6.2295564997293909],[106.79919099966692,-6.229498299959813],[106.79922119953771,-6.2294218999250486],[106.7992318999751,-6.2293679992621653],[106.79924029921743,-6.2293334994228324],[106.79924929937599,-6.2292960996231361],[106.7992621992078,-6.2292334995157397],[106.79928069960653,-6.2291765992785377],[106.7993292997017,-6.2290947999774993],[106.79938419936508,-6.2290323992921603],[106.79948849917771,-6.2289641997204281],[106.7996301997902,-6.2289091993399293],[106.79972249989093,-6.2288659998207283],[106.79978540002857,-6.2288188995741587],[106.79991089924279,-6.2287227994982963],[106.80021859966203,-6.2284371996440893],[106.80052349959992,-6.2281703991380111],[106.80083709983012,-6.2279153992052398],[106.80094579998583,-6.2278311993491808],[106.8015930991419,-6.2273571993132206],[106.80223819950913,-6.2268722991384173],[106.80397509962796,-6.2255462991976609],[106.80491149935926,-6.2248343997877553],[106.80544039979932,-6.2244270992633357],[106.80567529931919,-6.2242433994914874],[106.8058735992869,-6.2241046000029083],[106.80600309976388,-6.2240214993084084],[106.80680780003834,-6.2234884997823929],[106.80709609972376,-6.223320699575857],[106.80762619944039,-6.2229937998438851],[106.80842999954488,-6.2224704991667315],[106.80889269975376,-6.2221376999975009],[106.80963789966725,-6.2215545992569004],[106.81025829972683,-6.2210444997500227],[106.81040159934955,-6.2209337997943299],[106.81069370003792,-6.2207448998087251],[106.81343419989747,-6.2185737996078814],[106.81423209978811,-6.2179497991426462],[106.81448919946209,-6.2177394995132387],[106.81532599964966,-6.2170526995461621],[106.81557049998507,-6.2168613999134923],[106.81621669978163,-6.2163647995254019],[106.81661089914439,-6.2160413992841503],[106.81669959927724,-6.2159684998058919],[106.81697809920777,-6.2157568998992092],[106.81706519980477,-6.2156891994811438],[106.81795049959224,-6.214972699165787],[106.81821059937886,-6.21474449998962],[106.81862290000608,-6.2143356995513077],[106.81884109964557,-6.2141020999380014],[106.81910709991992,-6.2137677995236107],[106.81927989972944,-6.2135506999294252],[106.8195171996129,-6.2132202993577836],[106.8198721991922,-6.2126500994876359],[106.82001029920436,-6.2124060997379429],[106.82044520002523,-6.2115823000119965],[106.82094369948902,-6.2105967991829907],[106.82122159932314,-6.2100457999040346],[106.82147069936345,-6.2095219997300886],[106.82163399952994,-6.2091342994034973],[106.82174639923589,-6.2087969994624537],[106.82187789924212,-6.2082784993944955],[106.82196689926893,-6.2078336994344969],[106.82203639991366,-6.2073982995214632],[106.82212089966545,-6.2066080992773891],[106.82225189984284,-6.2052201993300304],[106.82231779966732,-6.2046574000193653],[106.82238159952207,-6.2042464994739506],[106.82253499990983,-6.2034514998258512],[106.8226125997116,-6.203184499269299],[106.82268529937144,-6.2029396995221706],[106.82271049953165,-6.2028429998670873],[106.82295099973892,-6.2016924999352607],[106.82306109976945,-6.2011176995120296],[106.82310509927875,-6.2008365992000991],[106.82312349975895,-6.2006843993827783],[106.8231496991619,-6.2001108994508831],[106.82314159956088,-6.1996842995071448],[106.82311350002072,-6.1986284994872562],[106.82310589974891,-6.198302199752189],[106.82310339934315,-6.1979544996303702],[106.82309749960925,-6.1976889998190927],[106.82309439940755,-6.1975517991781839],[106.82307569913937,-6.1966372992423704],[106.82307329914404,-6.196513499675131],[106.82304609971922,-6.1957050995216374],[106.82303309934669,-6.1956362994007375],[106.82301319968612,-6.1956015995588585],[106.82299469987922,-6.1955677999787984],[106.82291749958422,-6.1954739000174053],[106.82278419938218,-6.1953765996673038],[106.82269099996587,-6.1952827998494362],[106.82261919980155,-6.1951680996818403],[106.8225836997406,-6.1950387998031404],[106.82257879951392,-6.1949516993284712],[106.82259649923269,-6.194830799957475],[106.82264809976125,-6.1947199000005417],[106.82269749980013,-6.1946464992503252],[106.82274009957648,-6.1945920996077328],[106.82282589995528,-6.1944948997269824],[106.82292139981325,-6.1943923996878585],[106.82296839938934,-6.1942955998845042],[106.82299559950225,-6.1941916998290205],[106.8229914997837,-6.1940666999188805],[106.82298809922312,-6.1936830998160124],[106.82297879981573,-6.1932106992077252],[106.82297729952191,-6.1926756992336216],[106.82298189960817,-6.1921680992151495],[106.82296649932863,-6.1913273991259263],[106.82295399933233,-6.1908693994121728],[106.82290630001535,-6.1904999995848682],[106.82290229991666,-6.1904145000198572],[106.82290619979602,-6.189560999137103],[106.82291109965489,-6.1890319998045618],[106.82292019978932,-6.1887066995207194],[106.82296819915547,-6.1883711000280917],[106.82298099957927,-6.1880738996718927],[106.8230290991786,-6.1871217994752206],[106.82303139941438,-6.1870487992935468],[106.82303709940882,-6.1869657999127989],[106.82304359977275,-6.1868803999096675],[106.82305180002488,-6.186724500023189],[106.82304189999921,-6.1866079993389311],[106.82302629970225,-6.1864926999747416],[106.82299189953191,-6.1863536997900628],[106.82300409988451,-6.1861807994189668],[106.82301359944417,-6.1859083992750419],[106.82300719929573,-6.1857058994609275],[106.82300749953771,-6.1855796999203667],[106.82300819964628,-6.1853038995302834],[106.82300849992967,-6.1852248997666486],[106.823005499546,-6.1851950993929883],[106.82299729977785,-6.1851441998384082],[106.8229763995717,-6.1850184998251763],[106.82293509947687,-6.1846153999868267],[106.82293209975113,-6.1844955997670139],[106.82291119945077,-6.1839921993063607],[106.82290119965654,-6.1835605999994527],[106.82289819939545,-6.1834334994558118],[106.82289669946459,-6.1833674997685142],[106.82289259987961,-6.1832807997617705],[106.8228844994338,-6.1831501994653513],[106.82284049954076,-6.1824460996195194],[106.82279479917598,-6.1817135999654163],[106.82277869941254,-6.1814382992640144],[106.82275089921667,-6.18101549977745],[106.82274729946484,-6.180993999968531],[106.82274279916939,-6.180930599214105],[106.82268959942559,-6.1809032992134929],[106.82267219959927,-6.1808891994831496],[106.82263399939234,-6.1808580993280113],[106.8225885996177,-6.1807976996203671],[106.82255949933297,-6.1807368995302561],[106.82254439964117,-6.1806670991827346],[106.82254529955217,-6.1805955992803501],[106.82256209913761,-6.1805261995183729],[106.8225940995805,-6.1804621998172324],[106.82263209998216,-6.1804132991771104],[106.82266499953523,-6.1803804995081908],[106.82267009986087,-6.1802921991793047],[106.82269309973002,-6.17975879935112],[106.82276379999099,-6.1772098991254936],[106.82278829977355,-6.1761777994833542],[106.82280029949344,-6.1756636999218282],[106.82283799991819,-6.1744661993197489],[106.82284029956686,-6.1743006991930489],[106.82288919956407,-6.1721120991226899],[106.82289069938462,-6.1718581995242445],[106.82286659980774,-6.1717435999682326],[106.82280679982877,-6.1715566999522045],[106.82271919992699,-6.1713875997750858],[106.8226427994867,-6.1712685996042822],[106.82248829924028,-6.1711436993975299],[106.82243319957159,-6.1711194996722778],[106.82238309948863,-6.1711108997606692],[106.82200959930054,-6.1710972999518283],[106.8219427994177,-6.1710836991851732],[106.82185439998908,-6.1710564993678245],[106.82177429951305,-6.1710271996635182],[106.82170059935311,-6.1709810992402661],[106.82164789938967,-6.1709349992763913],[106.8215994996276,-6.1708721998192591],[106.82153899962175,-6.1707578991539265],[106.82150279931295,-6.1706700999454833],[106.82146699956451,-6.1705778996364984],[106.82137019956656,-6.1700904996770634],[106.8213009994961,-6.1697321994731347],[106.82121159916069,-6.1692008997850367],[106.82093369978955,-6.1678792992700568],[106.82092489944438,-6.1678482997982504],[106.8208958998254,-6.1677461997835543],[106.82086559968469,-6.1676780994655616],[106.82083619933005,-6.167603899202847],[106.82079549920121,-6.1675114993979223],[106.82059958992798,-6.1668261768600159],[106.82010419773506,-6.1646496503994026],[106.81976359993773,-6.1631531992569437],[106.81901539955366,-6.1597970993135105],[106.81783309955547,-6.1545927000190481],[106.81777979992684,-6.1543814998111301],[106.81769879952371,-6.1540565993398815],[106.81764579930129,-6.1538241995808303],[106.81760089966504,-6.1536275994261365],[106.81757459948508,-6.1534586996656904],[106.81751829941813,-6.1532132999482432],[106.81748969931465,-6.1530818997954499],[106.81748660003525,-6.1530662996887457],[106.81737839975878,-6.1526049994138807]],[[106.79849229959716,-6.239933899856922],[106.79848629966177,-6.239904399581869],[106.79848189943604,-6.2398630996366302],[106.79847939979369,-6.2398091996986071],[106.79847899967112,-6.2397445996859249],[106.79848949932865,-6.2377236998711449],[106.79848839993011,-6.237226300007368],[106.79848719959398,-6.2367845992476409],[106.79848729945665,-6.2367136998621913],[106.79848999962098,-6.2365817997294659],[106.79849179944013,-6.2364237997211935],[106.79849409926194,-6.2361200992613384],[106.79850449978028,-6.2356112999256261],[106.79851649916861,-6.2350988991832246],[106.79852989940902,-6.2346448995611219],[106.79852699934013,-6.2334853991911725],[106.79852989940952,-6.2331606996475459],[106.79853310002959,-6.2322093998391281],[106.79854339948136,-6.2319818000186746],[106.79855939972587,-6.2317908997547695],[106.79862699944599,-6.2313630994013609],[106.79869899974386,-6.2310560996016724],[106.79876630003918,-6.2308398997514152],[106.79883529969177,-6.2306392994601838],[106.79891059970139,-6.2304386993826997],[106.79899139971579,-6.2302553993287644],[106.79906969937446,-6.2300974991573712],[106.79915679941135,-6.2299294999537702],[106.79923869966754,-6.2297755993772066],[106.79931380003009,-6.2296747995168413],[106.79936049945366,-6.2296190996823704],[106.79941199914926,-6.2295757997503838],[106.79942869970647,-6.2295631999109782],[106.79949609973339,-6.2295126999499768],[106.79953559942977,-6.2294836999626009],[106.79958629959521,-6.2294414995283374],[106.79964579996664,-6.2293917995847474],[106.79969319924687,-6.2293367999031117],[106.79971279931577,-6.2293037998708627],[106.79972579948941,-6.2292711994056358],[106.79974109943115,-6.2292103000216734],[106.79974679957637,-6.2291592998696528],[106.79975929993631,-6.2290942996156415],[106.79976859998276,-6.2290544999880053],[106.79978019946218,-6.2290045999943908],[106.79979659966581,-6.2289552993718091],[106.79982799985734,-6.2288946995012324],[106.79988419922589,-6.2288289994997861],[106.79996739954719,-6.2287570995892327],[106.80049889966151,-6.2283118994983209],[106.8010036992946,-6.2279127997223691],[106.80336189930912,-6.226116499922659],[106.8057344996221,-6.2243209992259274],[106.80637289938903,-6.2238828996034767],[106.80740519997592,-6.2232154996356783],[106.80796699926668,-6.2228718994009498],[106.80836929940284,-6.2226093000211904],[106.80861879968734,-6.2224345994025594],[106.80924099947507,-6.2219639998586089],[106.80994469974355,-6.2214199000059818],[106.81033159997246,-6.221123299229788],[106.81063139962157,-6.2208617997009732],[106.8121073994247,-6.219712499907434],[106.81341559932216,-6.218668199193071],[106.81438679980235,-6.2179002000064436],[106.81521689945782,-6.2172698999086959],[106.81539069995966,-6.2171303994033353],[106.81655599963899,-6.2162020994279681],[106.81672209967547,-6.2160696994295792],[106.81701969946042,-6.2158279997740129],[106.81738609934389,-6.2155323996581808],[106.81793369920129,-6.2150832998405221],[106.81822090002446,-6.2148359998399201],[106.81855009931594,-6.214523799955364],[106.81880459969915,-6.2142545991856437],[106.81901709925526,-6.214016599518156],[106.81919689988682,-6.2138054000009939],[106.81960989915328,-6.2132530000157153],[106.81971989996129,-6.2130850993097697],[106.81994919951519,-6.21271569924376],[106.82010739939064,-6.2124263997951727],[106.82021309938608,-6.2122353995137702],[106.82031939917658,-6.2120335994998523],[106.820590199658,-6.2114744996784585],[106.82084909986872,-6.2109666994744703],[106.82105579976725,-6.2105441998828441],[106.82124339923107,-6.2101825998979674],[106.8213878992219,-6.2098764992108944],[106.82158299973653,-6.2094561996490816],[106.82168059998568,-6.2092115997056574],[106.82180859916373,-6.2088518993536344],[106.82192039981277,-6.2084659993395075],[106.82199159968371,-6.2080881000193102],[106.82205869973258,-6.2077404992762455],[106.82211149975417,-6.2074292992471083],[106.82214399930518,-6.207045299800944],[106.8221785999872,-6.2067381995785258],[106.82224369982498,-6.2061621993092482],[106.8222812991945,-6.2058337999709634],[106.8223450994727,-6.2052376998667098],[106.82242659948783,-6.2045212998254229],[106.82246729991354,-6.204256599856584],[106.82252349970466,-6.2039303997049409],[106.82257369976969,-6.2036297993257401],[106.82263689966847,-6.2033708999986077],[106.8226778997834,-6.2031978995769643],[106.82273799966808,-6.2029954992796243],[106.82276789938209,-6.2028702992189997],[106.8230144993789,-6.2017096994658782],[106.82310809991354,-6.2011850995641966],[106.82314619955113,-6.2008965998982566],[106.82317269999768,-6.2006960992020481],[106.82319039995944,-6.200384699165908],[106.82319539987763,-6.2002142992059666],[106.82321279915264,-6.1996556996291128],[106.82317669927366,-6.1983762993329856],[106.82316909966373,-6.1979609998293075],[106.82316609931962,-6.1977266000180649],[106.82316159997411,-6.1975823995435073],[106.82315699974434,-6.1974345998981537],[106.82314879980372,-6.1970990995212762],[106.82314069929863,-6.1967706992817515],[106.82313569955313,-6.1965143999671763],[106.82311429968487,-6.1956844994134581],[106.8231171994899,-6.195636499436044],[106.82313679959601,-6.1955962993271241],[106.82315039958527,-6.1955749999343395],[106.82316959922969,-6.1955399993029481],[106.82319670003781,-6.1955071993983735],[106.82323579968843,-6.1954690995600989],[106.8232601994164,-6.1954455993427322],[106.8232993994928,-6.1954106999337908],[106.82332979965429,-6.1953883997186763],[106.82335239953778,-6.1953695992625688],[106.82341009946083,-6.195314299535581],[106.82342779942967,-6.1952916993970479],[106.82344449922567,-6.1952682997945256],[106.82345949977261,-6.195243899683347],[106.82347339951291,-6.1952185991828426],[106.82348549985137,-6.1951925996121382],[106.82349619922006,-6.1951658996056924],[106.82350539981945,-6.1951386993178952],[106.82351279955417,-6.1951108994214232],[106.82351659918514,-6.1950928996033108],[106.82351879969062,-6.1950827996304918],[106.823522799982,-6.1950542998407014],[106.82352559922042,-6.1950256992961554],[106.82352619998103,-6.1949969996155598],[106.82352569940687,-6.1949682992033077],[106.82352289951444,-6.1949395994621987],[106.82351919988982,-6.1949111993814174],[106.82351289931185,-6.1948830993906761],[106.82350599951864,-6.1948551994758381],[106.82349639929792,-6.194828099995096],[106.82348639952608,-6.1948011999035497],[106.82347359916771,-6.1947753998732269],[106.82346519921957,-6.194758699707422],[106.82346059982996,-6.1947497994476661],[106.82344489975793,-6.1947256992899522],[106.82342899980932,-6.194701799640975],[106.82340319935646,-6.194663599238635],[106.82336169993816,-6.1946002995510439],[106.8233170994851,-6.1945318992151703],[106.8232244998493,-6.1944145997065592],[106.82315199982507,-6.194318399633457],[106.82311029950603,-6.1942254997081223],[106.82310259945714,-6.1941887000140179],[106.82309099940665,-6.1936835997179571],[106.82307849989654,-6.1932098999865781],[106.82306539976999,-6.1927398994803244],[106.82303019987872,-6.1913334995763529],[106.82301879938018,-6.1908683992281208],[106.82302179983446,-6.1905090994180956],[106.82303219971509,-6.1903357992558687],[106.8230547997681,-6.1895643993499805],[106.82306539935873,-6.1890345992769822],[106.82307569947245,-6.1887438995065063],[106.82305709947124,-6.1885028993315494],[106.82305889955049,-6.1883926000072718],[106.82307049923608,-6.1880787995109596],[106.82312550004028,-6.1871292995784382],[106.82312799930376,-6.1870547995886378],[106.82313259943651,-6.1869717000082076],[106.82313579920853,-6.1868827995256668],[106.82316359960259,-6.1862723991507167],[106.82324669965359,-6.1860141996084907],[106.82325699989973,-6.1858562997249846],[106.82326619997671,-6.1857184998238743],[106.82327739937392,-6.1855914997614114],[106.82327819947412,-6.1854558996206217],[106.82327959942775,-6.1852208995975335],[106.82327849969938,-6.1851543994510116],[106.82326909962065,-6.184829699782747],[106.82326009927544,-6.1846566995033756],[106.82324749996025,-6.1844605999423381],[106.82321939947253,-6.1840166991541121],[106.82320439958924,-6.1838418993419966],[106.82319799969427,-6.1837390993567025],[106.82317779968463,-6.1834147992839679],[106.82317609935563,-6.1833630998333282],[106.82316949932347,-6.1832735991441652],[106.82315609919178,-6.1831400992851693],[106.82312189981548,-6.182799799912968],[106.82311349951458,-6.1826839993058487],[106.82310699997333,-6.1825591992461577],[106.82310609973625,-6.1825392996191226],[106.82310289962481,-6.1824698997408358],[106.82308169957484,-6.1820349997542188],[106.82307849954314,-6.181970099957069],[106.82307309946573,-6.1818581996067703],[106.82302769971683,-6.1811324993114711],[106.82302880003671,-6.1810775994077254],[106.82305069989366,-6.1809974993161099],[106.82305069954441,-6.1809659996380182],[106.82305169975253,-6.1808939994041037],[106.82309409932776,-6.1808575992485553],[106.82310319965879,-6.1808465000196362],[106.82312949921938,-6.1808143992833147],[106.82315669958587,-6.1807656993092488],[106.82317889974914,-6.1806959998254776],[106.82318449991465,-6.1806230995368425],[106.82317329989132,-6.1805507993705371],[106.82314579999317,-6.1804829991341608],[106.82312159967611,-6.1804455995262746],[106.82310359956159,-6.180423199725813],[106.823088099808,-6.1803998998316452],[106.82306149973731,-6.1803721994066967],[106.82301379921832,-6.1802825991310506],[106.82299589951062,-6.1801939997480417],[106.82294229916468,-6.180020899154484],[106.82291309980427,-6.1798466994913293],[106.82289859964796,-6.1796194999702294],[106.82298589926774,-6.1761774993800671],[106.82299499936585,-6.1756677995747049],[106.82302639962001,-6.1748085991306221],[106.82303509927895,-6.174513999638271],[106.8230402000319,-6.1742606998673697],[106.82309279917691,-6.1721202998247673],[106.82309459918957,-6.1716360992587704],[106.82307639923148,-6.1714932999656149],[106.8230195996056,-6.1713782997358164],[106.82296129966852,-6.1713008993715324],[106.82289459992663,-6.171242599542607],[106.82272479984553,-6.1711725991379822],[106.82237969973994,-6.1710296991759277],[106.8221882996399,-6.1709305992426158],[106.82204399958651,-6.1708160999410122],[106.82184399984483,-6.1706045994256513],[106.82157129920576,-6.170163899986175],[106.82153509983223,-6.1700461996390805],[106.82146479926111,-6.1696989993102784],[106.82123099953138,-6.1686240995913035],[106.82110099986926,-6.1679893000237644],[106.82105899980816,-6.1678238996375594],[106.82102609962423,-6.1676943992207747],[106.82098569929167,-6.1676069994224259],[106.82095499999076,-6.1675174995045383],[106.82093509960832,-6.1674444991668382],[106.82092466156296,-6.1674180560165626],[106.82089469965646,-6.1673706999837519],[106.82088089970982,-6.1672771991685522],[106.82087679952926,-6.1672497994297979],[106.82085609944092,-6.167149999287572],[106.8207817997199,-6.1668707991636218],[106.82071169968128,-6.1666062992331812],[106.82060119984713,-6.166090799336664],[106.82052529970936,-6.1657535997576831],[106.82044939942557,-6.1654133991746054],[106.82041969920603,-6.1652609993475433],[106.82040799916747,-6.1652024992458188],[106.82039289973163,-6.1651262997228065],[106.82037069956101,-6.1649756997960452],[106.8203063995569,-6.1646370996745308],[106.82027469943051,-6.1644796993007915],[106.8201234999831,-6.163727999516289],[106.82004429956311,-6.1633893995059417],[106.81995720000431,-6.163053499173464],[106.81994070000461,-6.1630086992444921],[106.81992839932698,-6.162975899690192],[106.81989729947085,-6.1628929996278519],[106.81986669968347,-6.1627717995847275],[106.81980269977943,-6.162477499285032],[106.81969769957118,-6.1619766998687435],[106.81965549927756,-6.1617194994637154],[106.81947569981745,-6.160916399980592],[106.8193453996407,-6.1603627994140258],[106.81929759979957,-6.1601472996962245],[106.81922869960626,-6.1598536993946889],[106.81920449957165,-6.1597609996815486],[106.81917869966188,-6.1596515998271677],[106.81914939965604,-6.1595245994133272],[106.81893239969921,-6.1586326992554827],[106.81885629919555,-6.1582833997078614],[106.8188463996882,-6.1582504996590002],[106.81883159987657,-6.1581962994058905],[106.81880559958184,-6.158111299426591],[106.81878099952968,-6.1580230993003937],[106.81860719944919,-6.1572829994764842],[106.8185556999367,-6.1570206991670684],[106.8185199992173,-6.1568637993559587],[106.81850769947755,-6.1568024999784949],[106.81850519946298,-6.1567901999134707],[106.81850059975893,-6.1567658995097414],[106.81846599951314,-6.1565821996899537],[106.81839839963126,-6.1562061994444379],[106.81835049946275,-6.1559395991628039],[106.81833489988864,-6.1558703994459707],[106.81750196772296,-6.1522264401492368],[106.81696559999759,-6.1500036995792202],[106.81694029927655,-6.1498705999640055],[106.81692789984201,-6.1498116995664764],[106.81685279962809,-6.1495093992675889],[106.81679879955738,-6.1492872993519381],[106.81671789940313,-6.1489446995171466],[106.81666359952101,-6.1487129999878967],[106.81619939948796,-6.1469685999492389],[106.8161429999101,-6.1467179991474481],[106.81605759931047,-6.1464003994527987],[106.81583170003066,-6.1456050994262199],[106.81568709960226,-6.1450368999621254],[106.8155519000166,-6.1445021999710816],[106.81536989989732,-6.1439367999747692],[106.81532339927543,-6.143787599856438],[106.81520179948538,-6.143404099328448],[106.81509409944462,-6.1430734000023497],[106.81500859923925,-6.1428007993630738],[106.81498509939061,-6.1427124999564473],[106.8138258053481,-6.1386130909008694],[106.81382419957727,-6.1384935997012278],[106.81381429952864,-6.1384273992421221],[106.81382099953343,-6.1383770995138169],[106.81382849984419,-6.1382957999212326],[106.81377230000142,-6.1381203992222577],[106.81367629990628,-6.1378153995788542],[106.8135861992816,-6.1375224995480417],[106.81358159969996,-6.1374886996384204],[106.81358439996829,-6.1374402992499189],[106.81362249963269,-6.1373715997222105],[106.81362979942318,-6.1373583992511227],[106.81367569999688,-6.1373228992588],[106.81378359932594,-6.1372836999411264],[106.81391409997238,-6.1372390992883874],[106.81406389929013,-6.1371901998257998],[106.81409899999882,-6.13717259942303],[106.81419489967737,-6.1370911991567816],[106.81423839997738,-6.1370679996147315],[106.81434369936167,-6.1370346997621414],[106.81445079984182,-6.1369991993427018],[106.81453289983416,-6.1369728996071027],[106.81477749944099,-6.1369742992048435],[106.81482249956052,-6.1369719992072067],[106.8148712991721,-6.1369637992033033],[106.81507949971729,-6.1369031994119858],[106.81536989922844,-6.1368164991915988],[106.81544489953295,-6.1367765992196324],[106.81546769934465,-6.1367158992812616],[106.81548099996249,-6.1366038994053556],[106.81548879917514,-6.136580799160356],[106.81550069938665,-6.1364972992964351],[106.8154913992491,-6.1364137998940471],[106.81545589915699,-6.1362866993271901],[106.81520739949651,-6.1354517993327073],[106.81512809915071,-6.1351851991317661],[106.81502829969524,-6.13484999944564],[106.81496809939262,-6.1346476994682098],[106.81478179950611,-6.1340220994538495],[106.8146869994941,-6.133703600026835],[106.81466729952973,-6.1336372998648745],[106.81457579931089,-6.1333298997780163],[106.8145580992869,-6.1332704998718963],[106.81454569924718,-6.1332449996593317],[106.81452019979277,-6.1332406998644586],[106.81449219944733,-6.1332223991503358],[106.81443369991128,-6.1332276996239505],[106.81406219990713,-6.1333551998359752],[106.81289969952176,-6.1337207997991277],[106.81245559943589,-6.1338603995873058],[106.81211939945433,-6.1339598996795681],[106.81181549951032,-6.1340508995051453],[106.81163299931214,-6.1340836994823142],[106.81152279934541,-6.1341169998866674],[106.81132309928738,-6.134174799839216],[106.81122939918068,-6.1342018995600744],[106.81120059994379,-6.134210799186965],[106.81117309964596,-6.1342193996521566],[106.81111239980538,-6.1342352997472931],[106.81109319926526,-6.1342592993124532],[106.81108879993107,-6.1343288992162162],[106.81113619991459,-6.1344966999553456],[106.81123479943851,-6.1348458992029338],[106.81129709940366,-6.1350999998724713],[106.81136019995112,-6.1351756998048597],[106.81138119969819,-6.135223299997258],[106.81140909989833,-6.1353306993956789],[106.81144099995518,-6.1354561996549242],[106.81163149933118,-6.1362538996757614],[106.81167389924286,-6.136463299632009],[106.81167649962717,-6.1365326995162599],[106.8116676996833,-6.1365863997766033],[106.81168969927056,-6.1366667993927226],[106.81172159983475,-6.1367257996600033],[106.81176489971567,-6.1367771996629124],[106.81183949924116,-6.1368353998682963],[106.81189079969,-6.1368448991723907],[106.81195659999176,-6.1368414991488773],[106.81222289987373,-6.1367709991299018],[106.81224749917152,-6.1367638993947047],[106.81231049977174,-6.1367478999833986],[106.81302909952679,-6.1365574998463828],[106.81308419967185,-6.1365461999311828],[106.81313829949583,-6.1365430998033874],[106.813186499346,-6.1365626992534796],[106.81322050003374,-6.1366060996566629],[106.81338539914586,-6.1371440998411],[106.81342059961108,-6.1372590992136349],[106.81348329958969,-6.1374637997022345],[106.81350609981561,-6.1375382993673062],[106.81367440000662,-6.1380874996093455],[106.81368829970101,-6.1381329997516643],[106.81370529985493,-6.1381883992185573],[106.81377649941709,-6.1384011993917813],[106.8137890748811,-6.1385014648731264],[106.81378249805223,-6.1385713505686024],[106.813773864119,-6.1386275846636993],[106.81435460823495,-6.140632389487763],[106.81494289997715,-6.142821399863565],[106.81511439973373,-6.1434152995214273],[106.8152330000306,-6.143822199618282],[106.8152749000262,-6.1439658998707154],[106.81544779945382,-6.1445235991781892],[106.81557749963783,-6.1450349999900338],[106.81567579945566,-6.1453942994080766],[106.81596099990843,-6.1464906999449935],[106.81606559971048,-6.1469942993478774],[106.81649649999083,-6.1487763996062474],[106.81662659959477,-6.1493230991280514],[106.81673419915313,-6.149767999302755],[106.81673999983509,-6.1497961999314184],[106.81673979972042,-6.1498256000204581],[106.81677634303311,-6.1499677140735205],[106.81679469937832,-6.150039099928688],[106.81682989927032,-6.1501872991438011],[106.81685829957843,-6.1502937999140803],[106.81693859920765,-6.1506676998471743],[106.81707099952584,-6.15124049932232],[106.8171845994618,-6.1517525999716796],[106.81730029993693,-6.1522539996436754],[106.81736529999151,-6.1525460996373189]]]},"properties":{"FID":0,"ID":"BRT_01","GEOM_ID":"BRT_01_REG","LINE":"1","NAME":"Blok M - Kota","MODE":"BRT","CLASS":"Koridor Utama","STATUS":"Eksisting","COLOR":"#D02127","ROUTE_VAR":"REGULAR","SOURCE":"TransJakarta; RTRW DKI Jakarta","REMARK":"TIdak Ada","ALIGNMENT":" ","DIV_ID":" ","DIV_NOTE":" ","DIV_SRC":" ","VALID_FR":" ","VALID_TO":" "}},{"type":"Feature","id":1,"geometry":{"type":"MultiLineString","coordinates":[[[106.9087490993537,-6.1816279996371293],[106.90882189983454,-6.1817523999383024],[106.90886259981066,-6.1819203997728636],[106.90884999982502,-6.1820074994154295],[106.90882390000198,-6.1821574992162072],[106.90878669919397,-6.1822996991599481],[106.90874569970423,-6.1823839994558503],[106.90872119977651,-6.1824359991250679],[106.90870269993682,-6.1824533996025917],[106.90861019916692,-6.1825119995666453],[106.90861169924864,-6.1825813999108599],[106.90862229978107,-6.182660499643017],[106.90869330000258,-6.1831818991849135],[106.90872279935577,-6.1833789998617412],[106.90872979969848,-6.1834043998193877],[106.90875689943414,-6.1834341994057898],[106.90880519923942,-6.1834694995163924],[106.90885459962901,-6.1834826995757224],[106.90890659937496,-6.1834586997129755],[106.90914249959364,-6.1832600994112648],[106.90938439992992,-6.1830727999391213],[106.90952519942617,-6.1829479993125203],[106.90988639945505,-6.1826554992637526],[106.90991759966589,-6.1826089997358613],[106.90993670002375,-6.1825703996977435],[106.90995069995097,-6.1825101992978588],[106.90994599916618,-6.1824677997548276],[106.90993709969692,-6.1824191994007025],[106.90992569951833,-6.1823959996639912],[106.90988709937901,-6.1823419998910962],[106.90982359995931,-6.1822900994808165],[106.90954239959521,-6.1821417998541719],[106.9093522994345,-6.1820254999663131],[106.90926749941873,-6.1819694998068213],[106.90919109965314,-6.1819188996660976],[106.90892859990059,-6.1817551992378892],[106.9087490993537,-6.1816279996371293]],[[106.9087490993537,-6.1816279996371293],[106.90869919933034,-6.1815975992816368],[106.9085881992676,-6.1815179993659521],[106.90845809956353,-6.1814426993455038],[106.90813929999885,-6.1812670996247849],[106.90793459971461,-6.1811462991439061],[106.90732469962086,-6.1807950995680372],[106.90699349966617,-6.1806426991786232],[106.9066423995592,-6.1805121993056851],[106.90583979949847,-6.1802176997574012],[106.9049371997842,-6.1798683994431283],[106.90373619966577,-6.1794064997966096],[106.90296689967759,-6.1791024997735322],[106.90217839944235,-6.1787974992736707],[106.90166799934488,-6.1786081996576243],[106.90148909950494,-6.178551699853692],[106.90126469947926,-6.1784841992983681],[106.90096039950629,-6.1784239000233887],[106.90074999980892,-6.1784027991812067],[106.90014669957934,-6.1783460997116437],[106.89961729929053,-6.1783050998661668],[106.89886370003889,-6.1782544998368616],[106.898554099649,-6.1782303997737777],[106.89824439986225,-6.1782062998721106],[106.8975278998233,-6.1781722992197352],[106.89716119974534,-6.1781694992294263],[106.89688049956062,-6.1781698993694123],[106.89672639931082,-6.1781595993870724],[106.89657709934299,-6.1781156998125146],[106.89638689917271,-6.1780363998283505],[106.8962430997408,-6.1779545998125949],[106.89612459992271,-6.1778597993361917],[106.89542239939287,-6.1772219992446562],[106.89447229949282,-6.1763493000080096],[106.89435909967773,-6.176251199831567],[106.89419779984628,-6.1761148992042108],[106.89406889961916,-6.1760128992294998],[106.89385319930376,-6.1758161993732612],[106.89351299964216,-6.1755075994734545],[106.89291609953273,-6.17494979928476],[106.89251139989716,-6.1745861993214834],[106.89223879976358,-6.1743412994475433],[106.89191419982058,-6.1740468998709517],[106.89169279938329,-6.1738215992160193],[106.89142579969024,-6.1735449994657241],[106.89129739973005,-6.173435499542471],[106.89111749923384,-6.1733051992628214],[106.89068219923163,-6.1730041992670834],[106.89024609970105,-6.1727445995589125],[106.88918199989054,-6.1720941997672281],[106.88864519958216,-6.1717701991481198],[106.88831149996837,-6.1715687998012809],[106.88657329970367,-6.1705210997689113],[106.88636909953019,-6.1703914999542206],[106.88632069986045,-6.1703622994016181],[106.88551649994652,-6.1698643992130915],[106.88344479977199,-6.1685948993490438],[106.88251709922162,-6.1680312995274917],[106.88156769981961,-6.1674545998126504],[106.88144059996419,-6.1673777993529049],[106.88132259992751,-6.1673142992665912],[106.88122000003665,-6.1672548993085536],[106.88109459936655,-6.1671882996521479],[106.88075029954928,-6.1669942991315896],[106.88007599951702,-6.1666811996582354],[106.87985619999984,-6.166613299864717],[106.87976589960886,-6.1665901992615106],[106.87964459992037,-6.1665705994740048],[106.87954699922048,-6.1665515995784475],[106.87911049935646,-6.1665015993329186],[106.87895729981828,-6.1664839997509029],[106.87893849975953,-6.1664812993608917],[106.87889179997458,-6.1664756992139722],[106.87882569972761,-6.166467499338113],[106.87876989940897,-6.16645939966123],[106.87871969967286,-6.1664521997408972],[106.8786920996375,-6.1664517997898258],[106.87852859967425,-6.166443199222841],[106.87841369991271,-6.1664377997200308],[106.87786299920351,-6.1663884993991669],[106.87730799960666,-6.1663649999532728],[106.87680579972023,-6.1663941994160627],[106.87654009947306,-6.1664417994141072],[106.87587599954375,-6.1666277999259878],[106.87516509959889,-6.1668397996666471],[106.87438899974076,-6.1670713000131645],[106.87404949966658,-6.1671724998757851],[106.87351859974727,-6.1673359996974746],[106.87305379974129,-6.1674790995685775],[106.87282069996655,-6.1675606996684618],[106.87277059937827,-6.1675781993604089],[106.87267999954824,-6.1676108991667187],[106.87244599933797,-6.1677041993113111],[106.87230079943301,-6.1677709993999201],[106.87168799924041,-6.1680600992525205],[106.87083539964031,-6.168462199269924],[106.87063079990634,-6.1685583991368897],[106.87045459935881,-6.1686412000270776],[106.87039069981931,-6.1686704992789982],[106.8701795993157,-6.1687672996041645],[106.86859089984141,-6.1694955994849092],[106.86836319982098,-6.1695999999830624],[106.86769759916517,-6.1699173991265646],[106.86703689947846,-6.1702324993093853],[106.86678719983655,-6.1703515993417115],[106.866764199976,-6.1703618996391487],[106.8666006997712,-6.1704353992482286],[106.86652049958595,-6.1704708999398648],[106.86623359984598,-6.170600499944479],[106.86562869925288,-6.1708857994342514],[106.86539819959668,-6.1709944999361905],[106.8653177997755,-6.171027999397011],[106.86512429929586,-6.1711137999324723],[106.86501489934979,-6.1711643999775934],[106.86487629989374,-6.1712282993442651],[106.86418419934492,-6.1715501995126747],[106.86347469930345,-6.1718801996851376],[106.86323929945888,-6.1719896996627064],[106.86303389985606,-6.1720891000144009],[106.86264519958256,-6.1722772997384583],[106.86257859920896,-6.1723095996120279],[106.86253839926133,-6.1723276995423948],[106.86230949940095,-6.1724305996398705],[106.86204009985549,-6.1725516991648455],[106.86187489965683,-6.1726259993165575],[106.86164779988718,-6.1727280999580882],[106.86134879914134,-6.1728624998411883],[106.8609886993636,-6.1730366999602495],[106.86093239973519,-6.1730607991229061],[106.86039339961737,-6.1732911994062167],[106.86038209993535,-6.1732953998428126],[106.86015899981284,-6.1733780999951131],[106.86000499963333,-6.1734350992910887],[106.85977500001812,-6.1735102999364111],[106.85944519972712,-6.173617999278461],[106.85923319993596,-6.1736782996049095],[106.85887039999164,-6.1737814991284221],[106.85834169915543,-6.1739011991668828],[106.8583238996317,-6.1739046998426907],[106.8582227999438,-6.1739242997194443],[106.8579721997511,-6.1739729993436994],[106.85773409932226,-6.1740131995341807],[106.85757939979223,-6.1740337992666783],[106.85711869976322,-6.1740950999195139],[106.85707129960291,-6.1741013991643463],[106.85640789975626,-6.1742046995922015],[106.8555160995171,-6.174343599619907],[106.85529139967376,-6.1743785992755651],[106.85522299950885,-6.1743874996249026],[106.85484559952675,-6.1744367991540727],[106.85470539920736,-6.1744519000089531],[106.85448349998808,-6.1744770993425728],[106.85267639997528,-6.1746021996569205],[106.85229309994335,-6.1746343995427679],[106.8522421991528,-6.1746381997143782],[106.85218989993726,-6.1746414993266239],[106.85190069943231,-6.1746615991777585],[106.85185299916584,-6.1746647995715245],[106.85179779939871,-6.1746720993066919],[106.85131659964286,-6.1747120000237299],[106.8508902998269,-6.1747542997693534],[106.84955379954481,-6.1748474993508067],[106.84934779948956,-6.174845099686201],[106.8491747995453,-6.1748491991966015],[106.84755019963076,-6.1749631999526526],[106.84735149927332,-6.1749819994209023],[106.84722299916557,-6.1750189991267845],[106.84692789971014,-6.1750405996964579],[106.84631729994577,-6.1750867997495416],[106.84577799972844,-6.1751180997840027],[106.84563319961792,-6.1751406999144418],[106.84547489916001,-6.1751975993105637],[106.84536309922886,-6.1752454991665058],[106.84523719953964,-6.175334099166367],[106.84518729936583,-6.1753837996855223],[106.8448860993899,-6.1757727998158316],[106.84467289952394,-6.1760413998994048],[106.84457129997112,-6.1761816998155403],[106.84416369980123,-6.176725699130917],[106.84392439958479,-6.1771128995069748],[106.84387720000348,-6.1772266995735414],[106.84378469939749,-6.1773716994112915],[106.84369039952422,-6.1774867993021907],[106.84348149919816,-6.1776771993458608],[106.84321579935539,-6.1778678993041325],[106.84293689977945,-6.1780966000022524],[106.84267819918693,-6.1783065993869037],[106.84258119946199,-6.1783853999531235],[106.84254599933375,-6.1784154995527167],[106.84250369981099,-6.1784517992066199],[106.84244029947465,-6.1784840996085402],[106.84237489999424,-6.178510699835889],[106.84230389998909,-6.1785288998645278],[106.84226359986039,-6.1785304997190833],[106.84225319949171,-6.178526299731903]],[[106.84225319949171,-6.178526299731903],[106.84229619926096,-6.1784860998052658],[106.84240949945691,-6.1783886992502852],[106.8424736996906,-6.1783329998762477],[106.84250739927683,-6.178303699339236],[106.84261689995294,-6.1782131998630705],[106.84280289973307,-6.1780595993580452],[106.84282769986625,-6.1780308992726995],[106.84284919996129,-6.1779844998202451],[106.8428706994921,-6.177952299390963],[106.84287739990654,-6.1779461992748974],[106.84297079985036,-6.1778617999091052],[106.84308249933287,-6.1777686996226793],[106.84325980002872,-6.1776164999027641],[106.84356189997757,-6.1772720994376042],[106.84380369972278,-6.1770201997503138],[106.84412339969403,-6.1766820998541689],[106.84453219977918,-6.1761323992583588],[106.84462679984733,-6.1759999998080746],[106.84485849988297,-6.1757122992904652],[106.84513629947828,-6.1753381996014554],[106.84519529929179,-6.1752765994603029],[106.84531929970349,-6.1751766994761601],[106.84537399925362,-6.1751445999601868],[106.84560069936329,-6.1750562994745115],[106.84582289991448,-6.1750249994986737],[106.84637869946278,-6.1749981991779617],[106.8469237998973,-6.1749641994027336],[106.8476081995949,-6.174919499222459],[106.84781789946753,-6.1749015999860006],[106.84847249981065,-6.1748546993256177],[106.84912049943647,-6.1748038994773289],[106.84945449944026,-6.1747746995754351]],[[106.84225319949171,-6.178526299731903],[106.84218649974869,-6.178526199889701],[106.84213939972729,-6.1785087996359396],[106.84208040003961,-6.1784671998930758],[106.84203629941685,-6.1784369998007556],[106.84202409969464,-6.1784239994603922],[106.84199250001262,-6.1783880995937634],[106.8419548992959,-6.1783329997349519],[106.8419306993331,-6.1782977993728352],[106.841909399991,-6.1782679994861693],[106.84188099992139,-6.1782238994869969],[106.84181829958513,-6.178135200020769],[106.84177259924979,-6.178062999663064],[106.84169479969394,-6.177971099270656],[106.84088159996969,-6.1770031994265944],[106.84076610001669,-6.1768765998685957],[106.84073069970863,-6.1768377997973865],[106.84068829958531,-6.176791400007323],[106.84050810002813,-6.1765939992137744],[106.84043069947799,-6.1765091993582457],[106.84029439995972,-6.176359799783997],[106.84025679972018,-6.1763185994718848],[106.84019629929854,-6.1762451996050443],[106.84009849947461,-6.1761263994024524],[106.84001829974643,-6.1760288992490473],[106.83999749983936,-6.1760036997131413],[106.83997429932803,-6.1759841993076865],[106.83993229915883,-6.1759661997491735],[106.83987279933713,-6.1759407995168942],[106.83980759999501,-6.1759062995560612],[106.83974079933611,-6.1758543998980882],[106.83916149967075,-6.1752093994375947],[106.83862629949095,-6.1746117993549197],[106.83847119954666,-6.1744253994017333],[106.8383442994916,-6.1742780994503192],[106.83830920001363,-6.1742700994734943],[106.83827859915084,-6.1742658995468132],[106.83825769922463,-6.1742663994213212],[106.83819329975992,-6.174269899508543],[106.83812799939118,-6.1743073994423012],[106.83776299991608,-6.1746311997798689],[106.83713789982178,-6.175175699859639],[106.83709519969575,-6.1752124996048341],[106.83689659943502,-6.1753658995046807],[106.83675989947172,-6.1754692993839679],[106.83663169934161,-6.1755743995777923],[106.83645729948616,-6.1757061993200306],[106.83641809945617,-6.1757173998682058],[106.83637629947047,-6.1757246997588],[106.83635289919258,-6.1757247995234694],[106.83629129993599,-6.1757001999440924],[106.83625679948133,-6.1756793992635703],[106.83620679949604,-6.1756377992227165],[106.83599619959696,-6.1753774995843012],[106.83555080003927,-6.1748415998198123],[106.83548619930461,-6.1747213999254145],[106.8353911992784,-6.1745707999975199],[106.83539009992946,-6.1745689999701199],[106.83532319927816,-6.1744692991719319],[106.8350366996312,-6.1739963991514486],[106.83477619936798,-6.1735213992096476],[106.83473729953765,-6.1734504999041251],[106.83459249961768,-6.1732271997833381],[106.83449659959969,-6.1730894997213834],[106.83441319990716,-6.1730222999195083],[106.83431539914672,-6.1729819999758906],[106.83419599989543,-6.1729935996918073],[106.83413249950435,-6.1730283994390813],[106.83406919996875,-6.1731010995113396],[106.83345439953837,-6.1737744996490393],[106.83340009995142,-6.173841999537963],[106.83338199973576,-6.1738671996581491],[106.83281669947409,-6.1745927000231449],[106.83280019986687,-6.1746201993568404],[106.83275469974369,-6.1747163998619543],[106.83272939952387,-6.1748417997083829],[106.83272199999644,-6.1752012992430858],[106.83272319955893,-6.1752810999666661],[106.83271669990296,-6.1754033997541864],[106.83270469959851,-6.1756657999183409],[106.83269239946613,-6.1757855997617463],[106.83265769926527,-6.1758931999407887],[106.83260250002927,-6.1759602996793737],[106.83257629933173,-6.1759919997646247],[106.83247629973708,-6.1760729999475057],[106.83241059966387,-6.1761205994201225],[106.83231799993273,-6.1761555996955675],[106.83123009952382,-6.1763347996131559],[106.83119589945206,-6.1763403993440198],[106.83112479949071,-6.1763372995776873],[106.83106889994444,-6.1763189998786681],[106.8310118994665,-6.1762568995481706],[106.83096449981053,-6.1762302992135583],[106.83094719956421,-6.1762030997839812],[106.8308999998458,-6.1760934993790233],[106.83087659930378,-6.1760314994663235],[106.83054999976875,-6.1749272991354411],[106.83052999950181,-6.1748501995591516],[106.83048749934545,-6.1747112994524969],[106.83044169956307,-6.1745651999156372],[106.83041289951501,-6.1744621998364542],[106.83037489948555,-6.1743682993496707],[106.83028909937694,-6.1740913996480984],[106.83010769955372,-6.1734892994663113],[106.83002489921037,-6.1731744999671374],[106.8300157991895,-6.1730863997504697],[106.83002939929054,-6.1729689995221619],[106.83005669970335,-6.1728804992740169],[106.83010469916832,-6.1727634997613681],[106.83014619975567,-6.17271029930808],[106.83020509993739,-6.1726532993649386],[106.83024019936954,-6.1726320996963917],[106.83055579983851,-6.1724589991621892],[106.83080289916761,-6.1723425996751242],[106.83093649921557,-6.1722732991668492],[106.83108339995282,-6.1721951995889208],[106.83122349977792,-6.1721294996879319],[106.83142309916543,-6.1721000991735968],[106.83148979993892,-6.1720829996348261],[106.83186339941551,-6.1718893994148116],[106.83211279989496,-6.1717571993004903],[106.83225559937269,-6.1716813993501551],[106.83244259936926,-6.1715820997073578],[106.83252479945807,-6.1715366994935748],[106.83261569960192,-6.1714886996680471],[106.8331297999429,-6.1711982991839847],[106.8331887991683,-6.1711678994199382],[106.83325499961752,-6.1711227992551159],[106.83329669958852,-6.1710643999195032],[106.8333087996908,-6.1710395993379619],[106.83331899940822,-6.1710185991979891],[106.83333389948842,-6.1709788999915673],[106.83333519987546,-6.1709140999055379],[106.83332569935241,-6.170857299147225],[106.83331029963152,-6.1708191997759352],[106.83315529948638,-6.1705074997194904],[106.83276179980899,-6.1697156999946232],[106.83268939940425,-6.1695646994005608],[106.83254609924742,-6.1692702997790443],[106.83249389939394,-6.1691652998566902],[106.83218389934443,-6.1685477991918782],[106.83213119985631,-6.1684429998248493],[106.83211559980879,-6.1684177999723824],[106.83206779964183,-6.1683629998044003],[106.83189649984861,-6.1682306992832414],[106.83178229943589,-6.1681574997022777],[106.83167119944855,-6.1680489995971417],[106.83163339980598,-6.1680253995961545],[106.83158799931549,-6.1680079994133239],[106.83139509941407,-6.1679981996322351],[106.83119579986196,-6.1680202992779192],[106.83082829924606,-6.1681029996215671],[106.83061339921856,-6.1681484993272546],[106.83044989936585,-6.1681829993661692],[106.83031309965548,-6.1682086995216334],[106.83013869941126,-6.1682482993957786],[106.83006409935741,-6.1682463992800143],[106.82817129951623,-6.1678512991462435],[106.82781179950715,-6.1677762993148155],[106.82675359970885,-6.1675531996571076],[106.82660109964088,-6.1675193992560331],[106.82638529984989,-6.1674750995705594],[106.82569609992737,-6.1673473993310131],[106.82549259958803,-6.167320599888372],[106.82539499945257,-6.1673123998432997],[106.82512809949519,-6.1673216996904516],[106.82427969958786,-6.1674100992578724],[106.8232229995896,-6.1675134992537703],[106.82296199998132,-6.1675419997433183],[106.82284119942467,-6.1675550996423754],[106.82243439924949,-6.1675994996458012],[106.8220615994052,-6.1676174995443036],[106.82165249933468,-6.1676167992733033],[106.82122759937013,-6.1676044996764894],[106.82114259959911,-6.1676043996852998],[106.82102859995084,-6.1676042993665074],[106.82098569929167,-6.1676069994224259]],[[106.84945519924722,-6.1747745994943113],[106.84952319940756,-6.1747692998052406],[106.85003419957609,-6.1747276993825286],[106.85114509922992,-6.1746389997611937],[106.8522593992254,-6.1745723991655943],[106.85330619939344,-6.1744974997681981],[106.85427389989627,-6.1744186995499843]],[[106.85429569977434,-6.1744156995233297],[106.85443539951522,-6.1744177000014773],[106.85466189929303,-6.1743855994795798],[106.85469620001433,-6.1743805992598153],[106.85498959967802,-6.1743383992129184],[106.85521549946114,-6.1743075998454122],[106.85528989920371,-6.1742973991945789],[106.85569329950607,-6.1742491994937501],[106.85607509952705,-6.174193899448408],[106.85672489940005,-6.1740998991390832],[106.85702899943111,-6.174055899420388],[106.8571203996004,-6.1740407992423778],[106.85756619915121,-6.1739671998075734],[106.85787229954437,-6.1739165995380194],[106.85820669965183,-6.1738603993920265],[106.85835389937004,-6.1738318998356405],[106.85862499972465,-6.1737800995330172],[106.85882579917082,-6.1737311992862587],[106.8591045993678,-6.1736633999157018],[106.85921209926788,-6.1736335994238658],[106.8594282998606,-6.1735737998034743],[106.85982399986132,-6.1734394995093123],[106.85986909998479,-6.1734241999641064],[106.86021169945948,-6.1733011998292149],[106.86036769959617,-6.1732451998268845],[106.86054649968732,-6.1731683995029485],[106.86095099970582,-6.1729946998783136],[106.86162359980572,-6.1726808999187694],[106.86175689952766,-6.1726186996375416],[106.86185189926334,-6.172573099812718],[106.86201279923185,-6.1724956999003009],[106.86228249986577,-6.1723663995435549],[106.86249669962804,-6.1722632995467466],[106.86257919946017,-6.1722235995870882],[106.86258429986003,-6.1722211992895843],[106.86260739932706,-6.1722121998573343],[106.86275899946814,-6.1721531993530778],[106.86283179920764,-6.1721206996546698],[106.86296070003675,-6.1720631998850131],[106.86300439929265,-6.1720428996263719],[106.86345099928045,-6.1718359998135925],[106.86443639914607,-6.1713793992365398],[106.86449219920418,-6.1713530999305322],[106.86485599927978,-6.1711814999594514],[106.86499599915756,-6.1711209998400127],[106.86510379968527,-6.1710689994394468],[106.86529329972939,-6.1709797997461777],[106.86533299975743,-6.1709608994325311],[106.86537399949944,-6.1709413996270541],[106.86571929934665,-6.1707786994518541],[106.86606259958477,-6.1706169997844071],[106.86611029925159,-6.1705944999796802],[106.86633129935937,-6.1704829998451265],[106.86648539920583,-6.1704059998271834],[106.86649039919162,-6.1704027996733348],[106.86656739925377,-6.1703679991732896],[106.86673239932747,-6.1702924997549857],[106.86700139945975,-6.1701718998952346],[106.86758419989971,-6.1699084994692059],[106.86848219924981,-6.169492099387182],[106.86919019993194,-6.169163899802804],[106.86953269934337,-6.1689968993721402],[106.87013599934329,-6.1687025996545888],[106.87016309933742,-6.1686893997034407],[106.8703563991788,-6.1685997992883159],[106.870593399274,-6.1684898999130278],[106.87080839929978,-6.1683901997258967],[106.87120639979285,-6.1682126998392457],[106.87170870001091,-6.1679885994184875],[106.87180049940537,-6.1679485999246504],[106.87218589983641,-6.1677804999391386],[106.87228269984563,-6.1677382992815559],[106.8724286997665,-6.1676682993120435],[106.87244670003668,-6.1676605995704934],[106.87265489972701,-6.1675779994490538],[106.87273569945401,-6.1675457997400525],[106.87280239977714,-6.1675212996167019],[106.8729775996042,-6.1674570991697362],[106.87344289988354,-6.1673038991436027],[106.87367649929517,-6.1672331993219283],[106.87404949917085,-6.1671204000045394],[106.8744758996051,-6.1669965998315304],[106.87488719960768,-6.1668771996811316],[106.87516569985553,-6.1667848993706693],[106.87551549925337,-6.1666688997115999],[106.87573169988907,-6.1665895995518092],[106.87584939962183,-6.1665564992133204],[106.87625899952803,-6.1664450995680919],[106.87656909974989,-6.166366399702774],[106.87680299972487,-6.1663308998436905],[106.87707599939209,-6.1663025993008009],[106.87755209955186,-6.1663037995712502],[106.87789779919027,-6.1663382995549423],[106.87840169959061,-6.1663762993603113],[106.87846809967853,-6.1663795995563513],[106.87856859929971,-6.1663836999332915],[106.87859379932445,-6.1663846996688241],[106.87866899954453,-6.166387799735829],[106.8787188997357,-6.1663928000214705],[106.87875089969393,-6.1663945994467566],[106.87885839986127,-6.16640849955329],[106.87888679958554,-6.1664145991441766],[106.87892229941727,-6.16642079936328],[106.87894499947669,-6.1664247997263777],[106.87896759925941,-6.1664287995366944],[106.87911309925023,-6.1664494994776193],[106.87913479969684,-6.1664525992060897],[106.87923029996077,-6.1664661997906025],[106.87943689939272,-6.1664928992220851],[106.87956439938252,-6.1665166995645659],[106.87964969977557,-6.1665326994927891],[106.8799309999916,-6.1665945994391071],[106.88015969968039,-6.1666688998962975],[106.88062369969877,-6.1668621998959043],[106.8812554992694,-6.1671942991634205],[106.88136219915727,-6.1672509993207481],[106.8814800998267,-6.1673080992961031],[106.882046999952,-6.1676092994855161],[106.88225169961225,-6.1677480995384339],[106.88257159936902,-6.1679450999825463],[106.882892899936,-6.1681421991853318],[106.88395169947626,-6.1687901993306822],[106.88562159967964,-6.169816799937248],[106.88619490001622,-6.1701782996337826],[106.88636419980207,-6.1702837993751238],[106.88641129940375,-6.1703139999924437],[106.88662739992165,-6.170444099208459],[106.88707039950089,-6.170711699211413],[106.88779929929481,-6.1711534998412443],[106.88868889914365,-6.1716871992788107],[106.88925529995961,-6.1720200991642757],[106.8895587994821,-6.1722094993695302],[106.89074709954562,-6.1729214991950041],[106.89127429975231,-6.173282699419242],[106.89136549975647,-6.1733588991304167],[106.89150329984085,-6.1734750996740289],[106.8916463998529,-6.1736135991515635],[106.89191579939556,-6.1739052993241881],[106.89213989946843,-6.1741135996209362],[106.89238659916228,-6.1743213998743762],[106.89258749958876,-6.1745093994322708],[106.8927265993407,-6.1746396000010515],[106.8929585991622,-6.1748508996255502],[106.89329839954962,-6.175170399137178],[106.89345469938894,-6.175328799820007],[106.89364549940323,-6.1755601999818364],[106.89392389986648,-6.1758081991815752],[106.89410779930468,-6.1759699994076502],[106.89423919950258,-6.1760796991705869],[106.89441489978984,-6.1762114992284598],[106.8945355999804,-6.1763223997131833],[106.89594169969965,-6.1775744993679584],[106.89626200001305,-6.177866599477742],[106.89646519986323,-6.1780008998552116],[106.89663309971796,-6.1780662995584565],[106.89681339972948,-6.1780933999512335],[106.89714039990521,-6.178101299224827],[106.89752099956202,-6.1780995000205063],[106.89818349915051,-6.178123499324891],[106.89855579961674,-6.1781504995668604],[106.89880969938521,-6.1781688999497213],[106.89960649915861,-6.1782275996408478],[106.9007143992085,-6.178324499819067],[106.90093399917333,-6.1783440994706433],[106.901116699619,-6.1783742999576434],[106.90148139917909,-6.1784664998872802],[106.90171139957897,-6.1785375995724783],[106.90263819969095,-6.1789041994152036],[106.90333419921393,-6.179184200004018],[106.90376159974629,-6.1793488995222754],[106.90520019999471,-6.179907599618204],[106.90586609918977,-6.1801527998577823],[106.90667219971027,-6.1804396993475086],[106.9070174999175,-6.1805875992703294],[106.90733059945096,-6.1807402996790213],[106.90833699949471,-6.1812826994652204],[106.90855599989503,-6.1814014999857712],[106.90866129941242,-6.1814762995528305],[106.90869429939035,-6.1815290999144867],[106.9087490993537,-6.1816279996371293]],[[106.82098569929167,-6.1676069994224259],[106.8209481997928,-6.1676206993212688],[106.82090699931186,-6.1676479998408942],[106.82086559968468,-6.1676780994655616],[106.82083619933005,-6.1676038992028639],[106.8207954992012,-6.1675114993979223],[106.82059958992798,-6.1668261768600159],[106.82010419773506,-6.1646496503994026],[106.82009670914758,-6.1646167503435203],[106.82019992625634,-6.1646023767294089],[106.82024682922928,-6.1646095928131315],[106.8203063995569,-6.1646370996745308],[106.82037069956102,-6.1649756997960452],[106.82039289973163,-6.1651262997228065],[106.82040799916747,-6.1652024992458188],[106.82041969920603,-6.1652609993475593],[106.82044939942556,-6.1654133991746214],[106.82052529970935,-6.1657535997576831],[106.82060119984713,-6.166090799336664],[106.82071169968127,-6.166606299233198],[106.8207817997199,-6.1668707991636378],[106.82085609944092,-6.167149999287572],[106.82087679952926,-6.1672497994298148],[106.82088089970982,-6.1672771991685691],[106.82089469965646,-6.1673706999837528],[106.82092466156296,-6.1674180560165794],[106.82093509960829,-6.1674444991668382],[106.82095499999075,-6.1675174995045383],[106.82098569929167,-6.1676069994224259]],[[106.82098569929167,-6.1676069994224259],[106.82102609962422,-6.1676943992207747],[106.82105899980814,-6.1678238996375594],[106.82110099986927,-6.1679893000237822],[106.82123099953138,-6.1686240995913035],[106.82146479926111,-6.1696989993102784],[106.82153509983223,-6.1700461996390805],[106.82157129920574,-6.1701638999861759],[106.82184399984483,-6.1706045994256682],[106.8220439995865,-6.1708160999410291],[106.82218829963989,-6.1709305992426158],[106.82237969973994,-6.1710296991759446],[106.82272479984553,-6.1711725991379822],[106.82289459992663,-6.1712425995426248],[106.82296129966852,-6.1713008993715324],[106.8230195996056,-6.1713782997358164],[106.82307639923148,-6.1714932999656149],[106.82309459918957,-6.1716360992587704],[106.82309279917691,-6.1721202998247673],[106.8230402000319,-6.1742606998673697],[106.82303509927894,-6.1745139996382878],[106.82302639962001,-6.1748085991306221],[106.82299499936585,-6.1756677995747049],[106.82298589926774,-6.1761774993800849],[106.82289859964796,-6.1796194999702463],[106.82291309980427,-6.1798466994913293],[106.82294229916468,-6.180020899154484],[106.82299589951062,-6.1801939997480417],[106.82306359962851,-6.1802955000165092],[106.82309339949796,-6.1803241994335947],[106.82317779935545,-6.1803508996180101],[106.82322389941616,-6.1803648999970937],[106.82331179946358,-6.1803950999703732],[106.82351159930964,-6.1804155994574748],[106.82373669937155,-6.1804139999165697],[106.82417229976308,-6.180455099171577],[106.8243769991753,-6.1804492998475551],[106.82489139984229,-6.1804540993847663],[106.82504139986621,-6.1804589995180725],[106.82520309961902,-6.1804649996013481],[106.82621219956252,-6.1804117997254009],[106.82636319921335,-6.1804078993413123],[106.82660649981682,-6.1803994999544054],[106.82724099996481,-6.180371199552801],[106.82760389998387,-6.1803396992689263],[106.82797849974226,-6.1802795992991584],[106.82962069914933,-6.180198699977681],[106.83090689940737,-6.1801367997742105],[106.83097189924372,-6.180118699521115],[106.83102869944136,-6.1800913995229427],[106.83106829988014,-6.180033599565208],[106.83108819952105,-6.1799212997906547],[106.83108169932788,-6.1797176999710519],[106.8310690993298,-6.1796336996935306],[106.83102829947326,-6.179532899366734],[106.83095899930646,-6.1794224999461171],[106.83088069956399,-6.1793434999301136],[106.83055379979442,-6.1790144996613865],[106.83047149934609,-6.1788927993286133],[106.83045779930207,-6.1788332995201634],[106.8304524994065,-6.1787943000236041],[106.83047099963076,-6.1787247995318753],[106.83050749976302,-6.1786725998887997],[106.83056439997166,-6.1786370996964362],[106.83057779995156,-6.1786297993919597],[106.83061259961165,-6.1786195998762192],[106.83063269962206,-6.1786175993679446],[106.83067559915793,-6.1786143991855358],[106.83072209928953,-6.1786283993296269],[106.83073289999621,-6.1786399997400672],[106.83074889948657,-6.1786574991556105],[106.83106349962208,-6.1789496994044777],[106.83126449972625,-6.1791374998568793],[106.83131309975813,-6.1791633997340716],[106.83136399951449,-6.1791741992503679],[106.83150470001294,-6.1791623997903553],[106.8317566995446,-6.1791571997792616],[106.83177989937961,-6.1791575999626209],[106.8318158997962,-6.1791581992722975],[106.831843999271,-6.1791578999224903],[106.83190209933275,-6.1791930998664428],[106.831971200019,-6.1792657000166331],[106.83210199918966,-6.179669699615971],[106.83216079977643,-6.179853599820154],[106.8322972995615,-6.180297099147241],[106.83254189990258,-6.1809694999766611],[106.83277739941306,-6.1815606993519037],[106.83289499997241,-6.1817880996551908],[106.83302309932618,-6.1820114998023099],[106.83310169950028,-6.182138699593108],[106.83317479963671,-6.1822409993837812],[106.83332529990903,-6.1824110999190856],[106.83334749998184,-6.1824314991761558],[106.83346699968651,-6.1825404996684155],[106.83349839987935,-6.1825651999570885],[106.8335939000219,-6.1826304996571002],[106.83364569997595,-6.1826497000021385],[106.83384389978984,-6.1827023991664509],[106.83398839977446,-6.1826860991866415],[106.83414389987382,-6.1826492998296816],[106.83426799985232,-6.1826074993587499],[106.83464130002669,-6.182471700009641],[106.83483859934969,-6.1824041997495289],[106.83498399971678,-6.1823453995370592],[106.83505989998051,-6.1823234997615364],[106.83520340001351,-6.1822721998205301],[106.83551989948565,-6.1821573992698609],[106.83581479963235,-6.182060499788073],[106.83620589924966,-6.1819178993059545],[106.83651629985923,-6.1817582996971998],[106.83675839934013,-6.1816397999241737],[106.83691019991284,-6.1815450997660548],[106.83706799952195,-6.1814975999647013],[106.83726299997659,-6.1814377996059555],[106.83747400001597,-6.1813794999542324],[106.83778069985907,-6.1813045997315239],[106.83820539930119,-6.1811838993094952],[106.83838969985634,-6.1811305995143755],[106.83852759977324,-6.1810832992860556],[106.83860119922043,-6.1810581999677101],[106.83866509983422,-6.1810334994801819],[106.83876499930908,-6.1809772998221204],[106.83878659982116,-6.18096559930565],[106.83887119990383,-6.1809196994991478],[106.83911409953818,-6.1807446992208357],[106.83952699951372,-6.1804687995322283],[106.83962090001344,-6.1803916999012918],[106.83982319989823,-6.1802253996896308],[106.84019339921871,-6.1799213000275541],[106.84050509953785,-6.1796651997396177],[106.84068129949902,-6.1795210993104028],[106.84116339985516,-6.1791971993761994],[106.84125069944876,-6.1791323992239144],[106.84134859947095,-6.1790598995403112],[106.84181559955806,-6.1787460995453376],[106.84190249919229,-6.1786889996932404],[106.8419432993185,-6.1786639992048569],[106.84200689919132,-6.1786305995937481],[106.84208539953846,-6.1785935995050751],[106.84225319949171,-6.178526299731903]]]},"properties":{"FID":1,"ID":"BRT_02","GEOM_ID":"BRT_02_REG","LINE":"2","NAME":"Pulo Gadung - Harmoni","MODE":"BRT","CLASS":"Koridor Utama","STATUS":"Eksisting","COLOR":"#294a99","ROUTE_VAR":"REGULAR","SOURCE":"TransJakarta; RTRW DKI Jakarta","REMARK":"Tidak Ada","ALIGNMENT":" ","DIV_ID":" ","DIV_NOTE":" ","DIV_SRC":" ","VALID_FR":" ","VALID_TO":" "}},{"type":"Feature","id":2,"geometry":{"type":"LineString","coordinates":[[106.83320929948006,-6.169636399940079],[106.83308819967573,-6.1696931991385897],[106.83301629989984,-6.1697175997728673],[106.83293179974734,-6.1697184991577831],[106.83292249937928,-6.1697185998870978],[106.83284799986828,-6.1696799995630176],[106.8328378998891,-6.1696713994925307],[106.83277739926034,-6.1696194994357603],[106.83268939940425,-6.1695646994005608],[106.83254609924742,-6.1692702997790443],[106.83249389939394,-6.1691652998566902],[106.83218389934443,-6.1685477991918782],[106.83213119985631,-6.1684429998248493],[106.83211559980879,-6.1684177999723824],[106.83206779964183,-6.1683629998044003],[106.83189649984861,-6.1682306992832414],[106.83178229943589,-6.1681574997022777],[106.83167119944855,-6.1680489995971417],[106.83163339980598,-6.1680253995961545],[106.83158799931549,-6.1680079994133239],[106.83139509941407,-6.1679981996322351],[106.83119579986196,-6.1680202992779192],[106.83082829924606,-6.1681029996215671],[106.83061339921856,-6.1681484993272546],[106.83044989936585,-6.1681829993661692],[106.83031309965548,-6.1682086995216334],[106.83013869941126,-6.1682482993957786],[106.83006409935741,-6.1682463992800143],[106.82817129951623,-6.1678512991462435],[106.82781179950715,-6.1677762993148155],[106.82675359970885,-6.1675531996571076],[106.82660109964088,-6.1675193992560331],[106.82638529984989,-6.1674750995705594],[106.82569609992737,-6.1673473993310131],[106.82549259958803,-6.167320599888372],[106.82539499945257,-6.1673123998432997],[106.82512809949519,-6.1673216996904516],[106.82427969958786,-6.1674100992578724],[106.8232229995896,-6.1675134992537703],[106.82296199998132,-6.1675419997433183],[106.82284119942467,-6.1675550996423754],[106.82243439924949,-6.1675994996458012],[106.8220615994052,-6.1676174995443036],[106.82165249933468,-6.1676167992733033],[106.82122759937013,-6.1676044996764894],[106.82114259959911,-6.1676043996852998],[106.82102859995084,-6.1676042993665074],[106.82098569929167,-6.1676069994224259],[106.8209481997928,-6.1676206993212688],[106.82090699931186,-6.1676479998408942],[106.82086559968468,-6.1676780994655616],[106.82083619933005,-6.1676038992028639],[106.8207954992012,-6.1675114993979223],[106.82059958992798,-6.1668261768600159],[106.82010419773506,-6.1646496503994026],[106.81917569932953,-6.1647924999927088],[106.81809559916866,-6.16495239916269],[106.81630139956224,-6.1652566996414029],[106.81583219939141,-6.1653302000070358],[106.81573299966801,-6.1653483992091074],[106.81559729954327,-6.1653656992294712],[106.81350559957302,-6.1654687991233752],[106.8134118991721,-6.1654716994526231],[106.81330659999026,-6.1654791999283125],[106.81323599978305,-6.1654835994119797],[106.81297259968017,-6.1654987998172937],[106.81080799971031,-6.1656637999580308],[106.81074279935166,-6.1656679999321025],[106.81067819976795,-6.1656721996720565],[106.81064429956234,-6.1656742995516414],[106.81039239987635,-6.1656935998996136],[106.81036100000139,-6.1656955999451162],[106.81029739925501,-6.1657012998965701],[106.81022589952413,-6.1657076993923337],[106.8091418997808,-6.1657767995953217],[106.80849649937029,-6.1658214998579304],[106.8082070996104,-6.1658441996392437],[106.80803359999817,-6.1658603991396674],[106.80566159980856,-6.1660358996956468],[106.80540970003965,-6.1660471993644599],[106.80480879927708,-6.1660623992196184],[106.80445999938512,-6.1660661991474734],[106.80438369918507,-6.1660712000023716],[106.80427839993638,-6.1660601991275081],[106.80336099993758,-6.1660548997024982],[106.80250659954748,-6.1660635993756729],[106.80166029928502,-6.1660576993225398],[106.80080989982851,-6.1660410998670754],[106.79989329989463,-6.1660701996960077],[106.79866059952083,-6.1661860993985487],[106.79850220000355,-6.16621049926305],[106.79807949965178,-6.1662506993836468],[106.79735949923166,-6.1662993997549558],[106.79675509930796,-6.166329699706866],[106.79631699949344,-6.1663516993648448],[106.79363039983529,-6.1665411991524097],[106.79203359961527,-6.1666697994559101],[106.79189949949536,-6.1666822997715185],[106.79177119925386,-6.1666925996347199],[106.79119650004253,-6.1667336999593392],[106.79054069933581,-6.1667947999418011],[106.78998719948062,-6.1668355999067934],[106.78949449981197,-6.1668755992342774],[106.7893417998563,-6.1668857996637758],[106.78914309945598,-6.166899199859694],[106.7889138997818,-6.1669122991314058],[106.78879009917108,-6.1669152999276564],[106.78807349980757,-6.1668489995853042],[106.78803539992451,-6.1668459998564646],[106.78793289980942,-6.1668406998948422],[106.78789329987738,-6.166837599397744],[106.78782889993562,-6.1668307998866858],[106.78773289938998,-6.1668190998923444],[106.78764579924749,-6.1668083998875112],[106.7874843998126,-6.1667800000198776],[106.78688209979849,-6.1666586993417223],[106.78648949987834,-6.1665714999158823],[106.78632669963983,-6.1665335000047756],[106.78614179955015,-6.1664641994909015],[106.78594589914444,-6.166345199659844],[106.78566149954149,-6.1661397000030806],[106.78536489954963,-6.1659369997091327],[106.78522329980956,-6.1658590994684186],[106.78510009927001,-6.1658048997782053],[106.78491209990791,-6.1657358993491593],[106.78477829956215,-6.1656930998991824],[106.78464679975463,-6.1656595995810326],[106.78404319949306,-6.1655389993424068],[106.78332889927667,-6.1653926999671285],[106.78308909920636,-6.1653394993591926],[106.78284619945273,-6.1652889998852514],[106.78237929923425,-6.1651969992057563],[106.78163359961847,-6.1650382999847455],[106.78120249968097,-6.1649516000246125],[106.78107779975697,-6.1649249994167148],[106.78096819917201,-6.1649146998065296],[106.78081909918279,-6.1649037997718157],[106.78049789984166,-6.1649091996190961],[106.77983289979639,-6.1649427994067709],[106.77956409998849,-6.1649593993930845],[106.77940399971521,-6.1649636999902961],[106.77927339937548,-6.1649519999222946],[106.77916849916822,-6.1649337996378204],[106.77899579929039,-6.1648868000167143],[106.77880239955337,-6.1648163991633531],[106.77863419917055,-6.1647553991564301],[106.77744789956053,-6.1642896992661562],[106.77720919927036,-6.1641897992076471],[106.77708020000044,-6.1641384992368859],[106.77673649922917,-6.1640034998980502],[106.77566729927001,-6.1636010992557013],[106.77509719972009,-6.1633705998438346],[106.77263339983101,-6.1623973992492775],[106.77240979914212,-6.1623056998794299],[106.77235749919792,-6.1622999991549543],[106.77229519940218,-6.1623128994383878],[106.772181899972,-6.1622591994207001],[106.77212329972723,-6.162189599830115],[106.77206909925275,-6.1621504996781473],[106.77181879930703,-6.1620475997921176],[106.77021549990909,-6.1614181992775867],[106.77009679976351,-6.1613635997669904],[106.77002239966173,-6.1613288993359445],[106.76990169939619,-6.1612475998929632],[106.7698224997277,-6.1611881998925488],[106.7697594997107,-6.161118199489886],[106.76967769917501,-6.1610121991681446],[106.76960389951017,-6.1609061993972105],[106.7695328997449,-6.160765599150813],[106.76948989958288,-6.160658899464333],[106.76894139961725,-6.159159499419995],[106.7688595995139,-6.1589614998123494],[106.76876779920276,-6.158802199759549],[106.76867719932679,-6.1586741991983152],[106.76860079920849,-6.1585981992642571],[106.76848409998716,-6.1584807992518824],[106.76829099985281,-6.1583307991373513],[106.76732669947729,-6.157698799764602],[106.76727579995809,-6.1576727998117828],[106.76717389997258,-6.1576194999830509],[106.76704840003433,-6.1575807997990548],[106.766882199191,-6.1575621991908065],[106.76676619965686,-6.1575660997808601],[106.76664549940256,-6.1575827995441621],[106.76652879933539,-6.1576100995794336],[106.7663685996999,-6.1576654997970515],[106.76513389936156,-6.1581847992457437],[106.76477119992607,-6.1582959993213633],[106.764572599983,-6.1583485992235865],[106.76410479948021,-6.1584152997899153],[106.76252259970721,-6.1584653999391339],[106.76229289928627,-6.1584661994998706],[106.76202129919128,-6.1584592997020104],[106.76178169931509,-6.1584215998939271],[106.76148000001746,-6.1583523999335039],[106.76018219919064,-6.1578890992015358],[106.76004339998387,-6.1578490992780495],[106.75992309958106,-6.1578241991319524],[106.75986709985942,-6.1578232997159184],[106.75982839925581,-6.157829299293172],[106.75979809973802,-6.1577968993205348],[106.75974949946551,-6.1577724995469323],[106.75785849987591,-6.1571783998564449],[106.75742029983331,-6.157041499464861],[106.75600549915838,-6.1566303994171072],[106.75560929929487,-6.1565159995568495],[106.75521779937377,-6.1563922994755975],[106.75456349962101,-6.156166899566438],[106.75433459981883,-6.1561214994224152],[106.75386749971914,-6.1560464996962949],[106.75347189993467,-6.1560027998413354],[106.75231039924365,-6.1558936997788933],[106.75223159930589,-6.1558841993623092],[106.75123219949111,-6.1557279994861664],[106.75111939958757,-6.1557137991467572],[106.75029579945931,-6.1555972995171642],[106.7498260995558,-6.1555507998230734],[106.74941539963247,-6.1555106998222424],[106.74929539945323,-6.1554992995055793],[106.74822769970757,-6.1553902993947149],[106.74778430001223,-6.1553452994503068],[106.74699789962716,-6.1552519994400514],[106.74668429960346,-6.1552180996577279],[106.7462718998506,-6.1551886995076979],[106.74550699962371,-6.1551546993169248],[106.74478999938542,-6.1551034996890186],[106.7442280997043,-6.1550528998998901],[106.74290550001994,-6.1548501993454394],[106.7423789000037,-6.1548019995540564],[106.73905849943607,-6.1546075995480267],[106.73873139933328,-6.1546243994042173],[106.73823499990563,-6.1546353991796243],[106.73811159928924,-6.1546393997922184],[106.73801099980773,-6.1546425991503053],[106.73779579984536,-6.1546335993478358],[106.73758379921591,-6.1546079993612262],[106.7375400997183,-6.1546027000263974],[106.73746539939179,-6.1545992991763345],[106.73743339948331,-6.1545978996207484],[106.73727109935038,-6.1545904996813396],[106.7357082993626,-6.1545732991834177],[106.73544739966526,-6.1545726998179253],[106.73461279984758,-6.154544299299646],[106.73435189969749,-6.1545591995230673],[106.73404169987877,-6.1546067999183913],[106.73306249963439,-6.1547795998951598],[106.7326712991574,-6.154856699604176],[106.73237159999323,-6.1548893996528689],[106.73205469985822,-6.1549105994202336],[106.73175339969562,-6.1549117994831954],[106.73135609948214,-6.1549076991848057],[106.73066279980956,-6.1548719992098002],[106.7303778996117,-6.1548326995012381],[106.73017399914752,-6.1547968995488027],[106.72981449989692,-6.1547045998547576],[106.72907930002631,-6.1545358994991846],[106.72791699924318,-6.1542868995493576],[106.72713519936475,-6.1541296995370995],[106.72656849956012,-6.1540134999534484],[106.72621529973289,-6.1539382995031415],[106.72575259933558,-6.1538321992032268],[106.72548959963954,-6.1537740993617449],[106.72482109991302,-6.1536396991806317],[106.72437449981372,-6.1535452995245636],[106.72367049987972,-6.1533490992508666],[106.72337219968728,-6.1532577996666324],[106.72295599994398,-6.1531134994565262],[106.72259949983381,-6.1530100996566146],[106.72240969955975,-6.1529727996232308],[106.72222629994005,-6.1529457996973873],[106.72192380001152,-6.1529100999578867],[106.72162529918081,-6.1528823994844277],[106.7213794000389,-6.1528696994464331],[106.72133609984608,-6.1528674998099575],[106.72100239925446,-6.1528676993021705],[106.7208969999829,-6.1528736994663769],[106.72078909956632,-6.1528806996085645],[106.72063699931313,-6.1528967994239281],[106.71989189975251,-6.1529952993535177],[106.7195505999766,-6.1530429997426523],[106.71941199967611,-6.1530601996055241],[106.71885679994116,-6.1531349999156353],[106.7185709998648,-6.1532218992265761],[106.71823099991879,-6.1533576998167989],[106.71774429921676,-6.1535771991258805],[106.71718699996696,-6.1538352996984607],[106.71695739930873,-6.1539357997773312],[106.71685019982223,-6.1539822999295275],[106.71673809947589,-6.1540367992486278],[106.71650769975642,-6.154145400015862],[106.71619169972006,-6.1543037995666365],[106.71603789921858,-6.1543916993806072],[106.7152566994105,-6.1548427995589021],[106.71448989924643,-6.1553392992218692],[106.71438699957623,-6.1553996000063975],[106.71421580001646,-6.1554923992992858],[106.7140605993514,-6.1555557995289156],[106.71388949933728,-6.1556097997733001],[106.71362819925278,-6.1556524991943737],[106.71337599978176,-6.1556743991365499],[106.71325129935913,-6.1556776993177689],[106.71289779928308,-6.1556739999635512],[106.71242619940429,-6.1556583998861019],[106.71226719949534,-6.1556518995301008],[106.71214359997278,-6.1556502995117857],[106.71205169959228,-6.155645199691655],[106.71056529919089,-6.1556335991933704],[106.71034899984032,-6.1556523996170478],[106.70991349964856,-6.1557282991579445],[106.70930809933566,-6.1558438993754487],[106.70902189995901,-6.155885799311565],[106.70874179996309,-6.1558881999343873],[106.70827639959546,-6.1558570995254822],[106.70715939989354,-6.1557722995298256],[106.70699209987336,-6.1557726999203988],[106.70686549945509,-6.1557817999219218],[106.70672799977841,-6.1557945996084191],[106.70664169961768,-6.1557956993375784],[106.70659409925413,-6.1557928992333046],[106.70655259934222,-6.1557867999675437],[106.70650919946729,-6.155769099143841],[106.70647069945305,-6.1557452998745221],[106.70644529981527,-6.1557127997894883],[106.70643109938727,-6.1556833997712577],[106.70639369975844,-6.1555607996526014],[106.70627959958433,-6.1551647995945027],[106.70621349952556,-6.155085099355623],[106.70599249929785,-6.1549252999682453],[106.70593029947685,-6.1549007996486553],[106.70585039980448,-6.154888399361389],[106.70559709946818,-6.1548979997568969],[106.70552549995671,-6.1548405999769553],[106.70549119958265,-6.1547692995994643],[106.70545699976839,-6.1544946993276604],[106.70542409994987,-6.1542412991505762],[106.70545549999166,-6.1541861997763849],[106.70556219987488,-6.1541405993292893],[106.70571390000137,-6.1541139994934877],[106.70594449933232,-6.1541121992596199],[106.70598219948904,-6.1541772992702013],[106.70602259967924,-6.1544993997559727],[106.70606539971352,-6.1548492995146571],[106.70621239958599,-6.1549719996728909],[106.70635199954064,-6.1551193999261962],[106.70638429986724,-6.1551793991809758],[106.70641779979546,-6.1552967997884735],[106.70652339974184,-6.1556574995047901],[106.70654489981186,-6.155725299720034],[106.70659299915836,-6.1557462995244547],[106.70664029973729,-6.155751699354215],[106.70671179950361,-6.1557491992775715],[106.70688809916281,-6.1557270993654205],[106.70699309951019,-6.155720199724402],[106.70720679986937,-6.1557247996097857],[106.70731939953409,-6.1557264992529079],[106.70759439988643,-6.1557501991825738],[106.70828649981998,-6.1558023991687865],[106.70874099999183,-6.1558337994231485],[106.70895689999908,-6.1558408998848035],[106.70920109992538,-6.1558126997733895],[106.70942759971021,-6.1557721999319162],[106.71022569989456,-6.1556156995841071],[106.71040449998272,-6.1555944993006024],[106.7106503992073,-6.1555804994918848],[106.71134940002757,-6.1555839995635395],[106.71204839932098,-6.1555980999099136],[106.7121441998236,-6.1556011997288156],[106.71226899957962,-6.1556051993374732],[106.71242709999004,-6.1556103995863474],[106.71316679940804,-6.1556314995156161],[106.71334729925117,-6.1556296993817643],[106.71358799956623,-6.1556156995529134],[106.71380559926602,-6.1555821999546998],[106.71400909948609,-6.1555170993579438],[106.71419489929501,-6.1554308993053537],[106.71428099947531,-6.1553869991575105],[106.71444269921041,-6.1552989992682123],[106.71474169930444,-6.1550754999850135],[106.71495229940085,-6.1549382993505199],[106.71521479960664,-6.1547792991363064],[106.71536459964679,-6.1546884998284028],[106.71558759974934,-6.1545705997125282],[106.71596279996947,-6.1543647000247974],[106.71614879914918,-6.1542645999542769],[106.71671689942511,-6.1539867994387265],[106.71682639933061,-6.1539352996700156],[106.71693029981734,-6.1538877992106569],[106.71715899949959,-6.1537815999834704],[106.71758639990681,-6.1535937996705741],[106.71821039963923,-6.1533149997973071],[106.71852619914979,-6.1531817999118905],[106.71873880003642,-6.1530959998035524],[106.71887280004027,-6.1530608000140541],[106.71940369985067,-6.1529882996447238],[106.71954599990462,-6.1529688996496228],[106.72032399940611,-6.1528815997322193],[106.72062879984512,-6.152842099388466],[106.72078489971422,-6.1528248998090627],[106.72089299973214,-6.1528161999868285],[106.72100779931793,-6.1528129997557865],[106.72121959932203,-6.1528121000291049],[106.72135439960186,-6.1528114999996291],[106.72163779951846,-6.1528313997534365],[106.7219335999098,-6.1528604996348291],[106.72220399936479,-6.1528868998769521],[106.72239859961731,-6.1529140996892746],[106.7226437995604,-6.1529663993158463],[106.72287149950367,-6.1530359997573445],[106.72318779917686,-6.1531357991717108],[106.72341319969374,-6.1532170992891944],[106.72393850000844,-6.153376099441707],[106.72421169970357,-6.1534538991830958],[106.72436819944505,-6.1534898999805758],[106.7254017999489,-6.1536919993210839],[106.7254928998011,-6.1537104991745846],[106.72576719930169,-6.1537650993209692],[106.72584779920059,-6.1537801997154782],[106.72623150002151,-6.1538659996905398],[106.72667789943019,-6.1539658995653994],[106.72683659919826,-6.1540088992570876],[106.72706779988505,-6.1540575996619076],[106.72713609939748,-6.1540712992075424],[106.72791179961615,-6.1542224995781636],[106.72799589934453,-6.1542450996574667],[106.72941369990691,-6.1545427995784046],[106.73015159969613,-6.1546959995694221],[106.73038579973988,-6.1547339998490216],[106.73069559976052,-6.1547841996975468],[106.73111829961663,-6.1548329996813065],[106.73144049932638,-6.1548468995908419],[106.73166529982571,-6.1548485999811229],[106.73207469966353,-6.1548456992062999],[106.73238449926701,-6.1548243995058991],[106.73259369971625,-6.1547950992166713],[106.73299339943381,-6.1547256994434525],[106.73351369918885,-6.1546310995842068],[106.73408559941518,-6.1545302995944846],[106.73441289949248,-6.1544877000139193],[106.73468509959824,-6.154472999957834],[106.73525369986912,-6.1544913991573598],[106.73570169938468,-6.1545127994772422],[106.73661089937104,-6.1545317000204109],[106.73728819923853,-6.1545302999733789],[106.73747059989634,-6.1545384998218271],[106.73753839951394,-6.1545409999259899],[106.7375861993051,-6.1545419999231141],[106.73789029940578,-6.1545690000041304],[106.73810559934851,-6.1545642996493539],[106.73832349969302,-6.1545596992429035],[106.73866950002423,-6.1545462994281666],[106.7389350995916,-6.154535699454013],[106.73918579950734,-6.1545422999906982],[106.73943929955527,-6.1545542994020348],[106.74240539954999,-6.1547417998956773],[106.74290799917742,-6.154789299518737],[106.74332999981698,-6.1548457993168189],[106.74372559923522,-6.1549141994778029],[106.74424229950894,-6.1549898993612677],[106.74471120002762,-6.1550390996158679],[106.7456136999276,-6.1550989998034371],[106.746486099736,-6.1551516999023761],[106.74779209977655,-6.1552906992332659],[106.74822569987715,-6.1553276991567403],[106.74942819979087,-6.1554331994320881],[106.74984189925762,-6.1554774996164143],[106.75029909916272,-6.1555297992324727],[106.75112829966669,-6.1556465996996943],[106.75123899993368,-6.1556640991639986],[106.7515042996824,-6.1557071994469137],[106.75223639933866,-6.1558312999234426],[106.75231689928481,-6.1558410000182784],[106.75346889931215,-6.1559365998079505],[106.7538727997961,-6.1559835998927523],[106.75437139956496,-6.1560672994643104],[106.75460689924158,-6.1561215997364345],[106.75477419940168,-6.1561811000173199],[106.7554162991883,-6.1564097994436073],[106.75613199920238,-6.1566174996104035],[106.75719629936552,-6.1569120999002296],[106.75771119992626,-6.1570571994918417],[106.75787879957743,-6.1571103998217849],[106.759582199492,-6.1576484995033844],[106.75973859957581,-6.1576934996544104],[106.75978719951267,-6.1576963991895015],[106.75983739921995,-6.1576824996051345],[106.75987159989184,-6.1577099994673619],[106.75990599927484,-6.1577308997738109],[106.76020479937083,-6.1578393999516097],[106.76149940002097,-6.1583108997137703],[106.76181849990827,-6.1583826996644975],[106.76197559976359,-6.1584096994155022],[106.76214029914593,-6.1584223993069385],[106.76247079974515,-6.1584213997165493],[106.76410269993796,-6.1583821992586314],[106.76458279934695,-6.1583046997971733],[106.76473169941566,-6.1582682000078766],[106.76510849942864,-6.1581542000043106],[106.76640270003038,-6.1576007996028181],[106.76661599950559,-6.1575321994119001],[106.76678830003732,-6.1575047993366798],[106.76691099994633,-6.1575067999940112],[106.7670873995791,-6.1575354993281195],[106.76718049994386,-6.1575728998794261],[106.76734749993422,-6.1576574991784812],[106.76744609956425,-6.1577194993003559],[106.76832589975527,-6.1583054995874722],[106.76851899935643,-6.1584607992257361],[106.76867390003102,-6.1586127993890925],[106.76873959998598,-6.1587021998137139],[106.76881669959791,-6.1588060992911888],[106.7688689991904,-6.1588941995694286],[106.76891999929509,-6.1590001992219054],[106.76899439943648,-6.1591801998809776],[106.76953619938602,-6.1606595993970048],[106.7696139996076,-6.1608381996955304],[106.76971659915999,-6.1609995993094282],[106.76981049981762,-6.1611048993957622],[106.76990299956876,-6.1611941997250224],[106.77004649918115,-6.1612921991459837],[106.77025639965564,-6.1613901995977347],[106.77183369951226,-6.1620115992276734],[106.77208739979937,-6.1621040994453571],[106.77214259955664,-6.1621110998444948],[106.772221299156,-6.1621169000111529],[106.77228149930507,-6.1621420998063101],[106.77234340004014,-6.1621692994605688],[106.77236229985587,-6.1621983998295029],[106.77239309993732,-6.1622329997649272],[106.77243469976604,-6.1622570000155799],[106.77512419967412,-6.1633093995973711],[106.77554889928048,-6.1634728993310386],[106.77596569979733,-6.1636318994511257],[106.77633929987807,-6.1637908993852868],[106.77689039922147,-6.1640021992857772],[106.77709959961686,-6.1640893998583026],[106.77723069998898,-6.1641435998180416],[106.77764219916392,-6.1643004992853339],[106.77825049946307,-6.1645407996148505],[106.77871870001181,-6.1647275996689235],[106.7789661994136,-6.1648204999690472],[106.77914129990126,-6.1648680992103655],[106.77925479916254,-6.1648960994256434],[106.77937830003991,-6.1649098992447193],[106.77957209985807,-6.1649086996439397],[106.78020139930618,-6.1648784998743835],[106.78059899961146,-6.1648597991879859],[106.7807702995164,-6.1648541000034713],[106.78092670001357,-6.1648570992004501],[106.78110849965034,-6.1648708999860293],[106.78133719983147,-6.1649145994346313],[106.78184249915056,-6.1650218992520704],[106.78285669918763,-6.1652348992654522],[106.78310159967654,-6.1652833992003764],[106.78373849993429,-6.1654170994772644],[106.78396659990318,-6.1654611993296831],[106.78459629954106,-6.1655828994827111],[106.78478939977178,-6.1656232995540794],[106.7850048998034,-6.1656979992846095],[106.78518579982708,-6.1657828993204715],[106.78546829916046,-6.1659324993552964],[106.78588709962169,-6.1662052999752444],[106.78610359971486,-6.1663265997786869],[106.78623539962305,-6.1663905998368032],[106.78636050000551,-6.166437699421417],[106.78651449932845,-6.1664795996976052],[106.78684749957988,-6.1665619997331049],[106.78748869999876,-6.1667019997988692],[106.78764319917298,-6.1667363995430851],[106.78774389937173,-6.1667515992933639],[106.78785309951613,-6.1667679992968703],[106.78791309936854,-6.1667719997271728],[106.78794349961605,-6.1667742992370052],[106.78805729979031,-6.1667827991938191],[106.78810719990713,-6.1667861996568663],[106.7888003997079,-6.1668458992746373],[106.78896649981189,-6.1668392997096841],[106.78948809993952,-6.1667947994741548],[106.78996169918439,-6.1667550994393956],[106.79053659923397,-6.1666931997064687],[106.79127350001812,-6.1666459993956524],[106.79284229999608,-6.1665157993000737],[106.79350479982151,-6.1664677993384318],[106.79475469934509,-6.1663770999352439],[106.7967533993011,-6.1662482000226317],[106.79727989998665,-6.1662141998240863],[106.7982956999449,-6.1661490993447732],[106.79851459950831,-6.1661211995568026],[106.79865359952049,-6.1661149995847815],[106.79916049998189,-6.1660714992656507],[106.79988259952177,-6.1659988999614948],[106.80029379946933,-6.1659747993440295],[106.8008176997369,-6.1659804992923091],[106.80166029956017,-6.1659972996450598],[106.80337649984209,-6.1660034994295527],[106.80427029921675,-6.1660153997549534],[106.80433939930366,-6.1660125996779467],[106.80441159942764,-6.1660050999839147],[106.80449009959626,-6.1660142991417395],[106.80479979964441,-6.1660111994735534],[106.80514800001687,-6.1660053995014179],[106.80535589978913,-6.166001999721491],[106.80559539921117,-6.1659893993883497],[106.80652750003333,-6.1659227995529626],[106.80744359956807,-6.16585619999102],[106.80783999994395,-6.1658322993972714],[106.80839179928491,-6.1657816995272245],[106.80951939920865,-6.1657070999967027],[106.8102952994075,-6.1656569993746313],[106.81035749928122,-6.165652999526702],[106.81038979964889,-6.1656519991602536],[106.81063939987229,-6.165632899222361],[106.81067469959599,-6.1656303000012223],[106.81073959978232,-6.1656254997738227],[106.81129239961227,-6.1655841994782765],[106.8120117992505,-6.1655294999631289],[106.81256049949579,-6.1654806995072899],[106.81322749961622,-6.1654261992752177],[106.81329579950524,-6.1654243999078204],[106.81340509996295,-6.1654200992846286],[106.81349829928989,-6.1654164999211805],[106.81350149966551,-6.1654168995285792],[106.8138446994199,-6.1654028992498997],[106.81535779974782,-6.1653332992620644],[106.81556799991019,-6.16531819941188],[106.81565089966709,-6.1653088995666447],[106.81569869960296,-6.165301699459051],[106.81581529979324,-6.1652841995779175],[106.81587499922126,-6.1652752997382585],[106.81664789947421,-6.1651475992343681],[106.81796479943038,-6.1649258999730252],[106.81837229961596,-6.164864399843994],[106.81879139983441,-6.1648074991801449],[106.81998419943906,-6.1646334992999607],[106.82009670914758,-6.1646167503435203],[106.82019992625634,-6.1646023767294089],[106.82024682922928,-6.1646095928131315],[106.8203063995569,-6.1646370996745308],[106.82037069956102,-6.1649756997960452],[106.82039289973163,-6.1651262997228065],[106.82040799916747,-6.1652024992458188],[106.82041969920603,-6.1652609993475593],[106.82044939942556,-6.1654133991746214],[106.82052529970935,-6.1657535997576831],[106.82060119984713,-6.166090799336664],[106.82071169968127,-6.166606299233198],[106.8207817997199,-6.1668707991636378],[106.82085609944092,-6.167149999287572],[106.82087679952926,-6.1672497994298148],[106.82088089970982,-6.1672771991685691],[106.82089469965646,-6.1673706999837528],[106.82092466156296,-6.1674180560165794],[106.82093309935674,-6.1674097991613266],[106.82095649970874,-6.1673922992906327],[106.82097019983172,-6.1673810994313518],[106.82100469997167,-6.1673636999522659],[106.82104729928945,-6.1673462999115296],[106.82110999920917,-6.1673432997906232],[106.82122309975149,-6.1673378000014587],[106.82128759974448,-6.1673396997720138],[106.82188549921608,-6.1673799995999516],[106.82229229974267,-6.1673729995062985],[106.82251099948607,-6.1673558992678696],[106.82282159967974,-6.1673125997195228],[106.82294139954269,-6.1672958992220579],[106.82355630001365,-6.167210099554576],[106.82509099976284,-6.1670966998428902],[106.82539059931234,-6.1670795997917436],[106.82551729952556,-6.1670864993884287],[106.82553820001995,-6.1670861999141362],[106.82557749920025,-6.1670887000042889],[106.82576179948569,-6.1671179992859813],[106.82665329956185,-6.1672745994828571],[106.82685769969846,-6.1673161994296981],[106.82746619932911,-6.1674313998851584],[106.82786569943687,-6.1675025999679844],[106.82819440000583,-6.1675691999667874],[106.82883879996933,-6.1677128997788646],[106.82929149965678,-6.167813299831824],[106.82996240003266,-6.1679991997770029],[106.83014309977277,-6.168031499841411],[106.83035359958599,-6.1680426998330358],[106.83057259996838,-6.1680481995570249],[106.83070509941591,-6.1680477993132561],[106.83096649947805,-6.1679920998082487],[106.83122369972941,-6.1679248999980203],[106.8314301999863,-6.1678660996667753],[106.83158619934784,-6.1678099991807311],[106.83161809974158,-6.1677930999151229],[106.83165049991709,-6.1677730994312707],[106.83168300003034,-6.1677429999068014],[106.83176119966062,-6.1676960992281407],[106.83182839968266,-6.1676358998361414],[106.83199619924493,-6.167501099352882],[106.83209709975822,-6.1674196996605311],[106.83219319932,-6.1673592995797888],[106.83230669954439,-6.1672959996294487],[106.83251779924025,-6.167182399408687],[106.83286349944858,-6.1669963992556491],[106.83314679981568,-6.166839399774223],[106.83316249941886,-6.1668309993467352],[106.83322449974598,-6.1667964998225839],[106.83332389948146,-6.1667395991461342],[106.83380639975729,-6.1664635000229033],[106.83393909938846,-6.1663942991352334],[106.83437709956607,-6.1661657992060999],[106.83442639986646,-6.1661405993088083],[106.83458599970183,-6.1661238000185161],[106.83471989991546,-6.1661347992956861],[106.83483069997143,-6.1661707997390289],[106.83497139923844,-6.1662882000004036],[106.83506119999244,-6.1664275994731952],[106.83511869969175,-6.1665405999174947],[106.83514369998167,-6.166593699805202],[106.8351764992635,-6.166669599505779],[106.83520879956775,-6.1667482993289848],[106.83524579921351,-6.1668355996960447],[106.83529399917522,-6.1669490995860965],[106.83540979959162,-6.1672439998568898],[106.83542199985962,-6.1672719997498238],[106.83561529974358,-6.1677474994258805],[106.83570689962946,-6.1679603996725838],[106.83571589944508,-6.1679813996442183],[106.8357553998265,-6.1680725991299328],[106.83578049982908,-6.1681456997432331],[106.83578069917135,-6.1682353999364476],[106.83576489937121,-6.1682957995983969],[106.83573519921904,-6.1683342993471193],[106.83566669988383,-6.168393499977106],[106.83494420003237,-6.1687671994909969],[106.83481139990884,-6.1688358992859529],[106.83464749943455,-6.1689239993915761],[106.83458210000786,-6.1689554999451071],[106.83447689984162,-6.1690101993651041],[106.83428589940422,-6.1691074995515898],[106.8339581995716,-6.1692670000205965],[106.83320929948006,-6.169636399940079]]},"properties":{"FID":2,"ID":"BRT_03","GEOM_ID":"BRT_03_REG","LINE":"3","NAME":"Kalideres - Pasar Baru","MODE":"BRT","CLASS":"Koridor Utama","STATUS":"Eksisting","COLOR":"#fbc71f","ROUTE_VAR":"REGULAR","SOURCE":"TransJakarta; RTRW DKI Jakarta","REMARK":"Tidak Ada","ALIGNMENT":" ","DIV_ID":" ","DIV_NOTE":" ","DIV_SRC":" ","VALID_FR":" ","VALID_TO":" "}},{"type":"Feature","id":3,"geometry":{"type":"MultiLineString","coordinates":[[[106.8444827995699,-6.2119840998056546],[106.84429089930427,-6.2119187993472469],[106.84426279933979,-6.211908499438441],[106.84453419951836,-6.2111829992799787],[106.84527559997338,-6.2093463994809817],[106.84528809978008,-6.2093165998573427],[106.84537929951813,-6.2090961992910767],[106.84538709949373,-6.2089327996333177],[106.84537509972597,-6.2088129999894974],[106.84534559996973,-6.2087036999392389],[106.84526689926901,-6.2085966998461117],[106.84513909941722,-6.2085175998225841],[106.84498559992966,-6.2084451996978549],[106.8430387991429,-6.2077872998538091],[106.84165129969051,-6.2073194996014047],[106.84148169954187,-6.2072802991444878],[106.84113089965456,-6.2071558991599503],[106.84101909997554,-6.2071159992844454],[106.84092470003134,-6.2070699999390584],[106.8397372993291,-6.2066698996782215],[106.83867369976872,-6.2062884993358081],[106.83862319933377,-6.2062703997016762],[106.83857009952618,-6.2062514998573866],[106.8381677993977,-6.2061077996841014],[106.8378764998198,-6.2059960992918937],[106.83714139949768,-6.2057000998142451],[106.83703809990482,-6.2056702997215334],[106.83484709932384,-6.2053648993012382],[106.83407609994072,-6.2052619997324383],[106.83395799925347,-6.205246199759137],[106.83384679967537,-6.2052317999248885],[106.83365039963536,-6.2052062998724269],[106.83338549925156,-6.2051673993386123],[106.83312519956081,-6.2051193994401475],[106.83288349918763,-6.2050651993204715],[106.83266049981472,-6.2050268992837179],[106.83218729939205,-6.2049699999596513],[106.8318971993487,-6.2049376994564724],[106.83162699973934,-6.2049075994107188],[106.83100639944479,-6.2048345991863672],[106.83068259928513,-6.204775799315656],[106.830216399542,-6.2046742991446981],[106.82998739926262,-6.204622899994269],[106.82990039950784,-6.204602499630421],[106.82766039952554,-6.2040943995459736],[106.82731469962272,-6.2040128995440069],[106.82710669958487,-6.203966599291328],[106.82626159928384,-6.203788799786591],[106.82545679962618,-6.2036166999240612],[106.82539289997226,-6.2036019994824789],[106.82532419999569,-6.2035870000262925],[106.82516309955997,-6.2035547997103961]],[[106.82516309955997,-6.2035547997103961],[106.82508869938772,-6.2035394997823827],[106.82502649918524,-6.2035268992614681],[106.82497279983642,-6.2035268998466169],[106.82492709978311,-6.2035244994038319],[106.82343819963342,-6.2031961995006712],[106.82320679960327,-6.2032481995111111],[106.82313269931291,-6.2033303999650169],[106.8230897996462,-6.2034842998905386],[106.8230690996777,-6.2038482997982651],[106.82305329945626,-6.2041063994229875],[106.82305219954338,-6.2041677994078572],[106.8230539997416,-6.2042551998166493],[106.82318929937605,-6.204283899999667],[106.82342249992348,-6.2043315997429476],[106.82373619994496,-6.2043981996868132],[106.82381409991586,-6.204418099926154],[106.82388919976222,-6.2044402991628029],[106.82412979968711,-6.2045191996368745],[106.82420890000878,-6.2045423995256206],[106.8242940999279,-6.2045645991645957],[106.82439099953945,-6.2045871997167339],[106.82476119925849,-6.2046640999716374],[106.82479019928434,-6.2046640994983102],[106.82481569960851,-6.2046607999937438],[106.8248438992872,-6.2046526999703211],[106.82486909966337,-6.2046388995187787],[106.82488869942961,-6.204622499875545],[106.82490739958502,-6.2046003998037298],[106.82492659923912,-6.204571699345534],[106.82500059991582,-6.204235599701688],[106.82509679961095,-6.2037932997498615],[106.82514339914854,-6.2035828997066398],[106.82515449990672,-6.2035639000202965],[106.82516309955997,-6.2035547997103961]],[[106.90870119944645,-6.1837498992196105],[106.90859099982367,-6.1838167994855526],[106.90827029947332,-6.1841129998006661],[106.90821400000743,-6.1841610993559541],[106.90797529935406,-6.1843858995405361],[106.90789319932611,-6.1844631993948882],[106.90772969929856,-6.1846061992683303],[106.90742649918928,-6.184844299303502],[106.90664259948056,-6.1854950996929006],[106.90662519961217,-6.1855136995980518],[106.90652969993522,-6.1856174996912028],[106.9064096999706,-6.1857432993931569],[106.9061318994186,-6.1860344998687049],[106.90606269942532,-6.186116299282105],[106.90588789975385,-6.1863183992596236],[106.90589459973381,-6.1863683991292131],[106.9058887999737,-6.1863991993712917],[106.9058763996959,-6.1864185995697181],[106.90585249998628,-6.1864581996038055],[106.90580119988311,-6.1865416996355904],[106.90577459989834,-6.1866155995408043],[106.9057489996141,-6.1867193991788518],[106.90574989954388,-6.1868038999153363],[106.90576309978957,-6.1869005993806319],[106.90578079966332,-6.1869946995815921],[106.90579899988597,-6.1870700995976913],[106.90583109962978,-6.1871826991284777],[106.9058392992244,-6.1872114998136638],[106.90586969949231,-6.1873421998639042],[106.90589629935562,-6.1874227992248061],[106.90593469964136,-6.1875391997027682],[106.90594939970617,-6.1875728991497558],[106.90601129970406,-6.1877356994826807],[106.90604379985808,-6.1878273993905255],[106.90608629931626,-6.1879584998918054],[106.90613189935641,-6.1880943992462614],[106.90634279953144,-6.1887469995936062],[106.90636579984954,-6.188820899526549],[106.90640209941273,-6.1889703996345657],[106.90641359952809,-6.1890609995161237],[106.90642159926779,-6.1891841996478512],[106.90641489958909,-6.1892209993367233],[106.90639669969647,-6.1892608999147498],[106.90639879966631,-6.1892841991221337],[106.90639799920348,-6.1893113992344935],[106.90639169931632,-6.1893762997634729],[106.90638329991867,-6.1894595997126247],[106.90635589979172,-6.1895972999963584],[106.9063348998086,-6.1897030993569073],[106.90620369939933,-6.1901500994903271],[106.90614679948237,-6.1903163995031036],[106.90613919919701,-6.190349199829317],[106.90609759964951,-6.1904925992508932],[106.90604389953603,-6.1906288994765104],[106.90603030001631,-6.1906807000237292],[106.90604129916403,-6.190718999397177],[106.9060421997583,-6.1907491996481623],[106.90599790000385,-6.1909724998242295],[106.90595489917092,-6.1911566997002874],[106.90580719992926,-6.1919067000079115],[106.90580129979202,-6.1919487995782525],[106.90578929939505,-6.1920038999041438],[106.90577559961935,-6.1920473999664329],[106.90576139974428,-6.192063299526068],[106.90574359922999,-6.1920777997666461],[106.9056095993617,-6.1921110992989252],[106.90549839951365,-6.1921371995821897],[106.90530989977424,-6.1921956995012097],[106.90516469955548,-6.1922353997443258],[106.90492169949397,-6.1923373996562008],[106.90484179968257,-6.192375899753527],[106.90466049969763,-6.1924632996118598],[106.90438630001597,-6.1926321997469884],[106.90409179929776,-6.1928010994244032],[106.90400389969409,-6.1928514994348722],[106.90340489950916,-6.193192899281029],[106.90309159995201,-6.1933502994439271],[106.90282739967631,-6.1934360993843773],[106.90249909961983,-6.1934936994912819],[106.90235579934489,-6.1935088992913121],[106.90216569962035,-6.1935179994114202],[106.90183539974259,-6.1935098991592037],[106.90153559967246,-6.1935068999063185],[106.90135769949666,-6.1935118991469214],[106.90078519967665,-6.1935135991776633],[106.90066739972411,-6.1935129996029445],[106.89968339989667,-6.1935079993278856],[106.89936909987796,-6.1934987995639998],[106.89910699985398,-6.1934943999550036],[106.89909859942679,-6.1934942998336675],[106.89900479986255,-6.193492699876348],[106.89856499955545,-6.1934964992260539],[106.89840859921338,-6.1935010995679161],[106.89798849984084,-6.1934952992275489],[106.89539159942808,-6.1934856998485612],[106.8935024995663,-6.1934780995373409],[106.89311079917434,-6.193471999546774],[106.89307100001764,-6.1934713992818065],[106.8927294995226,-6.1934662997563796],[106.89215119933283,-6.193459299750824],[106.89170179977629,-6.193453099821733],[106.89139289990902,-6.1934511995557937],[106.89136519938694,-6.1934520993927382],[106.89125500003189,-6.1934564994498382],[106.8911395994985,-6.1934595997882473],[106.8910173998417,-6.1934639991769078],[106.89098429931568,-6.1934650999735874],[106.89077299962145,-6.1934656994657127],[106.89073289938278,-6.1934652999123552],[106.89054179963324,-6.1934633996905841],[106.89043149963499,-6.193463399480545],[106.89037019915878,-6.1934552998326353],[106.89031459928816,-6.1934415995021848],[106.89030889997491,-6.1934401994033701],[106.89025289971221,-6.1934360997623781],[106.88973569980385,-6.1934336993535339],[106.88917809989169,-6.193430999286079],[106.8887492992821,-6.1934289991615898],[106.88851650002078,-6.1934289998071117],[106.88835769977635,-6.1934268997174033],[106.88802229985447,-6.1934249995883919],[106.88799919961741,-6.1934248991705676],[106.88774799944258,-6.1934226991834231],[106.88738529936336,-6.1934194998088925],[106.88726769949648,-6.1934184996072252],[106.88682679981207,-6.1934139994207751],[106.88664779971822,-6.1934121994119158],[106.88650489952909,-6.1934107998795325],[106.886390299205,-6.1934095998549914],[106.88636659974327,-6.1934101994948536],[106.8862343996833,-6.193413599911417],[106.88614089975226,-6.1934153997950698],[106.88601279919635,-6.1934171997190797],[106.8859443998785,-6.1934165993301926],[106.88585019983253,-6.1934145997288912],[106.88563969973001,-6.1933995996455957],[106.88550519934444,-6.1933769994569694],[106.88548739966001,-6.1933749000101015],[106.88542609923059,-6.1933675999316122],[106.88524669969712,-6.1933573995536308],[106.88492849972607,-6.1933391997002918],[106.88482439952344,-6.1933332993455084],[106.88437070001066,-6.1932909995916905],[106.88423929965501,-6.1932791998053727],[106.88414369947014,-6.1932708993584784],[106.88403179996698,-6.1932611992951321],[106.88397979987616,-6.193250699696244],[106.8838154998798,-6.1932357996903402],[106.88376099960726,-6.1932307998166669],[106.88368939931922,-6.1932227992211857],[106.88356929957149,-6.1932095992963845],[106.8830588995209,-6.1931532991696985],[106.88294919949107,-6.193141199595507],[106.8820277998957,-6.1930492997600419],[106.88193549944219,-6.193040099311137],[106.88147149955512,-6.1929959998622586],[106.88138009978348,-6.1929872997244528],[106.88065859978133,-6.1929145995097192],[106.88052169982575,-6.1928993996667669],[106.88040839994801,-6.1928869000032121],[106.88036269945894,-6.1928819996668425],[106.88012549956454,-6.192858499811229],[106.88004239960031,-6.1928502998484838],[106.8797792996574,-6.1928238997927636],[106.87953049917712,-6.1927989995486428],[106.8792027994923,-6.1927660993839577],[106.87895189963513,-6.1927404992416637],[106.87844419923232,-6.1926886992328578],[106.87831619954062,-6.1926756996116445],[106.87784250000004,-6.1926274991795331],[106.87774192791642,-6.1926165957926207],[106.87759529994139,-6.192600699924407],[106.87733149948917,-6.1925726998100528],[106.8770822997094,-6.1925462997791083],[106.87693669970162,-6.1925295999082017],[106.87666169959823,-6.1924980993188692],[106.87655149951343,-6.1924835995887371],[106.87613870000115,-6.1924290999199361],[106.8760429993323,-6.1924148996102915],[106.87571499921523,-6.1923662994741946],[106.87547629956231,-6.1923348995423382],[106.87543229986386,-6.1923298996159781],[106.8753731996394,-6.1923239991820704],[106.87523920000456,-6.1923106999080346],[106.87517519971715,-6.1923004994571365],[106.87512459938756,-6.1922946991499517],[106.87501329983468,-6.192281999509019],[106.87493039974561,-6.1922725999875787],[106.87460119945104,-6.1922348992492777],[106.87402189982373,-6.1921457992559716],[106.87356209928828,-6.1920703994422892],[106.87337859975133,-6.19204029993245],[106.87310309944678,-6.192002499905862],[106.87288819941534,-6.1919729993009005],[106.87259789971637,-6.1919430992568838],[106.87256129978175,-6.1919392998931331],[106.87236079954988,-6.191930799580283],[106.87206629994739,-6.1919183994271467],[106.87199669993737,-6.1919183999609162],[106.87169879914921,-6.191918399368495],[106.87167289936292,-6.1919183994117422],[106.87127819948302,-6.1919288999799891],[106.87086139928527,-6.1919636994968474],[106.87030879940653,-6.192022399461572],[106.87021699924918,-6.1920321994610354],[106.87007219936976,-6.1920472992242699],[106.86973519972662,-6.1920805996529094],[106.86928809991133,-6.1921247994589592],[106.86867859921819,-6.1921874993445307],[106.86856149982327,-6.1921995997330974],[106.86846059945344,-6.1922099993071802],[106.86818499946423,-6.1922382996104322],[106.86814569937997,-6.1922422996218023],[106.86766309918107,-6.1922908997770492],[106.86746069968478,-6.1923112992428155],[106.86714129987701,-6.1923430000112507],[106.8669376998069,-6.1923631991779171],[106.86689759923036,-6.1923671992072329],[106.86658739950752,-6.1923974993090347],[106.86622109932006,-6.1924405995701539],[106.8660545000223,-6.1924598997362699],[106.86571899916993,-6.1924986996916127],[106.8654684999081,-6.1925339998730369],[106.86534889976019,-6.1925497991488836],[106.86513409965107,-6.1925862991582781],[106.86486969922316,-6.1926414995714936],[106.86467929963425,-6.1926806993494097],[106.86458119961509,-6.1927008993711805],[106.86440969945369,-6.192740199908485],[106.86414459979181,-6.1928165994640345],[106.86388169988976,-6.1929050996294626],[106.86348129942996,-6.1930353998703813],[106.86317639952927,-6.1931505996110436],[106.86300459927645,-6.1932213997919874],[106.86270979975694,-6.1933587997483457],[106.8624577993474,-6.1934779996619875],[106.86220569960562,-6.1936103996076177],[106.86183179995925,-6.1938281995789977],[106.86165129961853,-6.1939362992873201],[106.86137959950776,-6.194102599475392],[106.86116639989905,-6.1942468996066431],[106.86107879967955,-6.1943048993981042],[106.8609938992002,-6.1943523996798673],[106.86090529955999,-6.1944118993403716],[106.86077529951763,-6.1944992991270151],[106.86039229964047,-6.1947657993113765],[106.86007399915144,-6.1949889992794658],[106.85990549942437,-6.1951063991736541],[106.85979469932778,-6.1951486999423739],[106.85938069982819,-6.1954380994793672],[106.85845129928163,-6.1960640995864047],[106.85811789941715,-6.1962903996791843],[106.85786869948817,-6.1964539996338379],[106.85772879991288,-6.1965397998382619],[106.85766219998817,-6.1965805991418312],[106.85759979977854,-6.1966204994528145],[106.8573395997384,-6.1967935998073411],[106.85723649920618,-6.196861499787194],[106.85704849989389,-6.1969853996163256],[106.85686689942804,-6.1971050997815906],[106.85640259928158,-6.1974218991928236],[106.85626149936337,-6.1974784999338839],[106.8559750998287,-6.1976538995585946],[106.85570089930559,-6.1978183992384777],[106.85562949992925,-6.1979072992556397],[106.85553489915031,-6.1979905996562437],[106.85517079963302,-6.198246599196751],[106.85459499998967,-6.1986847996483894],[106.85441069957068,-6.1988318993603517],[106.85415949987458,-6.1990444998469929],[106.8541297999862,-6.1990885992576077],[106.85412129979773,-6.199129599185432],[106.85411809946703,-6.1991602993700781],[106.85410279972496,-6.1991991992145472],[106.85407199921366,-6.1992359995761595],[106.85403199964344,-6.1992714993875735],[106.85395959919174,-6.1993299995405664],[106.85387969927518,-6.1993944997046224],[106.85380679966704,-6.1994533994240371],[106.85379369967256,-6.199463799684338],[106.85375099953563,-6.1994984997086204],[106.85366009938792,-6.1995719000051395],[106.85363049964127,-6.1995957992207869],[106.85317389968412,-6.1999645999480943],[106.85282449982577,-6.2002607994993957],[106.85237119919975,-6.2006544997578246],[106.85189749957249,-6.2010559998805581],[106.85178219941463,-6.2011522999816284],[106.85163099915093,-6.2012687997135405],[106.85143589978441,-6.2014042991650129],[106.85128679981563,-6.2014984994106559],[106.85113099923461,-6.2015904997127231],[106.85095769936169,-6.201682499639678],[106.85085389945948,-6.2017340993007259],[106.85071599965931,-6.2017956996515888],[106.85051719915384,-6.2018886999547993],[106.85043219972943,-6.2019346995106197],[106.85002179952835,-6.2022143994814254],[106.84981169952266,-6.2023559997848547],[106.84970619977167,-6.2024256993159286],[106.84965379955452,-6.2024624999406219],[106.84960449941423,-6.2025068991637715],[106.84956599913869,-6.2025527995575578],[106.84952059987108,-6.2026079998355543],[106.84950979917761,-6.2026256994480526],[106.84949089965261,-6.2026671995644813],[106.84947509939536,-6.2027113995364909],[106.84945049944463,-6.202800199993705],[106.84944279959268,-6.2028606999452292],[106.84942279994419,-6.2030030993348646],[106.84931409957085,-6.2036080992492098],[106.84929269916177,-6.203723699661567],[106.8492780998418,-6.2038070999120745],[106.84926179944699,-6.2039104998374404],[106.84920209972978,-6.2042296993853965],[106.84915009936685,-6.2045177996224581],[106.84909769929072,-6.2047987999759568],[106.84904459989139,-6.205101299234455],[106.84898989983128,-6.2054113999565716],[106.84894289966996,-6.205694699751354],[106.84890579932568,-6.2058832992011004],[106.84885709915147,-6.2061254999276754],[106.84884279996032,-6.2061801992345558],[106.84881189990961,-6.2062979992243257],[106.84871279952711,-6.2067736995556961],[106.84870419996361,-6.2068472000041179],[106.8487034997118,-6.2069616992249124],[106.84871179937517,-6.2070674997132809],[106.84873579955445,-6.2072040998979272],[106.84878099987759,-6.2074261995559903],[106.84885559935827,-6.2077778000032087],[106.84885659966943,-6.2078381999649617],[106.84884789998557,-6.2079050000137412],[106.84883819999175,-6.2079386000128753],[106.8488168997315,-6.2079963997466034],[106.84876659950493,-6.2080652999197232],[106.84858129971803,-6.2082289992802044],[106.84826769955976,-6.2084294994590508],[106.84790369952646,-6.2086193997031973],[106.84779579995023,-6.2086712992691044],[106.84762470000697,-6.2087285994284693],[106.84735339960935,-6.2088208995810392],[106.84721039991797,-6.2088655996753426],[106.84713999958279,-6.2088732993372],[106.84704689953355,-6.2088833992089043],[106.84692051619879,-6.2089098404404126],[106.84666316515467,-6.2088921797257486],[106.84541049964503,-6.2085575994480617],[106.84530479933255,-6.2085081992353253],[106.84521759956584,-6.2084753991312098],[106.84451209927937,-6.2082457993673801],[106.84297189935518,-6.2077184998055994],[106.84255009956451,-6.2075749999415883],[106.84209369946973,-6.2074213993992631],[106.84173629918365,-6.2073033999391809],[106.84164489934324,-6.2072697999891453],[106.84156089935777,-6.2072336995710176],[106.84143609962371,-6.2071914996183741],[106.84115249948582,-6.207091999856682],[106.84108509978137,-6.2070682992036792],[106.84103029930964,-6.207050899255079],[106.84096799918086,-6.2070363997241866],[106.84092480000612,-6.2070248997861235],[106.84008789919221,-6.2067458996304969],[106.83975019960479,-6.2066319991940295],[106.83962669952797,-6.2065904000037273],[106.83878609984691,-6.2062850998727885],[106.83868759953663,-6.2062482997035957],[106.8386306995028,-6.2062269998447732],[106.83858379963942,-6.2062099998238365],[106.83853159970204,-6.2061910995595939],[106.8379793994128,-6.2059891995110696],[106.83789659940419,-6.2059553998393504],[106.83732979998365,-6.2057239996273026],[106.83718849953743,-6.2056744994217752],[106.83709199921361,-6.2056492996596813],[106.836688999351,-6.2055845995239425],[106.83624729979334,-6.2055237991322008],[106.83580519945019,-6.2054571000291441],[106.83519739920325,-6.2053752992997664],[106.83491029970173,-6.2053322992703688],[106.83485379951287,-6.2053238991350055],[106.83424259939443,-6.2052331993182328],[106.83408259984805,-6.2052113997796186],[106.83396459932169,-6.2051952992727095],[106.83385119993721,-6.2051798998118075],[106.83359669954916,-6.2051328999746218],[106.83339579963433,-6.2050959993514461],[106.83314719987277,-6.2050502998361088],[106.83266769996044,-6.2049780998007131],[106.83219019952196,-6.2049304993736358],[106.83159529935534,-6.2048654996563721],[106.83120779945011,-6.2048179992689283],[106.83086589918645,-6.2047712993407265],[106.83039299950082,-6.2046737999491386],[106.82998889926648,-6.2045794999949111],[106.82994459999219,-6.204570399791467],[106.82990139996213,-6.2045619992290462],[106.82982749930392,-6.2045445997403021],[106.82880609954771,-6.2043141998416811],[106.82767129920421,-6.2040487997572802],[106.82732449993955,-6.2039718000010549],[106.82712199928488,-6.2039251995786868],[106.82655079942538,-6.2038079998752069],[106.82556969971102,-6.2035951992198699],[106.82548519943276,-6.2035803998190886],[106.82534989934487,-6.2035535998751374],[106.82533939920455,-6.2035517996886229],[106.82530819974676,-6.2035458998824948],[106.82522399968047,-6.20352959937407],[106.82519439915825,-6.2035343994706347],[106.82517229942181,-6.2035449993103322],[106.82516309955997,-6.2035547997103961]],[[106.90870119944645,-6.1837498992196105],[106.90863699921681,-6.1838592993342454],[106.9083223999146,-6.1841701997533391],[106.90820499957965,-6.1842782991392413],[106.90795419970175,-6.1845106995312511],[106.90793629916465,-6.1845256991913349],[106.90770379917581,-6.1847204996359988],[106.90712319931572,-6.1852045995287863],[106.90685519963853,-6.1854279993022487],[106.90676169983556,-6.1855128000076913],[106.90669639926972,-6.1855774991429966],[106.90659699928761,-6.1856849993973873],[106.90622169946369,-6.1861040996364567],[106.9061536992856,-6.18617759932732],[106.90601789919157,-6.1863504995982845],[106.90596889973727,-6.1863869999357295],[106.90594159915025,-6.186411599941378],[106.90590999995874,-6.1864474998654897],[106.90586499994026,-6.1865119995262097],[106.90583759936976,-6.1865618993572351],[106.9058013993735,-6.1866593999646318],[106.90579149984467,-6.1867579996368178],[106.90579909955289,-6.1868699999664605],[106.90582119950426,-6.1869848993433676],[106.90584449993838,-6.1870636995799355],[106.90588039948483,-6.1871689999574055],[106.90588989948316,-6.187196899971636],[106.90595919952051,-6.1874048994412725],[106.90599399952549,-6.1875093999672686],[106.9060622994491,-6.187765499276165],[106.90614419938748,-6.1880245993719472],[106.90623589933091,-6.1882961991458316],[106.90638859937394,-6.1887689999568307],[106.90642309972941,-6.1888976996972369],[106.90644049945053,-6.1889646994982908],[106.9064510995633,-6.1890302997051014],[106.9064624997547,-6.1891151993817672],[106.9064712998819,-6.189194799322487],[106.90648870002491,-6.1892540995137351],[106.906483699398,-6.1893008991434106],[106.90648309955213,-6.1893066995069201],[106.90646909978261,-6.1893871995744121],[106.90642489946987,-6.189606199293908],[106.90640229937452,-6.1897184996946137],[106.90624419998375,-6.190268099857974],[106.9062223995021,-6.1903433993495547],[106.90617749972438,-6.1905023996918738],[106.90616799927631,-6.1905451993295024],[106.90614819950326,-6.1906528994006793],[106.90613479959097,-6.1907066991740267],[106.9061067998208,-6.1907300992644343],[106.90609539980034,-6.1907545997331637],[106.90598869925861,-6.1911736998778872],[106.90584249987143,-6.1919521994144011],[106.90582049948114,-6.1920543994267492],[106.9057926999979,-6.1921046994926252],[106.90573569977556,-6.1921475992299886],[106.90567859933384,-6.1921748994014312],[106.90562239935321,-6.192191299717245],[106.90553429916753,-6.1922143994016183],[106.90532869915995,-6.1922634998970301],[106.90519559927986,-6.1922999000094592],[106.90489309941898,-6.1924332998700669],[106.90487880002956,-6.1924400996709288],[106.90468940004229,-6.1925302997929688],[106.9041130995713,-6.1928525993281989],[106.90403189990798,-6.1928979998440923],[106.90343029965322,-6.1932394000205511],[106.9032070999948,-6.1933494999062262],[106.90305709951554,-6.1934149992466763],[106.90288409917031,-6.1934707992277254],[106.90262329960399,-6.1935243996856046],[106.90231879997901,-6.1935556998323609],[106.90209419987627,-6.1935689994948531],[106.90184729954052,-6.1935721993585284],[106.90152999989402,-6.1935688993897937],[106.90092479978392,-6.1935665993792171],[106.90066889920479,-6.1935636999995127],[106.90049229997123,-6.1935603997505924],[106.90004829941688,-6.1935642994814009],[106.89910009957538,-6.1935608995240079],[106.89892819954184,-6.1935602997630701],[106.89797239919432,-6.1935504992881638],[106.89339319978905,-6.1935335997210865],[106.89310959916321,-6.193541399297426],[106.89291969975062,-6.1935395996359892],[106.89170609953754,-6.1935249998510313],[106.89139189941403,-6.1935190995921516],[106.89136419965439,-6.1935191992623118],[106.89126249962573,-6.1935194994778211],[106.89114419952534,-6.193514099479553],[106.89109419951768,-6.1935131999984572],[106.89101749942745,-6.1935132998312969],[106.89074099994957,-6.193513899375886],[106.89053719938045,-6.1935151998811131],[106.89043209930867,-6.1935158999362452],[106.88996479960008,-6.1935124991659851],[106.88946199924015,-6.1935087994916742],[106.88857809914481,-6.1935022999445533],[106.88851299979899,-6.1935015995373464],[106.88836609987885,-6.1935000999329732],[106.8880199995761,-6.193496399790213],[106.88639529963888,-6.1934792996776267],[106.88636539997339,-6.1934788996854806],[106.88624129985385,-6.1934773997811075],[106.88612749958031,-6.1934704998473142],[106.88600929932198,-6.193467599188403],[106.88587900000437,-6.1934602994571772],[106.88529149969656,-6.1934272997550073],[106.88493349923812,-6.1933788991899519],[106.88489439966514,-6.1933735996930155],[106.88461259928494,-6.1933485995328388],[106.88436889935576,-6.1933329998873905],[106.88425259991209,-6.1933290993226304],[106.88415099998696,-6.193329199801898],[106.88411089987159,-6.1933275999421626],[106.88402689921213,-6.1933249995946742],[106.88397439935807,-6.1933220992974105],[106.883809999542,-6.1933052991396886],[106.88368589933935,-6.1932925998850763],[106.8836048995455,-6.1932842999324347],[106.88356759949778,-6.193280499344108],[106.88224349914452,-6.1931447997881133],[106.88157959953492,-6.1930766993780786],[106.88110999944507,-6.19302859964069],[106.88054209954129,-6.192970399605481],[106.88051929931862,-6.1929682996258162],[106.88039449970495,-6.1929565993017359],[106.8801189991425,-6.1929306999831573],[106.87988290002016,-6.1929085993571062],[106.87977349997897,-6.1928973000061065],[106.87908019946542,-6.1928255997713038],[106.87843799969119,-6.1927596994886516],[106.8777349995666,-6.1926876999076006],[106.87741549968138,-6.192654899758689],[106.8769695997438,-6.1926102999176962],[106.87667899973945,-6.1925812993540603],[106.87618509947123,-6.1925116998134451],[106.8759848994161,-6.1924737996838495],[106.87578499983317,-6.1924403992648003],[106.87564269938565,-6.1924165997288521],[106.87556569975163,-6.192407999521663],[106.87542109957536,-6.1923920000055546],[106.87536259973888,-6.1923864997998033],[106.87522489975754,-6.1923734993133559],[106.87516449944007,-6.19236809983152],[106.87511359931506,-6.192362599859397],[106.87499889971451,-6.1923502992115038],[106.87491909943645,-6.1923393996023552],[106.87415669976008,-6.192229499470109],[106.87401119933719,-6.1922097993257328],[106.87354689946807,-6.1921463999171946],[106.87320099953484,-6.1920990999988206],[106.87299629914963,-6.1920710995926189],[106.87257889943004,-6.1920140996451769],[106.87208459998652,-6.1919919996494777],[106.8716331992598,-6.1919962991590287],[106.87149279983169,-6.1919976994474757],[106.87120519991237,-6.1920153998993968],[106.87091039946802,-6.1920335993671127],[106.87087369962984,-6.1920370994489629],[106.87043459927469,-6.1920794998387176],[106.87030829977653,-6.1920916999346742],[106.87008049933951,-6.1921132992831041],[106.86966289973304,-6.1921546992405165],[106.86963409957792,-6.1921576994382059],[106.86927269980436,-6.1921948992975357],[106.86908299924931,-6.1922144996432795],[106.86889830000058,-6.1922332993182785],[106.86868139959125,-6.1922554998395158],[106.86856769987975,-6.1922671000186273],[106.86846459997264,-6.1922775995674373],[106.86815399993969,-6.1923092997717548],[106.86757749963601,-6.1923681996782465],[106.8669987998386,-6.1924272993225093],[106.86656999935724,-6.1924710998607067],[106.86640489915493,-6.1924878993974026],[106.86605099987457,-6.1925238999231187],[106.86548569947428,-6.1925987998014893],[106.86542559975175,-6.1926090996764698],[106.8651125991496,-6.192662899662194],[106.86494709979939,-6.1926913999349154],[106.86469689952253,-6.1927524996987211],[106.86460029939946,-6.1927760995003993],[106.86459809946285,-6.1927765999973801],[106.86442939984147,-6.1928186999176678],[106.86415939997386,-6.192883799406391],[106.86381519988163,-6.1929884992494006],[106.86325179921204,-6.1931881999131555],[106.86272219992566,-6.1934222993591046],[106.86249519983778,-6.1935314992490982],[106.86226009917311,-6.1936537997908143],[106.86190879999867,-6.1938449997698468],[106.86150629930529,-6.1940933998876702],[106.86094969956901,-6.194471999256395],[106.86084289919228,-6.1945446992592181],[106.85988269960632,-6.1951867999184769],[106.8598379991866,-6.1952209999994299],[106.85977409997304,-6.1952769997312229],[106.85938619992424,-6.1955350998759444],[106.85849659952572,-6.1961269000246419],[106.85829359927129,-6.19626429935016],[106.85816249994502,-6.196352299347831],[106.85794909990693,-6.196492299227887],[106.8577685993431,-6.1966106991805017],[106.85772739931662,-6.1966388995625161],[106.8576356997952,-6.1967016999780578],[106.85732959980612,-6.1969083996374428],[106.85717269916859,-6.197087299915502],[106.85710709925053,-6.1971311996481999],[106.85661069950345,-6.1974634995270934],[106.85637609997718,-6.197620599477605],[106.8563527992693,-6.1976361991467561],[106.85624059973452,-6.1977376995790259],[106.85610579990953,-6.1978690991939995],[106.85564389977094,-6.1981860996241966],[106.85526109916088,-6.1984649992620593],[106.85499519990572,-6.1986682997303486],[106.85485659990633,-6.1987741998174775],[106.85457219930373,-6.1990013000036583],[106.85424599964227,-6.1992616991674421],[106.85420020003784,-6.1992987997560407],[106.85413129995521,-6.1993529992483278],[106.85405499970216,-6.1994123991349239],[106.85397829969423,-6.1994721991466131],[106.85391789934903,-6.1995276998177911],[106.85388829979797,-6.1995575999486023],[106.85385149985387,-6.1995903995924033],[106.85378679990771,-6.1996458999269564],[106.85369109932407,-6.1997279996699532],[106.85361909930481,-6.1997914993139096],[106.85346509964853,-6.1999277993925261],[106.85341559984624,-6.199969699505238],[106.85332059936678,-6.2000499992989884],[106.85321789955543,-6.2001346994355817],[106.85306609916432,-6.2002599998871766],[106.85291409949605,-6.20038879920856],[106.85271239974242,-6.200558599649348],[106.85213869959034,-6.2010472996157002],[106.8518628991456,-6.2012621998641677],[106.85181229949228,-6.201285699548869],[106.8517223997664,-6.2013155997138423],[106.85164499989406,-6.2013652997992406],[106.85140829930481,-6.2015229998452224],[106.85132599979022,-6.2015718996612526],[106.85100190001032,-6.2017514999800545],[106.85091999924418,-6.2017841994067426],[106.85083079999742,-6.2018175997295648],[106.85074589992325,-6.2018412996502619],[106.85070439937431,-6.2018542999945865],[106.85063869964188,-6.2018802999183968],[106.85058389938069,-6.2019057997329163],[106.85052929975615,-6.2019364995798663],[106.85040829997723,-6.2020162000252945],[106.85009099992237,-6.2022268992530458],[106.84972059975689,-6.2024755994532894],[106.8496561997265,-6.2025232991572414],[106.8496324994988,-6.2025438991541337],[106.84961009994134,-6.2025669991411903],[106.84959029945639,-6.202590299814057],[106.8495806992758,-6.2026024997392142],[106.84954619915948,-6.2026570995733978],[106.84953010002732,-6.2026914994771118],[106.84952159998841,-6.2027157995750644],[106.84950599980345,-6.2027766996224027],[106.8494757998418,-6.2029104998838438],[106.84933369969946,-6.2037309995576964],[106.84931829921078,-6.2038141991682716],[106.84924220000596,-6.2042404997180327],[106.84900959962897,-6.2055656996637873],[106.84894459995098,-6.2059485997215846],[106.84892539971474,-6.2061292993840862],[106.8489221995157,-6.2061841995286011],[106.84890569963795,-6.2063202992005087],[106.84890909937354,-6.206664599501031],[106.84888579953241,-6.2068111994485022],[106.84887429940619,-6.2068837995333936],[106.84886069946901,-6.2069731999547404],[106.84885059952893,-6.2070687997439222],[106.84884569972485,-6.2071694998335882],[106.84884889954532,-6.2072890993620113],[106.84885999997255,-6.2074111993312604],[106.84886139934173,-6.2074564992927295],[106.84891099945025,-6.2077494996911451],[106.84891860000442,-6.2078775992376869],[106.84890790002999,-6.2079443999483681],[106.84888919986787,-6.2079930992467158],[106.84885139966775,-6.2080659991681841],[106.84873479917366,-6.2081835000069532],[106.84861569931661,-6.2082731993438731],[106.84831669950626,-6.2085011992860988],[106.84828959944008,-6.2085171999607454],[106.84815389968907,-6.2086034996960446],[106.84812249953939,-6.20861989965164],[106.8480409994616,-6.2086720000104307],[106.84793849979951,-6.2087424992647575],[106.84790149961617,-6.2087551999448518],[106.84787059933024,-6.2087638992001617],[106.84783739976234,-6.2087733994323395],[106.8474906992825,-6.2088899991949837],[106.84739499949944,-6.2089289998241313],[106.84735509991287,-6.208945299219522],[106.84724559996812,-6.2089815993458037],[106.84717879956452,-6.208995399498118],[106.84710749975511,-6.2089956999155964],[106.84701559923855,-6.2089867991379579],[106.84692559989634,-6.2089745996504391],[106.84687579934865,-6.2089660998271974],[106.8467561996967,-6.2089687993400791],[106.84663541171994,-6.2089703935674896],[106.84647649948118,-6.2089354000126571],[106.84635087443837,-6.2089087785493069],[106.84626429980915,-6.2088930995233298],[106.84614559939553,-6.208874099451573],[106.84602040003642,-6.2088967994387243],[106.84591140003198,-6.2089404999567899],[106.84581949997181,-6.2090009998451547],[106.84574429974037,-6.2090676991904896],[106.84568499997079,-6.209130799652776],[106.84561899914735,-6.2092138991735615],[106.84553219957377,-6.2093385994743313],[106.84550839987503,-6.2094059992818504],[106.84534539939983,-6.2098761994993295],[106.84464469915252,-6.2118782995317394],[106.84460479917868,-6.2119264995265047],[106.84455959950395,-6.2119679991587962],[106.84450369914509,-6.2119913994772071]],[[106.90870119944645,-6.1837498992196105],[106.9088144993089,-6.1836438994525826]],[[106.9088144993089,-6.1836438994525826],[106.90903869986181,-6.1834571997916958],[106.90943379955149,-6.1831280999599647],[106.90947949941454,-6.1830903997845379],[106.90952519942618,-6.1829479993124856],[106.90988639945516,-6.1826554992637686],[106.90991759966596,-6.1826089997358107],[106.90993670002388,-6.1825703996977417],[106.90995069995091,-6.182510199297842],[106.90994599916627,-6.1824677997547601],[106.90992089978062,-6.1824372995728183],[106.90989999991319,-6.1824227991848471],[106.90987339957934,-6.1824082993871414],[106.9098069993143,-6.1823709993821598],[106.90902699927784,-6.1819984994860961],[106.90886259981062,-6.1819203997728298],[106.90884999982507,-6.1820074994154126],[106.90882390000212,-6.1821574992162063],[106.90878669919402,-6.1822996991598966],[106.90874569970435,-6.1823839994557996],[106.90872119977655,-6.1824359991250013],[106.90870269993684,-6.1824533996025917],[106.90861019916696,-6.1825119995665947],[106.90861169924864,-6.1825813999108092],[106.90862229978114,-6.1826604996430161],[106.90869330000271,-6.1831818991848788],[106.90872279935587,-6.1833789998617075],[106.90872979969856,-6.1834043998193877],[106.90871029924523,-6.1835150995146932],[106.90878289965428,-6.1836019997602394],[106.9088144993089,-6.1836438994525826]]]},"properties":{"FID":3,"ID":"BRT_04","GEOM_ID":"BRT_04_REG","LINE":"4","NAME":"Pulo Gadung - Galunggung","MODE":"BRT","CLASS":"Koridor Utama","STATUS":"Eksisting","COLOR":"#502d5f","ROUTE_VAR":"REGULAR","SOURCE":"TransJakarta; RTRW DKI Jakarta","REMARK":"Tidak Ada","ALIGNMENT":" ","DIV_ID":" ","DIV_NOTE":" ","DIV_SRC":" ","VALID_FR":" ","VALID_TO":" "}},{"type":"Feature","id":4,"geometry":{"type":"MultiLineString","coordinates":[[[106.83064709934418,-6.1295617993750087],[106.83068719958513,-6.1296291996392522],[106.83071239927531,-6.129667799527228],[106.83073839927246,-6.1297084997841553],[106.8308002992743,-6.1298007997341646],[106.83083949940298,-6.1298497995046306],[106.83087519931279,-6.1299258993580139],[106.83093509971643,-6.1301917992714978],[106.83097859963154,-6.1303916999028525],[106.83101009916894,-6.1305517991332481],[106.83104289942233,-6.130709999664524],[106.83106779970082,-6.1308376995819964],[106.83113909934447,-6.1312744998289457],[106.83118239969465,-6.131494199753126],[106.83118719979974,-6.1315271992346574],[106.83116769964442,-6.1315708000174407],[106.83118459982987,-6.1316576993065164],[106.83121959975186,-6.1318393998690448],[106.83123659926298,-6.1319230998437106],[106.83125039928058,-6.1319779992777317],[106.83131729929814,-6.1322085996672939],[106.83132319949986,-6.132250799861235],[106.83146019948013,-6.1327598999297432],[106.83160959937939,-6.1334126992790639],[106.83168279973519,-6.1337085999378447],[106.83188459999332,-6.1345248994850881],[106.83192899975424,-6.134706499887093],[106.83194790002192,-6.134781399289075],[106.83198439915176,-6.1349177999788811],[106.83202819982193,-6.1350778993643571],[106.83204509944891,-6.1351377999509999],[106.83206859954821,-6.1352279993775021],[106.83214989955955,-6.13557579963188],[106.832215499942,-6.1358560992139433],[106.83234109921781,-6.1364454999868228],[106.83241349995816,-6.1367853991408197],[106.8324432993759,-6.1369191996488839],[106.83246969943607,-6.137037399439409],[106.83250250003204,-6.1371915995434732],[106.83263939984818,-6.1378354992081112],[106.83269839939719,-6.1381448993422767],[106.83271209958923,-6.138216699763908],[106.83273039957002,-6.1383124992484577],[106.83281819920296,-6.1386749000145713],[106.83285999938111,-6.1388472991255627],[106.8329777996495,-6.1393175995049614],[106.83298069965473,-6.1393305997032375],[106.83308689927895,-6.1398143992339316],[106.83315239984178,-6.1400998995043432],[106.8333119993259,-6.1408810996762027],[106.83347399993175,-6.1416741993541502],[106.83348159934604,-6.1417077994568476],[106.83349889940096,-6.1417543999399413],[106.83352319927577,-6.1418446994567093],[106.83362059921802,-6.1422448991675207],[106.83371209936649,-6.1426521996024315],[106.83392959993803,-6.1436617000161844],[106.83409069945775,-6.1444007994656387],[106.83413309966976,-6.1445899992532453],[106.83423279999907,-6.145010699956428],[106.8343032995852,-6.1453429995994844],[106.83432859997841,-6.1455648994884529],[106.83433419961979,-6.1456881992844918],[106.8343379996995,-6.1458963997034308],[106.83432879952484,-6.1461763997682857],[106.83432699963159,-6.1465000992458965],[106.8343221993658,-6.1467309000047781],[106.83431889962732,-6.1468883998722319],[106.83432289985791,-6.1471293993119493],[106.83433899915711,-6.1473044991946262],[106.83438239969082,-6.1475080997683902],[106.83466889935808,-6.1485847994544818],[106.83470759980128,-6.1487258998775278],[106.83479009968835,-6.1489854997000704],[106.83484110003302,-6.149151699227402],[106.83486309951199,-6.1492323995848333],[106.83492669948809,-6.1493943993388305],[106.83508059921286,-6.1499417999903354],[106.83515559963895,-6.1502587995583982],[106.83542710002843,-6.1513374996855594],[106.83705989944853,-6.1577874994136872],[106.83729999949365,-6.1587657994428557],[106.83734359941344,-6.1589483999751522],[106.83735799974662,-6.1590085996990549],[106.83736300000807,-6.1590295998877496],[106.83737379930429,-6.1590747991873682],[106.83737669991989,-6.1590862992690747],[106.83737949944199,-6.159097299695504],[106.83738399999453,-6.159120099999627],[106.83740419950763,-6.1591871993482243],[106.83742099917487,-6.1592428997891195],[106.83746999999175,-6.1594499991353269],[106.83746989957689,-6.1594538991605221],[106.83818139953404,-6.1623240996262227],[106.83828129984394,-6.1627192991610968],[106.83834029975441,-6.1630074993083381],[106.83834700002305,-6.1630430995486201],[106.83848559960732,-6.163597699715746],[106.83849029972362,-6.1636164992517894],[106.83851819925802,-6.1637165993693284],[106.83855059997148,-6.1638175998757179],[106.83860639979314,-6.163977599841771],[106.83868619949374,-6.1642757996193227],[106.8386925996861,-6.1642977000094801],[106.83876560001248,-6.1645996999173498],[106.83881429997733,-6.1647863999913595],[106.83910629933675,-6.1660082998441172],[106.83941919979513,-6.1673172995736261],[106.83956969940704,-6.1678955992727857],[106.83958519915123,-6.1679552994877929],[106.83960549966919,-6.1680322997469466],[106.83961969972017,-6.1680933995803526],[106.83964850004024,-6.1682079992355066],[106.83970659929743,-6.168455499869399],[106.84001689953556,-6.169674599546255],[106.84002359932228,-6.1697007999665736],[106.84006449988185,-6.169865299429099],[106.84007129922976,-6.1698925998778424],[106.84024549935106,-6.1706226999737073],[106.84041389922002,-6.1712846999319204],[106.8409046992936,-6.1731892992885626],[106.84105939938975,-6.1737940000081934],[106.84117329947448,-6.1742414995167341],[106.84133109978596,-6.1747801995126848],[106.84135759976998,-6.1748747993871556],[106.84148089936652,-6.1753869999615425],[106.8415382995025,-6.1755456995386497],[106.84155729928767,-6.1755879994039544],[106.84157809952323,-6.175642299468775],[106.84158229941555,-6.1756534993114673],[106.84165059946602,-6.1758087994325424],[106.84169629933619,-6.1759888995027863],[106.84181489959084,-6.1765659999768614],[106.84205139964233,-6.1776073992036675],[106.8421223996495,-6.177938499521952],[106.84216049979709,-6.1781050994378504],[106.84217289950914,-6.1781612992459953],[106.84218919996991,-6.1782343997785167],[106.8422117000014,-6.1783106994780725],[106.84222529981417,-6.1783682992955207],[106.84225319949171,-6.178526299731903],[106.84226299964625,-6.1785781992840434],[106.84227000002257,-6.1786245994492068],[106.84228099940647,-6.1787909993655639],[106.8422913999979,-6.1788884993655087],[106.84230609922498,-6.1790251999659889],[106.84273819976464,-6.1809290995629933],[106.84292539954008,-6.1817521999156373],[106.84296019959437,-6.1819245995092702],[106.84296819937916,-6.1820638992053665],[106.84296580003765,-6.1822846993983607],[106.84298149967165,-6.1824048999145083],[106.84301629929008,-6.1825606999057507],[106.84313869941819,-6.1829975995501432],[106.84314659917158,-6.1830257992943052],[106.84322829959892,-6.183237299521215],[106.84332139968397,-6.1834380991529532],[106.84333200003796,-6.1834540995603238],[106.8435476995238,-6.1837810994245261],[106.84363809923514,-6.1839181998962136],[106.84396759966013,-6.1844340996675564],[106.84401689998872,-6.1845147997935834],[106.84404799953282,-6.184568099974654],[106.84412649992385,-6.1847029992626421],[106.84421909987654,-6.1848619998271079],[106.84430879949478,-6.1850135998860827],[106.84450129933897,-6.1853377997711183],[106.84485459968437,-6.1859712991868347],[106.84495739979994,-6.1861429992119863],[106.84507689975872,-6.1863632997027862],[106.84551469994157,-6.1871183995736398],[106.84556799949483,-6.1872102998548026],[106.84585879967041,-6.1877117991314803],[106.84598609930737,-6.1879313993782343],[106.84612049935046,-6.1881616991669883],[106.84645309983992,-6.1887369000165018],[106.84658739999094,-6.1889754992292323],[106.84663519967305,-6.1890592999320706],[106.84677089925066,-6.1892967992332544],[106.84693519922246,-6.189583399914885],[106.84712470001897,-6.1899138994483174],[106.84724839926398,-6.1901356996732027],[106.84757679973347,-6.1907243992747629],[106.84765139934919,-6.1908631998682555],[106.8477705997301,-6.1910864992271728],[106.8482620995823,-6.1920237996927581],[106.84844099966404,-6.1923649997543633],[106.8485042999238,-6.1924802995760162],[106.84858949935213,-6.1926356995447778],[106.84868689949157,-6.1928132993759428],[106.84884169976631,-6.193119199617537],[106.84895909972865,-6.1933408997843369],[106.84921690003326,-6.1938405997186665],[106.84939789975358,-6.1941914997452727],[106.84978689979427,-6.1949539992652847],[106.8499673997393,-6.1952910994760453],[106.84999819943118,-6.1953491992638492],[106.85004369993136,-6.1954297993707312],[106.85016749952145,-6.195650499229215],[106.85019019931268,-6.1956871995244756],[106.85031539923628,-6.195889699977803],[106.85056289967517,-6.196210799206999],[106.85065689955159,-6.1963221992845234],[106.85080939999087,-6.1964879992516657],[106.85087019936832,-6.1965458992860603],[106.85106109990697,-6.1967275994845208],[106.85126509966935,-6.1969216996204439],[106.85147099949765,-6.1971175995067904],[106.85206849970788,-6.1976817993191506],[106.85217419955822,-6.1977834998329326],[106.85239459961537,-6.1979956993345624],[106.85303719950932,-6.1985926991945544],[106.8534545995625,-6.198978499690794],[106.85351539944536,-6.1990368992439562],[106.85376489970132,-6.1992895991888846],[106.8538294996676,-6.1993549998671593],[106.85387969927517,-6.1993944997046384],[106.85397829969419,-6.1994721991466646],[106.85400949917927,-6.1995027997888439],[106.85438299987868,-6.1998640998885337],[106.85439559996894,-6.1998755992027066],[106.85447059952014,-6.1999540998946854],[106.85458219922478,-6.2000687998018762],[106.85479949918658,-6.2002919995332615],[106.85486839977843,-6.2003627999640161],[106.85547379954531,-6.2009692997046972],[106.85609539954777,-6.2015919992478761],[106.85614709983736,-6.2016438000068659],[106.85616619945139,-6.2016637999852735],[106.85618039916577,-6.2016779997719196],[106.85629459948832,-6.2017951999300598],[106.85644409960835,-6.2019486994636912],[106.85653139981405,-6.2020450996038861],[106.85674879976149,-6.2022852994789766],[106.85696109950374,-6.2025906996613625],[106.85710019984512,-6.2028325996233269],[106.8571103999337,-6.2028503992841513],[106.85718379956973,-6.2030264997757332],[106.8572120994663,-6.2030942992021298],[106.85723349966031,-6.2031455993269748],[106.85730589975006,-6.2033189998501959],[106.85731389995402,-6.203338099258116],[106.85755299937998,-6.2039729994642325],[106.85779699999161,-6.2046207998857232],[106.85799139921041,-6.2051370997817683],[106.85828279940729,-6.2059107999672882],[106.85838479923849,-6.2061817000010162],[106.85856299938854,-6.2066171992172627],[106.85883479952261,-6.2072814992834973],[106.8592909993644,-6.2084016998021205],[106.85934619954111,-6.2085370995543219],[106.85939319972111,-6.2086546999370062],[106.85940289973723,-6.2086789994256693],[106.85949719918663,-6.2089249992551636],[106.85987119998696,-6.2098451994282025],[106.86002939955816,-6.2102415996191791],[106.86008929957482,-6.2103909997870552],[106.86018119957518,-6.2106133993046981],[106.86019339960257,-6.2106394991860014],[106.86021549980073,-6.2106984999502561],[106.86024039976083,-6.2107831996517611],[106.86025629989615,-6.2108497999508074],[106.86035359937476,-6.2110729995728793],[106.86048009994781,-6.2113593991316938],[106.86070529998429,-6.2118802996256415],[106.86080409983218,-6.2120862994322668],[106.86083390004349,-6.2121484999738126],[106.86088409979745,-6.2122530996582777],[106.86104639925655,-6.2125434995046804],[106.86108829993525,-6.2126082993777541],[106.86110959977597,-6.21265029931378],[106.86117949939545,-6.2127884000076961],[106.86124949933959,-6.2129264994224691],[106.8612585000234,-6.2129442995071091],[106.86132599921649,-6.2130585000170981],[106.86139389933442,-6.2131733998176166],[106.8614549997137,-6.2132645993974069],[106.8614822994742,-6.2133008991799148],[106.86151439997188,-6.2133244994700512],[106.86157439992594,-6.2133666000184098],[106.86161369975036,-6.2133861993824331],[106.86182819983092,-6.2135103993794774],[106.86205189947704,-6.2135932994074459],[106.86223399915443,-6.2136591994292569],[106.86234239976366,-6.2136897994332934],[106.86243129972308,-6.2137252999018813],[106.86347719960551,-6.2141743993292309],[106.86594519998904,-6.215298899523571],[106.86607399929845,-6.215377299697189],[106.86614570003773,-6.2154332993819148],[106.86622469929269,-6.2155341997533391],[106.86628799982874,-6.2156230995496475],[106.86634349948706,-6.215712699564051],[106.86640519923657,-6.2158123996654382],[106.86643099962022,-6.2158532992510747],[106.866539799888,-6.2160562997568851],[106.86675639972263,-6.2164325991290585],[106.86681909956511,-6.2165434998621834],[106.86688409941732,-6.2166555995002533],[106.86699319924182,-6.2168803996836877],[106.86707879922791,-6.2170817992808125],[106.86714169917418,-6.2172462992018769],[106.86729409949805,-6.2176781997161257],[106.86747219915604,-6.2181943992566566],[106.86765179921504,-6.2187154992490754],[106.86765759962151,-6.2187323999561483],[106.86767369960651,-6.2187791998312614],[106.8677922995828,-6.2191216993006408],[106.86814239955342,-6.2201145992315929],[106.86816199917538,-6.2202540993430464],[106.86815349927404,-6.2205421994699464],[106.86815169937037,-6.2206692997744266],[106.86814729932021,-6.220971399757123],[106.86813469978172,-6.2214278991351497],[106.8681197993326,-6.2219662993120926],[106.8681122994938,-6.2223450995252216],[106.86810259996236,-6.2227520998789982],[106.86810119944175,-6.2228090998618129],[106.86808949967036,-6.2231289000276924],[106.86807489951968,-6.2232455999449972],[106.86803899996559,-6.2233273999189427],[106.86769699988704,-6.2240111995383556],[106.86750729965362,-6.2243808994837675],[106.86748709969983,-6.2244001995512797],[106.86747539978579,-6.2244112996259728],[106.86743959973836,-6.2244322995344525],[106.86742059988411,-6.2244416994122584],[106.86741609971996,-6.2244442993992468],[106.86740569991083,-6.2244489998073727],[106.86739739932037,-6.224453299483371],[106.86739289989639,-6.2244555992866628],[106.86735639979965,-6.2244745998765785],[106.86731380004379,-6.2244909999964602],[106.86729199989976,-6.2244979993055427],[106.86727119958817,-6.224502599975656],[106.86722479962125,-6.224511299309361],[106.86717609976934,-6.2245126994117896],[106.86689209976934,-6.2245220998661175],[106.86659289940137,-6.2245212999258115],[106.86652489930205,-6.2245214996921181],[106.86646339945189,-6.2244831993413703],[106.86642429960537,-6.2244475991435326],[106.86635769949618,-6.2243534998400643],[106.86631939919033,-6.2242863997332805],[106.86613809962216,-6.2236412991801684],[106.86590469928363,-6.2227709997829335],[106.865873899684,-6.2226653995654804],[106.86563159944011,-6.2218767997542361],[106.86549519955858,-6.2214086996305635],[106.8654637995798,-6.2213484999017652],[106.86542619987161,-6.2212485998920082],[106.8653014999569,-6.2209913999949977],[106.86509809989001,-6.2206179000015878],[106.86499689975923,-6.2204079991285877],[106.86490099985296,-6.2201973995785371],[106.86486409973799,-6.2201192997600607],[106.86472299933112,-6.2198125998855982],[106.86468149928353,-6.2196592997226015],[106.86460679994691,-6.2195006999459146],[106.86458139981384,-6.2194277999679581],[106.86447289976296,-6.2191767991804792],[106.86423779917385,-6.2185697995164588],[106.86416549916196,-6.2182383991316756],[106.86412689921661,-6.2179461996785221],[106.86406679951607,-6.2174837994026548],[106.86404539928797,-6.2173192998416669],[106.86399819920102,-6.21673279953189],[106.86397949930844,-6.216536399995749],[106.86395329922296,-6.2164496999158851],[106.86391359933428,-6.2163429996265593],[106.86383119984282,-6.2162290991243445],[106.86372999922132,-6.2161057993010997],[106.86359049991798,-6.2159462992129351],[106.86342149958415,-6.2158081995225478],[106.86309539987407,-6.215526099935361],[106.86289639998176,-6.2153595995322837],[106.86213379989346,-6.2146211991721092],[106.861991399226,-6.2144403000269604],[106.86188189944438,-6.214276499174936],[106.86171399998136,-6.2139503991394562],[106.86160399931691,-6.2137722998097624],[106.86149749921738,-6.213624899558714],[106.86148690002804,-6.2135599995144366],[106.86144949943858,-6.2134951992403744],[106.86140849967131,-6.213412999398078],[106.86138109964837,-6.2133599993078823],[106.86132789968367,-6.2132575992579566],[106.86126149927351,-6.2131305992796353],[106.86118299993686,-6.212979299276058],[106.86110519979331,-6.2128294994902946],[106.86103899923457,-6.2127019996522961],[106.86103350000191,-6.2126904991516465],[106.86087259928179,-6.2123512998095203],[106.86078909973207,-6.2121687000198653],[106.8607598997815,-6.2121047993541447],[106.86068629937699,-6.2119436998884314],[106.86066470000891,-6.2118963998993522],[106.86045579949207,-6.2114034998250736],[106.86021449989092,-6.2108683998670413],[106.86018549943573,-6.2108061991447467],[106.86014049930269,-6.2107318991954816],[106.8601152996943,-6.2106706995613177],[106.86009339962868,-6.2106125995248771],[106.86005439989407,-6.2105118997024427],[106.86001819948508,-6.2104166999580057],[106.85989879924553,-6.2101367995725019],[106.8596998991755,-6.2096605995390641],[106.8595982993311,-6.2094145992535408],[106.85949419995092,-6.2091472994409713],[106.85942139964708,-6.2089615991513405],[106.85939679997654,-6.2089072996554462],[106.85931799985217,-6.2087107994562407],[106.85926019930109,-6.2085665996458612],[106.85920509928228,-6.2084290991726396],[106.85909909974445,-6.2081646991324284],[106.85889359927255,-6.2076555993532514],[106.85870399977588,-6.2071859995047838],[106.85866389943378,-6.2070865998392897],[106.85863849916618,-6.2070237000117334],[106.85849359945585,-6.2066607999271524],[106.85818459921667,-6.2058870000189312],[106.85808689974793,-6.2056422999467999],[106.85796209999202,-6.2053101995932272],[106.85776810001964,-6.2047938992043887],[106.8575323997425,-6.2041645000235404],[106.85731209949584,-6.2035762996680477],[106.85722299983918,-6.2033533999137314],[106.85714529914937,-6.203159099356105],[106.85713639964088,-6.2031367996637945],[106.85705479972569,-6.202946899718853],[106.85701959992835,-6.202872599159158],[106.85700549968918,-6.2028426992591337],[106.856888399246,-6.2026344996856126],[106.85688059995108,-6.2026221997329767],[106.85675589973575,-6.2024245999650613],[106.85666349928592,-6.2023082991646215],[106.85666090001499,-6.2023051997778307],[106.85655929972248,-6.2021865993639258],[106.85654619926352,-6.2021712999014156],[106.85634339945251,-6.2019589998948019],[106.85623729919084,-6.2018478997684205],[106.85611869922185,-6.2017255992852212],[106.85605329934852,-6.2016581991560038],[106.85602179934951,-6.2016256992214371],[106.85562339979099,-6.2012375994164044],[106.85558959916281,-6.2012028995442448],[106.85516419916654,-6.2007658991821799],[106.85500949986553,-6.2006070999146594],[106.85486719981044,-6.2004676993040402],[106.85474369966734,-6.2003444995642072],[106.85451649943217,-6.2001253995564101],[106.85441539987876,-6.2000171999646581],[106.85432559960955,-6.1999313993357452],[106.85424339985373,-6.199842399386454],[106.85400759967824,-6.1996170000054489],[106.85394829990506,-6.1995589994584837],[106.85391789934903,-6.199527699817823],[106.8538067996671,-6.1994533994241214],[106.85375719936933,-6.1994201994741074],[106.85369669927768,-6.1993609996453172],[106.85350609933285,-6.1991988993830303],[106.85222039929023,-6.1980034997385864],[106.85208769943226,-6.1978807995206289],[106.85152629957437,-6.1973614991396211],[106.85144699922343,-6.1972634991987379],[106.85135870003926,-6.1971474998771532],[106.85131479945144,-6.1971029993716433],[106.85119909951369,-6.196988599309079],[106.85100189983963,-6.1967933994565723],[106.85080999949224,-6.1966034992711405],[106.85079489957623,-6.1965885998588526],[106.85058769915425,-6.19635249966207],[106.85042029947752,-6.1961411999264611],[106.85038919962884,-6.1961020000225737],[106.85021759920103,-6.1958686993992798],[106.85020279934646,-6.1958462997974122],[106.85009549937402,-6.1956846999045316],[106.85004809919964,-6.1956028993819743],[106.84996879943535,-6.1954647000134466],[106.84992659965108,-6.1953893994306055],[106.84989619969126,-6.1953295993217523],[106.84972669948274,-6.1949940999560633],[106.84968519948274,-6.1949100997579825],[106.8494983995803,-6.1945577997513386],[106.84935789963292,-6.1942927996029704],[106.84916209992926,-6.1939087991410773],[106.84914809965036,-6.19388169956569],[106.84888490000138,-6.1933709993797761],[106.84877859960177,-6.1931647994446601],[106.84877059980519,-6.1931492992344719],[106.84858499974492,-6.1927887999154985],[106.84852389958246,-6.1926701994975497],[106.84844119964858,-6.1925094996427159],[106.84842989954167,-6.1924874991427075],[106.84829569967891,-6.1922403996423219],[106.84810399962163,-6.191887499898943],[106.84809169956374,-6.1918631999612881],[106.8479781999105,-6.1916386991757939],[106.84797119987618,-6.1916248998040109],[106.8478263999686,-6.1913581994476559],[106.84770289974631,-6.1911324991711885],[106.84757469966901,-6.1908822997123796],[106.84750860000688,-6.1907609994340254],[106.84739069926823,-6.190536999224511],[106.84737699991406,-6.1905108994133791],[106.84721599981405,-6.1902240994758602],[106.84705199922404,-6.1899319997303541],[106.84689389973177,-6.1896584996882078],[106.84656819952451,-6.1890952999130002],[106.84653129947789,-6.1890313999071394],[106.84632949958124,-6.1886791993955761],[106.84630679962294,-6.1886406994749663],[106.84604949932992,-6.1882040999834675],[106.84591679944219,-6.187972199317187],[106.84578439940179,-6.1877469992047489],[106.84562509915284,-6.1874758994948493],[106.84552409994599,-6.1873041998159017],[106.84549339915736,-6.1872497998710436],[106.84543809976148,-6.1871514996159913],[106.8452808995727,-6.1868725994017852],[106.84522089984374,-6.1867654998332284],[106.84489469950499,-6.186174899858762],[106.84478699957411,-6.1859889997485569],[106.84454759980125,-6.1855571991735268],[106.84429899947158,-6.1851463997079676],[106.84424249925706,-6.1850525997758377],[106.8440552998571,-6.1847415993105397],[106.84397509966793,-6.1846083994123005],[106.84389709951158,-6.1844780996485476],[106.84373949926632,-6.1842252995094746],[106.84358889946554,-6.1839986994021015],[106.8435029994789,-6.1838708998288983],[106.84332259917483,-6.1836025997890456],[106.84330259995028,-6.1835650992837623],[106.84319659989386,-6.1833661997545573],[106.84306239954169,-6.183046899829133],[106.84305019941573,-6.1830019996812355],[106.84297910001041,-6.1827416991557884],[106.84294279953833,-6.1825706999147974],[106.84293149922645,-6.182517699834067],[106.84290369999106,-6.1823870999687207],[106.84281539930757,-6.1819641995733514],[106.84279749961725,-6.1818921996135519],[106.84276129942688,-6.1817461992599183],[106.84266409984103,-6.1814541995097967],[106.84264869918023,-6.1814231993236399],[106.84256139997028,-6.1811701998488395],[106.84244779964456,-6.1806580996212537],[106.8420679997479,-6.1789449998550348],[106.84206239948166,-6.1789162993182645],[106.84203319920192,-6.1787677998256347],[106.84201659948772,-6.1786854995267362],[106.84200689919132,-6.1786305995937481],[106.8419954994945,-6.1785701991756881],[106.84199009992602,-6.1785255999789035],[106.8419548992959,-6.1783329997349519],[106.84194539960862,-6.1782767998175183],[106.84191749943764,-6.1781180995079135],[106.84189559987075,-6.1779930992956373],[106.84187879919831,-6.1779022996017829],[106.84165509951085,-6.1768905993914514],[106.84159489927798,-6.1765551992409913],[106.84154909914778,-6.1762940997366789],[106.84139549963001,-6.1755067992891304],[106.84124929989972,-6.1749019999184194],[106.84121329925655,-6.1746940992032293],[106.84120409914946,-6.1746405998333591],[106.84117289977193,-6.1744539991273033],[106.84113389992525,-6.1742536992410102],[106.84102679997787,-6.1738443998513857],[106.84086189936471,-6.1732158996520079],[106.84073029988807,-6.1727138991608976],[106.8405008995219,-6.1718005991737472],[106.84037009937182,-6.171301899434126],[106.84021359944272,-6.1706948995143867],[106.84011599996792,-6.170292599259338],[106.84002109932986,-6.1699117997538124],[106.840013499341,-6.1698791991254351],[106.83997259998989,-6.1697029997232624],[106.83996130000494,-6.1696547996146371],[106.83965889941611,-6.1684682000208113],[106.83956999990312,-6.1681037991867704],[106.83955459917367,-6.1680418996911639],[106.83953589955931,-6.1679656995116847],[106.83952639976764,-6.1679309996100322],[106.8393737992444,-6.1673253000004333],[106.83927999921586,-6.1669495993402208],[106.83915809913918,-6.166491699143366],[106.83910479968546,-6.1663165992729025],[106.8390692992613,-6.1661718993765513],[106.83903239964779,-6.1660261997682193],[106.83899889969996,-6.1658938999473092],[106.83889210003386,-6.1654569991682342],[106.83883709977287,-6.1651541994244257],[106.83878659922306,-6.1648840996583028],[106.83873619934033,-6.1646570994211229],[106.8387253996773,-6.164609799848674],[106.83867399922153,-6.1644044000086726],[106.83865189975342,-6.1643132999010444],[106.83856819980357,-6.1640026993289414],[106.8385634995137,-6.1639890996693252],[106.83851279968158,-6.1638414999569999],[106.83847889995198,-6.1637377993442408],[106.83845739981497,-6.1636800998412857],[106.83844039999852,-6.1636303993621944],[106.8384197996786,-6.163554599814093],[106.83810789933773,-6.1623400991507928],[106.83806349917728,-6.1621661997230097],[106.83801159962034,-6.1618614992229039],[106.83799039985492,-6.161749799843447],[106.83742309951407,-6.1594658995827842],[106.83742299954272,-6.1594630997147544],[106.83737259994854,-6.1592650993151903],[106.83735849944378,-6.1592053994750593],[106.83733159922214,-6.1590969999563292],[106.83731199944846,-6.1590161994651229],[106.83729779957562,-6.1589606998275457],[106.83729209987497,-6.1589377996688182],[106.83712519980418,-6.1582436993134868],[106.83701809972952,-6.1577978993386582],[106.8369511994258,-6.1575460996564351],[106.83686479938696,-6.1572001996169634],[106.8367597999336,-6.1567660994097908],[106.83671659952192,-6.1565988998597474],[106.83664889919703,-6.1563341993885583],[106.83642699919963,-6.1554682999593435],[106.83602189953255,-6.1538896998074435],[106.83572299969087,-6.152725399557883],[106.83550820003306,-6.1518269992590335],[106.83536689933948,-6.1512790991457873],[106.83513689939089,-6.1503411994021215],[106.83511709998747,-6.150268799950835],[106.83485569936563,-6.1493162995101009],[106.8348317998248,-6.1492407992362752],[106.83480769936865,-6.1491644000018679],[106.83466889923167,-6.1487275997009467],[106.83464039934496,-6.1486366999890176],[106.83444719914004,-6.1479379996716075],[106.83434259960323,-6.147516599971139],[106.83429569919473,-6.1472965997938402],[106.83427419961079,-6.1471565993808603],[106.83425139965941,-6.1469792991273442],[106.83424199928226,-6.1468672991492843],[106.83424509963478,-6.146724899616415],[106.83424879970818,-6.1465552996488428],[106.83425679989207,-6.1462912993928844],[106.83427559977396,-6.1461218998715639],[106.83428629963761,-6.1459618998840426],[106.83429029998999,-6.1458271998991112],[106.83429479943969,-6.1457363993341927],[106.83429269994289,-6.1456875993712883],[106.83428729964102,-6.1455678992983227],[106.83424769968471,-6.1453459996460893],[106.83422659923856,-6.1452646993407525],[106.83407759996859,-6.1446042992475984],[106.83403549944829,-6.1444115992779409],[106.8338962995353,-6.1437700996156259],[106.83345619956106,-6.1418237995399174],[106.83343249957903,-6.1417313993729286],[106.8334219999039,-6.1416849998131706],[106.83341289955187,-6.1416517999782405],[106.83340339983251,-6.14160959957914],[106.83332609996265,-6.1412356992173533],[106.83321329984221,-6.1407263995550725],[106.83319350000137,-6.1406144992681222],[106.83318179962373,-6.1405484995467567],[106.83311069916439,-6.1402149997236917],[106.83308139965418,-6.140078299787346],[106.83302789929147,-6.1398283999412335],[106.83285049947085,-6.1390670997596919],[106.83275699968191,-6.1386801992029927],[106.83274479981327,-6.1386294997439848],[106.83267159930416,-6.1382767995455989],[106.83257910000134,-6.1378240997259974],[106.8325654994642,-6.1377639998435312],[106.83246929989417,-6.1373399992915942],[106.83245259922037,-6.1372743999864472],[106.83243510000524,-6.1372058992122227],[106.83238499974827,-6.1370095994680627],[106.83236879943411,-6.1369354992187022],[106.83233969938503,-6.1368027993998187],[106.83231119982817,-6.1366879992299888],[106.83230369986779,-6.1366376995595671],[106.83223659969951,-6.1363203991939788],[106.83216239946526,-6.135967999600239],[106.83211769962749,-6.1357554993044454],[106.83203389938679,-6.1353786999355391],[106.83199369944515,-6.135197699138411],[106.83198299973576,-6.1351507992352241],[106.83196909927395,-6.1350946000172772],[106.83196019933376,-6.1350572998846626],[106.83187829965087,-6.1347128994701148],[106.83186889920285,-6.1346731995634904],[106.83183609960416,-6.1345357997399574],[106.83174699947564,-6.1341614993778242],[106.83165539970044,-6.1338590992023461],[106.83162139989825,-6.1337206998033595],[106.83159769973244,-6.1336236998049785],[106.83156949938621,-6.1334616997297005],[106.83156289976942,-6.1334265996983044],[106.83154199982624,-6.1333162996733632],[106.83130529963165,-6.132298499226672],[106.83128149933215,-6.1322538999659395],[106.83126389943961,-6.1322221992440102],[106.83124789983437,-6.1321577999524832],[106.83122099991735,-6.1320495999854243],[106.83118509968551,-6.131910899561527],[106.83116129985963,-6.1317914998409746],[106.83112279934191,-6.1315629000133924],[106.83110839959417,-6.1315389994888596],[106.83108179986149,-6.131437999305974],[106.83105629959131,-6.1313017995098553],[106.83096729947137,-6.1307176993508543],[106.83094179917545,-6.1305607993851163],[106.83091149978885,-6.1304018994992795],[106.83089919939059,-6.1303392994878569],[106.83089649929171,-6.1303257994575304],[106.83087259949232,-6.1302042996309423],[106.83082099930557,-6.1299410992372438],[106.8307922000409,-6.1298813992112091],[106.83075379947125,-6.1298212997822263],[106.83070239965883,-6.1297362995138602],[106.83067389937565,-6.1296741996776651],[106.83066139934688,-6.129639399145085],[106.83064709934418,-6.1295617993750087]],[[106.83042999957557,-6.1279904993128156],[106.83064709934418,-6.1295617993750087]],[[106.83042999957557,-6.1279904993128156],[106.83040659946973,-6.1277819998947924],[106.83037229938823,-6.1275365994740341],[106.83035859924736,-6.1274297991298488],[106.83034319948651,-6.1273294992694396],[106.83034519923633,-6.1272938996401614],[106.83037909939023,-6.1272395994782176],[106.83043299980095,-6.1272067991949841],[106.8305470996473,-6.1271896995868227],[106.83059869971734,-6.1271922992152081],[106.83064609988395,-6.1272109993279296],[106.83069259961063,-6.1272551993067568],[106.83071579951,-6.1273174999249553],[106.83073969933538,-6.1274732996474759],[106.83076840002225,-6.1276755999869303],[106.83076729977526,-6.1276930995024292],[106.83076339987585,-6.1277131999415078],[106.83074699981825,-6.1277312996390512],[106.83063229973517,-6.1278293999546287],[106.83046239929935,-6.1279642996521249],[106.83042999957557,-6.1279904993128156]]]},"properties":{"FID":4,"ID":"BRT_05","GEOM_ID":"BRT_05_REG","LINE":"5","NAME":"Ancol - Kampung Melayu","MODE":"BRT","CLASS":"Koridor Utama","STATUS":"Eksisting","COLOR":"#cc6128","ROUTE_VAR":"REGULAR","SOURCE":"TransJakarta; RTRW DKI Jakarta","REMARK":"Tidak Ada","ALIGNMENT":" ","DIV_ID":" ","DIV_NOTE":" ","DIV_SRC":" ","VALID_FR":" ","VALID_TO":" "}},{"type":"Feature","id":5,"geometry":{"type":"MultiLineString","coordinates":[[[106.82057229918514,-6.3057846994950717],[106.8205677997354,-6.3057294991653521],[106.82059749930795,-6.3055877991948783],[106.82063949980949,-6.3053873998309884],[106.82070329978617,-6.3051179992111255],[106.82076389956529,-6.3048194999249167],[106.82081599953436,-6.304538099314728],[106.82085289919257,-6.3043232998496164],[106.82085759987304,-6.3042654995386549],[106.82085339966412,-6.3041965999474927],[106.82085249950862,-6.304167299746358],[106.82085189926819,-6.3041459995259572],[106.82085299971494,-6.304098799656602],[106.82093199957872,-6.3036002999625085],[106.82100269973529,-6.3031259996324653],[106.82103059921654,-6.3029350999869864],[106.82109639977536,-6.302479199537415],[106.82114650001211,-6.3020695996687213],[106.82116139989002,-6.3019673995961467],[106.82116859933625,-6.301915599699953],[106.82124189996945,-6.3013901991627721],[106.82124789979477,-6.3013392994945354],[106.8212592992674,-6.3011915991986172],[106.82127129958603,-6.3010702995661312],[106.82126859940055,-6.3009795996513978],[106.82126189932488,-6.3008729993513821],[106.82123769913886,-6.3006383994276627],[106.82119389977078,-6.30043049943417],[106.82117870003556,-6.3003606997141954],[106.82115329921049,-6.300243799257899],[106.82108089994279,-6.2999398999484431],[106.82107449929443,-6.2997340999440183],[106.82106729918668,-6.2995376998024044],[106.82106509945903,-6.2995155995459768],[106.82108269996711,-6.2994650997142294],[106.82108709943682,-6.2994045996989252],[106.82108730000985,-6.2992876993607236],[106.8210877997124,-6.2988843993416879],[106.8210913994522,-6.2982779994554505],[106.82109140001896,-6.2981990994967241],[106.8210918992289,-6.2981636993766301],[106.82108919916443,-6.2979850993418758],[106.82108919957378,-6.2978892994860285],[106.82108389919534,-6.297287699248173],[106.82108919946829,-6.2972146995119811],[106.8211042992351,-6.2971443998015255],[106.82113079994019,-6.2970669996157351],[106.82119009915351,-6.2969306992611829],[106.82139359983091,-6.2964134992463912],[106.82182609917157,-6.295318399976793],[106.82200789931423,-6.2948222995994012],[106.82209189931865,-6.2946118992925788],[106.82220659928868,-6.2943246999172588],[106.82227099992583,-6.2941722992734146],[106.82231019979808,-6.2940737993259317],[106.82245289982198,-6.2937155997355383],[106.82248709929341,-6.2936267991233539],[106.82249819951866,-6.2936005999595075],[106.82251819996094,-6.2935495999194497],[106.82254139995885,-6.2934904999853769],[106.82285099988965,-6.292745899341547],[106.82291249924744,-6.2926003995413309],[106.82319539922618,-6.2919323996007188],[106.82344169982552,-6.2913242995662717],[106.82349539998262,-6.29121179945931],[106.82361179962204,-6.2909831999646659],[106.8237767998201,-6.2906593996075726],[106.82397059990087,-6.2902856996314993],[106.8241579995925,-6.2899270999713197],[106.82443329969777,-6.2893663994392588],[106.82476449941311,-6.2887032997830001],[106.82504979940131,-6.288139099573927],[106.82508679925402,-6.2880667993939845],[106.82516129987856,-6.2879209992649585],[106.82547629971582,-6.2872982994342799],[106.8255522998526,-6.2871264991468738],[106.82564439972126,-6.2869183998321416],[106.82575229980991,-6.2866826997583374],[106.82590159982949,-6.2863183994967198],[106.82591159915245,-6.2862939998698808],[106.8259316999353,-6.2862376992616609],[106.82594989936038,-6.2861867995801646],[106.82597829996857,-6.286107199327577],[106.82598909924334,-6.2860649992077411],[106.82600219916722,-6.2860139997964479],[106.82601189963393,-6.2859717998933622],[106.82604999986127,-6.2858608995310785],[106.82614819927717,-6.2856093995222189],[106.82622679984426,-6.2854164000233501],[106.82636049946547,-6.2850878997949122],[106.82652469955833,-6.284690699918019],[106.82665879994573,-6.2843333995621018],[106.82679029996122,-6.2839414993622853],[106.82695249969592,-6.2834175996552757],[106.82699409923026,-6.2832949997937888],[106.82704239962773,-6.2831722996666821],[106.8271174992627,-6.2829909997569082],[106.82719739917439,-6.2828216995083368],[106.82732129940524,-6.282565799615595],[106.82740050002649,-6.2824164993525748],[106.8276847997777,-6.2819165993272827],[106.82785110003633,-6.2816166999406562],[106.82794360000928,-6.2814179999766102],[106.82808850001938,-6.2810941000238572],[106.82826009990814,-6.2806927993341803],[106.82840089965939,-6.2803928995512246],[106.82849349961565,-6.2802275992971497],[106.82856189965824,-6.2801209991412215],[106.828654599275,-6.2799834999595872],[106.82891649937172,-6.2795739993563862],[106.82892509964103,-6.2795588995019695],[106.82893399919023,-6.2795422994871757],[106.82898469933519,-6.2794473996557603],[106.82902909923314,-6.2793764995205068],[106.82904279974122,-6.2793518998135918],[106.82921199965736,-6.2791162993583818],[106.82930609934874,-6.2790053995468638],[106.82945799954091,-6.2787925994087352],[106.82959409957628,-6.2785951991499616],[106.82972309964246,-6.278392299231764],[106.82980699996463,-6.2782603995477677],[106.82985359975724,-6.2781852999834298],[106.82995369935303,-6.2779768997610796],[106.83004459921935,-6.2777614999745808],[106.8301202998415,-6.27756509929623],[106.83019509945186,-6.2772868997712505],[106.83024649929078,-6.2770451992821572],[106.83026939934406,-6.2769540992168169],[106.83028159952069,-6.2768624000260953],[106.83028889978809,-6.2767663996482597],[106.83028289961089,-6.2765830994055625],[106.83027369989915,-6.2764326995005444],[106.8302493999097,-6.2762718992740849],[106.8301767996673,-6.2758910999273203],[106.83015929981714,-6.2757034998433268],[106.83016670000336,-6.2755731994486386],[106.83022789946405,-6.2751608995301709],[106.83024019924051,-6.275028599174191],[106.83026039941916,-6.2745900995841444],[106.83026459922745,-6.2744411998656107],[106.83027419961122,-6.2743219995070074],[106.8302863992929,-6.2741824996051543],[106.83031849929968,-6.2740184995109338],[106.83037339922187,-6.2735557997458109],[106.83039539923526,-6.273288099604855],[106.83042609920591,-6.2730224992953252],[106.83045999919871,-6.2728408996008591],[106.83049069945044,-6.2727208994820547],[106.83059119925099,-6.2724248994437559],[106.83062939945106,-6.2722937997651398],[106.83065419952382,-6.2721738998418832],[106.83067259999174,-6.27205519950419],[106.83070049955785,-6.2718586992915029],[106.83070819927292,-6.2717139998930236],[106.83069680000109,-6.2716115991575636],[106.83066989973187,-6.2714716997187807],[106.8306439997768,-6.2713229992119341],[106.83065619918879,-6.271154399553498],[106.83068309948273,-6.2709156998382616],[106.8307872000171,-6.2700356997763933],[106.83081649952314,-6.2697713991877109],[106.83097059922147,-6.2690785991454874],[106.83098499935781,-6.2689955994644224],[106.83100249936987,-6.2688018996635142],[106.83100539935251,-6.2685364996148056],[106.83098689937357,-6.2683147995662027],[106.83093969969129,-6.2678881992637479],[106.83089589933668,-6.2676537998804056],[106.83086659917728,-6.2675313999220172],[106.83069719918245,-6.2670362995825988],[106.83064099989996,-6.2668230991612743],[106.83060479929806,-6.2665657000085515],[106.83060299981788,-6.2664447998535273],[106.83061069983508,-6.2662103996023983],[106.83061639996232,-6.2661106995481761],[106.83062419946278,-6.2659716996731429],[106.83063699934871,-6.2655472993522405],[106.83062229959729,-6.265321199800586],[106.83061119961071,-6.2651945996684661],[106.83054699941854,-6.2647622997925634],[106.83049799999451,-6.26440869999964],[106.83048709974474,-6.2642169998457211],[106.83050369995999,-6.264049899311205],[106.8305272993249,-6.2638897997527634],[106.83055169970937,-6.2637471994104246],[106.83056149980609,-6.2636493991736479],[106.8305601996488,-6.2634368000004059],[106.83055639956973,-6.263146999798594],[106.83054269931722,-6.2630535998644126],[106.83051599970126,-6.2629483997586464],[106.83047429951048,-6.2628783997646948],[106.83040659992007,-6.2628024994355389],[106.83033109945472,-6.2627425993620314],[106.83025660003045,-6.2626906994954377],[106.8300908994385,-6.2625951994730347],[106.8299837995052,-6.2625273995038846],[106.82990669993839,-6.2624786994479846],[106.82976819990336,-6.262368399912738],[106.82967139920213,-6.2622912998140858],[106.82960639959691,-6.2622215997504345],[106.82950479986286,-6.2620761999559598],[106.82945919926294,-6.2620051998427577],[106.82940739915104,-6.2619128991931108],[106.82934019963854,-6.2617762999573481],[106.82922979986246,-6.2615121996186858],[106.82911829997197,-6.2612403995320385],[106.8290189997973,-6.2609686997264085],[106.8288620998989,-6.2604901997932094],[106.82875409945643,-6.2600571999192702],[106.8286906993596,-6.2597837997941728],[106.82863879943561,-6.2595644995050925],[106.82860999956249,-6.2594485992579996],[106.82856719916317,-6.2592701999553402],[106.82853379976292,-6.2591211995543636],[106.82845619953109,-6.2587794998016699],[106.82839529953652,-6.258469299222277],[106.82831139951654,-6.25808019937217],[106.82823729956309,-6.2576800995680948],[106.82815519992268,-6.2572800998968834],[106.82810729965827,-6.2570932000064134],[106.82808119978729,-6.2569818997081033],[106.82798189977642,-6.2565583998187728],[106.8279421998281,-6.2563868992046832],[106.82788659970903,-6.2561495995124687],[106.82780979982621,-6.2558869998175819],[106.8275825995737,-6.2551462994276061],[106.82749919927871,-6.2548817993780554],[106.8274279995442,-6.2546332995685541],[106.82738809927035,-6.2544775998985491],[106.82733719984536,-6.2542773998896806],[106.82730349926997,-6.2541378994706189],[106.82727399957854,-6.254017699339788],[106.82719959975792,-6.2536783991875193],[106.82708119975683,-6.2531284995378806],[106.82700739927671,-6.252623899248233],[106.82699799924453,-6.2525545991391223],[106.82697559923072,-6.2523854992652339],[106.82690219963473,-6.2518327991768246],[106.82687489951608,-6.2516146993485116],[106.826822799697,-6.2512732997124489],[106.82678259960778,-6.2510697991384614],[106.82661939959921,-6.2502543999726923],[106.82655389962243,-6.2498655994358199],[106.82642659935757,-6.2489204992733454],[106.82637299970435,-6.2485201996035542],[106.82634609989054,-6.2483393998413348],[106.82631729940191,-6.2481448994202822],[106.82630329923785,-6.2480342999747185],[106.82627799973939,-6.2478693999264152],[106.82625460001343,-6.2477074996470119],[106.82620379915022,-6.2473824995588387],[106.82617999971841,-6.2471951997393127],[106.82611859982242,-6.2466823991453344],[106.82607859992784,-6.2463496995338996],[106.82597659966356,-6.2456062995093626],[106.82588059927566,-6.2448369993266777],[106.82585149968232,-6.2445191996000462],[106.8257805995884,-6.243684099630574],[106.82576529949084,-6.2434724994894406],[106.82574269949664,-6.2430248000048536],[106.82570469936607,-6.2428198998356743],[106.8256981995261,-6.24268459939469],[106.82569689960138,-6.2426418998322646],[106.82569069984888,-6.2424447999582853],[106.82568869986122,-6.2423504998847585],[106.82568579985076,-6.2422052998248772],[106.82567779924031,-6.2421612997920564],[106.82566349988635,-6.2421156995183189],[106.82568629935307,-6.2419067999745526],[106.82568999958997,-6.2415642992193714],[106.82570149937409,-6.2412272995231515],[106.82572739970375,-6.2403847993122117],[106.825742499288,-6.240223399160004],[106.82581219954839,-6.2398389998625605],[106.8258257995424,-6.239795899625908],[106.8259128992231,-6.2394988997297647],[106.82602519939599,-6.2391433993105858],[106.82641339977695,-6.2381585993986919],[106.82650479924489,-6.2379615996751339],[106.82656559989857,-6.2378458998228519],[106.82668229919123,-6.2376626995551421],[106.82688539938772,-6.2373607992178588],[106.82698009989959,-6.2372179994959893],[106.82716799957531,-6.2368814000028481],[106.82731399931467,-6.2366574998704092],[106.82746889997232,-6.236420899599775],[106.82767149941486,-6.2361076997088567],[106.82779069924146,-6.2359122997854435],[106.82796659989144,-6.235658599282357],[106.82822090001251,-6.2353753994368377],[106.82851079997587,-6.2350900995032106],[106.82855099916257,-6.2350316997374415],[106.82859459915947,-6.2349604995700636],[106.82864979974049,-6.2349526994317435],[106.82870199987383,-6.2349326997659853],[106.82877219962964,-6.2348934999501449],[106.8289415997089,-6.2347756998515687],[106.82905949950435,-6.2347009994620501],[106.82921439976741,-6.234619499660341],[106.82949229998617,-6.2344895993677865],[106.82971489949902,-6.2343904998537694],[106.83012529917825,-6.2342072995702713],[106.83051679921267,-6.2340026996827289],[106.83084599997153,-6.2337937996538857],[106.83114969937026,-6.2335674996254227],[106.83174349973582,-6.2330147997523992],[106.83193419998074,-6.2327878993431227],[106.83202239974959,-6.2326709992512122],[106.83223929916049,-6.2323838994632936],[106.83240409928611,-6.2321186997773816],[106.83252589945411,-6.2318854998136324],[106.83276159951789,-6.2314035991471615],[106.83285250001038,-6.2311637000038953],[106.83300799991881,-6.2306840998498121],[106.83314269993588,-6.2302175992893885],[106.83318919915257,-6.2299682992519632],[106.83321030003464,-6.2296769993232504],[106.83321069969034,-6.22945449996545],[106.83318809995386,-6.2291696991863352],[106.83315899925566,-6.2287570000182209],[106.83315409982923,-6.2286565999965644],[106.83313179926276,-6.2282696993495481],[106.83309889952564,-6.2277285995862792],[106.83309559936806,-6.2276583995900117],[106.83309319998689,-6.2276071993899231],[106.8330854997858,-6.227486499638502],[106.83307839921096,-6.2273966995977768],[106.83287759927315,-6.2252223993048714],[106.83284959930218,-6.2248726995499739],[106.83281039916646,-6.2243284993413006],[106.83279429955589,-6.224171899712597],[106.83277559974346,-6.2240306998864039],[106.83272309927449,-6.2237968993156363],[106.83260890000648,-6.2233420996306075],[106.83244679964997,-6.2226643992584014],[106.83236089964387,-6.2223258000149126],[106.83221749969438,-6.2217480998836736],[106.83204809964641,-6.2210703999766492],[106.83201139995958,-6.2209375998029799],[106.83192359965037,-6.2206552996248989],[106.83186229980402,-6.2204847994674877],[106.83176269922706,-6.2202463996312209],[106.83151069972428,-6.2196801994678852],[106.83143119978271,-6.2194670999018831],[106.8313621995581,-6.2192647000306325],[106.83124109956699,-6.2188964994111062],[106.83116139953634,-6.218651599843418],[106.83107939973898,-6.2183848996121194],[106.83098649957388,-6.2180717998090183],[106.83090059930549,-6.2176981993350955],[106.83083759921207,-6.2173994996476951],[106.83076469949016,-6.217018499520071],[106.83072549936257,-6.2168092998595315],[106.8306841997227,-6.2165640997559812],[106.83065799914074,-6.2163673995163276],[106.83062729928766,-6.2160643997111213],[106.83060089928229,-6.2157242995304349],[106.83055049982578,-6.2149169996209466],[106.83049609949066,-6.2142406998489887],[106.83041539995375,-6.2131741992506875],[106.83040139977946,-6.2130137998273485],[106.83039109921245,-6.2127084995886213],[106.83039699924304,-6.2122572995617826],[106.83039679936033,-6.2122106992682289],[106.83038959973889,-6.2112861991841308],[106.83038269936969,-6.2111045994766974],[106.83034889962238,-6.2105571991409825],[106.83031840000645,-6.2102044997448198],[106.83029439965026,-6.2099716998906649],[106.83024889931643,-6.2096510997989807],[106.8301827999168,-6.2093190997084404],[106.83014879951685,-6.2091486996209584],[106.83007499954513,-6.2088424995146729],[106.83001309923969,-6.2086222991777378],[106.82995829915312,-6.208446999835127],[106.82984679916797,-6.2081204993206596],[106.82966429921224,-6.2076859994682776],[106.8295236994703,-6.2073817994947786],[106.82935199975981,-6.2070156997162602],[106.8293182997613,-6.2069491995076795],[106.82929839951747,-6.206911999217378],[106.82924349932817,-6.2068140998442489],[106.82915459957073,-6.2066730994300032],[106.82908539980879,-6.206559699488337],[106.82900209973764,-6.2064463997792592],[106.82884359929973,-6.2062689999646885],[106.82878189948215,-6.2061534998618084],[106.82837609980113,-6.2054998991319916],[106.82829869940637,-6.2053586995920691],[106.82807949915158,-6.2049422992686827],[106.82794229939283,-6.2046228992464716],[106.82784729924164,-6.204253299385571],[106.82784079595699,-6.2041353191579303]],[[106.81992360002026,-6.3057174992731237],[106.82006769972045,-6.3057413997115725],[106.82024409936821,-6.3057705996793993],[106.82043459956674,-6.3057981996752339],[106.82048639928459,-6.3057958993603815],[106.82057229918514,-6.3057846994950717]],[[106.81992360002026,-6.3057174992731237],[106.81974870001739,-6.3057500996373808],[106.81960699978858,-6.3057609996029411],[106.81950709971771,-6.3057684000265315],[106.81938839976519,-6.305759699433132],[106.81929049995853,-6.305747799572746],[106.81883569917181,-6.3056922992072009],[106.81860379978826,-6.3056639994503287],[106.81853279962162,-6.3056477993571916],[106.81849549974717,-6.30560879955903],[106.81847849945349,-6.3055424997219269],[106.81847979957914,-6.3054871995078674],[106.81850589923579,-6.3054568999855292],[106.81855619977706,-6.305451999267345],[106.81860379962347,-6.3054821998717125],[106.8186483996019,-6.3055129995568313],[106.81872569914638,-6.3055488995019715],[106.81887879997736,-6.3055716992515158],[106.81903699962703,-6.3055888996908926],[106.81912419978246,-6.3055677993480606],[106.81919389937097,-6.3055854994017837],[106.81926609955977,-6.305593399417738],[106.81981579992758,-6.3056755992449585],[106.8198631996967,-6.3056934991267433],[106.81992360002026,-6.3057174992731237]],[[106.82799884809381,-6.204171170183665],[106.82800219938021,-6.2042165996152994],[106.82801179959317,-6.2043310998302053],[106.82801489936291,-6.2043682994521925],[106.82805709927806,-6.2045234996672365],[106.82806109975483,-6.2045383992816703],[106.82813429946022,-6.2047054998746454],[106.82815459993553,-6.204745899649164],[106.82823009962422,-6.2048955996064441],[106.82828310003359,-6.2049805996042089],[106.82845569932918,-6.2052574995481544],[106.82850779964033,-6.2053410993341513],[106.82856349924047,-6.2054248991598318],[106.8286951992494,-6.205622999625235],[106.82899789918453,-6.2060531998074513],[106.82910319998246,-6.2060758996331753],[106.82932059966893,-6.2061383998304009],[106.82935369996757,-6.2061478995114348],[106.82942029960387,-6.2061455997258781],[106.82957019989604,-6.2061014997290078],[106.82971639973405,-6.2060236995350744],[106.82978799946095,-6.2059012993901153],[106.82982789939982,-6.2057819998008927],[106.82985689925023,-6.2056266994097049],[106.82989849965018,-6.2046467997562145],[106.82990039950784,-6.2046024996304547],[106.82799884809381,-6.204171170183665]],[[106.82799884809381,-6.204171170183665],[106.82784079595699,-6.2041353191579303]],[[106.82784079595699,-6.2041353191579303],[106.82783817844009,-6.2040878283850516]],[[106.82784079595699,-6.2041353191579303],[106.82766039952547,-6.2040943995459559],[106.82731469962269,-6.2040128995440904],[106.82710669958493,-6.2039665992913262],[106.82626159928384,-6.2037887997866754],[106.82545679962611,-6.2036166999241624],[106.82539289997233,-6.2036019994824461],[106.82532419999576,-6.2035870000263085],[106.82516309955986,-6.2035547997104974]],[[106.82799541247662,-6.2041246017816887],[106.82799884809381,-6.204171170183665]],[[106.82799541247662,-6.2041246017816887],[106.82880609954765,-6.2043141998417166],[106.82982749930397,-6.204544599740319],[106.82990139996205,-6.2045619992290622],[106.8299445999922,-6.204570399791451],[106.82996109939648,-6.2045834993760076],[106.82997519951419,-6.2045987998658347],[106.82998739926262,-6.2046228999942858],[106.82998599979119,-6.2046647996191471],[106.82997249957533,-6.2050590000004764],[106.8299530998675,-6.2056283994982975],[106.82993779923189,-6.2058035000067369],[106.82989119950273,-6.2059257992854215],[106.8297245991993,-6.2061999991484234],[106.82956479947892,-6.206462999939764],[106.82953849972762,-6.2065063997546313],[106.82943249993512,-6.2067047996052578],[106.82939449931054,-6.2067691994639818],[106.82938129933193,-6.2068259999480571],[106.8294006994531,-6.2068949998776928],[106.82952449992712,-6.2071521994888679],[106.82963319983344,-6.2073796000000421],[106.82978279920746,-6.2077041994729161],[106.82994149945803,-6.2080768991418607],[106.83006999988788,-6.2084424995980285],[106.83015029986815,-6.2087189996283962],[106.83021449974784,-6.2089462996657279],[106.83025679914805,-6.2091306992603394],[106.83028939917988,-6.2092976999688192],[106.83035739987058,-6.2096221996814762],[106.83039329974311,-6.2098433994371867],[106.83041779948682,-6.2100483997047906],[106.83046329983691,-6.2104983992995448],[106.83049539951567,-6.2109443999682776],[106.83050980003871,-6.2113213994575363],[106.83051429920205,-6.2116133995207221],[106.83051289975525,-6.2117885992797675],[106.83050059951749,-6.21219539950709],[106.83049939967771,-6.2122570997783164],[106.83049569936261,-6.2125196992508736],[106.83049279956683,-6.212665699468249],[106.83049459989419,-6.2127936994591622],[106.83050149974625,-6.2130007000174592],[106.83051429974417,-6.2131805993248159],[106.83054049984439,-6.2135087995864273],[106.83056449986915,-6.2138298997624242],[106.83062359966095,-6.2146288991468062],[106.83071119969499,-6.215706599952088],[106.83073479993671,-6.2160853992836991],[106.83074799939683,-6.2162314992270433],[106.83076229927072,-6.2163780998827116],[106.83079419922473,-6.2165674999833911],[106.83083439925156,-6.216796999330847],[106.83087109968372,-6.2169858999519354],[106.83095119973038,-6.217390999276688],[106.83101279939333,-6.2176619999972127],[106.83109439990167,-6.2180193999326683],[106.83112519915312,-6.2181563998343776],[106.83123299981322,-6.2185568993200819],[106.83132839957135,-6.2188663998826819],[106.83141060003065,-6.2191199996946933],[106.83153529976744,-6.2194954997659213],[106.83159099964863,-6.2196344991661041],[106.83169539919011,-6.2198717992631236],[106.83188689976602,-6.2202922995030345],[106.83200619940627,-6.220592999730167],[106.83206009978215,-6.2207405993802478],[106.83211669999399,-6.2209090994884519],[106.83215400003499,-6.2210367998558063],[106.83233069922139,-6.2217208993986999],[106.83240299972648,-6.2220110995518985],[106.83256759987283,-6.2227039994841276],[106.83274839956199,-6.2234520995106708],[106.83283129955389,-6.2237752992059869],[106.83287929954042,-6.2239644991278267],[106.83291899930296,-6.2242290994321952],[106.83292719969708,-6.2243648998315644],[106.83294699958064,-6.224659699758031],[106.83295979967585,-6.224869199308035],[106.83302059933499,-6.2256589999304275],[106.83306029964891,-6.2261150996180339],[106.83310579959397,-6.2267742998801818],[106.83315479932477,-6.2273915995727362],[106.83316159982984,-6.2274897000224358],[106.83319729957364,-6.2279091991561124],[106.83320389943432,-6.2279754997590571],[106.83322369950237,-6.2282424999633861],[106.83324569953137,-6.2286437996241713],[106.83329209929641,-6.2293496996079396],[106.83329679921312,-6.2294279997001452],[106.83330459940814,-6.2295849996568222],[106.83329939938086,-6.2297280997947881],[106.83327139987405,-6.2299859992682372],[106.83322869963635,-6.2301747998867576],[106.83317359969166,-6.2304349997441761],[106.83306809990943,-6.2307744995588745],[106.83294239977995,-6.2311693993467383],[106.83284549991772,-6.2314282996689254],[106.83273809953667,-6.2316583998210762],[106.8326186992322,-6.2319157996866856],[106.83250429961433,-6.2321181996238746],[106.83226329923588,-6.2324855993319845],[106.83209079942837,-6.2327258996301316],[106.83196699980172,-6.2328724997417595],[106.83171759952124,-6.2331575994038717],[106.83153199996315,-6.2333374995958959],[106.83138019962689,-6.2334767999277583],[106.8311618993766,-6.2336496996568433],[106.83096459921404,-6.2338075994430548],[106.83072289953012,-6.2339769998326666],[106.83040889926532,-6.234148799562333],[106.83011349955591,-6.2342949998879265],[106.82948889929699,-6.2345688997342954],[106.82916559983292,-6.2347286994091133],[106.82899139989584,-6.2348343994184283],[106.82881369937044,-6.2349548992623873],[106.82879159916168,-6.2349812999968703],[106.82878169961489,-6.2350035995679889],[106.8287697996395,-6.2350404994056463],[106.82876549937724,-6.2350755997911271],[106.82873119924581,-6.2351070998912279],[106.82863669957791,-6.2351417998867671],[106.82855759987854,-6.2352033997782792],[106.82828849967946,-6.2354642999446002],[106.82788979931527,-6.2359840998741296],[106.82775419917944,-6.2361715999963145],[106.82754579931259,-6.2364939991848791],[106.82705179938245,-6.2372641999657334],[106.82698939985099,-6.2373543995809682],[106.82692890002205,-6.2374102991664957],[106.82669749968713,-6.2377553995436053],[106.82656829949167,-6.2379723995380374],[106.82641779941385,-6.2382901999920222],[106.82607150001193,-6.2391669995203367],[106.82596299995508,-6.2395179993594398],[106.82588079923823,-6.2398488995936381],[106.82581059922795,-6.2402282996392096],[106.8257979992988,-6.2403164992511559],[106.82578819922398,-6.2403847991663515],[106.8257679997502,-6.2412552998907325],[106.82576169933159,-6.241566299241148],[106.82576249967795,-6.2417759994027859],[106.82575979974304,-6.2419290996502905],[106.82575829970745,-6.2420007994066342],[106.82575519930434,-6.2424494000078266],[106.82576279932134,-6.2426878997897326],[106.82576739991759,-6.2428291996714842],[106.82577729926739,-6.2429971994644964],[106.82579619920466,-6.2432896997180665],[106.82581309923745,-6.2435040999574687],[106.82582679988961,-6.2436806997014349],[106.82583469917317,-6.2437827994791313],[106.82587169927318,-6.2442528995566562],[106.8259271000006,-6.2448409998699841],[106.82598259915655,-6.2452988998742835],[106.82605189988675,-6.2457949993284609],[106.82621369944101,-6.2470736994249663],[106.82624450001735,-6.2473431994475783],[106.82628609914416,-6.2476035994453945],[106.82632609938652,-6.2478653992077406],[106.82634819977602,-6.2480264992760572],[106.82636660002962,-6.2481424994278001],[106.82639049916189,-6.2483352998410453],[106.82641549927905,-6.2485177997105783],[106.82650789989351,-6.249186999152192],[106.82659109929766,-6.2498025995086888],[106.82660499986359,-6.2498898996448524],[106.82663119962024,-6.2500414997321574],[106.82680519971652,-6.2509388996035007],[106.82687299926407,-6.2512772998088293],[106.82690379973386,-6.251462599501699],[106.82692999931024,-6.2516616992734715],[106.82695559960973,-6.2518209000231071],[106.8269894997884,-6.2520364994587112],[106.82703699966876,-6.2523793996600778],[106.82705669987153,-6.2525216993213553],[106.82706129992418,-6.2526447998537602],[106.82706669955186,-6.2527100993424662],[106.82709349976561,-6.2529113995346952],[106.82711499985625,-6.253060699352412],[106.8271417991802,-6.2531859993944794],[106.82717929999903,-6.2533699999120422],[106.82731609916155,-6.2540084994601557],[106.82734739981458,-6.2541263994372169],[106.82738829971886,-6.2542808994286663],[106.82743679952543,-6.2544639999442841],[106.8274743998296,-6.2546057996446276],[106.82752529979487,-6.2548003991746377],[106.82757899998185,-6.2549936995929478],[106.82765949948636,-6.255240399335511],[106.82791959941949,-6.2560828997083764],[106.82800009996799,-6.2563827998074206],[106.82803559970318,-6.2565429993340578],[106.82813919950561,-6.2569676994434102],[106.82814729999291,-6.2570006997029681],[106.82819419964343,-6.2572321994937923],[106.82820769973871,-6.257301799875032],[106.82824219972595,-6.2574794994338498],[106.8283244996543,-6.2578998991733368],[106.8284669992503,-6.2585911993819918],[106.82854569978285,-6.2589834999314844],[106.8285721993159,-6.2591082998246881],[106.82860759974751,-6.2592641993027529],[106.82864829942496,-6.2594433997778438],[106.82873179922473,-6.2597813998087952],[106.82879519989648,-6.2600546995596122],[106.82885539927554,-6.2603053998442526],[106.82888279949756,-6.2604170996271256],[106.82891999927153,-6.2605498993426307],[106.82900399943279,-6.2608154996412901],[106.82908540003706,-6.2610397992295699],[106.82914559935291,-6.2612085996540232],[106.82922519996592,-6.2614047993239126],[106.8293685998289,-6.2617398994260043],[106.82941459970402,-6.2618453994921053],[106.82944819965263,-6.2619095995963203],[106.82949069925405,-6.2619852995506333],[106.82956849972261,-6.26209259922567],[106.82966499948347,-6.2621901997547749],[106.8298116995706,-6.2623090992364885],[106.82999939981541,-6.2624628000257561],[106.83010999960564,-6.2625516992519303],[106.83032239976566,-6.2626914998180441],[106.8304028999265,-6.2627498996155939],[106.83047290000297,-6.2628078993102392],[106.83052899936881,-6.2628925996939255],[106.83056749994041,-6.2629726995670998],[106.83059319967488,-6.2630805993901282],[106.83060019980505,-6.2631954994352945],[106.83060019995872,-6.2635762000073667],[106.83059549985833,-6.2636921996548729],[106.83057339944742,-6.2638418996455369],[106.83053950000672,-6.2640519995509392],[106.83053019934451,-6.264144799795841],[106.83052309936181,-6.2642480997188006],[106.83052549943756,-6.2643432994905703],[106.83056049958695,-6.2646089995692877],[106.83058279971661,-6.2647571992123083],[106.8306305995266,-6.2650755993182923],[106.830655099659,-6.2652542997494995],[106.83066559921808,-6.2653900991883145],[106.83067259965647,-6.2655350999096484],[106.83067379946191,-6.2657729998680889],[106.83066629918906,-6.2659630996377276],[106.83065879931929,-6.2661063995972031],[106.8306544996835,-6.2662052999943141],[106.83063779969893,-6.2664473999212378],[106.83063869927625,-6.2665493997488806],[106.8306468997181,-6.266608599637201],[106.83065969945672,-6.2667141999137712],[106.83070179914947,-6.2669045993960149],[106.83078469917304,-6.2671899994305136],[106.83084999931449,-6.2673849996504858],[106.83089559959093,-6.2675149991932608],[106.8309247994839,-6.2676228993353567],[106.83095630000595,-6.2677644997722108],[106.83098429940286,-6.2679211993922967],[106.83100419973351,-6.2681311991298365],[106.83103449959847,-6.2684595996532417],[106.83104149950924,-6.2685988995302253],[106.83103919915351,-6.2687926999418586],[106.83102869983104,-6.2688971997978058],[106.83101469961373,-6.2690305991831705],[106.83098779997339,-6.2691663998900173],[106.83094229998287,-6.2693775991375871],[106.83088389960579,-6.2696201991385641],[106.83086059939046,-6.2697524999027054],[106.8308464996154,-6.2698684998114613],[106.83082679986923,-6.2700423996762131],[106.83078819953452,-6.2703814994142801],[106.830744999744,-6.2707075997135799],[106.83069359927681,-6.2711044998039451],[106.83068429986507,-6.2711879997706674],[106.83067839983541,-6.2712854997700811],[106.83068189945909,-6.271350500023213],[106.83070179958781,-6.2714525998094093],[106.83072629916509,-6.2715883999923685],[106.83074259935312,-6.271677799733582],[106.83074150002544,-6.2717705993634034],[106.83072049962313,-6.2719655998590609],[106.83068079935214,-6.2722092991540928],[106.83066089941033,-6.2722892999589241],[106.83062589979147,-6.2724273993793487],[106.83054419933619,-6.2726583999148966],[106.83051259971306,-6.2727720993043006],[106.83047879921503,-6.272900899683985],[106.83045429943033,-6.2730529996524291],[106.83043679991536,-6.2732304995040495],[106.83039239964931,-6.2737236999777553],[106.83037019947322,-6.2738907993226452],[106.83036199978908,-6.273975599276735],[106.83036199961674,-6.2740671997641062],[106.8303562993398,-6.274187999522904],[106.83034849925265,-6.2743279994236794],[106.8303401993892,-6.2744526998116257],[106.83032199959665,-6.2746275999207057],[106.83030769945928,-6.2749346994636737],[106.83029250002251,-6.2751619992657472],[106.83025689954567,-6.2753751993253033],[106.83022339979878,-6.2755792997203441],[106.83021829984207,-6.2757358997805195],[106.8302253994736,-6.2758893992977631],[106.83024169992541,-6.2760227995192333],[106.83025999967847,-6.2761358995729744],[106.83028159972419,-6.2762596997801889],[106.83029659956441,-6.2763652995236354],[106.83031889974004,-6.2765935993511022],[106.83032909934202,-6.2767430997216005],[106.83032199919084,-6.2768562994085073],[106.83029959970966,-6.2770006994001442],[106.83023559979604,-6.2773310995430984],[106.83018880002676,-6.277552299995711],[106.83013389966473,-6.2777300997217269],[106.83003229983727,-6.2779767000158531],[106.82990849919072,-6.2782100993003827],[106.82978459914237,-6.2784222997741113],[106.82971539945852,-6.2785406994550046],[106.82958399921593,-6.2787419992599576],[106.82947479962223,-6.2788878998333812],[106.82934459914283,-6.2790355998697827],[106.82925059957354,-6.2791435996679512],[106.82921899973219,-6.2791894999790712],[106.82908189939374,-6.2793716991974629],[106.82906169966678,-6.2794028994591153],[106.82901909978456,-6.2794706992338005],[106.82896869983389,-6.2795640998092086],[106.82895149933917,-6.2795968999113931],[106.8286686998817,-6.2800509994119915],[106.82845699919791,-6.280423099909477],[106.82831720003362,-6.2807165992006224],[106.82813399926356,-6.2811234992723479],[106.82795249951795,-6.2815310995711409],[106.8278877992275,-6.2816748997380607],[106.82775249939517,-6.2819263999889339],[106.82758219965852,-6.2822187997036423],[106.82740269920461,-6.2825308999797569],[106.8271948998008,-6.2829612995213822],[106.827112200032,-6.2831700992065356],[106.82702279964857,-6.2834168992845489],[106.82675079959677,-6.2842531992218786],[106.82661839947282,-6.2846152993058428],[106.82642650000737,-6.2850961992000434],[106.82629190001792,-6.2854408998972655],[106.82605769991675,-6.2860409997880335],[106.82604059955489,-6.2860841993294247],[106.82600229975561,-6.2861839998820006],[106.82598089945097,-6.2862368999229368],[106.82594489984052,-6.2863313994285441],[106.82570129970586,-6.2869327998498781],[106.8256339998493,-6.2870864998898623],[106.82560379936608,-6.2871500998904439],[106.82557229987239,-6.2872189992542031],[106.82537939955225,-6.2876262996011194],[106.82518909960061,-6.2880081999346098],[106.82514379922611,-6.2880947996382073],[106.82510069953369,-6.2881827994534065],[106.82454019998369,-6.2893080995083741],[106.82379649960841,-6.2907665999957008],[106.82367319988549,-6.291008399181135],[106.82354989916632,-6.2912501992725351],[106.8234988996663,-6.2913651999394622],[106.82301149959291,-6.2925116991574903],[106.82296849917934,-6.2926075992995383],[106.82294399924652,-6.2926654994077706],[106.82269499977664,-6.2932619993707766],[106.82258349938492,-6.2935282993572708],[106.82256739987362,-6.2935714999549797],[106.82254849922374,-6.2936219997648672],[106.82236619953404,-6.294097999359507],[106.82232659929531,-6.2941969998102021],[106.82224379935688,-6.2944122992496565],[106.8221568996774,-6.2946322993301846],[106.82116669971741,-6.2971358998229352],[106.82114859921023,-6.2971971999230734],[106.82114389923817,-6.2972484992130218],[106.82114929916996,-6.2979602997050108],[106.82114699954488,-6.2982078992588422],[106.82114639959114,-6.2982735000179249],[106.8211479996712,-6.2986191995903456],[106.82114879980888,-6.2988372996211686],[106.82115729950524,-6.2988740996383044],[106.82117039974658,-6.2989300999817379],[106.82116919936381,-6.2989439995027121],[106.82116819950301,-6.2989557997379304],[106.82116739958609,-6.2989953998879393],[106.82115859986284,-6.2994092995517983],[106.82117279939702,-6.2998271994518955],[106.82118279993932,-6.3000551996925784],[106.82118679968157,-6.3000891998132555],[106.82126959920339,-6.3004368997880373],[106.82128609915119,-6.3004936992855951],[106.82134509932894,-6.3007436996243182],[106.82136119977999,-6.3008755993027075],[106.82136589937447,-6.3010135994617613],[106.8213537993783,-6.3013101995809153],[106.8213505995015,-6.3013562991617507],[106.8212518996813,-6.3021220000132931],[106.8212303997407,-6.3023099993095366],[106.82120219962496,-6.302540599514062],[106.82118749999132,-6.3026558994483324],[106.821167999932,-6.3027757994054401],[106.82113759925338,-6.3029459995062149],[106.82107289972868,-6.3033550997371552],[106.82103729936927,-6.303554299469007],[106.82094749970852,-6.3041500996652085],[106.82090659944517,-6.3043746998698627],[106.82087479965939,-6.3045494998885623],[106.82087229949376,-6.3045632999735268],[106.82081599968882,-6.3048592995625148],[106.82075969953601,-6.3051564999045233],[106.82073149985185,-6.3053071992886309],[106.82065489921025,-6.3057494999266543],[106.82057229918514,-6.3057846994950717]],[[106.82783817844009,-6.2040878283850516],[106.82799541247662,-6.2041246017816887]],[[106.82783817844009,-6.2040878283850516],[106.82783319976653,-6.2039974997258049],[106.82784429992023,-6.2036369994038338],[106.82785419992396,-6.2033518994719632],[106.82785949923039,-6.2032481834227378]],[[106.82516309955986,-6.2035547997104974],[106.82517229942178,-6.2035449993103837],[106.82519439915822,-6.2035343994707191],[106.82522399968049,-6.2035295993740869],[106.82530819974669,-6.203545899882478],[106.82533939920445,-6.2035517996886904],[106.82534989934479,-6.2035535998751712],[106.82548519943285,-6.2035803998190717],[106.82556969971101,-6.2035951992198699],[106.82655079942536,-6.2038079998752567],[106.82712199928476,-6.2039251995786708],[106.82732449993945,-6.203971800001038],[106.82767129920411,-6.2040487997572811],[106.82783817844009,-6.2040878283850516]],[[106.82516309955986,-6.2035547997104974],[106.82508869938761,-6.2035394997823827],[106.82502649918527,-6.2035268992615356],[106.82497279983647,-6.2035268998467004],[106.82492709978304,-6.2035244994037999],[106.82343819963349,-6.2031961995006695],[106.82320679960321,-6.2032481995111795],[106.82313269931292,-6.2033303999650675],[106.82308979964608,-6.2034842998906061],[106.82306909967762,-6.2038482997983673],[106.82305329945622,-6.2041063994229875],[106.82305219954345,-6.2041677994078572],[106.82305399974169,-6.2042551998166493],[106.82305039997961,-6.2042976993939805],[106.8230387997251,-6.2043808999264503],[106.82340059976542,-6.2044551999032462],[106.82342689978744,-6.2044605994952997],[106.82347059973895,-6.2044695992701149],[106.82366159996985,-6.2045084991864954],[106.82374639993016,-6.2045228999841848],[106.82382319945479,-6.204533599502903],[106.82389709945252,-6.2045415991869515],[106.82439099953939,-6.2045871997167339],[106.82476119925842,-6.2046640999717715],[106.82479019928434,-6.204664099498344],[106.82481569960844,-6.2046607999937438],[106.8248438992872,-6.2046526999704046],[106.82486909966325,-6.2046388995188648],[106.82488869942968,-6.2046224998755797],[106.82490739958496,-6.2046003998037813],[106.82492659923898,-6.2045716993455695],[106.82500059991577,-6.204235599701688],[106.825096799611,-6.2037932997498615],[106.82514339914853,-6.2035828997067073],[106.82515449990669,-6.2035639000203462],[106.82516309955986,-6.2035547997104974]],[[106.82800859879531,-6.2032814984747366],[106.82800799945167,-6.2033125995599132],[106.82798789924315,-6.2040223992445549],[106.82799299950523,-6.2040918998568753],[106.82799541247662,-6.2041246017816887]],[[106.82800859879531,-6.2032814984747366],[106.8284331995591,-6.2033903997620694],[106.82852089999805,-6.2034109996516493],[106.82902169965718,-6.2035382994411474],[106.82993549931913,-6.2037795993090485],[106.83012900000553,-6.2030742998124282],[106.83037339960102,-6.2026106994282157],[106.83055439970582,-6.2023713998370278],[106.83133369925029,-6.2014630994115318],[106.83139749978288,-6.2013907992634527],[106.83148219972982,-6.2012368995789267],[106.83154540003882,-6.2011139995744538],[106.83166299975252,-6.200770799246075],[106.83182439960842,-6.2003204994734524],[106.83190049991549,-6.2002154999636527],[106.83181929934946,-6.200181199749216],[106.83172479925051,-6.200147299928914],[106.83112489990484,-6.2000575998544178],[106.8308839998987,-6.2000230999188695],[106.82997999967958,-6.1998914999682668],[106.82838599965523,-6.1996838993737624],[106.82830679933873,-6.1996678993183281],[106.82828909935927,-6.1997971991944212],[106.82821069927505,-6.2003536994967723],[106.82818269989288,-6.2005522999654437],[106.82815149996739,-6.2007929998175184],[106.82814709998817,-6.2008317994820716],[106.82814239945537,-6.2010046998382951],[106.82813199946224,-6.2013969992721263],[106.82809689998072,-6.201862899497689],[106.82807839995962,-6.2020680993116777],[106.82802029973962,-6.2026739996424043],[106.82800859879531,-6.2032814984747366]],[[106.82785949923039,-6.2032481834227378],[106.82797779994718,-6.2032735992240253],[106.82800859879531,-6.2032814984747366]],[[106.82785949923039,-6.2032481834227378],[106.82786729959339,-6.2030954996011323],[106.82789999995656,-6.2026391999734543],[106.82790129920198,-6.2026045991309884],[106.82787949931497,-6.2024792999593972],[106.82788489935592,-6.2023798991768153],[106.82788379970047,-6.2022830995281826],[106.82786289960646,-6.2022269999123205],[106.8278446998435,-6.2021857998818311],[106.82782130000055,-6.2021425996798092],[106.82777869968906,-6.2020936998121181],[106.8277213994164,-6.2020480993497387],[106.82761779993385,-6.2020117997931861],[106.82754429931532,-6.2020083995967479],[106.82746159976783,-6.2020341997405355],[106.82739249973106,-6.2020886993365885],[106.82732919914997,-6.202178099890828],[106.82731259976525,-6.2022565995842927],[106.82732099942285,-6.2023171999279407],[106.82734959921989,-6.2023906991456634],[106.82747729930166,-6.2025366993678901],[106.82749429931491,-6.2025592992923064],[106.82751989924866,-6.2025964999647014],[106.82756749970804,-6.2027015995468782],[106.82760089972928,-6.2028181000039346],[106.82760709980288,-6.2028488991515767],[106.82764149953618,-6.2030185000289819],[106.82766519959672,-6.2030753992224907],[106.82769229942465,-6.2031217991798906],[106.82772569953896,-6.2031716991480694],[106.82777299925748,-6.2032295991883935],[106.82785949923039,-6.2032481834227378]]]},"properties":{"FID":5,"ID":"BRT_06","GEOM_ID":"BRT_06_REG","LINE":"6","NAME":"Ragunan - Galunggung","MODE":"BRT","CLASS":"Koridor Utama","STATUS":"Eksisting","COLOR":"#2ca74a","ROUTE_VAR":"REGULAR","SOURCE":"TransJakarta; RTRW DKI Jakarta","REMARK":"Tidak Ada","ALIGNMENT":" ","DIV_ID":" ","DIV_NOTE":" ","DIV_SRC":" ","VALID_FR":" ","VALID_TO":" "}},{"type":"Feature","id":6,"geometry":{"type":"LineString","coordinates":[[106.86683559995646,-6.2619218993829628],[106.86674699988171,-6.2620206992666567],[106.86670319966979,-6.2620717994941364],[106.86664770000709,-6.2621454999173478],[106.86657029914876,-6.2622764992845861],[106.86652649962569,-6.2623450993604708],[106.86649179952313,-6.2623929999717785],[106.86617819982546,-6.262804999903576],[106.86597399931308,-6.2630993991801258],[106.86591720003108,-6.2631862994010197],[106.86589079972848,-6.2632437996991319],[106.86585039916245,-6.2633400999330524],[106.86583689971857,-6.2633865996487339],[106.86582669993872,-6.2634210994792499],[106.86582539991646,-6.2634437992223218],[106.86581459970679,-6.263595699883771],[106.86583069961344,-6.263670799347846],[106.86585349939782,-6.2637150994555446],[106.86584699983503,-6.2638434994762502],[106.86584479980675,-6.2642105992815678],[106.86584429988672,-6.2643020994190852],[106.86588319930023,-6.2649259994079962],[106.86591069993393,-6.2652905993367307],[106.86594849978016,-6.2657462992941655],[106.86595630001827,-6.2658397997081847],[106.86597839959852,-6.266064099892211],[106.86599169985288,-6.2661997991934486],[106.86602159950618,-6.2664625993195546],[106.86603299999706,-6.2665678996529195],[106.86605269944484,-6.2667508994699928],[106.8660654996817,-6.2668696992290363],[106.86607789934607,-6.2669845998982794],[106.86608980001466,-6.2671034995959065],[106.86609849924621,-6.2671755991422167],[106.86610159947392,-6.2672045996189745],[106.86613129948795,-6.2674314992616829],[106.86618029926406,-6.2678020993343004],[106.86620569989496,-6.2679307998834384],[106.86623379934959,-6.2680713994002009],[106.86625299962181,-6.2681311994442437],[106.86627389924912,-6.2681833000098512],[106.86633119964455,-6.2683030995271656],[106.86640389932192,-6.2684194997459777],[106.86656949977989,-6.2685932992286073],[106.86662789939446,-6.2686666991432505],[106.86669669979152,-6.2687727995185387],[106.86684209956859,-6.2690139993116532],[106.86692309964212,-6.2691821993955124],[106.86697989937235,-6.2693056994282426],[106.86703399980921,-6.2694003991875515],[106.86717949958414,-6.2696121999622134],[106.86731650002783,-6.2698380995241054],[106.86734739959239,-6.2698893994572806],[106.86739119922352,-6.2699649994894111],[106.86741999935975,-6.2700176992847458],[106.86743189925178,-6.2700404993520138],[106.86743849917097,-6.2700529992279357],[106.86745899953488,-6.2701169997335358],[106.86747169934773,-6.2701776998562231],[106.86747769949305,-6.270254999645033],[106.86747509985805,-6.2703275995645216],[106.86746769988488,-6.2704035999209893],[106.86737809996028,-6.2708620000033886],[106.86732679972894,-6.271124099951578],[106.86731959968454,-6.271159799787192],[106.86728309970997,-6.2713491993832262],[106.86723879970805,-6.2715643996026147],[106.86721990003871,-6.2718838998568041],[106.86721049937047,-6.2720024991906742],[106.86718589974829,-6.2723325992308032],[106.86718599977057,-6.2726180998983994],[106.86718609984011,-6.2729035996576439],[106.86720460003485,-6.2730673993133124],[106.86722589986839,-6.2732119992838715],[106.86728389979741,-6.2736063992237225],[106.86733009994138,-6.273844199782598],[106.86741679957223,-6.2743331998907124],[106.86751440000452,-6.2746264992292149],[106.86770649972527,-6.275077499789421],[106.86795459931612,-6.2755669998603416],[106.86814849987626,-6.2759190994495366],[106.86844809918696,-6.2763514999281034],[106.8685088995216,-6.2764330994931203],[106.86854549963427,-6.2764795995120686],[106.86879339918995,-6.2767943995941939],[106.86901299994905,-6.2770732999611587],[106.86918699970745,-6.2773359996908011],[106.86943839916509,-6.2777230997107871],[106.86952479929376,-6.2778560998604069],[106.86955109919214,-6.2779001998535149],[106.86989619945035,-6.2784333999222275],[106.87028909966971,-6.279009699500083],[106.87034889986988,-6.2791027994055657],[106.87040859979875,-6.27919589965604],[106.87069479980366,-6.2796278998463482],[106.87079629995301,-6.27977439970413],[106.87098939983811,-6.2800496998330546],[106.87102699938922,-6.2801023993247211],[106.87104579931754,-6.2801316997551018],[106.87150110000212,-6.2808215995529126],[106.87161909968019,-6.2810121996071571],[106.87199609973995,-6.2815964992648983],[106.87202399918405,-6.2816427994091315],[106.87204689931959,-6.28170939929496],[106.87207039972132,-6.2818412991290016],[106.87207769937575,-6.2819432997944391],[106.87207100002801,-6.2821492995668011],[106.87206099941675,-6.282212599510375],[106.87203819938107,-6.2822945996417863],[106.87175599934494,-6.2830695993255743],[106.87169109944597,-6.2832879998516606],[106.87161129967194,-6.2835896995511504],[106.87153549971093,-6.2839051994327679],[106.87144789965006,-6.2842699995568179],[106.87141339933315,-6.2844117994652215],[106.87140169943677,-6.2844597991786753],[106.87139229981935,-6.2845013992338634],[106.8713729993711,-6.2845818995389058],[106.87128179941396,-6.284961399566102],[106.87126159972804,-6.2850453994418416],[106.87121679966997,-6.2851991999160965],[106.8710427992885,-6.2858332998412711],[106.87095849963359,-6.2861474993198314],[106.87095229974851,-6.2861817995914517],[106.87093939938971,-6.286272899854672],[106.87093619983115,-6.2863704996781378],[106.87089769974946,-6.2869992992223427],[106.87089319915177,-6.2870847998680457],[106.87088089976318,-6.2874685998159094],[106.87087829923091,-6.2875413994163463],[106.87087610000796,-6.287773199338484],[106.87087339962889,-6.287922700024505],[106.87088129961221,-6.2880725000152813],[106.87088699980336,-6.2881450999170756],[106.87097369988933,-6.2885678993868259],[106.87110249983206,-6.289045699296774],[106.87122109926563,-6.2894620996495556],[106.87140099990143,-6.2900247993784184],[106.87145029956424,-6.2901845991533403],[106.8714679996602,-6.2902376996643943],[106.87151719943328,-6.290392800018215],[106.87156739988114,-6.2905633992978638],[106.8716105998916,-6.2907053992156561],[106.87162229933377,-6.290743899327162],[106.87165969940912,-6.2908677999811573],[106.87194289936915,-6.291839699929934],[106.8721344998207,-6.2926174998262132],[106.87219249976138,-6.2928528992507911],[106.87220179953067,-6.2929181996253991],[106.87221119923625,-6.292967499843078],[106.87221850001161,-6.2930281998485835],[106.87224189945039,-6.2932379993824599],[106.87224369946217,-6.2933406995877892],[106.87223609939919,-6.2935024996597742],[106.87220009995244,-6.2937324992503054],[106.87216569977485,-6.2939389997400195],[106.87211429969726,-6.2942445997233945],[106.87210979952344,-6.2942717999692936],[106.87206729923479,-6.2944976999746922],[106.87202029995323,-6.2947475995403792],[106.87198669948494,-6.294914499126615],[106.87188529956588,-6.2953855991501069],[106.87185379923017,-6.2955368991909184],[106.87177329975768,-6.2959183991957515],[106.87173509940951,-6.2960760993203779],[106.87169409986743,-6.2962214995099028],[106.87165089969182,-6.2963653000212787],[106.87162589933064,-6.2964356998275743],[106.87150369934059,-6.2968226992564844],[106.87147689998612,-6.2969054995830573],[106.87122789937412,-6.2974796991809816],[106.87116749965806,-6.2976199999460709],[106.87109459945773,-6.2977913994118131],[106.87097929980997,-6.2980357999378782],[106.87087319987192,-6.2982521994651979],[106.87083939955457,-6.2983224997407143],[106.87059719970556,-6.2988038994538424],[106.87046749991053,-6.2990054995069338],[106.87041980002415,-6.299079600025828],[106.87027729919501,-6.2992702994378851],[106.86998629928569,-6.2996378998210645],[106.86988890003138,-6.2997614997906872],[106.86969309995868,-6.3000098994919727],[106.86945039933593,-6.3002846993345383],[106.86925569963996,-6.3005290996089398],[106.86922629975663,-6.300566099671709],[106.86918189942091,-6.3006254995370767],[106.86903969923533,-6.3008160992259779],[106.86869479951166,-6.3012456992685877],[106.8685856995058,-6.3013846998735161],[106.86841639994105,-6.3015921993233821],[106.86810279939759,-6.3019710999530458],[106.86805679936737,-6.3020266999538528],[106.86802779946372,-6.3020633992933019],[106.8679785000062,-6.3021259992842786],[106.86792079958005,-6.3022009999405251],[106.86782579995017,-6.3023163996071023],[106.86770699993066,-6.3024606997627135],[106.86769199933555,-6.3024792994105079],[106.86767519957314,-6.3024988991672508],[106.86751259999666,-6.3026998999046073],[106.8674458996373,-6.3027797998223711],[106.86742789964684,-6.3027995991693615],[106.86716249979636,-6.3031121992716743],[106.86692589968993,-6.3033864994819515],[106.86690839932557,-6.3034696996520942],[106.86682109991141,-6.3036024991809958],[106.86654399979659,-6.3039958997857015],[106.86609620002116,-6.304723899226417],[106.86598099980047,-6.3049163993134485],[106.86584259956182,-6.3051783995132133],[106.86567669968855,-6.3055017995647757],[106.86557799966316,-6.3056884992314037],[106.86555559916717,-6.3057960992081927],[106.86554859947483,-6.3058915998669614],[106.86555749960554,-6.3059512998204648],[106.86560889960599,-6.3061097996935533],[106.86567579945748,-6.3062479992249054],[106.86578989979134,-6.3064060991744286],[106.86585109938093,-6.3064360994783142],[106.86614369993505,-6.306584299851381],[106.86623259928521,-6.3066300994800644],[106.86647449924332,-6.3067569994763497],[106.86667589932962,-6.3068624994148621],[106.86688919966993,-6.3069735994175886],[106.86708749964808,-6.3070750994437166],[106.86736629939638,-6.307225799521456],[106.86749039983847,-6.3072921994449329],[106.86795859988025,-6.3074857993507223],[106.86837919998003,-6.3076760993086065],[106.86906309936757,-6.3080406991804496],[106.86930739966245,-6.3081640997354587],[106.86941829995665,-6.3082054996939547],[106.86956919957522,-6.3082510996129955],[106.8696485995455,-6.3082744997437494],[106.86979529915072,-6.3083112992115442],[106.87006229955722,-6.308362499364164],[106.87017599927553,-6.3083763993569502],[106.87040699947076,-6.3084000995836798],[106.870547499179,-6.308406399745321],[106.87068369921707,-6.3084050996648893],[106.87088209917543,-6.3083943999828014],[106.87109679999881,-6.3083781996140784],[106.87133270001789,-6.308347099508758],[106.87149319930231,-6.3083209997767646],[106.87176589920375,-6.3082750993081405],[106.87328599928193,-6.3079498994510548],[106.87364619930926,-6.3078671993550772],[106.87372209946169,-6.3078485993442177],[106.87381359953619,-6.3078260996928934],[106.87390129961111,-6.3078042999387804],[106.8740146999519,-6.3077766998596259],[106.87408939963574,-6.307759499216167],[106.87417119940824,-6.3077405994519182],[106.87428419967772,-6.3077165992611741],[106.87429179983937,-6.307714999608919],[106.87475099980203,-6.30760309953037],[106.87535399954311,-6.3074431994285751],[106.87541009972171,-6.3074267997340794],[106.87561359991788,-6.3073668999345038],[106.8757397995923,-6.3073298991670805],[106.87615959914565,-6.3072096996752531],[106.87678899982507,-6.3070243997036792],[106.87691909918787,-6.3069860998595599],[106.87753969984436,-6.3068249995271968],[106.87767849991488,-6.306789399596135],[106.87880939928463,-6.3064995993364592],[106.87933039949998,-6.3063408996498271],[106.88004259921783,-6.3061216998133203],[106.88011799968552,-6.3060992997921668],[106.88019329984047,-6.3060768992185086],[106.88036039992708,-6.3060276995334821],[106.88063079964763,-6.3059509991377931],[106.88075289918825,-6.3059206991917591],[106.88094279991067,-6.305868099766661],[106.88124899926321,-6.305804899846712],[106.88216029965224,-6.3056565995775404],[106.88238809944339,-6.3056303993994289],[106.88262009937,-6.3056139993218183],[106.88360409932335,-6.3055954994137711],[106.88484399967506,-6.3055725000152485],[106.88519139978294,-6.3055638992023315],[106.88616389928852,-6.3055370999373581],[106.88669719950981,-6.3055609991300603],[106.88708999971723,-6.3056189998175558],[106.88714369924782,-6.3056563995102142],[106.88717719946762,-6.305688399580009],[106.88719989991755,-6.3057234992664135],[106.88722479975668,-6.3058137995673187],[106.88723489944344,-6.3058956997493931],[106.88723090002503,-6.3059763996570055],[106.88721609914221,-6.3060389998308608],[106.88718229945722,-6.306087599487836],[106.88711679946897,-6.3061483995725078],[106.8870945992052,-6.306168399972897],[106.88692379925006,-6.3062875999883667],[106.88686489923415,-6.3063188993909645],[106.88679480002534,-6.3063562997872777],[106.88675269951547,-6.3063838991913279],[106.8867359995872,-6.3063948997481951],[106.88670449988157,-6.3064175992111977],[106.88667669964138,-6.3064462996161357],[106.88662249976244,-6.3064996999608294],[106.88621769997232,-6.306991899184001],[106.88602119916079,-6.3072379995595584],[106.88591929946396,-6.3073606994814417],[106.88579119932133,-6.3074739998496687],[106.88560809982481,-6.307592599506135],[106.88544849951033,-6.3076572996403328],[106.88538619994893,-6.3076778998943341],[106.88531849919967,-6.3076991996014149],[106.88523259985675,-6.307725899578795],[106.88514749967354,-6.3077491998006758],[106.88428359973543,-6.3079411999960033],[106.88406569931557,-6.3079670996553885],[106.88388699978343,-6.3079515997035109],[106.88374269958011,-6.307920299307896],[106.88349859928235,-6.3078060999886265],[106.88332579952203,-6.3077114995566168],[106.88279929993169,-6.3073764992874368],[106.88196359948438,-6.30684599943827],[106.88150339933925,-6.306535399397764],[106.88143329967669,-6.3065082000097714],[106.88135209995852,-6.3064847992095441],[106.88121719987942,-6.3064750992425189],[106.88106039998979,-6.3064795991896974],[106.88088569931085,-6.3065061994775311],[106.88073219964269,-6.3065470999716062],[106.88051279941679,-6.3066181997453841],[106.88051419962333,-6.3066794992094604],[106.88051869914361,-6.3067740997374315],[106.88054909962271,-6.3068714991440666],[106.88058829990403,-6.3069280998827821],[106.88071669928758,-6.3070680996007766],[106.88081589988599,-6.3072246998475441],[106.88091789984881,-6.3073779997739328],[106.8811686991929,-6.3078138992626718],[106.88129279998634,-6.3080797998379605],[106.88138750003458,-6.30828199936653],[106.88158169920339,-6.3086669997749221],[106.88162599955594,-6.3087442994582386],[106.88170369995669,-6.3088122996298024],[106.88178959961604,-6.3088468991700033],[106.8818968998152,-6.3088628991227749],[106.88213029939079,-6.3088695991363526],[106.88231149984837,-6.308861099165461],[106.88243959974926,-6.3088697997482432],[106.88254420001255,-6.3088950993773922],[106.88264279947123,-6.3089504996632959],[106.88271189916746,-6.3090264998236112],[106.88281789930787,-6.3092024994024971],[106.88289359936758,-6.3093350993522987],[106.8829881993359,-6.3094757998803113],[106.88303109973005,-6.3095964996046314],[106.88305289950924,-6.3097269996500778],[106.88304119923863,-6.3097817994870988],[106.8829636996627,-6.3098840994091825],[106.88266939959581,-6.3101482993400939],[106.88265989964668,-6.3101527992362998],[106.8824266999804,-6.3101895998964439],[106.88240319943938,-6.3101946992063782],[106.88239119987206,-6.3101938999193194],[106.88238169942196,-6.3101879994670611],[106.88204529950085,-6.3097835998441463],[106.88203269980302,-6.3097709991329856],[106.88176819973368,-6.3095725995640297],[106.88176019987601,-6.3095670996372384],[106.88171099923746,-6.3095073996511157],[106.88165189954721,-6.3093440998961485],[106.88161019929213,-6.3092285998671631],[106.8815619995065,-6.3090948994083869],[106.88143159972002,-6.3087973993824322],[106.881315299452,-6.3085356994224648],[106.88120729958085,-6.308296399400616],[106.88114289938184,-6.3081570992151166],[106.88109399989324,-6.3080740991656361],[106.88098000001756,-6.3078284998397622],[106.88082579939119,-6.3075898998801776],[106.88071040004013,-6.3074473000124325],[106.8805588994678,-6.3073326997065839],[106.88008329921257,-6.3069364998559907],[106.88004099941881,-6.3068211997009707],[106.87998959930071,-6.306761599570887],[106.87985739949455,-6.3067998995385386],[106.8797321995815,-6.3068362999359993],[106.87932239954964,-6.3069137993787772],[106.87880369988598,-6.3070118997208802],[106.87856009979151,-6.3070611994452381],[106.87816229991819,-6.307153899589097],[106.87805179992843,-6.3071829999390934],[106.87776479946305,-6.3072587998179275],[106.87760529918708,-6.3073072996907378],[106.87757419957052,-6.3073167994919936],[106.87709879962138,-6.3074579993113646],[106.87693949920481,-6.3074972995274212],[106.87657169970234,-6.3075838996905293],[106.87644739998197,-6.3076154996914395],[106.87640799950123,-6.3076254994814649],[106.87619459921159,-6.307672600002947],[106.87586569917781,-6.3077511999260683],[106.87562159995126,-6.307812499166439],[106.87541859997165,-6.3078662996613089],[106.87526889956621,-6.307905899412952],[106.87501209955286,-6.3079744998967682],[106.87495460001037,-6.307986499603909],[106.87458429973738,-6.3080850992482516],[106.87451479954245,-6.308103799325564],[106.87429189990463,-6.308163799351612],[106.87421579936698,-6.308180699475944],[106.87392639957253,-6.3082450994787393],[106.87378229946864,-6.3082730993167528],[106.87344899943311,-6.3083403992620024],[106.87331029986073,-6.3083712999609416],[106.87298159918548,-6.3084443994766239],[106.87225619960746,-6.3086059994842936],[106.87221919917563,-6.3086142996227252],[106.87205799933596,-6.308650399269049],[106.87134089940338,-6.3087874993880657],[106.8710788995615,-6.3088314996514274],[106.8709820992042,-6.308847699762028],[106.87092609917782,-6.3088540997295359],[106.87075749932474,-6.308870599261363],[106.87064469966812,-6.3088783993665771],[106.87046480003762,-6.3088911998300503],[106.87027529957689,-6.3088967997060283],[106.87015589939416,-6.3088956994679526],[106.87002599955677,-6.3088904995065844],[106.86981899960961,-6.3088737997388122],[106.86969209941869,-6.3088583991717622],[106.86945089948995,-6.3088129995500664],[106.86938029956296,-6.3087977991959256],[106.86924889976657,-6.3087711996032727],[106.86905279921841,-6.3087228992683633],[106.86891400003034,-6.3086797991868879],[106.86876449945495,-6.3086289997466212],[106.8686263991892,-6.3085797000289388],[106.86850029961469,-6.3085256999514616],[106.8683815993312,-6.3084636996080654],[106.86827769933326,-6.308405100001969],[106.8677439993738,-6.3081144996290286],[106.86760719972534,-6.308035199745003],[106.86753069914809,-6.3079871996206549],[106.86733809993453,-6.3078816993904274],[106.86716309988675,-6.3077922994833813],[106.86708699918624,-6.3077534993644644],[106.86648540003443,-6.3074689995083721],[106.866260399922,-6.307357099521778],[106.86619039955158,-6.3073151996576398],[106.86581969962658,-6.30710989990272],[106.86579059967957,-6.307082099305247],[106.86576949920642,-6.3070566995111959],[106.86574629928592,-6.3070200993850838],[106.86572819969506,-6.3069880993951548],[106.86571149994485,-6.3069487997057729],[106.86565749987574,-6.3067601991678437],[106.86561939962901,-6.3066264995791741],[106.86559379967414,-6.3065572998342763],[106.86554709916025,-6.3064800997515009],[106.86549909932842,-6.3064190994607561],[106.86543929919726,-6.3063549000226997],[106.86533919928996,-6.3062822996924339],[106.86530809922138,-6.3062659997680619],[106.86527129985066,-6.3062463992985407],[106.86499939924526,-6.3060986992686967],[106.86503789919175,-6.3060335991440386],[106.86512619926386,-6.3058753993991017],[106.86562289948156,-6.3050272994727559],[106.86626079931038,-6.3039380996127132],[106.86668999960288,-6.3034445000026826],[106.866761399168,-6.3033898995062252],[106.86727519969205,-6.3027791995964462],[106.86758099973204,-6.3024238991817088],[106.8677240000075,-6.3022477993150492],[106.86781739933171,-6.3021371992018773],[106.86791549915188,-6.3020210000246504],[106.86800329949594,-6.3019156992852379],[106.8680145995198,-6.3019020992754653],[106.86810350002551,-6.3017885993762297],[106.86815929955644,-6.3017323991804988],[106.86824619999184,-6.3016465996335906],[106.86830939948101,-6.3015757998383979],[106.86861279970556,-6.3012120992283123],[106.86912659978857,-6.3005797000236115],[106.86919439971985,-6.3004945999621924],[106.86963119990705,-6.299954399566114],[106.86966499947195,-6.2999125998738759],[106.86993809992543,-6.2995747993631097],[106.87021639993945,-6.2992239993130044],[106.8703566994584,-6.2990362996309637],[106.87040479986051,-6.2989614996783709],[106.87052949985353,-6.2987676995684252],[106.87076229977598,-6.2983070991491692],[106.87090880002924,-6.298001699606198],[106.87101429922788,-6.29775709914919],[106.87108749986966,-6.2975896000098839],[106.87115309916058,-6.2974457996325537],[106.87136479946354,-6.2969013998038728],[106.87140959998281,-6.2967865995202486],[106.8714694994471,-6.2966105993734027],[106.87152229953476,-6.2964119992887548],[106.8715466995554,-6.2963303992400039],[106.87158809995026,-6.2961916991551385],[106.87166180002234,-6.295919499730668],[106.87178159974259,-6.2954153992025512],[106.8719171997585,-6.2947706995003792],[106.87195099977411,-6.2944727999334784],[106.87197029940508,-6.2943027997683867],[106.87198889919358,-6.2942166997993416],[106.87201829919029,-6.2940806991642182],[106.87208269928995,-6.293882999673043],[106.87212059975947,-6.2936975993860891],[106.87212839980518,-6.2936579995855331],[106.87214659959827,-6.2935512991490388],[106.87215750002467,-6.2934387994560845],[106.87215989934676,-6.2934047994187647],[106.87216019958358,-6.2933760997891799],[106.87215759992044,-6.2933210998538085],[106.87213129997561,-6.2930822993150857],[106.87211060002946,-6.2929588994887586],[106.8720893991661,-6.2928613998585758],[106.87186209966467,-6.2918591999418245],[106.87157559920297,-6.2908898994061726],[106.87153869944224,-6.2907643993176023],[106.8715258992317,-6.2907207992311278],[106.87143569917636,-6.2904141993189278],[106.87137549962691,-6.2902097998857673],[106.87132179938475,-6.2900408993300712],[106.8712180997566,-6.2897155992312825],[106.8710310999236,-6.2890659999337286],[106.87086209919811,-6.2883679992925279],[106.87082919956282,-6.2881985991580454],[106.8708107993026,-6.2880544994370409],[106.87080249952993,-6.2878691994807046],[106.87080239954557,-6.2875156994289654],[106.87080519925615,-6.2874333992215679],[106.87082689922482,-6.2870774992883494],[106.87083179960796,-6.2869915993824064],[106.87083519933709,-6.2869135998772077],[106.87085329926317,-6.2865889999888163],[106.87086199926109,-6.2863589995506199],[106.87086869939273,-6.2862656999824207],[106.87087529976866,-6.2861722995073404],[106.87088500002596,-6.2861290998343353],[106.87102709915962,-6.2855771998910974],[106.87110649984697,-6.285298499464874],[106.87118349929176,-6.2850282994041979],[106.87124989930868,-6.2847534999088683],[106.87131619954258,-6.2844785995158725],[106.87132369927699,-6.2844456996483133],[106.87137599980264,-6.2842308992849194],[106.87145879986501,-6.2838877996242868],[106.87147729920336,-6.2838111999708444],[106.87167679989213,-6.2830530999496705],[106.87179609993417,-6.2827191996277936],[106.87195499987195,-6.2822818993564384],[106.87198099954026,-6.2821955994005201],[106.87199259934692,-6.2821185995061217],[106.87200259955564,-6.2820159998620619],[106.8720020000226,-6.2819326992196398],[106.87199259955095,-6.2818526994702779],[106.87197509996923,-6.281759999196149],[106.87193839920391,-6.281663799863237],[106.87191729938918,-6.2816240991696484],[106.87168339935327,-6.2812683996220828],[106.87135039959237,-6.2807779998620807],[106.8711594994801,-6.2804925991287774],[106.87093780003025,-6.2801563993865903],[106.87084729925415,-6.2800116993015216],[106.87072399969763,-6.2798248999208059],[106.87065549938339,-6.279723400017307],[106.87062259964644,-6.2796747993668918],[106.87043559956366,-6.2794025992286944],[106.87042669924007,-6.2793896998988732],[106.87025529978654,-6.2791308994225137],[106.87020559945563,-6.2790558997383314],[106.87009499954647,-6.2788984992165657],[106.86980359927855,-6.2784666996385985],[106.86945599983056,-6.2778934997966429],[106.86942069942275,-6.277835499896633],[106.86940549986974,-6.2778115996366335],[106.86912400000692,-6.2773699991521363],[106.86897079929903,-6.2771421000081977],[106.86893159962037,-6.2770925994140176],[106.86873469926121,-6.276843999218646],[106.86847909938848,-6.2765210991851168],[106.86844449971575,-6.2764765992361884],[106.8683799995262,-6.2763884993644146],[106.86826649945903,-6.2762201998868141],[106.86809689967072,-6.2759669991781006],[106.86790149953804,-6.2756286995346677],[106.86763759980225,-6.2751165995798583],[106.86759819987866,-6.2750386992360214],[106.86739509941626,-6.2745689993067897],[106.86733029942401,-6.2743574999407477],[106.86724639969644,-6.2738584998574121],[106.86720949976117,-6.2736177999659324],[106.86713289920283,-6.2731125993152146],[106.8671039993317,-6.2728765995817151],[106.86710639991243,-6.2723403996752296],[106.86712299934615,-6.2721209998226506],[106.86716589989241,-6.2715559994257273],[106.86724349923904,-6.2711520999779591],[106.86725129921186,-6.2711140996526131],[106.86727069939698,-6.2710189997395531],[106.86733919949283,-6.270696799265929],[106.867370499578,-6.2705495995600229],[106.86739529964716,-6.2703902992639611],[106.86740129953395,-6.2703095995981455],[106.86739929929898,-6.2702362999807537],[106.86739389915169,-6.2701749997093268],[106.8673744993409,-6.2701142999495314],[106.86733360000201,-6.2700350991983207],[106.86727119940794,-6.2699363992766965],[106.86723369982147,-6.2698778995927382],[106.86674149922416,-6.2690784998858273],[106.86663329942047,-6.2689116994944962],[106.8665876999268,-6.2688357992378316],[106.86634039994028,-6.2684672995580746],[106.86624629954315,-6.2682889995407338],[106.86620609918694,-6.2682011994484714],[106.86618379969718,-6.2681530993052528],[106.86617179963295,-6.2681269993851236],[106.86614669954784,-6.2680586996121477],[106.86612419966178,-6.2679770995496327],[106.8661064997473,-6.2679013991699213],[106.86608699916401,-6.2678020996044017],[106.86599779954855,-6.2670282996098354],[106.86590799990491,-6.2660363994328589],[106.86588949962264,-6.2658477995230193],[106.86585399945,-6.2654852000193388],[106.86580039996002,-6.2650182995356065],[106.86578859942222,-6.264932599884852],[106.86575299958579,-6.2644133997644369],[106.86573739941375,-6.2642638000286626],[106.86570609994365,-6.2640134992449132],[106.8656943998719,-6.2639061999369314],[106.86566959991379,-6.2637441999100387],[106.86573679962912,-6.2636751992697546],[106.86575709956324,-6.2635928998845536],[106.86577129993351,-6.263374099773424],[106.86577489945087,-6.2633294996225919],[106.86580509950214,-6.263213300027445],[106.86582849967783,-6.2631635996628052],[106.86586439957071,-6.2630878993632635],[106.86599579931419,-6.2629242995598364],[106.8661185993285,-6.2627503994895797],[106.86630299918565,-6.2624936996269636],[106.86632039937673,-6.262465799809231],[106.86645199941515,-6.2622820999723752],[106.86663619952778,-6.2620743000205596],[106.8666953994277,-6.2619981000199507],[106.86673459993123,-6.2619475993335865],[106.86678159968164,-6.2618870999204637],[106.86698589992665,-6.2616120997033722],[106.86744169920945,-6.2610239994182866],[106.86782529924542,-6.2605234996474799],[106.86817089946928,-6.2600778994592758],[106.86850829959549,-6.2596437993565006],[106.86867529986107,-6.2594194999755031],[106.86902669940741,-6.2589613999067675],[106.86933489963698,-6.2585528997472961],[106.8697761996369,-6.2579737998185729],[106.8699672000244,-6.2577080997370196],[106.87025449988199,-6.2572881993111711],[106.87046859965676,-6.2569466998096921],[106.87074279954977,-6.2564750997067078],[106.87099079950529,-6.2560615995428437],[106.87109399991201,-6.2558425995440174],[106.87115519937736,-6.2556615995715701],[106.87118029933943,-6.2556052991903695],[106.87133969942138,-6.2552450996165154],[106.87145249940289,-6.2550297995684829],[106.87152699975518,-6.2549076991438382],[106.87158439990934,-6.2548082995373333],[106.87162779957129,-6.254725399898053],[106.87166090003358,-6.2546364999486466],[106.87181909970316,-6.2541515999081225],[106.87224289940258,-6.2529479994668904],[106.87258039919391,-6.2522063994224339],[106.8733469996821,-6.2507212998200377],[106.87347899931747,-6.2504645991760235],[106.87358899931924,-6.2502443996491888],[106.87362489955039,-6.250169499544012],[106.87364039929992,-6.2500822997725356],[106.87365259916722,-6.2499980999776747],[106.87366309920642,-6.249915599708614],[106.87368059963374,-6.2498238991989039],[106.87371499971545,-6.2497011994061795],[106.8737493997933,-6.2495784996197541],[106.87377829929933,-6.2495017999010019],[106.87382249951519,-6.2493979998621976],[106.87398809929614,-6.2490089993699964],[106.87409009955228,-6.2487693991493973],[106.87414539977497,-6.2486394992974708],[106.87436459959517,-6.2481245995715167],[106.87453329959219,-6.2477281993797282],[106.87457719959725,-6.2476281996618974],[106.87458159935825,-6.2475734993036909],[106.87458179997286,-6.2475333996283222],[106.87457509984489,-6.2474885994738605],[106.87456599955111,-6.2474573999225091],[106.87455459979822,-6.2474289996759049],[106.87454029929602,-6.2474014994453695],[106.87451979957662,-6.2473754995926241],[106.87435919992529,-6.2472194997190718],[106.8740001994224,-6.2469761995950179],[106.87387349940965,-6.2469041997717918],[106.87355889935615,-6.2467369996320414],[106.87337609972774,-6.2466582999043503],[106.87323369995441,-6.2466009993803073],[106.8729484996542,-6.246501999798495],[106.87289920000087,-6.2464848997575846],[106.87268389945521,-6.2464142999865579],[106.87266099999313,-6.2464080994810232],[106.87237109936378,-6.2463229994645024],[106.87204819953295,-6.2462008995553244],[106.87176549998476,-6.246107100009703],[106.87131759942557,-6.2459709996083772],[106.87119669940374,-6.2459347998352222],[106.87101089958412,-6.2458761999719172],[106.87075049934757,-6.2457889994215972],[106.87067619959498,-6.2457605993538605],[106.87034399964307,-6.2456469995171293],[106.87012159917089,-6.245559999844974],[106.869830699323,-6.2453423993776598],[106.86973889976065,-6.2452853997658426],[106.86951689936134,-6.2451437993943291],[106.86928819984294,-6.2450170995933645],[106.86910849982768,-6.2449331998864848],[106.86891609983756,-6.2448571995649695],[106.86871019973609,-6.2447751992400926],[106.86839149179013,-6.2446559206946004],[106.86851069925396,-6.2442915991839039],[106.86857559941691,-6.2442203992011729],[106.8685876993697,-6.2441637997780495],[106.86864639917324,-6.2439617992909913],[106.86868159917488,-6.2438484999048915],[106.86874929967244,-6.2436285996323448],[106.86902979955674,-6.2427259996372753],[106.86914389914413,-6.2423293991850421],[106.86916909922256,-6.2422416992904379],[106.86917989943832,-6.2421831994511914],[106.86919919957951,-6.2420781996913259],[106.86923089948377,-6.2418650999395409],[106.86925839989867,-6.241676999497856],[106.86927259952616,-6.2414809997046969],[106.86927669997519,-6.2413212994552953],[106.86927669935018,-6.2409979995377736],[106.86927059996125,-6.2406463996477033],[106.86925629990378,-6.2402765993732974],[106.86922989920598,-6.2396521996985781],[106.86920759922414,-6.2394076997038486],[106.86916689922352,-6.239132900001878],[106.86910189967672,-6.2387832993107493],[106.86901039946545,-6.238326699548729],[106.86892299958548,-6.2379123994387591],[106.86882539961005,-6.2375203992675194],[106.86877619969904,-6.2373347996755566],[106.86876649963025,-6.2372980993263445],[106.86874639960214,-6.2372326992318374],[106.86873259986824,-6.2371991996507443],[106.86868919990819,-6.2370939991868593],[106.86860299985756,-6.2369054991661379],[106.86851309924653,-6.2367121994387276],[106.86838569977078,-6.2364335993904652],[106.86818989920866,-6.2360149997615624],[106.86803969999674,-6.2357136993539068],[106.86796189930276,-6.2355656997176467],[106.86790719946239,-6.2354359995703286],[106.86784089951277,-6.2352784998877802],[106.86783719918684,-6.2352696993315702],[106.86777649997244,-6.2351197999686905],[106.86776209936778,-6.2350790999831078],[106.86770039972126,-6.2348897993986716],[106.86765409914899,-6.2347332992909683],[106.86760019915118,-6.234560199650554],[106.86757249931172,-6.2344345999019328],[106.86754939953364,-6.2343151998918644],[106.86752319966706,-6.2341405997288231],[106.86750469981801,-6.2339721991680515],[106.86746469999103,-6.2335953999383964],[106.86742359919967,-6.2332431993275046],[106.86738229914083,-6.232917899731655],[106.86736469988466,-6.2327595998405023],[106.86732629945563,-6.2323392997252789],[106.86729569956218,-6.2320120996208841],[106.86727839938574,-6.2318925994339214],[106.86726669917411,-6.2318126993573015],[106.86726509926511,-6.2317820994762325],[106.86721719933463,-6.2305715994125386],[106.86717439921715,-6.2300003999871407],[106.8671731995187,-6.229739499356163],[106.8671778999984,-6.229313299709899],[106.86720329942698,-6.2285763998630994],[106.8672103994509,-6.2276870993916447],[106.86720809989485,-6.2273528993901488],[106.86720339997196,-6.2270951991672625],[106.86718239981143,-6.2268537997138766],[106.86713569986652,-6.2265960998082628],[106.86705630001789,-6.2262154993138772],[106.86699049921978,-6.2259377992700653],[106.86693569973183,-6.225710799505042],[106.86686889987593,-6.2254903999830296],[106.86683969914733,-6.2254001992284298],[106.86680459961877,-6.2253194993729535],[106.86678499936912,-6.225274799584458],[106.86668849950932,-6.2250918998915745],[106.86656619954999,-6.2248662996589719],[106.8665525992017,-6.2248378994930764],[106.86654609944874,-6.2248094995334853],[106.86655010001725,-6.2247825995028556],[106.86656809970694,-6.2247603994829914],[106.86658989996701,-6.2247500991368856],[106.86661139914769,-6.2247446000013582],[106.86667219943777,-6.2247382991394291],[106.86674519995979,-6.2247348999521455],[106.86703359928684,-6.2247313998488965],[106.867091399337,-6.2247325995525093],[106.86711789981098,-6.2247325998449243],[106.86713839975313,-6.2247375996251737],[106.86715269920833,-6.2247487994110617],[106.867172099548,-6.2247675995438803],[106.86718269982886,-6.22478639915537],[106.86719009966887,-6.2248237994626212],[106.86717899928759,-6.2248526992767186],[106.86707679926245,-6.2250383993807388],[106.86702759946988,-6.2251532995088255],[106.86699759932591,-6.2252265994790648],[106.86695939966599,-6.2254070000005131],[106.86694939950975,-6.2254915998513072],[106.86695439950724,-6.2255662995178014],[106.86707389944048,-6.2260510992131941],[106.86722699981328,-6.2268004994358881],[106.86724799917421,-6.2270114994794659],[106.86725829967421,-6.2272225997630102],[106.86726289974391,-6.2293111995495867],[106.86727349925488,-6.2297378992530481],[106.86727569969689,-6.2301394995838741],[106.86727149985468,-6.2302819997965111],[106.86727529919905,-6.2305712996655078],[106.86731819947421,-6.2317787993286444],[106.8673177999582,-6.2318065998015753],[106.86732619977734,-6.231889599245557],[106.86734479932835,-6.2320098995231366],[106.86735600000914,-6.2321237992881917],[106.86743249990673,-6.2328769997996956],[106.86746459977222,-6.2331162992053111],[106.86754510003512,-6.2338673995350042],[106.86761279997141,-6.2343940993698173],[106.86769669986784,-6.2346967996095515],[106.8678172999837,-6.2350084998484814],[106.86785449992634,-6.2350920996809087],[106.86791890002665,-6.235250699223517],[106.8679842998509,-6.2354065999260726],[106.8680449991913,-6.2355513998196352],[106.86811419975174,-6.2357280996725688],[106.86857919987173,-6.2367364991489653],[106.86876929986275,-6.23716629941155],[106.8687750992798,-6.2371850996477516],[106.8687867994326,-6.2372234999384615],[106.86881519920516,-6.2373263991903851],[106.86884829969156,-6.2374462996915989],[106.8689740993885,-6.2379221999566683],[106.86903539932709,-6.2382265999775033],[106.86916609971325,-6.2388496992578943],[106.86925539955928,-6.2394090996462168],[106.86929369945192,-6.2399620996853553],[106.86931809965074,-6.2403911998993848],[106.86933199937798,-6.2413755998899791],[106.86931409919441,-6.2416047996709612],[106.86930199970519,-6.2417376994546183],[106.86924899946341,-6.2420718999471179],[106.86923389995826,-6.2421934994623793],[106.86922309956996,-6.2422572994358285],[106.86920279969119,-6.242342299309918],[106.86919319994662,-6.2423815997676142],[106.86914109955248,-6.2425567994437845],[106.86906069984006,-6.2428239993261405],[106.86880169996985,-6.243650299439385],[106.86873679995681,-6.243869299177315],[106.86872499921365,-6.2439187999511443],[106.86875649945104,-6.2440205994726883],[106.86876389976129,-6.2440546000121744],[106.86877889945386,-6.2440915997542161],[106.86879209981362,-6.2441159993125117],[106.8688140993607,-6.2441392998176966],[106.86884579941784,-6.2441674998235541],[106.86890599966799,-6.2441959991434883],[106.86893769952709,-6.244205799672625],[106.86927719936457,-6.2443240999195853],[106.86941599987772,-6.2443903991615839],[106.86952109964474,-6.2444487991796152],[106.86963629996835,-6.2445239994698181],[106.86980849996331,-6.2446886997536506],[106.86983869977801,-6.2447266996630351],[106.86986199923707,-6.2447661996677848],[106.8699077996619,-6.2448584998464129],[106.86996299938517,-6.2449224992547805],[106.87005339995116,-6.2450198994362758],[106.87014519983214,-6.2451077992367479],[106.87024079957304,-6.2452049991549252],[106.87031149961255,-6.2452776991949337],[106.87035439937003,-6.2453237993947095],[106.87044289946425,-6.2454090996547311],[106.87051059995835,-6.2454713999303682],[106.87061849984683,-6.2455589991408758],[106.8707081996794,-6.2456393999979891],[106.87072179980188,-6.2456480992917491],[106.87080619960021,-6.2457017995290078],[106.87091909933645,-6.2457523993325088],[106.87120269930327,-6.2458402993709452],[106.87133239925227,-6.2458779000250377],[106.87156109957593,-6.2459346997808014],[106.87179169958681,-6.2460078993580508],[106.87184959941078,-6.2460240991348535],[106.87201949961701,-6.2460627997592182],[106.87234239918098,-6.2461212991505493],[106.87249689977713,-6.2461330999124733],[106.87260819984871,-6.2461415996577001],[106.8726908991746,-6.2461471994199238],[106.87277639932786,-6.2461608994074975],[106.87305139945538,-6.2462227993666426],[106.87313639964096,-6.2462419992013638],[106.87329999962527,-6.2462796991989649],[106.87331009934303,-6.2462819995530099],[106.87337699929492,-6.2462915993539569],[106.87343649978874,-6.2462931993700881],[106.8738465992449,-6.2463915991912984],[106.87405179935027,-6.2464535998110806],[106.87427920003036,-6.2465368998178592],[106.87447969926868,-6.2466255992988025],[106.87470410003795,-6.246750199491216],[106.87473609998528,-6.2467675996910224],[106.87475189958947,-6.2467755993401655],[106.87476729972893,-6.2467855994820285],[106.87479349939319,-6.2468058991559001],[106.87482039954197,-6.2468282993809359],[106.87483939935396,-6.246844899626983],[106.87484949976353,-6.2468544991255701],[106.8748587992644,-6.2468644993092601],[106.87488519995763,-6.2468932999614104],[106.87493009973795,-6.2469884000249953],[106.87495659931012,-6.2470898992253758],[106.87497049916627,-6.2471611995912726],[106.87498119938161,-6.2472468999700066],[106.87498819961807,-6.2473396993428114],[106.87499129937142,-6.2474380993472556],[106.8749892991756,-6.247484099570749],[106.87498199999403,-6.2475425995374971],[106.8749583998317,-6.247610899807519],[106.87490869975025,-6.2476612996826617],[106.87487769960244,-6.247703699897472],[106.87485080001056,-6.2477532996868677],[106.87467289970272,-6.2481443991444321],[106.87446069954005,-6.2486393998797709],[106.87426829948311,-6.2491052996794174],[106.87418769988584,-6.2492823000001403],[106.87411169987081,-6.2494312996369006],[106.87399449952878,-6.2496485999120663],[106.87395249968075,-6.2497186999366425],[106.87378709981101,-6.2500653991958952],[106.87368289975979,-6.2502784994831506],[106.87364240003467,-6.2503524991788293],[106.87356679965808,-6.2505117992689465],[106.87344329935458,-6.2507607997445191],[106.87274269980516,-6.2520639999651539],[106.87259879926778,-6.2523552996101444],[106.87247729975175,-6.2526243994400854],[106.87228400001557,-6.2530951000186281],[106.8722005991728,-6.2533141994015917],[106.87216359973822,-6.2534019993224916],[106.87212269938473,-6.2534952995150919],[106.87204349974134,-6.2536566992347966],[106.8720024992942,-6.2537459998307456],[106.87195679967952,-6.2538609995224883],[106.87192989933639,-6.2539414995334965],[106.87186549941177,-6.2541685998711172],[106.87180579961218,-6.2543811999085701],[106.87168059924332,-6.2547342993928234],[106.87132219973255,-6.255605800006335],[106.87127089980554,-6.2557159996526321],[106.8711926994352,-6.2558802999785925],[106.87084809983472,-6.2564932994760394],[106.87046119923154,-6.2571167994432511],[106.87019889984003,-6.2575363993017881],[106.87005129927988,-6.2577449996864267],[106.86975330003513,-6.2581630991733643],[106.86936260000994,-6.2586776995329121],[106.86880709943242,-6.259391199245826],[106.86874389971041,-6.2594700997813817],[106.86870219928282,-6.2595258995966745],[106.86758709923915,-6.2609792997975475],[106.86755449950883,-6.2610216993286558],[106.86752189922551,-6.261064199220292],[106.8671435998784,-6.2615542995416549],[106.86695399945671,-6.2617902993635024],[106.86683559995646,-6.2619218993829628]]},"properties":{"FID":6,"ID":"BRT_07","GEOM_ID":"BRT_07_REG","LINE":"7","NAME":"Kampung Rambutan - Kampung Melayu","MODE":"BRT","CLASS":"Koridor Utama","STATUS":"Eksisting","COLOR":"#E82860","ROUTE_VAR":"REGULAR","SOURCE":"TransJakarta; RTRW DKI Jakarta","REMARK":"Tidak Ada","ALIGNMENT":" ","DIV_ID":" ","DIV_NOTE":" ","DIV_SRC":" ","VALID_FR":" ","VALID_TO":" "}},{"type":"Feature","id":7,"geometry":{"type":"LineString","coordinates":[[106.78495629979382,-6.2224715000205579],[106.78516329956187,-6.2226390995210492],[106.78526679971588,-6.2227325994048721],[106.78539819937913,-6.2228710997377981],[106.78551089935401,-6.2229883993474342],[106.78596659976495,-6.2235212992781959],[106.78670979924573,-6.224392199129233],[106.78685679937816,-6.2245464992620203],[106.78760439959541,-6.2252306999558291],[106.78798039967667,-6.2255831000255659],[106.78837689989581,-6.2259472995324296],[106.78881189962675,-6.2263488992514811],[106.79005780003718,-6.2274759995851827],[106.79036089998039,-6.2277205999300218],[106.79059939952032,-6.2279574000039091],[106.79068809932494,-6.2280981996407307],[106.79075649933134,-6.2282389994367762],[106.79079779994477,-6.2283977995950881],[106.79081499978292,-6.228572399992343],[106.79081739946373,-6.2287106994743375],[106.79079539990728,-6.228848999504458],[106.79074969947607,-6.2290221994536585],[106.79067359963427,-6.229167499834551],[106.79060989973254,-6.2292993996140389],[106.79045129914334,-6.22955639978988],[106.79031079999028,-6.2297869994570654],[106.79014879957312,-6.2300531995441553],[106.78993029940295,-6.2304046992150042],[106.78969749947248,-6.2307561994800196],[106.78937179923436,-6.2312281999969672],[106.78902789988538,-6.2317131993851795],[106.78864239978294,-6.2322288996972235],[106.7885004996424,-6.2324199999252254],[106.78833189917266,-6.2326141998652771],[106.78804459922009,-6.2328814993625734],[106.78773689963997,-6.2331370999133346],[106.78757379965151,-6.2332528994437588],[106.7871577997404,-6.2335217996847581],[106.78666079926639,-6.2338538997067348],[106.78656199970993,-6.2339241991562675],[106.78639819981379,-6.234040799232452],[106.78616969965083,-6.2342130997721545],[106.78578759937001,-6.2345198994084825],[106.78577049988441,-6.2345335998006011],[106.78567619974606,-6.2346062999082408],[106.78548349969441,-6.2347817991764609],[106.78536186768486,-6.2348907794424244],[106.7849839351825,-6.2352554845093637],[106.7847180212687,-6.2355220785831671],[106.78459587372487,-6.2356454353654707],[106.78443123269341,-6.235855080305245],[106.7843243451137,-6.2359936445438455],[106.78424774586625,-6.2360999449755949],[106.78421334542823,-6.2361605447426829],[106.78417894554451,-6.2362210441440862],[106.78410244527886,-6.2363940447492014],[106.78385814957609,-6.23695398971853],[106.78376329932385,-6.2371471996961549],[106.78369249956114,-6.2373621997803532],[106.78362720003089,-6.2375053991466949],[106.78359299980957,-6.2375840992859777],[106.78355749987237,-6.237623399984038],[106.78352939919701,-6.2376920998891032],[106.78336969970013,-6.238124099951337],[106.78329389921659,-6.2384127997078647],[106.78321949976322,-6.2386286999250773],[106.78317449942644,-6.2387472998148379],[106.78314779951393,-6.2388192998122829],[106.78306799982369,-6.2390665992586891],[106.7830182999075,-6.239379199840128],[106.7829291992859,-6.2400111991494756],[106.78287079955798,-6.2404396998125051],[106.78285869918928,-6.2406676997365995],[106.78285199940827,-6.2408376999629809],[106.78285849967831,-6.2409657000063135],[106.78286069975485,-6.24114629979469],[106.78279699982329,-6.2419103999265317],[106.78277339983094,-6.2422294992303407],[106.78269809916122,-6.2430838998112037],[106.78266139980271,-6.2433921995063821],[106.782600999409,-6.2437238995454836],[106.78249829972704,-6.2440960997426362],[106.78245779943745,-6.2442169992194527],[106.78242299932909,-6.2443366994149798],[106.78162173928092,-6.2466732098810729],[106.78138710239178,-6.2474369019926606],[106.78133819518177,-6.2475832694821687],[106.78131884557064,-6.2477445202741615],[106.78130164496059,-6.2480541230511362],[106.78126294513078,-6.2486109772840424],[106.78127584512724,-6.2489850800554967],[106.78130379464744,-6.249286082906039],[106.78132556655828,-6.2495096633533676],[106.78133949927798,-6.2495679999582228],[106.78135719987758,-6.2496361994059182],[106.78141109970403,-6.2498857000189263],[106.78141599949892,-6.249908300020258],[106.78148499961242,-6.2503645991761108],[106.7815497994812,-6.2509469996392726],[106.78161549984885,-6.2516962994185334],[106.78163639938867,-6.2519817992069839],[106.78167289973703,-6.2525390991904466],[106.78167959948588,-6.252662300006973],[106.78169149981107,-6.2528792996179767],[106.78169779993415,-6.2531934991498588],[106.78168779995339,-6.2534109997875422],[106.78169030001663,-6.2535779995094982],[106.78170910002694,-6.2557403999718222],[106.78173259941705,-6.2569666997827582],[106.78173490003991,-6.2570853999404852],[106.78175459984806,-6.2581100999930159],[106.78181539975168,-6.2600635999563092],[106.78183789996565,-6.2604355991896981],[106.78187599943909,-6.2606562992084962],[106.78192959944319,-6.2608708993407083],[106.78195769962934,-6.2609710997850163],[106.78203029988511,-6.2611875992858526],[106.78204819953044,-6.2612206997997424],[106.78207969940748,-6.2612580996846985],[106.78211109941645,-6.261284699317053],[106.78213229966707,-6.2613051995338012],[106.78214999954224,-6.2613499991709265],[106.78218789943789,-6.2614304991943737],[106.78221569972244,-6.2614901999924122],[106.78223919963523,-6.2615423997358324],[106.78226269921633,-6.2615945000196671],[106.78228779929674,-6.2616423994070152],[106.78231289994154,-6.2616901993272354],[106.78239729932693,-6.2618143992804054],[106.78247049921562,-6.2618918995104673],[106.7825073993027,-6.2619511995547228],[106.78267169948448,-6.262117099762631],[106.78300089922379,-6.2623737992604349],[106.78312559979226,-6.2624897993938458],[106.78326309944885,-6.2626343999011755],[106.78341719952431,-6.2628386993032272],[106.78351169989806,-6.2630219997125227],[106.7835574992796,-6.2631428991378275],[106.78360039992658,-6.2632975998873821],[106.78363979942941,-6.2640037994121904],[106.78368279958983,-6.265412499843686],[106.78375509937999,-6.2657687996155067],[106.7837602991749,-6.265998499234275],[106.78376439993976,-6.2665786991817063],[106.7837482995775,-6.2668832994880779],[106.78374119989537,-6.2672130997598794],[106.78372919923095,-6.2677697993510089],[106.78372309951267,-6.2680015998524903],[106.7837221992641,-6.2680352994527517],[106.7837171998774,-6.2683068996600495],[106.78371379964904,-6.2685387994835704],[106.78371519933781,-6.2691383998874839],[106.78371889932282,-6.2692427998017903],[106.78369489915718,-6.2697090992830296],[106.78367949956646,-6.269802899249834],[106.78365879976531,-6.2699576995945074],[106.78360869962114,-6.2701950994111266],[106.78359559975206,-6.270235999920148],[106.78338370001661,-6.270958699648066],[106.78311929976081,-6.2719432993272966],[106.78306099954068,-6.2721718000082438],[106.78295999923887,-6.2725620993614299],[106.78292729945004,-6.2726815993236205],[106.78275959921554,-6.2732582998567681],[106.78256469998315,-6.2739921991769148],[106.78251519973425,-6.2741913994345184],[106.78248819989865,-6.2742999998739997],[106.78244550001375,-6.2744719996777398],[106.78217639999384,-6.2754993994385666],[106.78159509958085,-6.2777327993497396],[106.78143039922067,-6.278318699212992],[106.78126269954574,-6.2789077993157099],[106.78095860002094,-6.2797957998813478],[106.78095269930157,-6.2798946998262739],[106.7809855997685,-6.2800262998789904],[106.78101079994322,-6.280074300011675],[106.7810270998071,-6.2801258992857756],[106.78103389967708,-6.2801795996851881],[106.7810310994404,-6.2802335994964],[106.78100119951341,-6.2803280999439783],[106.78097269934443,-6.2803736995692789],[106.78093669950277,-6.2804135993667884],[106.7808941995046,-6.2804464993225224],[106.78084649967525,-6.2804715993165212],[106.78079509935765,-6.2804878996346938],[106.7806893999612,-6.2805861997711085],[106.78062089951374,-6.2806865994316308],[106.78052479945802,-6.2810810996452133],[106.78043089970942,-6.2814989992473329],[106.7804070997105,-6.2816196996540503],[106.78034199995768,-6.2820139994671473],[106.78030349995363,-6.2822812997835982],[106.78027619997869,-6.2825789998545982],[106.78026399950819,-6.2829815991784637],[106.78026499988738,-6.2830384993849284],[106.78029899916294,-6.2837334995801442],[106.78031269964102,-6.284033399225514],[106.78031779974623,-6.2841465995457426],[106.78037169957186,-6.2850437999709925],[106.78039689931171,-6.285370299771615],[106.78040489946693,-6.2856131994494158],[106.78040189922297,-6.2859069992667145],[106.78037779931634,-6.286109799682607],[106.78034929970624,-6.2862533994589089],[106.78027959921815,-6.2864208999416773],[106.78020249970366,-6.2865846994395076],[106.780064800022,-6.2867939999732094],[106.77996119970824,-6.2869212997165329],[106.77993439992771,-6.2869506995005446],[106.77988709971648,-6.2870025994234666],[106.77977119961827,-6.2870511993290732],[106.77968899971466,-6.2871126994413702],[106.77913149979128,-6.2875980996083571],[106.77852690003012,-6.2880868000109436],[106.77765919991651,-6.2887897994452242],[106.77746409946504,-6.2889157998433172],[106.77723659915733,-6.2890435994206566],[106.77704559930748,-6.2891187998588824],[106.77684249976903,-6.289173599343024],[106.77658709927464,-6.289217700019492],[106.77643179953856,-6.289317299758058],[106.7762696997147,-6.2893774996739973],[106.77620499924518,-6.2893905998735748],[106.77606889967979,-6.2894077991538824],[106.77579899987951,-6.2894095998755191],[106.77566369964717,-6.2894045992404113],[106.77446199928039,-6.2893907992470757],[106.77401539969431,-6.2893832999396935],[106.77367859922055,-6.28937679921472],[106.77358269942863,-6.2893566998384181],[106.77349109955105,-6.2893286994415174],[106.77343109935016,-6.2893008992104944],[106.77338839996088,-6.2892803995073105],[106.77324679971258,-6.2891725997894543],[106.77289879958323,-6.2891610992474396],[106.77232079985731,-6.2891659995217202],[106.7721156991438,-6.2891603991994351],[106.77178629989231,-6.2890987992576548],[106.77158339937829,-6.289075799918745],[106.77114549968383,-6.2890711999839315],[106.77106639957357,-6.289041699176777],[106.77097890003614,-6.2889427998081633],[106.77098259991031,-6.288799799236636],[106.77097459994788,-6.2885728998304531],[106.7710026993974,-6.2884071998746522],[106.77101349996866,-6.2883257999380406],[106.77113799971733,-6.2874331997838278],[106.77116709968989,-6.2872202991396779],[106.77123489936741,-6.2867926994394523],[106.77127979990991,-6.2865018992720643],[106.77128889943937,-6.2864526999772394],[106.77135009940588,-6.2861464994511556],[106.77139329993953,-6.2859036998742441],[106.77146609968833,-6.2854718995614025],[106.77148489985831,-6.2853545994018942],[106.77154709976787,-6.2849972993165375],[106.7715753994075,-6.2848346992266606],[106.77164079975091,-6.2844377998299619],[106.77165099954037,-6.2843713998845949],[106.77168919992847,-6.2841247997629219],[106.77171299960503,-6.283964399476818],[106.77179460001787,-6.2834567994740702],[106.77186459994569,-6.2830657998045467],[106.77188659945439,-6.2829237997202707],[106.77189649955022,-6.2828590997820895],[106.77198069926852,-6.2821368996358498],[106.77200179941501,-6.2819560998764246],[106.7720205997996,-6.2817947996964456],[106.77203089917924,-6.2817126998424451],[106.77204209938606,-6.2815499000247845],[106.77206569921783,-6.2814922995665237],[106.77210159982656,-6.2814414995018319],[106.77214799967493,-6.2813999997141563],[106.77220259943094,-6.2813697999338736],[106.77226259960753,-6.2813524992228498],[106.77232499989566,-6.2813490996397823],[106.77238659959382,-6.2813595993711511],[106.77244419937172,-6.2813835996531049],[106.77249499953155,-6.2814196994219769],[106.7726213997134,-6.2815720994913704],[106.77308469997151,-6.2820986999029085],[106.77334899954162,-6.2823934998932351],[106.77385449992916,-6.2829561999417978],[106.77423319947127,-6.2833572991758437],[106.77467059993855,-6.283847599367764],[106.77492249971199,-6.2841327995930669],[106.77498269948956,-6.284200999505563],[106.77527809984032,-6.2845353991942785],[106.77537869993108,-6.2846680992179689],[106.7754893997091,-6.2848139996304315],[106.77558929979449,-6.2849392993106781],[106.77569789952742,-6.285091299242402],[106.77582529973284,-6.2853178992316971],[106.77603809992009,-6.2856911996055702],[106.77615719996761,-6.2858571995126251],[106.77638889934589,-6.2861643993066787],[106.77742949928876,-6.2873498993042665],[106.77786159975939,-6.2878445992670358],[106.77797139919791,-6.2879694991853539],[106.77803999938921,-6.2880004994014396],[106.77813869998768,-6.2880239999795977],[106.77825569951456,-6.2880373999103574],[106.77826749927657,-6.2880386997780473],[106.77837339951789,-6.288019999666453],[106.77858059945045,-6.2879139993701196],[106.77866439950374,-6.2878706998634453],[106.77925509983847,-6.2873779995471732],[106.7793310992264,-6.287315499752701],[106.77939949925781,-6.28725389926967],[106.7794677995372,-6.2871921996632594],[106.77958849965182,-6.2870848000237505],[106.77967849956333,-6.286999299577138],[106.77978509976043,-6.2869021996678249],[106.77990909935308,-6.2867632993091931],[106.77995569924752,-6.2867036998547405],[106.78001209969733,-6.2866314996440291],[106.78010309979845,-6.2865002996317507],[106.78017929961436,-6.2863519992690113],[106.78024049972778,-6.2862081995232888],[106.78026309924437,-6.2860918993535391],[106.78028159958802,-6.2859571992411292],[106.78028960002615,-6.2858491995512455],[106.78029289967863,-6.2857023997490762],[106.78028319939149,-6.2853793997348921],[106.78026829962313,-6.2850486992209653],[106.78021459927375,-6.2841457998259642],[106.78020959939357,-6.2840633996108748],[106.78020449921286,-6.2839809997322487],[106.78015309962586,-6.2830390999637222],[106.78015149934771,-6.2829816999677552],[106.7801810994269,-6.2825734996026181],[106.78018789962215,-6.2824076998049359],[106.78020309916195,-6.2822535997186151],[106.78023099980282,-6.2820453991959129],[106.78028849959014,-6.2816506993593695],[106.78042599951613,-6.2810345995435792],[106.78049049979109,-6.2807818993997513],[106.78053289935565,-6.2806183999109555],[106.7805350993532,-6.2804927999551987],[106.78049939978843,-6.2803939999547547],[106.7804714996844,-6.2803579994847434],[106.78044939919403,-6.2803182992104176],[106.78043339957691,-6.280275799592804],[106.78042389968346,-6.2802313998465173],[106.78042119929563,-6.2801860998959018],[106.78042530000916,-6.2801408997782975],[106.78044009944176,-6.2800854992180444],[106.7804650995911,-6.2800336997137185],[106.78049699917932,-6.2799901998336622],[106.78053619986042,-6.2799529999450607],[106.78058129986523,-6.2799230994298751],[106.78063099934549,-6.2799016998575343],[106.78068379995204,-6.2798893000164648],[106.78081049937613,-6.2798134998318407],[106.780881100003,-6.279715299273823],[106.78093869917876,-6.2795782997167207],[106.78121799968274,-6.278714299482882],[106.78148709952258,-6.2777056993276501],[106.78210189943576,-6.2753938000263352],[106.78237149947672,-6.274348899731403],[106.78243869919731,-6.2740736997003879],[106.782570499717,-6.2735341995149838],[106.78263750003305,-6.2732529999697118],[106.78266019970431,-6.2731643995500157],[106.78282999968748,-6.2725383998204647],[106.78319509988859,-6.2711706991552667],[106.78339039954257,-6.2704689997088465],[106.78348169981815,-6.2701729991274489],[106.7835167995965,-6.2700646993980449],[106.78354989971434,-6.2699276992763719],[106.78358619993958,-6.2696849999334043],[106.7836090995395,-6.2691771999392802],[106.78359989941225,-6.2684340999755861],[106.78359589932431,-6.2677660998827829],[106.7835869992435,-6.2677212993987572],[106.78356419968573,-6.2676628992194354],[106.78355219990709,-6.2675820998147733],[106.78354749935535,-6.2671958999623101],[106.78354249928636,-6.2667214998607017],[106.78353989997572,-6.2665619992104009],[106.78352399916811,-6.2657276997515359],[106.78359659921784,-6.2654295992136202],[106.78355659969571,-6.264003999999832],[106.78352310001748,-6.2633805998950596],[106.78351559983572,-6.2633224993757999],[106.78350149969971,-6.2632595992284843],[106.78345829998938,-6.2631402995228767],[106.78340049940408,-6.263018999628521],[106.78329119977735,-6.2628449993793307],[106.78317259921222,-6.2626703995596271],[106.78311019948433,-6.2626036995400707],[106.783024399765,-6.2625243995273685],[106.78283129947283,-6.2623610992472489],[106.78258049947569,-6.2621670994997629],[106.78244839916171,-6.2620557999000068],[106.78233339947833,-6.2619798992022782],[106.78227559915291,-6.2619104997610719],[106.78218550000385,-6.2617644991466967],[106.78213859962847,-6.2616848995332441],[106.78210469978092,-6.2616205999209349],[106.78207819989615,-6.2615619996242122],[106.78206039972076,-6.2615203993602222],[106.78204949948844,-6.2614923991465128],[106.78201349965173,-6.2614096999895361],[106.78198979969363,-6.2613413999342251],[106.78198439938218,-6.2613220992750431],[106.78198829928652,-6.2613044994754414],[106.78199409943022,-6.2612732995782512],[106.78199549981366,-6.2612369995975179],[106.78199369991069,-6.2612196994477314],[106.78192589967608,-6.2609914996548399],[106.78188129995858,-6.2608321992781226],[106.78185819922709,-6.2607434000075894],[106.78180119982477,-6.2604615999817401],[106.7817872994387,-6.2603436996461532],[106.78176319998931,-6.2600388991594249],[106.78174929994429,-6.2595763998214],[106.78172459916881,-6.2586805996451673],[106.78170149951934,-6.2578352995305453],[106.78166759950888,-6.2573467991667266],[106.78165529951606,-6.2571354991974308],[106.78165459936639,-6.2570853992984929],[106.78165289920658,-6.2569686998907574],[106.78165069949733,-6.2568138994502132],[106.78165529969029,-6.2566591998203078],[106.7816691993948,-6.2563008993907854],[106.78167539976619,-6.2560359993476489],[106.78167379927419,-6.2557296992238136],[106.78166329932236,-6.2551389997789739],[106.78164459972191,-6.2542046992436413],[106.78163879922955,-6.2534189998631806],[106.78163409920735,-6.2531172998980571],[106.78161659960699,-6.252805099520848],[106.78161019921301,-6.2526704994178797],[106.78160379973259,-6.2525358993144584],[106.78159209954811,-6.2521713996788382],[106.78158079991967,-6.2519518997167438],[106.78156069925525,-6.2516455998476248],[106.78152379920461,-6.2511953992901734],[106.78145749969417,-6.2506026997145403],[106.78140049981432,-6.2501126994744762],[106.78136969978426,-6.2499135999460087],[106.78131599947426,-6.2496562999773344],[106.78130139947719,-6.2495745994466434],[106.78128946059724,-6.2495105442908807],[106.78128153462218,-6.2494550635748167],[106.78125775676212,-6.2493035921565241],[106.78121994468933,-6.2489959162995525],[106.78120205614925,-6.2486739300743324],[106.78122682429894,-6.2480822455302159],[106.78125572036333,-6.2477217304612411],[106.781273608341,-6.2475827531136439],[106.7813097149014,-6.2474172464944866],[106.78156959976401,-6.246661599391989],[106.78187676499012,-6.2458389994146142],[106.7821955360439,-6.2448954043902454],[106.78228497652719,-6.2446518507304676],[106.78238219929761,-6.2443184996565106],[106.78243709940682,-6.2441378999418253],[106.78254729919867,-6.2437147998838345],[106.78260929985345,-6.2433822996381823],[106.7826434997138,-6.2430781993412463],[106.78273779940309,-6.2419246994988233],[106.78279869920652,-6.2410552992126815],[106.78280309950424,-6.2408243993868311],[106.78280849988039,-6.240651700015178],[106.78281519934878,-6.2405443992820411],[106.78283859972318,-6.2402110993972819],[106.7828566992376,-6.2400304995897464],[106.78289089924949,-6.2396258991332179],[106.78292649996899,-6.2393645995775042],[106.78296199992633,-6.2391485995626086],[106.78298819929165,-6.239033299428292],[106.78303689945375,-6.2387945992596814],[106.78305189986679,-6.2387326998322177],[106.78307869934139,-6.2386406996410866],[106.78318929975809,-6.2383773993105835],[106.78326239960121,-6.238200699383138],[106.78350849965551,-6.2376254999527978],[106.7836009992072,-6.2374221998988517],[106.7836398992809,-6.2373144999322152],[106.78378316754072,-6.2369926898919132],[106.78400811286214,-6.2364629788559194],[106.78412673655504,-6.236200315981753],[106.78425960323767,-6.2359909179147053],[106.78446687585773,-6.235736876521627],[106.78473520042951,-6.2354223801581181],[106.78534943159769,-6.2348455034404857],[106.78544199970196,-6.2347508997465768],[106.78563149979419,-6.2345822000077646],[106.78573709927538,-6.2344975995268239],[106.78588489959033,-6.2343791992912001],[106.78613369981289,-6.2341632995126002],[106.78633239926565,-6.2340070996647823],[106.78642409954183,-6.2339396996356191],[106.78652269988039,-6.2338721993575055],[106.78660739956463,-6.2338141995090206],[106.78685389961966,-6.2336425991826401],[106.78717199926302,-6.233446599648838],[106.78754689923807,-6.2332024997050475],[106.78769129941078,-6.2331045996801731],[106.78798660002354,-6.2328621999020548],[106.78827359946786,-6.2325901996518756],[106.78840369922121,-6.2324475996020734],[106.78853249951148,-6.2322782995669188],[106.78872289998003,-6.2320422999536671],[106.78896970000541,-6.2317156998219465],[106.78914669959175,-6.2314756993769747],[106.78938409941657,-6.2311183994543722],[106.7896725000337,-6.2307102998991581],[106.78979239974518,-6.2305244995750426],[106.79011149943928,-6.2300339999792493],[106.79030539952919,-6.2297096995687351],[106.79049339929196,-6.2293893994275811],[106.79062299928103,-6.2291351994232391],[106.79066619988481,-6.2289657992270522],[106.79069879947043,-6.2287324997338835],[106.79068949918724,-6.2285455999348143],[106.79064049989636,-6.2283343991415991],[106.79056109957821,-6.2281312999791059],[106.79046649977128,-6.2279572000190795],[106.79030309915844,-6.2277761994236647],[106.7900438992628,-6.2275405996161917],[106.78833699972496,-6.2259806999368701],[106.78757579948949,-6.2252807995245032],[106.78707159951085,-6.2248356000287499],[106.78689769942201,-6.2246730996141038],[106.7867236997821,-6.2245024996973415],[106.78653929914566,-6.2242993993345923],[106.78633029978863,-6.2240590995404919],[106.7859087993502,-6.2235449992881025],[106.78554549944056,-6.2231042993216219],[106.78531909976961,-6.2228454991380842],[106.78522769945386,-6.2227636993071087],[106.78512159961667,-6.2226695996793495],[106.78499089957087,-6.2225621993136224],[106.78468589959999,-6.2223232998528637],[106.78437369969248,-6.2221194999304847],[106.78397729947494,-6.2218791997979057],[106.78340259943003,-6.2215529998734942],[106.78330559971334,-6.2214993994810541],[106.78320859997655,-6.2214481997008946],[106.78273409921451,-6.2211976995869174],[106.78204079939088,-6.2208224991656529],[106.78193709925603,-6.2207653992100314],[106.78149559939249,-6.2205382998911825],[106.78028349918935,-6.219889499548005],[106.78023139982527,-6.2198615998523721],[106.77947559916748,-6.2194774995004467],[106.77854339940156,-6.2190339999745428],[106.77844819931549,-6.2189913991385648],[106.77829619989251,-6.2189243998392181],[106.77819150001905,-6.2188607993070226],[106.77793929940204,-6.2186935994798773],[106.7775615993054,-6.2184176996098461],[106.77735319984714,-6.218265399674225],[106.77643369941865,-6.217603799966871],[106.77630659967923,-6.2175078994313262],[106.77570709918764,-6.2170065997139519],[106.77505539959378,-6.2164425999793984],[106.77484649927044,-6.2162870994453741],[106.7747661991981,-6.2162272995662464],[106.77466509946346,-6.2161519992122249],[106.77441830002819,-6.2159452997613354],[106.77433649923307,-6.2158746996527139],[106.77421979980483,-6.2157706998337208],[106.77398509969959,-6.2155253999229725],[106.77367669930976,-6.2151773995638386],[106.77330659956444,-6.2147800991587507],[106.77318990002976,-6.21464409937981],[106.77308389937048,-6.2145040996674092],[106.7729645994018,-6.2143280995215742],[106.77286749948543,-6.2141746000300238],[106.77271849968537,-6.2139234998186819],[106.77261439962029,-6.2137319994119391],[106.77246799929908,-6.2134540998219983],[106.77231559999113,-6.2131408995050297],[106.77221909992863,-6.2129415991506178],[106.77212959994132,-6.2127569992901863],[106.77195479993448,-6.2123972993843504],[106.77179829924722,-6.21206379962792],[106.77164889938797,-6.2117758991957821],[106.77144729916951,-6.2113567995586978],[106.77131529943836,-6.2110641993905249],[106.77114669948355,-6.2106005999970577],[106.7709926992131,-6.2101959994802254],[106.77082929950456,-6.2097717992146482],[106.77079569987411,-6.2096872993060979],[106.77073549962824,-6.2095694999154354],[106.77055319937638,-6.2092246999467688],[106.7705142999103,-6.2091331993268355],[106.77045409992793,-6.2089607997146414],[106.77029489967276,-6.2084945993360492],[106.77003999996469,-6.2077046994504039],[106.76986129933528,-6.2070801994706812],[106.76970909954582,-6.206499599179045],[106.76959769987411,-6.2060474994337893],[106.76955519970949,-6.2058750991302594],[106.76951979926315,-6.2057272991979575],[106.76949639989095,-6.2055525998521244],[106.76948089929351,-6.2054369998172616],[106.76945609974939,-6.2051220997148322],[106.76944189914605,-6.2047526996326248],[106.76942599983056,-6.2038783992825852],[106.76941359995693,-6.2032133998368364],[106.7694004991808,-6.2029717994478091],[106.76938459977902,-6.20274819929163],[106.76932789954698,-6.2023857994596447],[106.76922349936012,-6.2018579996353589],[106.76919169920122,-6.201692599913418],[106.7691509991687,-6.2013671998201927],[106.76909259997139,-6.2008147993630587],[106.7690695996327,-6.2004399996618558],[106.76902179962144,-6.1998576997764117],[106.76899169968574,-6.1994917993717982],[106.76898459946915,-6.1990800994330453],[106.76897759922736,-6.1985364996515937],[106.76894569983062,-6.197405299835002],[106.76892289997562,-6.1968283994345921],[106.76892299969995,-6.1967728992059872],[106.76889620000043,-6.1962072992663852],[106.76887169923759,-6.1952084994526295],[106.76885539999171,-6.1946912997968875],[106.76885369931603,-6.1945530991415945],[106.76885219925305,-6.1942908992014551],[106.76885139924214,-6.1941398992751182],[106.76885839956677,-6.193255499707953],[106.76885139980313,-6.19273779971269],[106.76883269962254,-6.1922131998673517],[106.7688069995372,-6.1917860999078345],[106.76880299985419,-6.1916606995408161],[106.7687976994427,-6.1915399999338145],[106.76877749941434,-6.1914243999543128],[106.76881069977117,-6.1912878000240887],[106.76885759967945,-6.191007299536059],[106.76886229947452,-6.1907905991343783],[106.7688488000324,-6.1906071996554939],[106.76873919941121,-6.1894766000166275],[106.76869199964142,-6.1890284991581064],[106.76867669931789,-6.1888606995049154],[106.76866240000813,-6.1887433998078398],[106.76868019966834,-6.1886920993823074],[106.76868229959263,-6.1885970996366151],[106.7686557997468,-6.1884091997995423],[106.76861519951746,-6.1882009996718983],[106.76857689965925,-6.1880245998827368],[106.76856810001487,-6.1879295993655674],[106.76855389982826,-6.1877765996136791],[106.76853089993983,-6.1873630996078024],[106.7685230999701,-6.1865638995220609],[106.7685210996536,-6.1863945997581435],[106.76852379930988,-6.1861051999705472],[106.76851849920094,-6.1860031992025606],[106.76850439916264,-6.1858008992720643],[106.76848489920633,-6.1856741995736755],[106.7684405997677,-6.1854542995164357],[106.76840139935712,-6.1852701997289019],[106.76837159964369,-6.1851322995893359],[106.76832519987732,-6.1849667996783051],[106.76825239967343,-6.1847221994015538],[106.76810449988591,-6.184360699679754],[106.76797399968451,-6.1840394992261771],[106.76792739933512,-6.1839165995714076],[106.76734199967184,-6.1824263991977562],[106.76725569964015,-6.1821797999307799],[106.76715709917268,-6.1818948997100769],[106.76705079924908,-6.1815701994118992],[106.76695689922202,-6.1812469994997565],[106.76679199960091,-6.180657399589002],[106.76665489987205,-6.1801381997144631],[106.76651159989677,-6.1796480995046741],[106.76646849967916,-6.1794611992101505],[106.76642229919624,-6.1792084994717706],[106.76636379916279,-6.1787964991368147],[106.76633599947951,-6.178496299198093],[106.76630789928249,-6.1781830996075655],[106.76628479988403,-6.1780183997165041],[106.76621710001467,-6.1774487991353135],[106.76614469930809,-6.1768867000035419],[106.76607849978508,-6.1764639993763222],[106.76603229953912,-6.1760412992182339],[106.76598449943691,-6.1756215999692863],[106.76592289919024,-6.1750456991871365],[106.76587979931458,-6.1747148991417982],[106.76585379957375,-6.1744975994719633],[106.76583659998234,-6.1743534993428248],[106.76580779984438,-6.1740770993396703],[106.76576779946004,-6.1737722992732413],[106.76569689924351,-6.1732469000110974],[106.76564759952932,-6.172968199850744],[106.76556629952933,-6.1725132996053862],[106.76555759940233,-6.1724636994211863],[106.7655362993446,-6.1723427993318865],[106.76551829946014,-6.1722403991586621],[106.76545899999583,-6.1719153997635168],[106.76538999921422,-6.1715758992396017],[106.76534839971504,-6.1713488993096988],[106.76529379994186,-6.1710818997937142],[106.76520909988278,-6.1707403995895822],[106.76504579984687,-6.1701950999795789],[106.76489789955826,-6.1697295000038839],[106.76478239989507,-6.1694292999234213],[106.7647333000253,-6.1693129992942026],[106.76367469984712,-6.1674246996229751],[106.76357769965632,-6.1671793997851303],[106.76349449914335,-6.1669863995590823],[106.7633896996701,-6.1667060992605798],[106.76328039916334,-6.1663890994495842],[106.76321719960072,-6.1660995994222967],[106.76316609936289,-6.1658594000089746],[106.76314400002576,-6.1657321999071337],[106.76310779916288,-6.1654379999392948],[106.76303699926609,-6.1649676992611813],[106.76302309999073,-6.164817599221224],[106.76300149917682,-6.164552699602706],[106.7629980998027,-6.164455399355397],[106.7629922992153,-6.1642891993562854],[106.76298919976837,-6.1639721996951735],[106.76299379993003,-6.1636596992030359],[106.76301139969951,-6.1621176993604445],[106.76301419957561,-6.1612328996680876],[106.76304249923209,-6.1600074999782803],[106.7630429999254,-6.1599872992742339],[106.7630430998405,-6.1599516000073313],[106.76305419988034,-6.1592984999323388],[106.76304519980552,-6.1592565998562403],[106.76302239982529,-6.1592264991659098],[106.76303069990986,-6.1590014999528053],[106.76303059929307,-6.1589783996401906],[106.76304904008261,-6.1583480296193898],[106.76312679937263,-6.1583462996773983],[106.7632915991431,-6.1583387998358541],[106.76352659960379,-6.1583277991766554],[106.76377719977387,-6.1583308000002033],[106.76407859981498,-6.1583194999939703],[106.76438919972988,-6.1582841998245863],[106.76453489920613,-6.1582578992551218],[106.76459019983389,-6.158244099917904],[106.76471569942002,-6.1582054993137936],[106.76505969921404,-6.1580941993058209],[106.76512309982962,-6.1580715996233177],[106.76569229934989,-6.1578405997015517],[106.76589309926722,-6.1577547997502569],[106.76635699993761,-6.1575526998637509],[106.76653209927566,-6.1575014991819952],[106.76674739957345,-6.1574587995793886],[106.76690029957668,-6.1574654997550038],[106.76699749980531,-6.1574807997837944],[106.76711749969519,-6.1575074995263224],[106.7672515997736,-6.1575607994151875],[106.7673966991976,-6.1576345999996374],[106.76742559918473,-6.1576542999916386],[106.76746799977195,-6.1576831998324169],[106.76749999972505,-6.15770489959408],[106.76780609981469,-6.1579045995836665],[106.76788379918395,-6.157955299398159],[106.76796039921408,-6.1580043996879503],[106.76801649974328,-6.1580401992509888],[106.7680890993089,-6.1580889999207162],[106.76839629976406,-6.1582994992143583],[106.76853239982808,-6.1584107993949706],[106.76865299974583,-6.1585220993703693],[106.76878179930124,-6.1586707997878385],[106.76888669994776,-6.1588370992350328],[106.7689357993715,-6.1589163995666967],[106.76904339919798,-6.159137699886946],[106.76925729997915,-6.1597556992060802],[106.7693602993491,-6.1600422998688993],[106.76954869977396,-6.1605560999804592],[106.76956839973951,-6.1606148999973502],[106.76961599960794,-6.1607325994014497],[106.76965989941101,-6.160822599982672],[106.76970359928795,-6.1608996991566816],[106.76973409953952,-6.1609463994479299],[106.76974889949992,-6.1609708994242309],[106.76982709962842,-6.1610721998842841],[106.76987179936316,-6.1611153998810355],[106.76993789941037,-6.1611565992718003],[106.7700583994701,-6.161228199998714],[106.7701404998362,-6.1612757995346641],[106.77022919976258,-6.1613211998216064],[106.7702993996927,-6.1613525993601348],[106.77039939965658,-6.1613894996694905],[106.77130659931915,-6.1617395991452186],[106.77133039953766,-6.1617496995783494],[106.77135429970252,-6.1617596993090782],[106.77195719989381,-6.1619945994063974],[106.77207349975299,-6.1620390992223379],[106.77215029947548,-6.162076499406278],[106.77222129915612,-6.1621169000110676],[106.77228149930517,-6.1621420998063101],[106.77234340004014,-6.1621692994605519],[106.77236229985589,-6.1621983998294354],[106.77239309993735,-6.1622329997649112],[106.77243469976617,-6.1622570000155799],[106.77512419967412,-6.163309399597388],[106.77554889928042,-6.1634728993310048],[106.77596569979738,-6.1636318994510919],[106.7763392998782,-6.1637908993852024],[106.77689039922161,-6.1640021992857106],[106.77709959961692,-6.164089399858252],[106.7772306999891,-6.164143599817975],[106.77764219916389,-6.1643004992852504],[106.77825049946314,-6.1645407996147492],[106.77871870001185,-6.1647275996689403],[106.77896619941362,-6.1648204999690472],[106.77914129990131,-6.1648680992103655],[106.7792547991627,-6.1648960994256088],[106.77937830003991,-6.1649098992446678],[106.77957209985811,-6.1649086996438882],[106.78020139930616,-6.1648784998743666],[106.78059899961158,-6.1648597991879193],[106.78077029951653,-6.1648541000034198],[106.78092670001354,-6.1648570992003826],[106.78110849965037,-6.1648708999859947],[106.78133719983146,-6.1649145994345984],[106.78184249915068,-6.1650218992520527],[106.78285669918769,-6.1652348992654353],[106.78310159967657,-6.1652833992003426],[106.78373849993443,-6.1654170994772297],[106.7839665999032,-6.1654611993296324],[106.78459629954109,-6.1655828994826605],[106.7847893997718,-6.1656232995540625],[106.78500489980348,-6.165697999284542],[106.78518579982718,-6.1657828993204538],[106.78546829916058,-6.1659324993552636],[106.78588709962175,-6.16620529997516],[106.78610359971498,-6.166326599778686],[106.78623539962302,-6.1663905998367516],[106.78636050000553,-6.166437699421417],[106.7865144993285,-6.1664795996975874],[106.78684749957989,-6.1665619997330543],[106.78748869999885,-6.1667019997988017],[106.78764319917303,-6.1667363995430176],[106.78774389937179,-6.1667515992933808],[106.78785309951617,-6.1667679992968871],[106.78791309936857,-6.1667719997271897],[106.78794349961601,-6.1667742992369208],[106.7880572997903,-6.1667827991938191],[106.78810719990726,-6.1667861996568822],[106.78880039970791,-6.1668458992746205],[106.78879009917112,-6.1669152999276564],[106.78877439983029,-6.1669744995209026],[106.78874849964997,-6.1670465991302654],[106.78872959941232,-6.1670871993732179],[106.7886983996305,-6.1671379995219011],[106.78867289941401,-6.1671916992694955],[106.7886545996157,-6.1672480991702283],[106.78863559941891,-6.1673329997847253],[106.78860559921073,-6.16747699922034],[106.78858379938266,-6.1675675993209156],[106.78854580003178,-6.1676697994597518],[106.78848249958867,-6.1678268994476158],[106.78845919924197,-6.1679080991717488],[106.78844020002504,-6.168015399362611],[106.78842509982412,-6.1682554997717522],[106.78841139921617,-6.168519899289751],[106.78841009955835,-6.1687568999001812],[106.78842129963392,-6.1689417996143971],[106.78843379961381,-6.1690546994863613],[106.78845629919216,-6.1692072996391838],[106.78852989957841,-6.1695485996172508],[106.78859869924413,-6.1699286992243332],[106.78861729918009,-6.1700312997210656],[106.78865709914254,-6.1705028997506597],[106.78875029985939,-6.1707462991744837],[106.7888839996084,-6.17112549972056],[106.78893749940467,-6.1712594994394152],[106.78917039984458,-6.1717216995577378],[106.7893785996522,-6.1720562996526391],[106.78939399992701,-6.1720767992750964],[106.78960499986755,-6.1723451992851857],[106.7897675997977,-6.1725258997244703],[106.78991000002725,-6.1726840993759389],[106.79006569981756,-6.1728479000107628],[106.79018779949831,-6.1729696999369121],[106.79022599960683,-6.1730077997816446],[106.79042319971518,-6.1732044998272846],[106.79072579926203,-6.173577199587494],[106.79075519950727,-6.173608199430471],[106.79133299980306,-6.1741687993544527],[106.79168179926046,-6.1744930995528575],[106.79176129985694,-6.1745784994488453],[106.79197239945542,-6.1747836999985308],[106.7922261996119,-6.1750301992697452],[106.79300199984398,-6.1757272996349979],[106.79309729931397,-6.1758096992108911],[106.79320609921872,-6.1759009993133445],[106.79370139977698,-6.1763612992950794],[106.79478379951037,-6.1773869995865267],[106.79497289951928,-6.1775213994165314],[106.79512719983917,-6.17768269961618],[106.79538329956745,-6.1779766994111247],[106.7954529997325,-6.1780679997038979],[106.79560359931817,-6.178238799825861],[106.79569309940706,-6.1783511993771212],[106.79575609956824,-6.1784279991399407],[106.79588489966132,-6.1786013999512646],[106.79592629992499,-6.1786751992892581],[106.79597069971074,-6.1787540998702699],[106.79611819993556,-6.1788948992704045],[106.79626109973795,-6.1790061996141974],[106.79634369988082,-6.1790420998696058],[106.79642999965046,-6.1790795997814092],[106.79658169918093,-6.1791059994931699],[106.79680599952296,-6.1790030998649152],[106.79683509975241,-6.1789888997991911],[106.79750959999525,-6.1786707996454195],[106.79764569953664,-6.178627899657787],[106.79779269914184,-6.1785541995978335],[106.79807889986841,-6.1783934998299452],[106.79812829946502,-6.1783877991571217],[106.79826379915613,-6.1783181995002687],[106.79860119918266,-6.1780975993559482],[106.79909739915264,-6.1777586995708971],[106.79928329924265,-6.1776288993199309],[106.79972429954383,-6.1773210991957956],[106.80027069974285,-6.176931099612144],[106.80040699992539,-6.1768349996857994],[106.80057190000667,-6.1767186992250958],[106.80098519962293,-6.1764412996778288],[106.80131549927133,-6.1762002996381851],[106.80175019922008,-6.1758831994758889],[106.80249929963003,-6.1753393997522616],[106.80272479971813,-6.1751826997870385],[106.80303399980255,-6.1750039993877959],[106.80340549956895,-6.1748186996345389],[106.80411629926539,-6.1744386994338889],[106.8042355991749,-6.1743653995050076],[106.80448369921214,-6.1741906996689933],[106.80680109999008,-6.1725306991552307],[106.80718599936959,-6.1722666998928757],[106.80757089932867,-6.1720013993378302],[106.80776539969042,-6.17187599946452],[106.80810339995521,-6.171679999950582],[106.80852579970271,-6.1714639996632075],[106.80858939920103,-6.1714379999037225],[106.80866309978302,-6.1714145997078678],[106.80879579926479,-6.1713794996416524],[106.80884659970508,-6.1713659993733714],[106.80931599981692,-6.1712766993838457],[106.80960969961315,-6.1712272993082662],[106.80970219945119,-6.1712072999120053],[106.80983369966417,-6.1711739994027051],[106.80995709971297,-6.1711486994877101],[106.81011649977341,-6.1711217997091579],[106.81037679937306,-6.1710779993968048],[106.81042749991138,-6.1710696992887488],[106.81075609972346,-6.1710159999220222],[106.81081649986028,-6.1710101994023123],[106.81082829948519,-6.1710090995669491],[106.8108893997789,-6.1710032993740862],[106.8110773997813,-6.1709899995007982],[106.8111213998846,-6.1709849997872155],[106.81113259940093,-6.1709841000043726],[106.81124759980338,-6.1709706993953874],[106.81176709930283,-6.1708765994114296],[106.81331099985226,-6.1705907993452298],[106.81473599997406,-6.1703294996519853],[106.81477189972122,-6.1703228997477648],[106.81482189953,-6.1703160998754907],[106.81499769949092,-6.1702920995463799],[106.81562939987568,-6.1701947998804396],[106.81595279971982,-6.170141199429799],[106.81648369997835,-6.170049399154327],[106.81698379963923,-6.1699629992829683],[106.81732259928839,-6.169904499127763],[106.81734069975955,-6.1699013993098255],[106.81785559957581,-6.1698106994489939],[106.81809439999262,-6.1697613993795173],[106.81832770001563,-6.1697053999520159],[106.81884269941486,-6.1695706997790403],[106.81898610001009,-6.1695273998325302],[106.81910399958178,-6.1694660997856587],[106.81928079923546,-6.1693489996907083],[106.81941999927382,-6.1692051992563846],[106.81969859968251,-6.1688203994451181],[106.81983119966628,-6.1686592992863911],[106.82003739954052,-6.1684448995086285],[106.82045659962991,-6.1680427995678864],[106.82068759929929,-6.1678083995017285],[106.82070989975495,-6.1677814999504132],[106.82073109941673,-6.1677557994818182],[106.82083619933002,-6.1676038992027964],[106.82079549920127,-6.1675114993979046],[106.82059958992792,-6.1668261768600159],[106.82010419773508,-6.1646496503993182],[106.82009670914773,-6.1646167503435043],[106.82019992625635,-6.1646023767293583],[106.82024682922942,-6.1646095928131306],[106.8203063995569,-6.1646370996745139],[106.82037069956101,-6.1649756997960612],[106.82039289973176,-6.1651262997228224],[106.8204079991674,-6.1652024992457513],[106.82041969920608,-6.1652609993475433],[106.82044939942557,-6.1654133991746054],[106.82052529970936,-6.1657535997577],[106.82060119984723,-6.1660907993365797],[106.8207116996814,-6.1666062992331305],[106.8207817997199,-6.1668707991636218],[106.8208560994409,-6.1671499992875054],[106.82087679952936,-6.1672497994298316],[106.82088089970978,-6.1672771991685345],[106.82089469965656,-6.1673706999837359],[106.82092466156297,-6.1674180560165111],[106.82093509960842,-6.1674444991667539],[106.82095499999072,-6.1675174995044708],[106.8209856992918,-6.1676069994224259],[106.8209481997928,-6.1676206993212519],[106.82090699931189,-6.1676479998408773],[106.82086559968475,-6.1676780994655447],[106.82074799915682,-6.1678000997492912],[106.82073699997324,-6.1678135996451005],[106.82071569924939,-6.1678395997394615],[106.82030229991256,-6.1682441999004078],[106.81990619945346,-6.1686317992297841],[106.81973059980682,-6.1688494995693519],[106.81959939974797,-6.1690406995400524],[106.81950849948186,-6.1691613995990844],[106.81941819972252,-6.1692671994598518],[106.81931449939492,-6.1693676995987454],[106.81919309979963,-6.1694646995388238],[106.8190277000142,-6.1695580992422858],[106.81874529996669,-6.169645399306928],[106.81822800000988,-6.1697815991630431],[106.81775219998437,-6.1698839997704304],[106.81733209938122,-6.1699552996453244],[106.81717579952262,-6.1699885996214334],[106.81699069929641,-6.170019799776159],[106.81682899957418,-6.1700469995113103],[106.8164143992342,-6.1701099994859812],[106.81608899948066,-6.1701585996769879],[106.81596019983148,-6.1701812998729215],[106.81583269938055,-6.1702026999201944],[106.81497779996124,-6.1703359993186915],[106.81482989919351,-6.1703547995496173],[106.81478209956454,-6.1703608993217296],[106.81474439939586,-6.170367799224878],[106.81467239933643,-6.1703809997172208],[106.81449729945412,-6.1704126993731059],[106.81246749991817,-6.1707970996210468],[106.81126049953427,-6.1710165997047026],[106.81113699964466,-6.1710323999939707],[106.81112509929184,-6.1710338998310945],[106.81108089986617,-6.1710389996857691],[106.81089319972467,-6.171058399960752],[106.81083199915918,-6.1710665992944174],[106.81082089970165,-6.1710684996619412],[106.81059859994083,-6.1711054998905865],[106.81044039926856,-6.1711343993949699],[106.81012909941597,-6.1711910995264336],[106.81000299933322,-6.1712140993780684],[106.8097519998056,-6.1712451994200492],[106.80885819986753,-6.1714048995056485],[106.80866749922434,-6.1714541997363845],[106.80859709945248,-6.1714790996096482],[106.80798299924299,-6.1717932998172387],[106.80762589990589,-6.1720083999193722],[106.8068293993245,-6.1725602992068929],[106.80575999935151,-6.173317799503427],[106.8053340995008,-6.173629599531008],[106.80451299967535,-6.1742277993837984],[106.80427719991837,-6.1743958000109807],[106.80351849998438,-6.1748051995908746],[106.80276429933258,-6.175205699544164],[106.80268049970488,-6.1752599995605735],[106.80234919944549,-6.1755025993884418],[106.80174359941812,-6.1759544997467879],[106.80134739924716,-6.1762406991730323],[106.80105479964999,-6.1764557995532003],[106.80044969967076,-6.1768817996306193],[106.7993145999975,-6.1776809993989481],[106.79863859978417,-6.1781415999371374],[106.79823489990855,-6.1784009996882068],[106.79781919921301,-6.1786269993253082],[106.79772369961667,-6.1786713995755944],[106.79758619934042,-6.178709099806313],[106.79746959979883,-6.1787516996795846],[106.79737699939881,-6.1787896992777194],[106.79665759969328,-6.1791320992197694],[106.79645149970344,-6.1792342998573471],[106.79643659914706,-6.1792412997984973],[106.79637849983288,-6.1792688993540485],[106.79633659964628,-6.1792911998753519],[106.79629459916731,-6.1793134998321069],[106.79624039962627,-6.1793390996950324],[106.79618139945495,-6.1793572996185606],[106.79606150002536,-6.1793794992388555],[106.79595429918744,-6.1793956991407857],[106.79583379953363,-6.1793794998307998],[106.79574919950336,-6.1793605995862331],[106.79562849947207,-6.1793047992178458],[106.79546059984899,-6.1791574996299028],[106.7953711993394,-6.1790175997192964],[106.79520379943301,-6.178768699966156],[106.79518500001201,-6.1787425998088956],[106.7950784994635,-6.178549199674519],[106.7950042993801,-6.1783946999155752],[106.79492699976572,-6.1782498998910027],[106.79488699959529,-6.1781740992491292],[106.79483169942888,-6.1780939992776247],[106.79466239946426,-6.1779011997306847],[106.79463009927969,-6.177849199369664],[106.79460349929684,-6.1777929997014036],[106.79457679935928,-6.1777553995536083],[106.79409329949516,-6.1772870997985452],[106.79378269982669,-6.1769959999734843],[106.79307459967481,-6.1763115997037987],[106.79269939961837,-6.1759583998269107],[106.79250509932677,-6.1758056992827379],[106.79225049939068,-6.1755960994052934],[106.79216959936139,-6.1755225999026431],[106.7920745995246,-6.1754362993166181],[106.79143839944885,-6.1748567991458909],[106.79131099953406,-6.1747457991396439],[106.79117959917113,-6.1746355992043469],[106.79040399916147,-6.1740214991625075],[106.78985689949405,-6.173644299558255],[106.7896664992431,-6.1735066997516013],[106.78958989935242,-6.1734409992287764],[106.78942969928266,-6.173265599244024],[106.78928069998602,-6.1731024992347772],[106.78872559968464,-6.1721876999372354],[106.78845050002246,-6.1716774994081343],[106.78823539931955,-6.1711741994857787],[106.78803629960203,-6.1706316994688386],[106.78796649956571,-6.170387299869712],[106.78793079932899,-6.1702722996763342],[106.78790199971758,-6.1701796993889424],[106.7878482991426,-6.1699969993702517],[106.78777119995686,-6.1695847995793329],[106.78776039977994,-6.1694781997919019],[106.7877401999669,-6.1690528997655054],[106.78772219937623,-6.1683609999462199],[106.78772219950521,-6.1679522999868457],[106.78772910003579,-6.1676656999444415],[106.78772749935429,-6.1675330999220233],[106.78773109977539,-6.1674608997469615],[106.78774259984772,-6.1673468993192904],[106.78775289922369,-6.1672789996102333],[106.78776239955289,-6.167233900011408],[106.78777989992881,-6.1671650999732064],[106.787804899177,-6.1670901994954797],[106.78784559954416,-6.1669778995139364],[106.7878746997953,-6.1668976993602751],[106.78789329987745,-6.1668375993977449],[106.78782889993573,-6.1668307998866512],[106.78773289939005,-6.1668190998922601],[106.78764579924751,-6.1668083998874943],[106.78748439981251,-6.1667800000198607],[106.78688209979856,-6.1666586993416548],[106.7864894998784,-6.1665714999158316],[106.7863266996398,-6.1665335000047943],[106.78614179955008,-6.1664641994908678],[106.78594589914454,-6.1663451996598777],[106.78566149954165,-6.1661397000030469],[106.78536489954956,-6.1659369997090661],[106.78522329980967,-6.1658590994684346],[106.7851000992701,-6.1658048997781538],[106.7849120999079,-6.1657358993491425],[106.78477829956219,-6.165693099899082],[106.78464679975468,-6.1656595995810326],[106.78404319949317,-6.1655389993423393],[106.78332889927668,-6.1653926999670778],[106.78308909920639,-6.1653394993591597],[106.78284619945278,-6.1652889998851848],[106.78237929923432,-6.1651969992057056],[106.78163359961849,-6.1650382999847624],[106.78120249968107,-6.164951600024545],[106.78107779975711,-6.1649249994167139],[106.78096819917192,-6.1649146998064976],[106.78081909918286,-6.1649037997718157],[106.78049789984163,-6.1649091996190455],[106.77983289979636,-6.1649427994067709],[106.77956409998853,-6.1649593993930507],[106.77940399971521,-6.164963699990313],[106.77927339937544,-6.1649519999222422],[106.77916849916836,-6.1649337996377707],[106.7789957992905,-6.1648868000166814],[106.77880239955336,-6.1648163991632687],[106.7786341991705,-6.1647553991563626],[106.77744789956046,-6.164289699266055],[106.77720919927037,-6.1641897992076302],[106.77708020000047,-6.1641384992368522],[106.77673649922913,-6.1640034998980333],[106.77566729926997,-6.1636010992556329],[106.77509719972018,-6.1633705998438009],[106.77263339983108,-6.1623973992492944],[106.77240979914222,-6.162305699879413],[106.77235749919794,-6.1622999991549037],[106.77229519940222,-6.1623128994383531],[106.77218189997213,-6.1622591994206486],[106.77208179958633,-6.162234299518337],[106.77198669982324,-6.1622047995751199],[106.77188769964114,-6.1621664993254832],[106.77139160000833,-6.1619917996505302],[106.77031889992183,-6.1615497998574877],[106.77012179990857,-6.1614598992999845],[106.77003100004231,-6.161411399129177],[106.76989629983291,-6.1613381998925485],[106.76972329949498,-6.1612235995272506],[106.76966159971188,-6.1611541997090171],[106.7695422999216,-6.1609861996769872],[106.76950379950699,-6.1609096998987525],[106.76948609970447,-6.160876799547828],[106.76943690000043,-6.1607855994734422],[106.7694000994378,-6.1607075993927651],[106.76931289934231,-6.1604968993842206],[106.76907419982491,-6.1598194994869919],[106.7690473992342,-6.1597394995335213],[106.76898969914521,-6.1595581993415092],[106.76890239957959,-6.1593063998581155],[106.76875159975151,-6.1589634999739848],[106.76870939988213,-6.1588781999624906],[106.76858849980017,-6.1586988995322169],[106.76846659975121,-6.158565199514956],[106.76832319988409,-6.1584527996028378],[106.76799609938793,-6.1582299994475314],[106.76790059970932,-6.1581683997099415],[106.76783149996018,-6.1581233995398232],[106.76740559957923,-6.1578456993319532],[106.76733779954664,-6.1578013991419862],[106.76727859942679,-6.1577666993207458],[106.76725119984462,-6.1577534991912497],[106.76712069952562,-6.157690799951463],[106.76695739979881,-6.1576361997460358],[106.7667831998375,-6.1576284995580703],[106.76663149959671,-6.1576485996085299],[106.76649719946268,-6.1576943991615192],[106.76632769981866,-6.1577557997237689],[106.76628779942115,-6.1577701992570804],[106.76604199946286,-6.1578780996695714],[106.765826399375,-6.1579788996933527],[106.76572699918006,-6.158025399169218],[106.76523739972487,-6.1582217995272064],[106.76508469927063,-6.1582736997722298],[106.76478980003192,-6.1583690997119946],[106.7646780995607,-6.1584028000195632],[106.76457589988047,-6.1584250994128453],[106.76442209948318,-6.158454199994015],[106.76429049932574,-6.1584734996806603],[106.76411419996629,-6.1584919995447089],[106.76401290003975,-6.1584986992332356],[106.76378479994025,-6.1585156993163412],[106.76325989950692,-6.1585156993938757],[106.76317761808544,-6.158516753497624],[106.76317399955828,-6.1586187996286279],[106.76315989987205,-6.1589862999950213],[106.7631512992977,-6.1592091997204692],[106.76310789987129,-6.1592504998983504],[106.76309319978992,-6.1592944992100831],[106.76308189994269,-6.1599562992949277],[106.76308109938145,-6.1599923996345813],[106.76308109936299,-6.1600131999814396],[106.76308149973624,-6.1602795993122603],[106.76309149954324,-6.1618395992579806],[106.76309359999993,-6.1621178995272814],[106.76309809976601,-6.1623692998826227],[106.76307009950899,-6.1642998991556492],[106.76307499973569,-6.1644527994555478],[106.7630774992236,-6.1645322997774787],[106.76309319975245,-6.1648718999329644],[106.76310179946114,-6.1649631998467829],[106.76317689953413,-6.1654541998083774],[106.7632406993863,-6.1658343996237548],[106.76325949960388,-6.1659211998875145],[106.76328899955587,-6.1660580993087466],[106.76335899957036,-6.1663995993528031],[106.76345829923963,-6.1667278995375376],[106.7635810996497,-6.1670829993622043],[106.76366079974436,-6.1672629996383028],[106.76373549989302,-6.1674111992725793],[106.76382709996079,-6.1675836994925159],[106.7647756991559,-6.1692949998457687],[106.76485089924974,-6.1694692991589912],[106.76494609925153,-6.1696995991614818],[106.76499629927542,-6.1698460992379154],[106.76507659978478,-6.1700908995523447],[106.76514349975623,-6.1703245999432363],[106.76521059968553,-6.1705599995457892],[106.76532499925931,-6.170958899626207],[106.76541279949426,-6.1713304994978051],[106.76545729952444,-6.171579999952308],[106.7656016994905,-6.1723298991298599],[106.76562510000389,-6.1724594997273776],[106.76566439953196,-6.1727011996076486],[106.76576909949603,-6.1732188995981128],[106.76580199994072,-6.1735472994457776],[106.76584199997355,-6.173917999693229],[106.76588729941346,-6.1743501998313164],[106.76590479962931,-6.1744914995435369],[106.76593319956714,-6.1747206996056425],[106.7659877992599,-6.175087099747377],[106.76604289946448,-6.1754937994611403],[106.76617889916508,-6.1766825999266111],[106.7663338997321,-6.1778344997862353],[106.76635519999712,-6.1780021000035381],[106.76637099987944,-6.178174299179096],[106.76639839956817,-6.1784230991963724],[106.76643649957293,-6.1788264996139679],[106.76647819932094,-6.1792225992609255],[106.76651519967909,-6.1794531991808332],[106.76658130004002,-6.1797273998238964],[106.76669349928881,-6.1801189999859334],[106.76690979964388,-6.1808781996229012],[106.76698759930521,-6.1811620994720347],[106.76704479974087,-6.1813631993703693],[106.76721289950611,-6.1818763995350441],[106.76732539988667,-6.1821952994659402],[106.76796499973614,-6.1838859992074058],[106.76803039921435,-6.1840685995617299],[106.76814919918263,-6.1843415997336662],[106.76828149991405,-6.1846694996658362],[106.76835989915406,-6.1848866993389056],[106.76839069975934,-6.1850019992327798],[106.76843219969578,-6.1851491999283379],[106.76845869995039,-6.1852601992722489],[106.76849169925111,-6.1853981999621448],[106.76855329946545,-6.1857077998366226],[106.76856489947335,-6.1858904995584645],[106.76856979965919,-6.1861743999982055],[106.7685675998743,-6.1863336997066529],[106.76856709987817,-6.1863930993120961],[106.76856489962717,-6.1865671999095762],[106.76856559921902,-6.1868612992586298],[106.7685956999411,-6.1878174994037396],[106.76861749970044,-6.1879936991673272],[106.76870099931635,-6.1883529995530964],[106.76874019989657,-6.1885700998661308],[106.76878789973945,-6.1887063000242994],[106.76881000001249,-6.1889553991240298],[106.76885239918641,-6.1894736991894099],[106.76891739990145,-6.19015020984817],[106.76896079945209,-6.1906018993698622],[106.76896689957994,-6.1907592996673619],[106.76896689923538,-6.1909152997945958],[106.76895219951979,-6.1910952994147035],[106.76891749969134,-6.1913231997894327],[106.76886989992028,-6.1914989996554937],[106.76886199914925,-6.191696699880592],[106.76888859982945,-6.1922713996287335],[106.7689090997571,-6.1931354995092036],[106.76890999956441,-6.1941732000092831],[106.76891109932717,-6.1942893998249273],[106.76891499946129,-6.1946908993921301],[106.76891109920211,-6.1952804998219202],[106.76895519993248,-6.19651509973977],[106.76896509964554,-6.196770899706685],[106.76896699968995,-6.1968226996011069],[106.76897299937298,-6.196947599553889],[106.76898089950477,-6.1971056999689678],[106.76901449965425,-6.1981415993970312],[106.76902349952832,-6.1987855995627656],[106.76905069993967,-6.1995575991980969],[106.76911439941809,-6.2004647997282447],[106.76914319996867,-6.2008020999945508],[106.76917610001489,-6.2011773991866095],[106.76920209990726,-6.2014455997648383],[106.76927379995033,-6.2018616998272327],[106.76933979966499,-6.2021966993673319],[106.76939839980237,-6.2024869999883085],[106.76942759963924,-6.2027373996443638],[106.76944990001266,-6.2029727999399462],[106.7694638995646,-6.2032145998590593],[106.76947629952031,-6.2036306998362027],[106.76950879958004,-6.2048563995277268],[106.76952339980721,-6.2051273000194627],[106.76954299973848,-6.2053858993224349],[106.76956949996185,-6.205549499176418],[106.7696128995053,-6.205817599825477],[106.76962769926554,-6.2059264993475889],[106.76969149966017,-6.2061973999089401],[106.76984389953668,-6.2068268996570195],[106.77006819935576,-6.2076174998718932],[106.77034419931557,-6.2084518999262039],[106.77048589972732,-6.2088697994753979],[106.77058149918935,-6.2091472997334485],[106.77070979933798,-6.2094159993487068],[106.77086199987531,-6.209711299137247],[106.77097129929979,-6.2099861999073402],[106.77118179988635,-6.2105582997449513],[106.77124089974677,-6.2107246998426549],[106.77136410003305,-6.2110448994989618],[106.77150109985486,-6.2113301995734744],[106.77155359976737,-6.2114395992205669],[106.7717923991915,-6.2119116995336352],[106.77209550001312,-6.2125430994482107],[106.77222980003542,-6.2128099995505321],[106.77227869977125,-6.2129139994688432],[106.77245189923576,-6.2132863994739846],[106.77267409969308,-6.2137318996440056],[106.77276299970949,-6.2139052991958001],[106.77309319970306,-6.2144299992023742],[106.77317389949873,-6.2145377993398885],[106.77417279914512,-6.215656099418978],[106.77428919924689,-6.2157753993046718],[106.77441639958626,-6.2158920994867222],[106.77467879992287,-6.2161067993593875],[106.77477499957611,-6.2161760996303101],[106.77482419999035,-6.2162131991535094],[106.77490259930495,-6.2162719999338405],[106.77520629949117,-6.2165063997524062],[106.77596479927082,-6.2171382991379618],[106.77638199978833,-6.2175077996993231],[106.77702319958628,-6.2179706996849982],[106.77722139993627,-6.2180955998734362],[106.77753939925296,-6.2183274992799014],[106.7775898992054,-6.2183642992880319],[106.77777279997053,-6.2184976994737422],[106.77791859933723,-6.2186238995107077],[106.77830509927452,-6.2188852995570389],[106.77845159934141,-6.2189526998450377],[106.77854539942111,-6.2189940991974977],[106.77870529971302,-6.2190689998045112],[106.77949179947649,-6.2194414995313831],[106.78024269963237,-6.2198221994346463],[106.78030599998044,-6.2198540995186145],[106.78041729990031,-6.2199150993925576],[106.7814057995277,-6.2204369992749173],[106.78196299958057,-6.2207306992649407],[106.7827406999448,-6.2211232991922367],[106.78323720003415,-6.2213893992430185],[106.78335279925983,-6.2214513992044553],[106.7838181995923,-6.2217231996018283],[106.78429779960373,-6.2220164993074105],[106.78439939917035,-6.2220761998816636],[106.7844296000245,-6.2220984992231587],[106.78450959918781,-6.2221574996721296],[106.78456239914536,-6.2221944998658474],[106.78479429965165,-6.2223525991574933],[106.78495629979382,-6.2224715000205579]]},"properties":{"FID":7,"ID":"BRT_08","GEOM_ID":"BRT_08_REG","LINE":"8","NAME":"Lebak Bulus - Harmoni","MODE":"BRT","CLASS":"Koridor Utama","STATUS":"Eksisting","COLOR":"#d73492","ROUTE_VAR":"REGULAR","SOURCE":"TransJakarta; RTRW DKI Jakarta","REMARK":"Tidak Ada","ALIGNMENT":" ","DIV_ID":" ","DIV_NOTE":" ","DIV_SRC":" ","VALID_FR":" ","VALID_TO":" "}},{"type":"Feature","id":8,"geometry":{"type":"MultiLineString","coordinates":[[[106.88615199917741,-6.2909550992312377],[106.8861886995949,-6.2909647992458018],[106.88621949956328,-6.2909892996437691],[106.88635139975692,-6.291248999758321],[106.88638829997232,-6.291321599182842],[106.88643839968306,-6.291416900015526],[106.8864924998673,-6.2914569000048903],[106.88661219990523,-6.2914768994412604],[106.88673969983158,-6.2914164998231179],[106.88656799934394,-6.2911860994458229],[106.88645300003792,-6.290975999202896],[106.88641669994041,-6.2909384999601992],[106.88637999995602,-6.2909193996150696],[106.88633159974977,-6.2909279991740217],[106.88615199917741,-6.2909550992312377]],[[106.88615199917741,-6.2909550992312377],[106.88601489989857,-6.2909743000103573],[106.88594469973322,-6.2909834999307934],[106.88569669960658,-6.2910184994363263],[106.88562689971916,-6.2910276996831609],[106.88547309984075,-6.2910430999333977],[106.88535770002947,-6.2910508996680035],[106.88531569968814,-6.2910523993334486],[106.88507759976457,-6.2910556998048852],[106.88492879982532,-6.2910518995944571],[106.88483019939908,-6.2910234991613345],[106.88472319952105,-6.2909891996533931],[106.88464019982209,-6.2909587998898138],[106.88461160002245,-6.2909482993001333],[106.88448939914244,-6.2909047997825986],[106.88445329947179,-6.2908917991624591],[106.88429159964876,-6.2908307995604282],[106.88415499972666,-6.2907864992826994],[106.88406589980671,-6.2907600996347508],[106.88395199939926,-6.2907225997515122],[106.88349300004039,-6.2905936000130831],[106.88324929956016,-6.2905298993384848],[106.88305149953023,-6.2904822995137177]],[[106.88305149953023,-6.2904822995137177],[106.88257109997774,-6.2904151994303188],[106.88251339982916,-6.2904084997042284],[106.8824797996334,-6.2904032999001673],[106.8823958999874,-6.2903901992054667],[106.88231889915114,-6.2903782996575623],[106.88218549992118,-6.2903575998340191],[106.88211989980924,-6.2903250998763678],[106.8817893998197,-6.2902677996281664],[106.88167579996677,-6.2902371994079118],[106.88158719946105,-6.290222499797113],[106.88149469977004,-6.2902157996013841],[106.88131369926771,-6.290207799679342],[106.881151899865,-6.2901742997148373],[106.88085549957259,-6.2901047993879828],[106.88080569964059,-6.2900970999651689],[106.88074929983017,-6.2900971999269624],[106.8806294995336,-6.2900924992643201],[106.88051839950873,-6.2901054993197958],[106.88047549978916,-6.2899701994537507],[106.88043639993202,-6.2898625997151809],[106.8804004996385,-6.2897511991844812],[106.88036449962136,-6.2896396995480925],[106.88032449948845,-6.2895314999621466],[106.88027159990664,-6.2893882000075712],[106.88018179949472,-6.2891451999705446],[106.88007869932891,-6.2889077991895617],[106.8800321992523,-6.2888235999208844],[106.87994730002183,-6.2887444998257607],[106.87983919933905,-6.2886860994645701],[106.87972469916645,-6.2886625994511798],[106.8796020993163,-6.288671599976424],[106.87900899995752,-6.2889100998124281],[106.87894799993906,-6.2889355999422278],[106.87845947699923,-6.2891392834914459]],[[106.87845947699923,-6.2891392834914459],[106.87845680001951,-6.289140399786441],[106.87806779992894,-6.2893026997051669],[106.87788419969755,-6.2893784994631554],[106.8777733994975,-6.2894090997252592],[106.87764329972329,-6.2894123999497742],[106.87750399960862,-6.2893950997032837],[106.87736909919782,-6.2893543997014518],[106.87715579934064,-6.2892496992961417],[106.87713069963507,-6.2893102993961278],[106.87710989976033,-6.28936599985391],[106.87705309921709,-6.2895185994240439],[106.87704519933372,-6.2895682997409788],[106.87704899937833,-6.2896222997346936],[106.87704949941903,-6.2896296992740375],[106.87707329937341,-6.289687599326907],[106.87712299919711,-6.2897368992238034],[106.87721079946945,-6.2897803995569346],[106.87750179986053,-6.289910099649072],[106.87773719985961,-6.2900148993999894],[106.87789139959277,-6.2900721995979829],[106.87806649984346,-6.2901088996190868],[106.87810729957108,-6.290108199614445],[106.878209499522,-6.2900939997007361],[106.87832189924359,-6.2900530998712307],[106.87842769930963,-6.2899918994827457],[106.87852579918957,-6.2898922997142268],[106.87858789953395,-6.2897746000185464],[106.87861229925217,-6.2896695998661754],[106.87861149920873,-6.2895524997442971],[106.878575399197,-6.289404999901083],[106.87845947699923,-6.2891392834914459]],[[106.87845947699923,-6.2891392834914459],[106.87814279979986,-6.288413399860274],[106.87787269933511,-6.2879212995538172],[106.87759269933964,-6.2873721992271516],[106.87757049937625,-6.2873161993714319],[106.87724969919259,-6.2864471994484541],[106.87689029925035,-6.2852491996257127],[106.87676119955705,-6.2847011992406649],[106.87485649957429,-6.2801951998801355],[106.8747471998705,-6.2799040999748943],[106.87411129971247,-6.2782740991611234],[106.87407039920316,-6.2781720995684855],[106.87363089922563,-6.2770769999275782],[106.87351959957408,-6.2767210999163492],[106.87331329992708,-6.2760617000066654],[106.87299099915663,-6.2748434992960771],[106.87290189986258,-6.2747020999913534],[106.87278319977781,-6.2742561999436886],[106.87256719942938,-6.2729830998447831],[106.87245729925387,-6.2713290993807744],[106.8724369995851,-6.2693615996042631],[106.87246529964764,-6.2689571995313189],[106.87244389937656,-6.2686159997525497],[106.8723874999081,-6.2682533998999368],[106.87231979930007,-6.2679020997370758],[106.87225539945126,-6.2675874997934313],[106.87223199976575,-6.26741749945921],[106.87222119977609,-6.2672708996001001],[106.87221849948848,-6.2669722997196606],[106.87223869972409,-6.2666935997576703],[106.87225479951628,-6.2664576996515278],[106.87230839967064,-6.2661803994148304],[106.87236469934658,-6.265961799527906],[106.87249879963294,-6.2655551998601871],[106.87259939957012,-6.265272599906532],[106.87266250002227,-6.2650698996253933],[106.87271069928988,-6.2648885994953885],[106.87276169944802,-6.2645166994195494],[106.87290249996778,-6.2621797997411432],[106.87296819935339,-6.2612255992545851],[106.8730358994778,-6.2598788999638559],[106.87301649992392,-6.2593759995916285],[106.87297629922696,-6.258945199676214],[106.87292799971533,-6.2586524993223858],[106.87272559934864,-6.2578206994007646],[106.87249019956053,-6.2568822992724415],[106.87239629978774,-6.2566804998509093],[106.87225329929409,-6.2564646992737991],[106.87208739950999,-6.2562765992790856],[106.87193569935222,-6.2561400999131322],[106.87171469943442,-6.2559907996521416],[106.87161629938997,-6.2559257992899333],[106.87140659991448,-6.2557288994276048],[106.87134329977285,-6.2556693995534589],[106.87132219973255,-6.255605800006335],[106.87129899939592,-6.2555341998860099],[106.87130479929424,-6.2554729999584024],[106.87133149957016,-6.2553788995297523],[106.87145249940289,-6.2550297995684829],[106.87152699975518,-6.2549076991438382],[106.87158439990934,-6.2548082995373333],[106.87162779957127,-6.254725399898053],[106.87166090003358,-6.2546364999486466],[106.87181909970316,-6.2541515999081225],[106.87224289940258,-6.2529479994668735],[106.87258039919391,-6.252206399422418],[106.8733469996821,-6.2507212998200217],[106.87347899931748,-6.2504645991760066],[106.87358899931925,-6.2502443996491888],[106.87362489955039,-6.250169499543996],[106.87364039929992,-6.2500822997725196],[106.87365259916722,-6.2499980999776747],[106.87366309920644,-6.249915599708614],[106.87368059963374,-6.2498238991989039],[106.87371499971546,-6.2497011994061795],[106.87374939979331,-6.2495784996197541],[106.87377829929935,-6.249501799900985],[106.8738224995152,-6.2493979998621976],[106.87398809929616,-6.2490089993699964],[106.87409009955228,-6.2487693991493805],[106.87414539977499,-6.248639499297453],[106.87436459959517,-6.2481245995715167],[106.87453329959219,-6.2477281993797282],[106.87457719959725,-6.2476281996618974],[106.87458159935825,-6.2475734993036749],[106.87458179997286,-6.2475333996283222],[106.8745750998449,-6.2474885994738605],[106.87456599955112,-6.2474573999225091],[106.87455459979822,-6.2474289996759049],[106.87454029929603,-6.2474014994453695],[106.87451979957662,-6.2473754995926072],[106.87435919992529,-6.2472194997190718],[106.8740001994224,-6.2469761995950179],[106.87387349940967,-6.2469041997717918],[106.87355889935615,-6.2467369996320414],[106.87337609972775,-6.2466582999043503],[106.87323369995441,-6.2466009993803073],[106.8729484996542,-6.2465019997984781],[106.87289920000087,-6.2464848997575686],[106.87268389945521,-6.2464142999865411],[106.87266099999313,-6.2464080994810232],[106.87237109936378,-6.2463229994645024],[106.87204819953295,-6.2462008995553244],[106.87176549998478,-6.2461071000096862],[106.87131759942557,-6.2459709996083772],[106.87119669940374,-6.2459347998352213],[106.87101089958412,-6.2458761999719172],[106.87075049934757,-6.2457889994215972],[106.87067619959498,-6.2457605993538605],[106.87034399964307,-6.2456469995171133],[106.87012159917089,-6.245559999844974],[106.86983069932302,-6.2453423993776598],[106.86973889976066,-6.2452853997658426],[106.86951689936136,-6.2451437993943291],[106.86928819984294,-6.2450170995933645],[106.86910849982768,-6.2449331998864848],[106.86891609983756,-6.2448571995649527],[106.86871019973609,-6.2447751992400917],[106.86820599926563,-6.2445864994509783],[106.86783309954973,-6.2444498994833877],[106.86725109961007,-6.2442398998631985],[106.86714609939739,-6.244176399537829],[106.8670595997667,-6.2441375991636372],[106.86650009962382,-6.2439399996120875],[106.86540729931555,-6.2435974998520267],[106.86485529971169,-6.2434625999337658],[106.86472759997891,-6.2434313998193911],[106.86422589941108,-6.2433496994186184],[106.86390829943858,-6.243313699768108],[106.86357999970198,-6.2433026996719629],[106.86292799969286,-6.2432703996285097],[106.86273889966952,-6.2432703998668551],[106.86231119965819,-6.243278599662947],[106.86086209924032,-6.2433233995853579],[106.86063299999321,-6.2433316995924981],[106.85995299929418,-6.2433845993415211],[106.85889719944809,-6.243378499539344],[106.85841109991399,-6.2433806999591912],[106.85807889938714,-6.2433739994965016],[106.85799169988037,-6.2433720993927118],[106.85760229921937,-6.2433558998612639],[106.8562599996973,-6.2433386992089961],[106.85403269944808,-6.2433354995516037],[106.85380509985953,-6.2433357994725291],[106.85303209965257,-6.2433329999639753],[106.85247249947163,-6.2433333994142197],[106.85224959970104,-6.2433554994802378],[106.8521010992465,-6.2433579000300741],[106.85198319980721,-6.2433597995448835],[106.85170829969084,-6.2433736999146365],[106.85137909945811,-6.2433823996512352],[106.85079209923525,-6.2434381993739345],[106.85015749952468,-6.2434790997913874],[106.84946840001962,-6.2434857994306716],[106.84875169954888,-6.2435088998689263],[106.84692329924182,-6.2436288994494475],[106.84678109981071,-6.2436385992190448],[106.84667219932504,-6.2436639995178487],[106.84657719914972,-6.2437082995530053],[106.8462286997781,-6.2437210991454197],[106.84604549948793,-6.243718699296493],[106.84535899989046,-6.2436723996916808],[106.84474189915238,-6.243630699503119],[106.84460589979797,-6.2436228994884075],[106.84427299982933,-6.2436155996105906],[106.84395720001775,-6.2436022992501092],[106.84381229934161,-6.2435878999791443],[106.84356039945607,-6.2435628998533517],[106.84322199925957,-6.243532799275286],[106.84298209993371,-6.2434867992085197],[106.8427392999338,-6.2434158994545603],[106.84228859939238,-6.2432399998030963],[106.84155969930021,-6.2429204999206842],[106.84118730002007,-6.2428117993303402],[106.84050119942596,-6.2426440991986203],[106.8399371996085,-6.2424793998472667],[106.83981819988098,-6.2424421997930013],[106.83897489919045,-6.2421986999402472],[106.83876909922547,-6.242128399326706],[106.83860689990013,-6.2420477997801598],[106.83852689925648,-6.2420093998647239],[106.83844329988095,-6.2419761997075431],[106.8383530992763,-6.2419398995932349],[106.83816769971338,-6.2418799995065113],[106.8380946992653,-6.2418595996255437],[106.83783249937613,-6.2418003997427265],[106.83776200000717,-6.2417864992682839],[106.83759579932006,-6.2417673993513239],[106.83752869987993,-6.2417571000251089],[106.83727799916767,-6.2416954998218088],[106.83701059988505,-6.2416301991291805]],[[106.83701059988505,-6.2416301991291805],[106.83691559986342,-6.241619599238355],[106.83680139953626,-6.2416107996084715],[106.83669719948999,-6.2416055998191826]],[[106.83701059988505,-6.2416301991291805],[106.83694319957334,-6.2416045995481122],[106.83681969969487,-6.2415619993464411],[106.83663160000765,-6.2415156994861043],[106.83644429982802,-6.2414690992901019],[106.83570379977036,-6.2412980997424619],[106.83527969978935,-6.2412006994269307],[106.83427149914986,-6.2409505991700547],[106.834108399557,-6.2409096994861954],[106.83348479992979,-6.2407403994607238],[106.83326079963967,-6.2406736995122705],[106.83317529947908,-6.2406435999416399],[106.83301139961054,-6.2405790993201764],[106.83286649992638,-6.2405123995586962],[106.83266799974871,-6.2404163995432151],[106.83258529921741,-6.2403728993687277],[106.83243999997831,-6.2402965000169139],[106.83237279972722,-6.2402568997866226],[106.83234009946121,-6.2402375992533354],[106.8323018999734,-6.2402150999160124],[106.83194859937899,-6.239998799555881],[106.83167509961922,-6.2398193998604121],[106.83151099994015,-6.239677499687585],[106.83125939917214,-6.2394906997453248],[106.83098410000821,-6.2393099992721401],[106.83078499959601,-6.2391863997008841],[106.83056929958749,-6.2390742999993307],[106.83045319983459,-6.2390107000212502],[106.8303678999238,-6.238958799626201],[106.8301941992664,-6.2388531994093448],[106.83008739919993,-6.2387844991298431],[106.83003389979578,-6.238755099659115],[106.82996559916668,-6.2387255997078412],[106.82984289917023,-6.2386757993333708],[106.82969979968937,-6.2386042991655586],[106.8295781994086,-6.2385440996404595],[106.82934799953298,-6.2384227999810564],[106.82883739944826,-6.2381022993885242],[106.82819049942513,-6.2376892997432405],[106.82799029933764,-6.2375684991595497],[106.82794229989672,-6.2375395993166878],[106.82780789989373,-6.237452899897554],[106.82772079921898,-6.2373966995035826],[106.82746999974879,-6.2372347996644626],[106.82733219965468,-6.2371482999412677],[106.82724149986645,-6.2370911996151728],[106.8271360993737,-6.2370183995745752],[106.82701359927952,-6.2369418992556271],[106.82696619941559,-6.236911299172939],[106.82685979962675,-6.2368423995046847],[106.82680539986583,-6.2368059998996044],[106.82629429998758,-6.2364637993257821],[106.82601810003429,-6.2362848995219045],[106.82594219917807,-6.2362383996577311],[106.82585089935161,-6.2361825000123572],[106.82562129993971,-6.2360258998930336],[106.82541249924313,-6.235890999164492],[106.82514739967674,-6.2357044995760988],[106.8246495997351,-6.2353543997724481],[106.82454129944755,-6.2352658999360937],[106.82444529937399,-6.2351774994412574],[106.82422149982992,-6.2350172996603321],[106.82402859940002,-6.234889999662216],[106.82383429982522,-6.234769599636433],[106.82364299961252,-6.2346474992321825],[106.82336890001913,-6.2344844991667667],[106.82285129942227,-6.2341679000260992],[106.82263589920314,-6.2340100997718153],[106.82243879948165,-6.2338410994012561],[106.82233159937527,-6.2337483997378369],[106.82199589934282,-6.2334463995025207],[106.82177249929126,-6.2332381996472153],[106.82167479916033,-6.2331434000044865],[106.82163510002644,-6.2331002995470968],[106.82159069982119,-6.233042799165271],[106.82151539980948,-6.2329457999700306],[106.82148659981071,-6.2329117994268097],[106.82118989960756,-6.2325627993271349],[106.82057199989876,-6.2317189995870752],[106.82016639996833,-6.2311085993797066],[106.81996049925399,-6.2308111996811943],[106.81945629963226,-6.2300667998824055],[106.81897549927169,-6.2293569999725387],[106.81789389930826,-6.227760199175056],[106.81782479997217,-6.2276828995650177],[106.81772959955413,-6.2275703998371528],[106.8175320997747,-6.2272804994063184],[106.8174751999881,-6.2271968998832516],[106.81701619966267,-6.2264847999538979],[106.81684529991988,-6.2262301996571932],[106.81653159923252,-6.225776599376867],[106.81586449964593,-6.2247993999662929],[106.81574499966486,-6.224619199677198],[106.81564659914939,-6.2244482994721793],[106.81554449953776,-6.2242912992247055],[106.81536929917286,-6.2240667993424603],[106.81525769982363,-6.2239183996515886],[106.81471309961391,-6.2231489995009879],[106.81450539924329,-6.2228111996787687],[106.81436989996759,-6.2226915993961951],[106.8141047996204,-6.2222908992971053],[106.81400969918487,-6.2221471993265629],[106.81387709984755,-6.221946799574396],[106.81343959952518,-6.2213195991477557],[106.81335279935102,-6.2211935996064369],[106.81321869985942,-6.2210055991793896],[106.81298939979247,-6.220665299975356],[106.81290759914081,-6.2205453999095068],[106.81281829980907,-6.2204200995728494],[106.81258499959442,-6.2200929994209044],[106.81256359967979,-6.2200628994683216],[106.81187199987873,-6.219048899513056]],[[106.81185879932272,-6.2190308991561469],[106.81105559916558,-6.2178403996516289],[106.81043919995493,-6.2169109993798557],[106.81002259939333,-6.2163145998433329],[106.809909699767,-6.2161603994996106],[106.80984779996685,-6.2160820995887853],[106.80976159929037,-6.2159717998010251],[106.80975419988025,-6.2159385991841187],[106.80974539934894,-6.2158866994731241],[106.80973209946086,-6.2158461997114234],[106.8097157994992,-6.2158179998515424],[106.80941779954766,-6.21542079950967],[106.80910839964282,-6.2149619998183292],[106.80899209991738,-6.2147752999900066],[106.80893889922937,-6.2146779000238004],[106.80882379954649,-6.2144846000072178],[106.80868389995432,-6.2142810997141318],[106.80859149961087,-6.2141608991940274],[106.80835539982601,-6.2138535994875319],[106.80801779984446,-6.2134013997264947],[106.80792209952166,-6.2132891996371127],[106.80772119987972,-6.2131053997899279],[106.80755079927145,-6.2129541998575677],[106.80704389925849,-6.2125102994072563],[106.80686509964835,-6.2123279995371536],[106.8066944991553,-6.212121499139009],[106.80650439973368,-6.2118350993029816],[106.805989699424,-6.2109494996530517],[106.80579479938828,-6.2106926996806591],[106.80476159978124,-6.2095343997448103],[106.80466639952169,-6.2094080998139951],[106.8045950998423,-6.2092998996782329],[106.804525899884,-6.2092022993419551],[106.80446089998436,-6.2091106993011875],[106.8042268000288,-6.2088407992621093],[106.8021957998084,-6.2064514998272342],[106.80187229951989,-6.2060409995478576],[106.80154829923625,-6.2055945999344431],[106.80134900003814,-6.2052816992063988],[106.8011270000252,-6.2048908994659548],[106.80080709961169,-6.204291799691755],[106.80055479936163,-6.2037757000206044],[106.80043099979632,-6.2035283991954353],[106.79986099960304,-6.2023275994336489],[106.79976979920907,-6.2021437997294342],[106.7997238000102,-6.2020455994960839],[106.79965599965624,-6.2019079992323247],[106.79959639974119,-6.2017925996246666],[106.79957119938412,-6.2017437994703677],[106.7995151995877,-6.2016290992049115],[106.79949369918099,-6.201586999154352],[106.79926209919105,-6.2011398995180222],[106.79921789968158,-6.2010631991582734],[106.79906529947897,-6.200797299554238],[106.79893759980153,-6.2005636996839861],[106.79887329954077,-6.200469399692115],[106.79868579935511,-6.200250299718995],[106.79861049939004,-6.2001069993152687],[106.79854930001812,-6.1999894999360983],[106.79843069916974,-6.1996965000046922],[106.7984293999301,-6.1996020991252667],[106.79839969978225,-6.1994835000112518],[106.79813719959569,-6.1987201995092001],[106.79786559935006,-6.1979280000212356],[106.79776779999185,-6.1975859999212082],[106.79764059914724,-6.1970428996011595],[106.79748559989017,-6.1963952996684881],[106.79733049962691,-6.1957659997703427],[106.79723609938311,-6.1952199993859356],[106.79718299946319,-6.1948224993538039],[106.79713059944565,-6.1942087992153496],[106.79709169958578,-6.1934855995111278],[106.79707449989901,-6.1929934991347588],[106.79705239984401,-6.1924238992824954],[106.79700369985326,-6.1918419993998572],[106.79697569982355,-6.1910484999590842],[106.79695999955591,-6.1905939995978274],[106.79695369927809,-6.1904468995500972],[106.79694619966928,-6.1902838997961043],[106.7969398998338,-6.1901567000196573],[106.79693249957053,-6.1899305993342884],[106.79692559987879,-6.1898156994567888],[106.79690579956974,-6.1892682994385497],[106.79691379939618,-6.1891959996791632],[106.79691399937163,-6.1891321994751545],[106.79690029919266,-6.1888466995515223],[106.7967822997413,-6.1850428995488622],[106.79677399919736,-6.1847920993978853],[106.79675739915524,-6.1844397995920417],[106.79674609915614,-6.1841747993464065],[106.79674169958805,-6.1840014993567936],[106.79673139922475,-6.1837472998713325],[106.79671340003691,-6.1834851993896569],[106.79668699965788,-6.1831264993820572],[106.79665199937858,-6.1825461991325428],[106.79660079956867,-6.1819471998325568],[106.79656459969003,-6.1818400998904863],[106.79652129959925,-6.1817637998136483],[106.7964645993259,-6.1814914997143893],[106.79641529947048,-6.1812783998533618],[106.79642819993937,-6.1811712993888976],[106.79645590001378,-6.181059399206311],[106.79645149988451,-6.1808908995019047],[106.79643779916653,-6.1807610997704865],[106.79640549976183,-6.1806408993687576],[106.79630309942721,-6.1803262992406625],[106.79616699953027,-6.1800060993468247],[106.79604490002545,-6.1797298996407006],[106.79594739953272,-6.179525099249628],[106.79583199914462,-6.179324099913714],[106.79573899914014,-6.1791707995135035],[106.79558779927801,-6.1789380998438732],[106.79529009977597,-6.1785506996627229],[106.79510810003163,-6.1783169997134557],[106.79489909993364,-6.1780785000280671],[106.79472089916329,-6.1779387992493646],[106.79466239946413,-6.1779011997307531],[106.7946300992796,-6.1778491993697493],[106.79460349929674,-6.1777929997014711],[106.79457679935921,-6.1777553995536092],[106.79409329949516,-6.1772870997985452],[106.79378269982668,-6.1769959999734683],[106.79307459967474,-6.1763115997037819],[106.79269939961837,-6.1759583998269276],[106.7925050993268,-6.1758056992827379],[106.79225049939055,-6.1755960994052952],[106.79216959936137,-6.1755225999026262],[106.79207459952448,-6.1754362993166003],[106.79143839944878,-6.1748567991459922],[106.79131099953395,-6.1747457991396946],[106.79117959917109,-6.1746355992043629],[106.79040399916141,-6.1740214991625244],[106.78985689949396,-6.1736442995582728],[106.78966649924311,-6.1735066997515844],[106.78958989935235,-6.1734409992288093],[106.78942969928262,-6.1732655992440417],[106.78928069998601,-6.1731024992348615],[106.78872559968464,-6.1721876999373029],[106.78845050002241,-6.1716774994081511],[106.78823539931955,-6.1711741994857787],[106.78803629960197,-6.170631699468891],[106.78796649956561,-6.1703872998697795],[106.78793079932892,-6.1702722996764194],[106.78790199971753,-6.1701796993889424],[106.78784829914255,-6.1699969993702695],[106.78777119995675,-6.1695847995793329],[106.7877603997799,-6.1694781997919526],[106.78774019996689,-6.1690528997655054],[106.78772219937613,-6.1683609999463025],[106.78772219950513,-6.1679522999869132],[106.78772910003576,-6.1676656999444921],[106.78772749935423,-6.1675330999220233],[106.78773109977539,-6.1674608997469962],[106.78774259984777,-6.1673468993193055],[106.78775289922369,-6.1672789996102821],[106.78776239955286,-6.1672339000113903],[106.78777989992872,-6.1671650999732233],[106.78780489917685,-6.1670901994954974],[106.78784559954413,-6.1669778995139364],[106.78787469979518,-6.1668976993602413],[106.78789329987738,-6.1668375993977449],[106.78791309936854,-6.1667719997271728],[106.78793159953675,-6.1667138992754351],[106.7879621995182,-6.1666266992457741],[106.78797279928494,-6.1665974998194981],[106.78827979923582,-6.1658928000257331],[106.7883748994501,-6.1656727998622749],[106.78859700000858,-6.1651254994800411],[106.78888249925117,-6.1644219994680123],[106.78898199949154,-6.1642234998331542],[106.7892296998498,-6.1637066997228347],[106.78940790001431,-6.1632985998970051],[106.78973269983283,-6.1625503994930373],[106.78982139944614,-6.1623228998013584],[106.78989589925729,-6.1621512997675909],[106.78992269932503,-6.1620897997417163],[106.79002649974716,-6.161865299205143],[106.79013919945714,-6.1616212997189095],[106.79037149946603,-6.161079799131759],[106.79044179965669,-6.160918099649848],[106.79058219949788,-6.1605596991824383],[106.79066899941203,-6.1603192000115534],[106.79074499968505,-6.1601492993648028],[106.79146389935822,-6.1585421993136249],[106.79263229947145,-6.1559190993639596],[106.79279999999247,-6.1555489993395378],[106.79329739920028,-6.1544478996314664],[106.79334700001405,-6.1543583998137015],[106.79339709959066,-6.1542761996667261],[106.79341089959942,-6.154225399246557],[106.7934167998968,-6.1541658999254105],[106.79342239925938,-6.1541324992799273],[106.79343199924378,-6.1540999993353189],[106.79348219980743,-6.1540392996076188],[106.79356169946473,-6.1539668997643187],[106.79381170002499,-6.1537920997544377],[106.79424869988829,-6.1534921994315939],[106.79429079965043,-6.1534619999267504],[106.79433979969487,-6.1534239993852111],[106.79441449953188,-6.1533618998703821],[106.79451179991946,-6.1532881995719499],[106.7945570991462,-6.1532524999596694],[106.79497710002239,-6.1529392997153636],[106.79504039973071,-6.1528898998556505],[106.79509229945378,-6.1528173991826742],[106.79511749946563,-6.1527404998746613],[106.79510969980102,-6.1526533992208927],[106.79510549970307,-6.1525367999108518],[106.79507129973288,-6.1523885996376917],[106.79503709996986,-6.1523125998639534],[106.79495329930342,-6.1521277992117156],[106.79489769950236,-6.1520137995045454],[106.79483859979018,-6.1518967996906211],[106.79468869948477,-6.1515985996170786],[106.79455119989629,-6.1513952996102201],[106.79452549944331,-6.1513364996447901],[106.79448839952781,-6.1512418000224649],[106.794472100026,-6.151187599730588],[106.7944364995126,-6.1510577998014657],[106.79442409984084,-6.1509827999604045],[106.7943929992216,-6.1507104998141919],[106.79433399949855,-6.1500555991438972],[106.79430169945057,-6.1497296998408313],[106.79427619918266,-6.1494850996965358],[106.79425279946055,-6.1492803998590944],[106.79420439991507,-6.148847199991998],[106.79407069928166,-6.1479837993908992],[106.79390479914554,-6.1469843997097193],[106.79377199983188,-6.1461850992161029],[106.79364729950584,-6.145089699372706],[106.79362779997649,-6.1449729993442181],[106.79359249968728,-6.1448391998108489],[106.79356579964247,-6.1445283994729865],[106.79345199961786,-6.1432807999724091],[106.79343529973725,-6.1430981993656255],[106.79335349922125,-6.1418507997374618],[106.79307959938171,-6.1384623997337577],[106.79293719915063,-6.1371020997561461],[106.79283919938571,-6.1357123992796794]],[[106.79295159950459,-6.1357197998367177],[106.79320729934308,-6.1384628995570356],[106.79346459928519,-6.1417608996078252],[106.79358889926378,-6.143276499813954],[106.79362859965599,-6.1436457993410656],[106.79371829949582,-6.1445054991800205],[106.79374629981545,-6.1448462998037368],[106.7937426999826,-6.1449849994436345],[106.79375109957003,-6.1451054999545827],[106.79383609987035,-6.1456789999908663],[106.79408519977275,-6.1471106991483104],[106.7942892994952,-6.1482972997510013],[106.79432490000035,-6.1485465994341073],[106.79434319914803,-6.1487701995291513],[106.79435709948508,-6.1489729999183993],[106.79436689939521,-6.1491989993304976],[106.79437869931299,-6.1492967000100203],[106.79440209965634,-6.1494686997715267],[106.79444719957861,-6.1497297997295215],[106.79447389994596,-6.1500393998850242],[106.79449949934097,-6.1504260995435578],[106.79452539967535,-6.1507564996468114],[106.79453859920149,-6.1508649997714997],[106.79456239966309,-6.1509735999019099],[106.79461009946175,-6.1511426995914187],[106.79469709993879,-6.151342399729149],[106.79475949995323,-6.1514680994712236],[106.79496939916204,-6.1519673995800259],[106.79517899960287,-6.1524458995922471],[106.79521489936985,-6.152504599187866],[106.79526060002932,-6.1525591996836999],[106.79529829977037,-6.1525918995537916],[106.79530679936991,-6.1526538993283326],[106.79530159998039,-6.1526984997212457],[106.79528949914133,-6.1527779997424581],[106.79523569965512,-6.152876899223287],[106.79516699952258,-6.1529650997866785],[106.79504459978979,-6.1530726994590434],[106.79502589945113,-6.1530891996087211],[106.79463109983809,-6.1533928998683578],[106.79461669922405,-6.1534035996397582],[106.79446259957413,-6.1535246995748674],[106.7943269992045,-6.1536366999159986],[106.79428899981529,-6.1536732999761252],[106.79417059920353,-6.1537889994029973],[106.79413489926665,-6.1538237996219225],[106.79403779919097,-6.1538831994417595],[106.79395169913997,-6.1539568991339682],[106.79387749930619,-6.1540399000268922],[106.79381739980929,-6.154133099827213],[106.79375199959466,-6.1542611993167036],[106.79355929988195,-6.1546824999817975],[106.79321729916498,-6.1554720992339131],[106.79295459937863,-6.1560867993094952],[106.79264779944569,-6.1568053999235541],[106.79248039952199,-6.1571781998409705],[106.79212799919797,-6.1580052993636389],[106.79189679962055,-6.1585204995758458],[106.79166950001881,-6.1590486998347638],[106.79154779952898,-6.1593206998134953],[106.79105090004106,-6.1603453995609394],[106.79096489947301,-6.1605291995989697],[106.79090939944395,-6.1606574991623502],[106.79088529966343,-6.1607536993411376],[106.79089629934984,-6.1608688998750809],[106.79090739926538,-6.1609115992372017],[106.79091949944072,-6.1610306000128681],[106.79090499980713,-6.1611171997877152],[106.79085819946566,-6.1612825998955136],[106.79080809987774,-6.1614358994297111],[106.79075549925898,-6.1615855996383235],[106.79057569981528,-6.1619802992951094],[106.79051709923137,-6.1621073000268689],[106.79049199986345,-6.1621645997984675],[106.79041189941185,-6.162356799898463],[106.79037989922404,-6.1624322998264489],[106.7902918999331,-6.162630399185967],[106.79019749991282,-6.1628508997144138],[106.79014459979125,-6.162966299505535],[106.78999429982838,-6.1633198995284646],[106.78997329990698,-6.1633808999661008],[106.78996529966237,-6.1634548997235639],[106.7899674994818,-6.1635324991802989],[106.78995879924413,-6.1636210994772123],[106.78990729998651,-6.1637983992130891],[106.78984919979544,-6.1639690997196164],[106.7893048997333,-6.1652039994127019],[106.78905819925056,-6.16580379945463],[106.78900919983781,-6.1659582997579525],[106.78895539920431,-6.1661161996735467],[106.78886579918856,-6.16640999973239],[106.78880809948986,-6.1667886994892891],[106.78880459957662,-6.1668107997725858],[106.78880039970791,-6.1668458992746373],[106.78879009917109,-6.1669152999276395],[106.78877439983025,-6.1669744995209026],[106.78874849964984,-6.1670465991302814],[106.78872959941232,-6.1670871993732179],[106.78869839963056,-6.1671379995219011],[106.78867289941401,-6.1671916992694955],[106.78865459961564,-6.1672480991702283],[106.7886355994189,-6.1673329997847093],[106.78860559921077,-6.16747699922034],[106.78858379938258,-6.1675675993209671],[106.78854580003167,-6.1676697994598024],[106.78848249958865,-6.1678268994476655],[106.78845919924186,-6.1679080991717825],[106.78844020002504,-6.1680153993626439],[106.78842509982402,-6.1682554997718189],[106.78841139921609,-6.1685198992898025],[106.78841009955822,-6.1687568999001812],[106.78842129963392,-6.1689417996143971],[106.78843379961384,-6.1690546994863436],[106.78845629919216,-6.1692072996392513],[106.78852989957826,-6.1695485996173174],[106.78859869924405,-6.1699286992243501],[106.78861729918009,-6.1700312997210993],[106.78865709914253,-6.1705028997507103],[106.78875029985933,-6.1707462991745006],[106.78888399960843,-6.17112549972056],[106.78893749940464,-6.1712594994394152],[106.78917039984456,-6.1717216995577378],[106.78937859965208,-6.1720562996526063],[106.78939399992699,-6.1720767992750964],[106.78960499986744,-6.1723451992851857],[106.78976759979766,-6.1725258997244703],[106.78991000002715,-6.1726840993759895],[106.79006569981749,-6.1728479000107459],[106.79018779949837,-6.172969699936929],[106.79022599960682,-6.1730077997816606],[106.79042319971516,-6.1732044998272846],[106.79072579926195,-6.1735771995875455],[106.79075519950713,-6.1736081994305385],[106.79133299980305,-6.1741687993544865],[106.79168179926036,-6.1744930995529419],[106.79176129985694,-6.1745784994488453],[106.79197239945535,-6.1747836999986152],[106.79222619961185,-6.1750301992697958],[106.79300199984392,-6.1757272996349988],[106.793097299314,-6.1758096992109071],[106.79320609921866,-6.1759009993133622],[106.79370139977684,-6.1763612992950456],[106.79478379951027,-6.1773869995865267],[106.79497289951917,-6.1775213994165821],[106.79512719983917,-6.1776826996161631],[106.79538329956738,-6.1779766994111922],[106.7954529997325,-6.1780679997038979],[106.7956035993181,-6.1782387998259445],[106.79569309940703,-6.1783511993771718],[106.79575609956815,-6.1784279991399922],[106.79588489966136,-6.1786013999512646],[106.79592629992493,-6.178675199289275],[106.79597069971059,-6.1787540998703223],[106.7960532996791,-6.1788989992789984],[106.79619000004095,-6.179138899878156],[106.79625269925425,-6.1792490994769249],[106.7962945991673,-6.1793134998321406],[106.79636779921799,-6.1794592998217865],[106.79654539982285,-6.1798002995471242],[106.79661359988722,-6.1799607000212342],[106.79668169920978,-6.1801495999373017],[106.7967177997748,-6.1802540997922764],[106.79678189943056,-6.1804557993244069],[106.79686289946059,-6.1807078999480183],[106.79687859946513,-6.1808148991922094],[106.79688069982882,-6.1809419993103107],[106.79690629940349,-6.1812064991483817],[106.79692979940612,-6.181318699124243],[106.79700419974144,-6.1816180992813781],[106.79703649929277,-6.1818578993142541],[106.79702609990233,-6.1822438999983644],[106.79706809979385,-6.183040999932655],[106.79708639991263,-6.1834753996817726],[106.79710169943041,-6.183889099127919],[106.79711509960067,-6.1845099997591326],[106.79713529931996,-6.1848154991698259],[106.79713069966728,-6.1851687992080535],[106.79713100004034,-6.1852948999180581],[106.79713399955767,-6.1854280993189805],[106.79714559998048,-6.1857548997385292],[106.79718139933794,-6.1860590994600226],[106.79719849980479,-6.1863814995498867],[106.79721189966189,-6.1867257998439209],[106.79720049995272,-6.1870600996478746],[106.79719779990204,-6.1872414997989074],[106.79721059939749,-6.187620099777515],[106.79721669940992,-6.1882709997170249],[106.79726629985754,-6.1893895992172281],[106.79728989954818,-6.1897383994038897],[106.7972928992515,-6.189837599482213],[106.7973027992311,-6.1900937993124412],[106.79730189995161,-6.1905094992260352],[106.79731199930646,-6.1910455997404235],[106.79732169987477,-6.1912587997527408],[106.7973608992091,-6.1920907993834549],[106.7973775994728,-6.1925663999604854],[106.79738199925814,-6.1929589997624745],[106.79742699978966,-6.1937030997843108],[106.7974360998267,-6.1938470997626416],[106.79752389967994,-6.1943436996058399],[106.79757110002441,-6.1947000997958881],[106.79767319952006,-6.1953591996024544],[106.79772169927122,-6.1957005993561873],[106.79777610001638,-6.1960828998970605],[106.79783989971709,-6.1964293997788857],[106.79790039964568,-6.1966604994008065],[106.79800839986235,-6.1971147993721454],[106.79805679962647,-6.1973602993622174],[106.79827079987899,-6.1980423995883358],[106.7983598997463,-6.198307499819224],[106.79874409980124,-6.1992862998343705],[106.7991355999818,-6.2001349998266813],[106.79935789948136,-6.2005865997651757],[106.79964309943341,-6.2011822994671553],[106.79978859983429,-6.2014751993110515],[106.79988349965589,-6.2016663999002191],[106.79999809942169,-6.2018895995870746],[106.80005289948068,-6.2019962999807925],[106.80013129969484,-6.2021559995248348],[106.80020249959036,-6.2022931993274417],[106.80111509945252,-6.2041840999159819],[106.80114339939526,-6.2042422992382606],[106.80120169963071,-6.2043522994934159],[106.80148000002346,-6.2048875991279626],[106.8018025995764,-6.2054151995551861],[106.8019378994331,-6.2056085991741696],[106.80204879927716,-6.2057412997282002],[106.80254819999605,-6.2062499995335676],[106.80267669934054,-6.2064089996543466],[106.80307959948902,-6.2068873997611247],[106.80325889994327,-6.2071299993125919],[106.80341279986101,-6.20735009966491],[106.80357379956298,-6.2075585000127864],[106.80418619946452,-6.2082845000176903],[106.80441279934132,-6.2085817999032438],[106.80518339972303,-6.2094115995585319],[106.80542549929257,-6.2097162999082149],[106.80576279923029,-6.2101261996877009],[106.80612749987178,-6.2106101992067302],[106.80678999944497,-6.2116967992300927],[106.80699790003442,-6.2119694994278944],[106.80716499997901,-6.212154699180946],[106.80750629975861,-6.212455399667669],[106.8077657996885,-6.2126815999418916],[106.8080482000119,-6.2129397994011439],[106.80828719956602,-6.2131989996788244],[106.80832539953835,-6.2132438991259464],[106.80836459928203,-6.2132899995258102],[106.80855029963853,-6.2135137995916239],[106.80878599954902,-6.213818599627607],[106.80887419964087,-6.2139258991518362],[106.80894869921437,-6.2140292996785353],[106.80899389925125,-6.2140947000180509],[106.80903899956843,-6.2141599994279551],[106.80911959962204,-6.2142765999791116],[106.80955879925352,-6.214944899220658],[106.81010259930231,-6.2156910991829282],[106.81023879989641,-6.2158699996905398],[106.81048519957675,-6.2162418998629807],[106.8105390994664,-6.2163031995339137],[106.81060649955944,-6.2163657992798456],[106.81066089914307,-6.216413899800485],[106.81088629945523,-6.2168064995373955],[106.81108019959407,-6.2171030998662866],[106.81119549999126,-6.2172951993396168],[106.81136039915509,-6.2175401996263169],[106.81149259939932,-6.2176795996672318],[106.81158329968019,-6.2178192992517687],[106.81160179965062,-6.217847699427236],[106.81161849996334,-6.2178734999202447],[106.81168339921169,-6.2179734994728539],[106.81182609999227,-6.2181932992372868],[106.81222959927747,-6.2188148991443315],[106.81225239923172,-6.2188514999003965],[106.81285879955303,-6.2197225994056531],[106.81288169939091,-6.2197579999251857],[106.81302019973988,-6.2199526998996095],[106.81324329935005,-6.2202789993541598],[106.8133355994669,-6.2204140996422002],[106.81367209988518,-6.2209063992363829],[106.81375089965742,-6.2210329994439038],[106.81378109935341,-6.2210789998284461],[106.81380599940047,-6.2211150995639652],[106.81390499970369,-6.221262399351299],[106.81405369998519,-6.2214826999763169],[106.81416589927568,-6.2216463995365565],[106.8143145996065,-6.2218568996329031],[106.81438039941632,-6.2219485996186679],[106.8145427994812,-6.2221865992319207],[106.81464519925666,-6.2223359992352432],[106.81476789980663,-6.2225057991301842],[106.81486959945964,-6.2226543994527868],[106.81499629929428,-6.2228094998386405],[106.81525059940049,-6.22308109978988],[106.81527849917843,-6.2231460992825367],[106.81531239998841,-6.223214999560934],[106.81536479919181,-6.2233124995882179],[106.81577459978332,-6.223905199568847],[106.81583039923082,-6.2240050992490916],[106.8160100999627,-6.2243336995326422],[106.81605719983331,-6.2244286995129956],[106.81713369934927,-6.2260742994192153],[106.81718119974568,-6.2261413994193751],[106.81723399980038,-6.2262088997958989],[106.81729499933496,-6.2262826993596132],[106.81735639933012,-6.2263667997313652],[106.81752779996367,-6.2266229993473328],[106.81765090001824,-6.2268155999648203],[106.81769339926566,-6.2268925997602338],[106.81773479946364,-6.2269665996624388],[106.81778519928675,-6.2270501998418313],[106.81900989935622,-6.2288421997845802],[106.81921969938325,-6.2291165999327225],[106.8193719998855,-6.2292786997655485],[106.81949329956571,-6.2294179991720275],[106.81963929935235,-6.2296016996796739],[106.81990479955141,-6.2299834995982755],[106.82012349938813,-6.2303679997118806],[106.8202467996492,-6.2306062991367144],[106.82076779960029,-6.2314243995941769],[106.82106669929442,-6.2318591997428427],[106.82131239957951,-6.232193699669085],[106.82142919971385,-6.232334999385178],[106.82150979991498,-6.2324241998881718],[106.82166219925696,-6.2325926997814207],[106.82181879950859,-6.2327638994212426],[106.82208680003478,-6.233054699741758],[106.82253409948967,-6.2334447993687396],[106.82323210001559,-6.2339348991515635],[106.82444929984241,-6.234741699312341],[106.82454839915678,-6.2347987992817515],[106.8246763998674,-6.2348605994133219],[106.82475339936892,-6.2348974997584037],[106.82502619969904,-6.2350216999178896],[106.82525200002259,-6.2351398998478587],[106.82546499928648,-6.2352698991453801],[106.82568809984252,-6.2354125995065024],[106.82601849970455,-6.2356473994747104],[106.82633349921861,-6.2358503994381236],[106.82648989955797,-6.2359594999870813],[106.82657439924793,-6.2360184999858461],[106.82666350000072,-6.2360806992503877],[106.82683319929367,-6.236199099979987],[106.8269754996163,-6.2362983991613428],[106.82704719945588,-6.2363483999035632],[106.82726289982062,-6.2364988999729869],[106.82729879935054,-6.2365239991537527],[106.82752079931127,-6.236680499915221],[106.82759159919556,-6.2367228995929205],[106.82783759941421,-6.2368734994716863],[106.82812899983681,-6.2370566997957004],[106.82819859973235,-6.2371026994108218],[106.82828939952364,-6.2371596997383296],[106.8285019995142,-6.2372835991902562],[106.82873449951865,-6.2374255996727159],[106.82883869963315,-6.2374921999535351],[106.82909739976618,-6.2376508997165274],[106.82918139923767,-6.2377035996964239],[106.82936349954348,-6.237817799756213],[106.82970949976857,-6.2380540992833131],[106.82982499926817,-6.2381538991669956],[106.8299778995556,-6.2382535998149331],[106.83011849952236,-6.2383416992375436],[106.83017819935714,-6.2383759000079664],[106.83024439972274,-6.2384143992163006],[106.83052109934414,-6.2385854000056655],[106.83061150000093,-6.2386412998870373],[106.83077419987423,-6.2387327996952084],[106.83091530002633,-6.2388136998908017],[106.83112959951178,-6.2389520994046022],[106.83130619945953,-6.2390661992165901],[106.83164849919275,-6.2392870991632527],[106.83195039983451,-6.2394956997815596],[106.83196169935415,-6.2395031994386008],[106.8323687995334,-6.2397497994727757],[106.83248959945219,-6.2398171999610437],[106.83299329984874,-6.2399830997439549],[106.83327599994098,-6.2401115998317573],[106.83380879918219,-6.2402974997478067],[106.83386939934952,-6.2403155999174151],[106.83397589969459,-6.2403485991402858],[106.83441949928373,-6.240481599575058],[106.8345579000174,-6.2405189993211074],[106.83485739989459,-6.2406032992465654],[106.83513039973548,-6.2406859996386741],[106.83528529926294,-6.2407389991326285],[106.83533149984797,-6.2407604992390873],[106.83537309943098,-6.2407873996983243],[106.83542669993201,-6.2408176995804663],[106.83549649971829,-6.2408434998998388],[106.83566229918576,-6.2408942993943768],[106.83579069963788,-6.2409303999767438],[106.83629849975594,-6.2410744993855438],[106.8368818995025,-6.2412292992951777],[106.83714189914691,-6.2412970997407102],[106.83730349992335,-6.241344499145117],[106.83743669947131,-6.241386899925069],[106.83756979918843,-6.2414200993112559],[106.83774019934091,-6.2414440996601099],[106.83781719945071,-6.2414607993610858],[106.83806339928124,-6.241521299292776],[106.83827329965263,-6.24156839952248],[106.83837149960875,-6.2416016997375081],[106.83853979942171,-6.2416555997727174],[106.83866759954164,-6.2416847992317086],[106.83977409976976,-6.2419427997235388],[106.84026879968748,-6.2420405992900356],[106.84032629982083,-6.2420456993940769],[106.84040509966155,-6.2420418994680098],[106.84047059948057,-6.2420313991533147],[106.8406101991539,-6.2420445992140756],[106.84076169949564,-6.2420787993556788],[106.84098509975993,-6.2421219994111716],[106.84103349932232,-6.2421725999088959],[106.84106659988217,-6.2422000991497093],[106.84118099941337,-6.2422286992109903],[106.84186519931974,-6.242425899960689],[106.84229489937023,-6.2425801999993293],[106.84283689916235,-6.2427619999134372],[106.84362969966242,-6.2429443999346406],[106.84394269962985,-6.2430120994689116],[106.84467949951801,-6.2431615996987011],[106.84521949952492,-6.243237299334135],[106.84541909999689,-6.2432546999392784],[106.84648059978153,-6.2432904996340408],[106.84658180003711,-6.2432915993739337],[106.84666249954039,-6.2432925992347315],[106.84681369956881,-6.2433010994630882],[106.84699369975722,-6.2432976992650557],[106.84708099931534,-6.2432962997596269],[106.84837219916223,-6.2432323000017167],[106.84876429914078,-6.243182999573702],[106.8489981999321,-6.2431358993326969],[106.84930200000994,-6.243091599524246],[106.84952109962836,-6.2430701994078941],[106.84983659966879,-6.2430444992771204],[106.85028919977232,-6.2430347998555042],[106.85077159925197,-6.2430430992633363],[106.85096679937337,-6.2430443992644795],[106.85148149998729,-6.2430271992294735],[106.85194569922942,-6.2430102993573513],[106.85208069967275,-6.2430116995556739],[106.85223470000588,-6.2430131992185514],[106.85229779965404,-6.2430191995813216],[106.8524372998892,-6.2430293993985346],[106.85255829930566,-6.2430287999232998],[106.85378219933136,-6.2430245991355342],[106.85402709933271,-6.2430259996218558],[106.85467839934594,-6.2430350991660202],[106.85752579938273,-6.243010999913972],[106.85809109997751,-6.2429967993307844],[106.85837539979416,-6.2429894999537838],[106.85887899981986,-6.2429773997483275],[106.85970989939236,-6.2429500993590628],[106.86032549979437,-6.2429325993462053],[106.86050679952497,-6.2429332993705922],[106.86087809973085,-6.24296099927989],[106.86103369947966,-6.242971199522664],[106.86129949957107,-6.2429806998996282],[106.862411599729,-6.2429703997673656],[106.86272669954904,-6.2429705993369842],[106.86325249994137,-6.2429518992606399],[106.86341170002119,-6.2429562000043299],[106.86352479996749,-6.2429606991811974],[106.86374279944944,-6.2429691993850307],[106.86428439940383,-6.2430367998283254],[106.86456189936851,-6.2430757993836226],[106.86485319918495,-6.2431306991429398],[106.86518399997243,-6.2431989993310335],[106.86553039924581,-6.2432950991308838],[106.86623569937821,-6.2435148998632908],[106.86708019979991,-6.2438084997964207],[106.86745789950393,-6.2439259995292753],[106.86752969968886,-6.2439451993636288],[106.86765269988301,-6.2439688991753286],[106.86770319967306,-6.2439835995701598],[106.86830719955736,-6.2441594992099585],[106.86892729954745,-6.2443289991368651],[106.86919699940073,-6.2444180991308667],[106.86947149920555,-6.2445510992122433],[106.86960759949429,-6.244623099598587],[106.86970199933712,-6.2446818992379152],[106.8697696999585,-6.2447284999938519],[106.86983759980652,-6.2447876993685849],[106.8699077996619,-6.2448584998463961],[106.86996299938517,-6.2449224992547805],[106.87005339995119,-6.2450198994362589],[106.87014519983214,-6.245107799236731],[106.87024079957304,-6.2452049991549252],[106.87031149961255,-6.2452776991949337],[106.87035439937003,-6.2453237993946917],[106.87044289946425,-6.2454090996547142],[106.87051059995834,-6.2454713999303682],[106.87061849984683,-6.2455589991408758],[106.8707081996794,-6.2456393999979722],[106.8707217998019,-6.2456480992917491],[106.87080619960021,-6.2457017995290078],[106.87091909933646,-6.2457523993324919],[106.87120269930327,-6.2458402993709274],[106.87133239925228,-6.2458779000250368],[106.87156109957593,-6.2459346997808014],[106.87179169958682,-6.2460078993580508],[106.87184959941078,-6.2460240991348535],[106.87201949961701,-6.2460627997592182],[106.87234239918099,-6.2461212991505493],[106.87249689977713,-6.2461330999124733],[106.87260819984871,-6.2461415996577001],[106.8726908991746,-6.2461471994199238],[106.87277639932788,-6.2461608994074975],[106.87305139945539,-6.2462227993666426],[106.87313639964097,-6.2462419992013638],[106.87329999962527,-6.2462796991989649],[106.87331009934303,-6.2462819995530099],[106.87337699929493,-6.2462915993539569],[106.87343649978874,-6.2462931993700721],[106.8738465992449,-6.2463915991912815],[106.87405179935027,-6.2464535998110806],[106.87427920003037,-6.2465368998178592],[106.87447969926868,-6.2466255992988025],[106.87470410003793,-6.246750199491216],[106.87473609998528,-6.2467675996910224],[106.87475189958948,-6.2467755993401486],[106.87476729972893,-6.2467855994820285],[106.87479349939319,-6.2468058991559001],[106.87482039954199,-6.246828299380919],[106.87483939935396,-6.246844899626983],[106.87484949976353,-6.2468544991255532],[106.87485879926442,-6.2468644993092601],[106.87488519995763,-6.2468932999613935],[106.87493009973797,-6.2469884000249785],[106.87495659931012,-6.2470898992253758],[106.87497049916627,-6.2471611995912557],[106.87498119938161,-6.2472468999699897],[106.87498819961809,-6.2473396993428114],[106.87499129937143,-6.2474380993472556],[106.87498929917561,-6.2474840995707321],[106.87498199999403,-6.2475425995374971],[106.8749583998317,-6.247610899807519],[106.87490869975025,-6.2476612996826617],[106.87487769960244,-6.247703699897472],[106.87485080001056,-6.2477532996868677],[106.87467289970273,-6.2481443991444321],[106.87446069954008,-6.2486393998797709],[106.87426829948311,-6.2491052996794174],[106.87418769988585,-6.2492823000001403],[106.87411169987081,-6.2494312996369006],[106.87399449952878,-6.2496485999120663],[106.87395249968075,-6.2497186999366425],[106.87378709981101,-6.2500653991958792],[106.87368289975979,-6.2502784994831506],[106.87364240003467,-6.2503524991788293],[106.87363379984778,-6.2504107994791527],[106.87361609920848,-6.2505779998082183],[106.87363459969089,-6.2507197992612049],[106.87360709964261,-6.2508375993060756],[106.8735713997862,-6.2509688000278327],[106.87353969993953,-6.251102299304371],[106.87350129996393,-6.2513318999849012],[106.87349569933991,-6.2514167995850691],[106.87346709983049,-6.2520686993717556],[106.87348099928865,-6.2523131993516303],[106.87345939957356,-6.2524302993641507],[106.8734519994634,-6.2526860993667324],[106.87337389995386,-6.2527672999688075],[106.87334409952562,-6.252826999524193],[106.87331219999069,-6.2529132993780836],[106.87328069961481,-6.2529865997709217],[106.87322439987356,-6.2530865994656022],[106.87317009951565,-6.2531758995772799],[106.87307279958074,-6.2533405998125069],[106.87293809985373,-6.2535531995302511],[106.87281799999053,-6.2537237992324162],[106.87271409934833,-6.2539437999297496],[106.87266109942551,-6.2541151993348238],[106.8726230995433,-6.2543173993542887],[106.8725913995865,-6.2545549996618233],[106.87258039924778,-6.2548073994380182],[106.87258919936502,-6.2550775991382563],[106.87270429951433,-6.2556021999256952],[106.87275159920885,-6.2560865997963164],[106.87278279970089,-6.2565638997942221],[106.87282469921082,-6.2568206994570801],[106.87301419957562,-6.2574654997439456],[106.87313289967669,-6.2579650993263005],[106.87314529980699,-6.2581057993446505],[106.87317499942526,-6.2584281000251023],[106.87321359944126,-6.2586345999819883],[106.8732521991576,-6.2588409995636463],[106.87331489923676,-6.2594542991850979],[106.87333439992958,-6.2601522998118453],[106.87329120003503,-6.2611360994028011],[106.87328569976852,-6.2612373999041386],[106.87320559991375,-6.2621504993599961],[106.87315459997461,-6.2627849992456204],[106.8731116991904,-6.2633435995379116],[106.87307819984009,-6.2639474993640505],[106.8730888995791,-6.264263399469348],[106.87312779947584,-6.2647512998469379],[106.87322709956405,-6.2653765994309163],[106.87326189984583,-6.2656284991718856],[106.87328069940898,-6.2658670999783981],[106.87329280003875,-6.2663176994989485],[106.87326729965818,-6.2670561992355758],[106.87323909941688,-6.2674028996967186],[106.87318149935808,-6.2677947995943244],[106.87310639984948,-6.2682266991496105],[106.87300979975439,-6.2685825996258622],[106.8729078996795,-6.2689251991423349],[106.87280999923841,-6.2694304994079602],[106.87278849970808,-6.2695717996523443],[106.87277379968828,-6.2696943995144858],[106.87276839985597,-6.2697477997197399],[106.8727416000075,-6.2703969997310356],[106.87272949949464,-6.2710701993590927],[106.87272869953513,-6.2714029992624978],[106.87284649982732,-6.2728970997077464],[106.87285909978142,-6.2729895996370058],[106.87310839952278,-6.2744842999747332],[106.87330529919008,-6.2753008991727315],[106.87349359994346,-6.2760275996320187],[106.87369339915502,-6.2766656992594676],[106.87380999967272,-6.2770125993339398],[106.87429339989649,-6.2781923993605666],[106.87433389948126,-6.2782979997669086],[106.87482439946159,-6.2795206993072439],[106.87488229939537,-6.2796650993035019],[106.87494489924096,-6.2798211992801738],[106.87506719916978,-6.2801211999700675],[106.87558129959825,-6.2812965995071375],[106.87578829998608,-6.2817811994672752],[106.8760121998359,-6.2821542998898288],[106.87678989916101,-6.2839657997510479],[106.87751839981078,-6.2853529998459372],[106.87798799917492,-6.2864322991388919],[106.87823599928576,-6.2870575998803711],[106.8782548999685,-6.287103199415216],[106.87850739974587,-6.2876624991757373],[106.87865679974594,-6.2879052991442821],[106.87872489958102,-6.2880406995381852],[106.87879669948894,-6.2881772999773737],[106.87882889932639,-6.2882215994094155],[106.87883369946073,-6.2882281995878806],[106.87886309950169,-6.2882685995631036],[106.87892879980247,-6.2883285992629929],[106.8789951995511,-6.2883631999231264],[106.87913929979653,-6.2884032995616019],[106.87922069940953,-6.288410499498827],[106.87968189984171,-6.2884011998916147],[106.87976429977721,-6.2884058998007131],[106.87986009968645,-6.2884300999938061],[106.87994339976078,-6.28846149962349],[106.88002239935743,-6.2885131991747469],[106.88008959914838,-6.2885767999153295],[106.88018769978251,-6.28871669955954],[106.88055410001151,-6.2896442991721502],[106.88059839932438,-6.289735599270319],[106.88063569995056,-6.289795899775668],[106.88075469964419,-6.2899308000032415],[106.88092179918422,-6.2900498998055987],[106.88097959931712,-6.2900735999738862],[106.88100959948251,-6.2900822992243759],[106.88116169963531,-6.2901132998534166],[106.88131379978596,-6.2901442995316836],[106.88141159987606,-6.2901584995280739],[106.88153019939406,-6.2901757999487851],[106.88164119914276,-6.2901886992196259],[106.88176409997412,-6.290206799627506],[106.88210819957344,-6.2902704992533591],[106.88216259922984,-6.2902767995378879],[106.88220150000535,-6.2902784993173029],[106.8822783997124,-6.2902735993812691],[106.88253069974958,-6.2903194995721465],[106.88256399918481,-6.2903269996937645],[106.8827782993139,-6.2903859993729112],[106.88305149953023,-6.2904822995137177]],[[106.79283819965673,-6.1356978993876226],[106.79284729956568,-6.1355746998860985],[106.7928299999943,-6.1350741998554836],[106.79274189994032,-6.133996799189207],[106.79268189966979,-6.1335718995521455],[106.79264779977944,-6.1334128993887074],[106.79263199914458,-6.1332915997428961],[106.79250949977082,-6.1318967995578344],[106.79206599967748,-6.127123299581009],[106.79205719947929,-6.1270004998598901],[106.79205170000128,-6.1269233996522212],[106.79204199996191,-6.1268290000063299],[106.79200239974601,-6.1265364994601539],[106.79197029932106,-6.1262558992259191],[106.79195510001198,-6.1261152992345291],[106.79194179949016,-6.1259919991428351],[106.79192879927602,-6.1259199992245428],[106.79191420000892,-6.1258736999982357],[106.79189979961214,-6.1258249994696081],[106.79186080002225,-6.1257216991837282],[106.79184899974375,-6.1256903992922229],[106.79182779918096,-6.1255702992973271],[106.7918108992635,-6.1254557999645725],[106.79179589926814,-6.12525519975833],[106.7917874995164,-6.1240717994917757],[106.79178879992509,-6.1237375991515766],[106.79176479975172,-6.1222266998074968],[106.79174529987728,-6.1196991993748382],[106.79174489976525,-6.1196411994436204],[106.79173560000537,-6.1188223996449205],[106.7917114996425,-6.1177929993530373],[106.79170999934891,-6.1177303998413386],[106.79165169919628,-6.1176949999099515],[106.79160209922927,-6.1176755995749206],[106.79115539998378,-6.1176795998933509],[106.79042459978659,-6.1176860997247031],[106.79036119996911,-6.1176840000037425],[106.78984389936929,-6.1176878991769756],[106.78904729969871,-6.1176939998095978],[106.78725149947452,-6.1177075998123218],[106.78661789921692,-6.117721599461678],[106.78629140002779,-6.1177282998903859],[106.78469069958207,-6.1177661999145707],[106.78463239922748,-6.1177627995074975],[106.78457929954585,-6.1177506997158133],[106.78457219938817,-6.1177169994956904],[106.7845754997397,-6.1175795994834123],[106.78458069938873,-6.1175469000193949],[106.78461269927659,-6.1172871997592431],[106.7846483991998,-6.1170546999022317],[106.78465679958502,-6.1170037991793835],[106.78466749994453,-6.1169155999387446],[106.78481179951859,-6.1160240998937407],[106.78483809914225,-6.1158792994750621],[106.7848543999764,-6.1158481997238328],[106.78487889959889,-6.1158336999917839],[106.7849125996329,-6.1158144995146664],[106.78496059948317,-6.1157973998839896],[106.78506319914059,-6.11577819918364],[106.78518309930519,-6.1157740998190659],[106.78551419932467,-6.1157687992727574],[106.7855252994563,-6.1158002998270273],[106.78557369957612,-6.1157992998340109],[106.78680809962094,-6.1157771995136665],[106.78771469977492,-6.1157662991264878],[106.78792059969722,-6.1157640992550073],[106.79012700003581,-6.1157442994736346],[106.79051909949655,-6.1157394996353123],[106.79120909959697,-6.1157309998888163],[106.79141179957951,-6.1157263996811331],[106.79164839916683,-6.1157300998392223],[106.79207479921773,-6.1157238995933429],[106.79278289930974,-6.1157075993677061],[106.79418489947417,-6.1156629997432397],[106.7941940995495,-6.1156706998527079],[106.79420399934526,-6.1156790992775392],[106.79422709973882,-6.1157134998523404],[106.79424219960676,-6.115763199858379],[106.79424079967887,-6.11579849966542],[106.79423069944286,-6.1159302000182123],[106.7942204998396,-6.1160618997982272],[106.79412649951276,-6.1170445993300433],[106.7941169995369,-6.1171579995554],[106.7940811997567,-6.117528299847117],[106.79406819949818,-6.1176143997466603],[106.79406019999119,-6.1176356993994494],[106.79401439980569,-6.1176469993018179],[106.79396709939235,-6.1176515996263472],[106.79359430001361,-6.1176536000251067],[106.79289829915832,-6.1176609996635092],[106.79243559923674,-6.1176595994733693],[106.79224849969518,-6.1176655994346012],[106.79219599974267,-6.1176924998930584],[106.79215300002114,-6.1177230993393863],[106.79212529980927,-6.1177678996075304],[106.79210859959441,-6.117847099344714],[106.79211789971129,-6.1183821000050784],[106.79214039948582,-6.1196071998149071],[106.79214089983009,-6.1196358999332992],[106.79214469961033,-6.1199224991773313],[106.79217359980578,-6.1221146993157101],[106.79217489983643,-6.1222138993787993],[106.79217679993798,-6.1222960995147462],[106.79219929990134,-6.1232567995855369],[106.79222200002347,-6.1245917994038326],[106.7922197993,-6.1247390997298252],[106.79218739984648,-6.1250715991365388],[106.79217219929309,-6.1252249991899035],[106.79216189956551,-6.1253293991340652],[106.79211809951757,-6.1256734994658126],[106.7921014992377,-6.1258394996067018],[106.79210099968179,-6.1259461996188378],[106.79212669966321,-6.1262459991483285],[106.79216819921506,-6.126727899969179],[106.79218099942885,-6.12685039968712],[106.79219169985468,-6.12694489996034],[106.7921996993915,-6.1270094000136206],[106.79221429915599,-6.1271272995076131],[106.79280209981823,-6.1334007993154476],[106.7928459995198,-6.1339533994151569],[106.79283799972784,-6.1341135992878932],[106.79283939981822,-6.1343481998703009],[106.79284659919958,-6.134602399293545],[106.79290359930229,-6.1353157994476248],[106.79292379951913,-6.135608399741681],[106.79295109994708,-6.1357143998655435]]]},"properties":{"FID":8,"ID":"BRT_09","GEOM_ID":"BRT_09_REG","LINE":"9","NAME":"Pinang Ranti - Pluit","MODE":"BRT","CLASS":"Koridor Utama","STATUS":"Eksisting","COLOR":"#43a09a","ROUTE_VAR":"REGULAR","SOURCE":"TransJakarta; RTRW DKI Jakarta","REMARK":"Tidak Ada","ALIGNMENT":" ","DIV_ID":" ","DIV_NOTE":" ","DIV_SRC":" ","VALID_FR":" ","VALID_TO":" "}},{"type":"Feature","id":9,"geometry":{"type":"MultiLineString","coordinates":[[[106.86673459993131,-6.2619475993335536],[106.86663449954375,-6.2619721993297004],[106.86636179955246,-6.2619910995208041],[106.86577819978413,-6.2619930998000664],[106.86573229955155,-6.2619932991648204],[106.8654283999893,-6.2619943000040692],[106.86532059922934,-6.2619946994837514],[106.86515869974869,-6.2620162992038821],[106.86498899997395,-6.2620516995547133],[106.86475339914034,-6.2621487992411105],[106.86471439944904,-6.2621838995973436],[106.8646622992415,-6.2622345997373303],[106.86459209940551,-6.2623098992754027],[106.86465989955485,-6.2624171991524884],[106.8647862995573,-6.2626171996497044],[106.86493059961936,-6.2627892994195289],[106.86500449987398,-6.2628825993347199],[106.86515809986497,-6.2630048995930494],[106.865297799838,-6.2630422995894186],[106.86545939977538,-6.2630695991516596],[106.86558139980127,-6.2630705993534512],[106.86568129915349,-6.2630635995149602],[106.86583349945619,-6.2630135993622318],[106.86592489964278,-6.2628945998654908],[106.8661420995636,-6.2626138993013027],[106.86620929968359,-6.2625297993226408],[106.86625439969902,-6.2625100992905818],[106.86632039937672,-6.2624657998091466],[106.86645199941518,-6.2622820999723752],[106.86663619952776,-6.2620743000205765],[106.86669539942784,-6.261998100019917],[106.86673459993131,-6.2619475993335536]],[[106.86673459993131,-6.2619475993335536],[106.8667815996817,-6.2618870999204468],[106.8669858999267,-6.2616120997033047],[106.86744169920945,-6.2610239994182351],[106.86782529924545,-6.2605234996474284],[106.86817089946931,-6.2600778994592421],[106.86850829959542,-6.2596437993565175],[106.86867529986114,-6.2594194999754178],[106.86902669940741,-6.2589613999067009],[106.86933489963701,-6.258552899747313],[106.86977619963693,-6.2579737998185054],[106.86996720002452,-6.2577080997369858],[106.87025449988204,-6.2572881993111205],[106.8704685996567,-6.2569466998097099],[106.87074279954976,-6.2564750997067415],[106.87099079950542,-6.2560615995427584],[106.87109399991203,-6.2558425995439322],[106.87115519937743,-6.2556615995715701],[106.87118029933936,-6.2556052991903366],[106.8713396994213,-6.2552450996164479],[106.87145249940295,-6.2550297995684323],[106.8715269997553,-6.2549076991438213],[106.87158439990947,-6.2548082995373333],[106.87162779957129,-6.2547253998980699],[106.87166090003353,-6.2546364999486137],[106.87181909970309,-6.2541515999081385],[106.87224289940264,-6.2529479994668735],[106.87258039919391,-6.2522063994224011],[106.8733469996821,-6.2507212998199879],[106.87347899931746,-6.2504645991760404],[106.87358899931928,-6.2502443996491559],[106.87362489955052,-6.250169499544028],[106.87364039929992,-6.2500822997725356],[106.8736525991672,-6.2499980999776925],[106.8736630992064,-6.2499155997086309],[106.87368059963381,-6.2498238991988684],[106.8739092999636,-6.249442299383297],[106.87405809969385,-6.2490995996024052],[106.87427359988413,-6.2486273996633424],[106.87443059980194,-6.2482473998913486],[106.8746958992981,-6.2476065996255032],[106.87501489987642,-6.2468566997650807],[106.87538689917335,-6.2459740991578245],[106.87563149930287,-6.245374999780779],[106.87590609944334,-6.2447044996616166],[106.87603779962279,-6.2443761998779976],[106.87615249918287,-6.2440905993925027],[106.87621179968073,-6.2438429997301288],[106.87628199932129,-6.2436869992450896],[106.87631909922987,-6.2436045995231044],[106.87642449981701,-6.2435660000091362],[106.87651139928664,-6.2434627991319163],[106.87670079980114,-6.2430159995692502],[106.87702999974664,-6.2421617992632115],[106.87729159951266,-6.2414514999786714],[106.87754839930159,-6.2407756993103511],[106.87757639932289,-6.2406878999475532],[106.87766259973449,-6.2404387994395751],[106.87776139935738,-6.2401134995495298],[106.87782409974022,-6.2398944996190897],[106.87788849946475,-6.2396987998205864],[106.8779177995176,-6.2395949996761164],[106.87798999956334,-6.2394584999874985],[106.87803919957491,-6.2393097994965316],[106.87805409934236,-6.2390595997846328],[106.87805979924315,-6.2389645997807879],[106.87804589966373,-6.2386768993197341],[106.8779090998384,-6.2379598998164081],[106.87783429914333,-6.2376061994278906],[106.87767029992648,-6.2369836000250896],[106.87755499980022,-6.2365511995251444],[106.87717629966284,-6.2350112993309414],[106.87684649981765,-6.2336926993927975],[106.87655910002354,-6.2324842998801264],[106.87644129973114,-6.231986199391943],[106.87638419937167,-6.2317571994080296],[106.87635869990851,-6.231659099736591],[106.87632909975741,-6.2315321000111847],[106.87583679967122,-6.2295712993524681],[106.87576209977425,-6.2292788995759967],[106.87551909945006,-6.2282491994708309],[106.87532609999005,-6.2274118993652143],[106.87520129982022,-6.2268471996441654],[106.87512169917824,-6.2264596996397996],[106.87502059922014,-6.2259947995033844],[106.87488319915889,-6.2252102996421241],[106.87472809939896,-6.2241872992490244],[106.87463879950866,-6.2234601998733909],[106.87457679980338,-6.2229172997098274],[106.87456099981114,-6.2227116999543544],[106.87454069996187,-6.2224480996496796],[106.8744487996434,-6.2210977993881835],[106.87443579949633,-6.2209412993927371],[106.87438399954567,-6.220192099336546],[106.87437869989697,-6.2200819991398308],[106.87434529915328,-6.2193868994856469],[106.87433699958598,-6.2193105997755458],[106.87427709916699,-6.2191227999397753],[106.87425699995191,-6.219028599248424],[106.87418309982536,-6.2182654992415021],[106.87415629928665,-6.2174670995856278],[106.87411209968377,-6.2167591999963721],[106.87405719968433,-6.2156934995599551],[106.87405229914998,-6.2155525998606453],[106.87404829999537,-6.2154475998204353],[106.87404279996684,-6.2152795000133585],[106.87401329944163,-6.2145917992950865],[106.8739648997975,-6.2134453992694096],[106.87391719914484,-6.2125437996116428],[106.87388649992107,-6.2119093998738908],[106.87386529997951,-6.2111939998651389],[106.87389209949589,-6.2106010993728589],[106.87384929982261,-6.2077836996878162],[106.87383589987195,-6.2073019999860373],[106.87379369953607,-6.2062788997947127],[106.87377769916935,-6.205885699269694],[106.87373079980853,-6.2054927997649463],[106.87366669992224,-6.2051027992184213],[106.87335939975486,-6.203659499904072],[106.87324639953806,-6.2028619999178405],[106.87320249971452,-6.2021969991367323],[106.87321309951892,-6.2016878998756475],[106.87325159956265,-6.2010683992829669],[106.87337359970417,-6.2003110000052892],[106.87349249955963,-6.1997553999277697],[106.87379459944185,-6.1984857996948266],[106.87384529932967,-6.1982605992730546],[106.8739268998404,-6.1978807993547846],[106.87400939941182,-6.1975053994847213],[106.87403239967699,-6.1973966999576637],[106.87411859932138,-6.1970001995491604],[106.87413409976091,-6.1969164991512597],[106.8741618992521,-6.1967632994067054],[106.8742412995374,-6.1962958997532338],[106.87454359959793,-6.1947093994589348],[106.87475329923518,-6.1936594994701393],[106.87484069935306,-6.19316369949013],[106.8748705992495,-6.1930168991889305],[106.87491069998606,-6.1928178997419057],[106.87498649921645,-6.1924296993224157],[106.87499889971429,-6.1923502992115047],[106.87501329983468,-6.192281999509019],[106.87503019963447,-6.1921982996374192],[106.87507250004262,-6.191931399860489],[106.87514220003914,-6.1914532997606022],[106.87528699993032,-6.1899897994298918],[106.8753511995788,-6.1883448996626891],[106.87535479980255,-6.188165599553944],[106.8753555994063,-6.1881253991538809],[106.87535819998101,-6.1879971996730703],[106.87536080001178,-6.1878193994651784],[106.87536669963725,-6.1876034994042435],[106.87537219975121,-6.1874789994088779],[106.87547929967002,-6.1850117997244132],[106.87552669922968,-6.18436479938942],[106.87568259995101,-6.1815451999172479],[106.87570319966301,-6.1811092991844108],[106.87573119944341,-6.1807242000086795],[106.87585619986481,-6.1787107996485693],[106.8759328999227,-6.1776337992799393],[106.87594169945856,-6.1775205000202007],[106.87596369952269,-6.1771749993848708],[106.87598549928987,-6.1769054995410277],[106.87602899997398,-6.1763692000035402],[106.87605979958806,-6.1761735998161944],[106.87608239932291,-6.1759993999339811],[106.87616309931309,-6.1754503997490904],[106.87617029991247,-6.1754086993988722],[106.87623529992641,-6.1750524993503335],[106.8762672996013,-6.17489599941519],[106.87638199956177,-6.174297299460644],[106.87641959985621,-6.1741516991971794],[106.8764994998138,-6.1738424994860024],[106.87665319929323,-6.1732295998515925],[106.87705609919192,-6.1718169995095291],[106.87738749959823,-6.1705917995175188],[106.87787549977469,-6.1689103999859745],[106.87810459978101,-6.168085799735243],[106.87847769933762,-6.1671071999385232],[106.87864069960563,-6.1667905999614119],[106.8787891994188,-6.1665260993282764],[106.8787976993749,-6.1665111997308459],[106.87882569972771,-6.1664674993381299],[106.87885839986131,-6.1664084995533068],[106.87887009949247,-6.1663891999385854],[106.87892189977549,-6.1662977995502573],[106.87898329960308,-6.166189499323699],[106.87910139963736,-6.1659761993175914],[106.87910219967796,-6.1659742995910802],[106.87925819923504,-6.1657372992931414],[106.88000460001479,-6.1646035991359973],[106.8802117998074,-6.1642797999280079],[106.88042799967553,-6.1639674995461249],[106.8807796994364,-6.1633772996905201],[106.88102770000796,-6.1629873998341509],[106.88125359987657,-6.1626474995393377],[106.88139069922835,-6.1624456992117294],[106.8816912995751,-6.1619978992644047],[106.8818249000052,-6.161788199984592],[106.88275679929359,-6.1602599991852083],[106.88290649992484,-6.1600115998259692],[106.8829237995181,-6.1599843998917514],[106.8830281993757,-6.1598195996173155],[106.88323379991022,-6.1594896993283976],[106.88386749920841,-6.1584311992567065],[106.88518489982897,-6.1562179994176631],[106.88550329980666,-6.1557017992601013],[106.88570329980297,-6.1553770994531831],[106.88573859988458,-6.1553140995742348],[106.88596999921521,-6.1549461999765089],[106.88675799917667,-6.1536598994745821],[106.88679939932416,-6.1535924992654785],[106.88690069951139,-6.1534271999494239],[106.88698529924875,-6.1532667995480246],[106.88701599948541,-6.1531828994496918],[106.88706219914923,-6.1530135996621809],[106.88707929928404,-6.152930999874008],[106.88710249953181,-6.1527924996900669],[106.88712239934199,-6.1527165996667419],[106.88713289954018,-6.1526206997372137],[106.88715010003472,-6.1525900996588234],[106.88767269945907,-6.1516986992330116],[106.88827490002177,-6.1506345998392415],[106.88839139984952,-6.1504005996763382],[106.8885293999474,-6.1500865999047418],[106.8885487993133,-6.1500424995111231],[106.88923509945852,-6.1484808998155742],[106.88964459979741,-6.1472986993095979],[106.88967489925813,-6.147213499627239],[106.88969519918982,-6.1471404996477794],[106.88972919948804,-6.1470142993506958],[106.88996889964289,-6.1461244999554703],[106.8900401995715,-6.1458258995839943],[106.89013219960503,-6.1454468992454263],[106.8901511000164,-6.1453392999628642],[106.89015099984283,-6.145327299625202],[106.89020839990269,-6.145025899476261],[106.89028249919062,-6.1444925999342184],[106.89031599929376,-6.1444629991913251],[106.89034159929088,-6.1444263993790305],[106.89054109957584,-6.1429135998653237],[106.89057149933143,-6.1427357993720113],[106.8905840994035,-6.1426733997022316],[106.89058890004094,-6.1426424999205045],[106.89060089939369,-6.1425521996230232],[106.89062459962037,-6.1424615993746574],[106.89064329984876,-6.1423878998645005],[106.89073619983463,-6.1420069996120237],[106.89082769923505,-6.1416707997270201],[106.89083589980038,-6.1415829992630586],[106.89086329915733,-6.1414713998921702],[106.89088699982028,-6.1413665991876716],[106.89096629926212,-6.1409903997813959],[106.89101979937954,-6.1407296999976788],[106.89111469975472,-6.1403010992250389],[106.89115139991941,-6.1401418991391123],[106.89127060001738,-6.1396223995087134],[106.89131829991868,-6.1394209000229738],[106.89136419975387,-6.1392200000221884],[106.89141849997401,-6.1389863991425324],[106.89154499919829,-6.1384076000099963],[106.89170659998558,-6.1377037993945649],[106.89177179914083,-6.1374200994768557],[106.8919495994831,-6.1365775995920382]],[[106.87475229921517,-6.2234722994118137],[106.87482659954122,-6.2240755999218855],[106.87506369923773,-6.2256447997270348],[106.8752943996414,-6.2268346998512314],[106.87555039947608,-6.22785779914273],[106.87562709988958,-6.2282381999021963],[106.8757325999569,-6.2287232998024225],[106.87581359945415,-6.2290781999407638],[106.87588129987438,-6.2293565994648956],[106.87629709951477,-6.2309838999249783],[106.87641989956933,-6.2315021995149147],[106.87647589915616,-6.2317384998853029],[106.87651829949311,-6.2319196992595405],[106.87687399942769,-6.2333568997578928],[106.87710759921197,-6.2342470994672121],[106.87728639954014,-6.2349858993327434],[106.87744919915872,-6.2356595995400346],[106.87766329955497,-6.2365461997073419],[106.87777479922562,-6.2369718995111008],[106.87794109962999,-6.2376210996775345],[106.87800299947367,-6.2379007991385791],[106.87808969958371,-6.2382965992879837],[106.87815519920628,-6.2386835998817176],[106.87816939956792,-6.2389808994798841],[106.87816609973834,-6.2390665999092212],[106.87816479989385,-6.2391016998937578],[106.87816979988094,-6.2394598994270005],[106.87817689956694,-6.2395762992241544],[106.87817689941187,-6.2397101996812756],[106.87814859993068,-6.2398594992278635],[106.87805279919837,-6.2404467991853529],[106.87803359957815,-6.2408389995722482],[106.87806259938145,-6.2411472995505104],[106.87805169995767,-6.2413163993349414],[106.87798869925967,-6.2416455995450537],[106.87796909968722,-6.2417268997834832],[106.87792259956524,-6.2418398995197295],[106.87790149952053,-6.2418910997498127],[106.87787989958696,-6.2419434997590253],[106.87781139918371,-6.2421099000167697],[106.87774399916765,-6.2422356992714745],[106.87764349926363,-6.242439299963336],[106.87752349932668,-6.2426491997864479],[106.87747909992856,-6.2427208996640449],[106.87744549995938,-6.2427683995067573],[106.87688059983589,-6.2434583994498105],[106.87659539965153,-6.2437710000055464],[106.87647649934769,-6.2439579992504219],[106.87638959964482,-6.244094899518986],[106.8762972997219,-6.2443127998873855],[106.87618689950921,-6.2445725996885244],[106.87618229958804,-6.2445839993017103],[106.87609769957714,-6.2447681999725031],[106.87607159960112,-6.2448250996988586],[106.87606619931483,-6.2448367996333909],[106.87588659957657,-6.2452277992554137],[106.87583019924222,-6.2453649994614509],[106.87579889985136,-6.2454407999410302],[106.87577299926801,-6.2455087991793965],[106.87573390003325,-6.2456120999906366],[106.87564569992185,-6.2457294997299133],[106.87558419962062,-6.2458264998386381],[106.87553089956151,-6.2459231994657847],[106.87548309987568,-6.2460220991669644],[106.87533629954487,-6.2463879993895768],[106.87510779970432,-6.2468961999235288],[106.87478109920175,-6.2476424998153623],[106.87442859954314,-6.2484692994051994],[106.87424329923294,-6.2489391991468812],[106.87414059998719,-6.2492067997271779],[106.87399449952869,-6.2496485999120663],[106.87395249968085,-6.2497186999366416],[106.87378709981107,-6.2500653991958783],[106.87368289975979,-6.2502784994831506],[106.87364240003478,-6.2503524991787449],[106.87356679965819,-6.2505117992689625],[106.87344329935468,-6.2507607997444516],[106.87274269980509,-6.2520639999651699],[106.87259879926773,-6.2523552996101444],[106.87247729975172,-6.2526243994401023],[106.87228400001567,-6.253095100018645],[106.8722005991728,-6.2533141994015242],[106.8721635997382,-6.2534019993224748],[106.87212269938465,-6.2534952995150084],[106.87204349974138,-6.2536566992347966],[106.87200249929424,-6.253745999830695],[106.87195679967948,-6.2538609995224377],[106.87192989933641,-6.2539414995334299],[106.87186549941191,-6.2541685998711003],[106.8718057996121,-6.2543811999085035],[106.87168059924329,-6.2547342993927897],[106.87132219973267,-6.2556058000062666],[106.87127089980555,-6.2557159996526321],[106.87119269943526,-6.255880299978509],[106.87084809983469,-6.2564932994760056],[106.87046119923156,-6.2571167994432173],[106.87019889984009,-6.2575363993017872],[106.87005129927991,-6.257744999686393],[106.86975330003526,-6.2581630991733794],[106.86936260000999,-6.2586776995329449],[106.86880709943239,-6.2593911992458429],[106.86874389971047,-6.2594700997813639],[106.86870219928284,-6.259525899596607],[106.86758709923924,-6.2609792997975475],[106.86755449950886,-6.2610216993286389],[106.86752189922549,-6.261064199220292],[106.86714359987849,-6.2615542995416194],[106.86695399945671,-6.2617902993635024],[106.86683559995652,-6.2619218993829131],[106.86673459993131,-6.2619475993335536]],[[106.87475229921517,-6.2234722994118137],[106.87476939931162,-6.2235241992041246],[106.87478329960391,-6.2235654992726452],[106.87479849970254,-6.2235982993402672]],[[106.88707679924175,-6.1534935999279199],[106.88698580000568,-6.1535397996802947],[106.88693809999893,-6.1535964999162038],[106.88683029980274,-6.1537757993879785],[106.88619559948768,-6.1547897994333383],[106.88607679935404,-6.1549892992929962],[106.88584469934443,-6.1553815997499983],[106.88580999942826,-6.1554387992288726],[106.88563789926746,-6.1557163994037936],[106.88499549970157,-6.15675639992849],[106.88449169923285,-6.1575527996334349],[106.88400339919633,-6.1583247995166701],[106.88380929985777,-6.1586601998227426],[106.88335329952855,-6.1594396994153735],[106.88307819964933,-6.1598818995810163],[106.88295729998623,-6.1600808995922334],[106.88277099917593,-6.1603572994038114],[106.88236579974193,-6.1610403994291669],[106.88196989993389,-6.1616973991645017],[106.88175729968799,-6.1620375997670251],[106.88163099940704,-6.1622395997932298],[106.88155369922976,-6.1623640997013851],[106.88139510002628,-6.1626052999926033],[106.88129279980308,-6.1627603994748563],[106.88084839947425,-6.1634419994587626],[106.88027159955516,-6.1643033996733649],[106.87952589917512,-6.1654517997990226],[106.87931609971963,-6.1657722998849112],[106.87925239916672,-6.1658695993219297],[106.87915849945682,-6.1660318995964687],[106.87905259941397,-6.1662155999845245],[106.87898509961548,-6.1663132997932193],[106.87895959951641,-6.1663568991468765],[106.87892229941718,-6.1664207993632631],[106.87889179997461,-6.1664756992138887],[106.87886429914295,-6.1665180994902515],[106.87885539979857,-6.1665339995793156],[106.87883799995222,-6.1665648996313358],[106.87869629974455,-6.1668359991811537],[106.87852989943804,-6.1671667999569335],[106.87841129946821,-6.1674593991765576],[106.87815869919183,-6.168113399780335],[106.87802619920666,-6.1685329995447606],[106.87785359988618,-6.1692237999825492],[106.8776687999466,-6.169862499441642],[106.87729469949107,-6.171153999225119],[106.87686149920262,-6.1728444997575682],[106.87661969922277,-6.1737817995947903],[106.87652409916143,-6.1741715998954376],[106.8764283996631,-6.1745613996610631],[106.87632339961448,-6.1750281997612406],[106.87631509994384,-6.1750717999870446],[106.87624869944875,-6.1754209996178675],[106.87623749930043,-6.1754800999614812],[106.87620309928013,-6.1757712994898357],[106.87612259948702,-6.1761764994474735],[106.87609169985819,-6.1763831993181402],[106.87607159924386,-6.1766818998908706],[106.87605700000171,-6.1769106993628498],[106.87601799941172,-6.1775231991938959],[106.87601029997654,-6.1776394999602031],[106.8758427998124,-6.1801739992913536],[106.87580869942889,-6.1807188994455906],[106.87575079956088,-6.1818629991794918],[106.87560739961776,-6.1843417995265773],[106.87556479970959,-6.1850191993799459],[106.87555239915491,-6.1854606995059891],[106.87550149974646,-6.186675399538843],[106.87546979990088,-6.1874876997904318],[106.87546659921532,-6.1875686993649355],[106.87545679951825,-6.1878219997627699],[106.87545449987226,-6.1879222997443462],[106.87544669985067,-6.1881861996542478],[106.87544679961405,-6.1882961999155066],[106.87544159971753,-6.1886079997020085],[106.87538769915921,-6.1900488995819991],[106.87536439997137,-6.1903813996245836],[106.87533289944849,-6.1906672998667327],[106.87524339986226,-6.1914705992665446],[106.87513749916002,-6.1922146996342384],[106.87512459938756,-6.1922946991499517],[106.87511359931506,-6.192362599859397],[106.87510159992104,-6.1924424994524498],[106.87502069966388,-6.1928469998171076],[106.87498279979894,-6.1930326995781178],[106.87491679917196,-6.193356599345746],[106.87464529934186,-6.1947585991460983],[106.87451829917592,-6.1954142996921151],[106.87434750002228,-6.1962852993203779],[106.87428039933155,-6.1966369993731956],[106.87422749984125,-6.1969269997922618],[106.87421239927693,-6.1970064999013124],[106.8741248993029,-6.1974220996417015],[106.8741034998676,-6.1975276995053141],[106.87407109999492,-6.1976877997211677],[106.87394259921035,-6.1982808997468615],[106.87349289976078,-6.2001090992560028],[106.87346839955143,-6.2002087996900164],[106.87343179924875,-6.2003987996798156],[106.87340229999626,-6.2005897998688466],[106.87333419915666,-6.2010413995488953],[106.87332099980074,-6.2011959998095554],[106.87330369951525,-6.2014889992485642],[106.87329349953978,-6.2017425996571687],[106.87328339953541,-6.2021851996097368],[106.87329349976005,-6.2024145991811706],[106.87332709935339,-6.2028116996467562],[106.87336979966193,-6.2031399991649856],[106.87343579925846,-6.2036260997929293],[106.87350289925939,-6.203906999679198],[106.87377219968778,-6.2051679993356341],[106.8738026998962,-6.2053468000034417],[106.87381889945021,-6.2054734999288099],[106.87384849972995,-6.2057286998870564],[106.87385969935002,-6.2059125995346553],[106.87386469937195,-6.2061631994365545],[106.87389419990251,-6.2068077997456079],[106.87392799996923,-6.2077737999924851],[106.87395709928313,-6.2082949997026189],[106.87397549917364,-6.2086245991854465],[106.87406089932921,-6.2098107993172649],[106.87417779928825,-6.2114567000040184],[106.87421839924508,-6.2120699996894455],[106.87423799985459,-6.2124079997517478],[106.8742498999863,-6.2127711995101453],[106.87427639983218,-6.2131773994746542],[106.87434239967808,-6.2144161996996505],[106.8743535996403,-6.2146222996519809],[106.87438609978244,-6.2154578993177543],[106.8743884996677,-6.2155431999786961],[106.8743952996532,-6.2157892996919992],[106.87439729970646,-6.2161438998323932],[106.87442479928666,-6.2171361998267658],[106.87444809960158,-6.2176908993465085],[106.87445119942385,-6.2184718994016084],[106.87444099949727,-6.21883059969878],[106.87445629928482,-6.2194347998563515],[106.87445929945136,-6.220082399384629],[106.87449689924591,-6.2208149999021263],[106.87456289980895,-6.2213770991711517],[106.87464789987177,-6.2224379000219372],[106.87469539919556,-6.2229088995171598],[106.87475229921517,-6.2234722994118137]],[[106.89196779993154,-6.1364920992265883],[106.8919916999406,-6.1363677991526435],[106.8920001997605,-6.1362938997701315],[106.89202260001264,-6.1360473993020754],[106.89202519957655,-6.1360183996887923],[106.89202659990781,-6.1356596997432007],[106.89202259918113,-6.1354663991886627],[106.89200779921703,-6.1352889999761899],[106.89198769962354,-6.1350862998781945],[106.89196349928068,-6.1349361991852822],[106.89193039965255,-6.1345379997799752],[106.89192459980984,-6.1343595994983442],[106.89194739981917,-6.1340288993479737],[106.89196549942045,-6.133823599574499],[106.89200239961804,-6.1335648998287917],[106.89205879990442,-6.1333381993281888],[106.89214319954459,-6.1331034995216056],[106.89221829930176,-6.1329194998124281],[106.89226069943885,-6.1328167000221399],[106.8924456999128,-6.1323834993201629],[106.89259869987558,-6.1320852997720925],[106.89267479974029,-6.1319369993226518],[106.89270639945994,-6.1318753996782807],[106.89278229995574,-6.1317422994634931],[106.89294379932807,-6.1314592992644057],[106.89312909971181,-6.1310444995615399],[106.89317529957509,-6.1309182998299985],[106.89318119951059,-6.1309019999032408],[106.89322749968051,-6.1307583996078909],[106.8933784994951,-6.1301086993968221],[106.89343579977623,-6.1296529993000473],[106.89345169994135,-6.1294600996019355],[106.89346319925096,-6.1293158998833039],[106.8934559999733,-6.1291906998581061],[106.89345439994065,-6.1291539991573192],[106.89343709983586,-6.1288384993881717],[106.89342219914596,-6.1286377999703019],[106.89341489935975,-6.1284476991775216],[106.89341059977062,-6.1283375998260743],[106.89340179947146,-6.1280974998539879],[106.89340279948163,-6.1278266994766595],[106.8933945992527,-6.1274938993207133],[106.89340659998999,-6.1270380997643707],[106.8933970992673,-6.1263603993338664],[106.89338420001837,-6.1256440994934547],[106.89337889927594,-6.1255617996944816],[106.89336999956333,-6.1252379999865587],[106.89336879979186,-6.1252094993365045],[106.89333249949061,-6.124474899942129],[106.89332029991664,-6.1242268997585319],[106.89331529976874,-6.1241257999659009],[106.89329129972168,-6.1231496995965902],[106.8932883999596,-6.1230493997787816],[106.89327849993214,-6.1227614997961304],[106.89326099933385,-6.1224755994638809],[106.89325109928239,-6.1221773994820969],[106.89324229936182,-6.1220214994542008],[106.89322059998938,-6.1215993000113276],[106.89320329997889,-6.1213943992362401],[106.8931776992888,-6.1207635998767431],[106.89315909951461,-6.120404499482957],[106.89313529982689,-6.1199502998391022],[106.89310469988777,-6.1194120994954293],[106.89309849994606,-6.119190999783541],[106.89309429983825,-6.1191086996670325],[106.8930870993841,-6.1188532994143037],[106.89307869964631,-6.1187072991912723],[106.89306089971058,-6.1183111993053103],[106.89306189968067,-6.1182223999519971],[106.89306029997522,-6.1181910996605762],[106.89305989923264,-6.11804899972139],[106.89306129956407,-6.1180198000243422],[106.89307619940314,-6.1174542995304293],[106.89307289979791,-6.1172014993791226],[106.89306819951861,-6.1169492999867456],[106.89305499957385,-6.1166627993636045],[106.89304409992877,-6.1164097999543348],[106.89304139928458,-6.1163045998363312],[106.89302059958646,-6.1157909999641893],[106.89301169993104,-6.1153286998581393],[106.89300509921605,-6.1152335991912379],[106.89300490002677,-6.1152308992208804],[106.89300159951915,-6.1151556997552943],[106.89298869925557,-6.1148715994332914],[106.89298199990196,-6.1146939997178729],[106.89296299983482,-6.1141368996539445],[106.89296289998509,-6.1140912995747909],[106.89296269996464,-6.1139696994317845],[106.89296149971,-6.113628399771641],[106.89296129964197,-6.1131956995252441],[106.89296699918219,-6.1127732992734956],[106.89297229990399,-6.112332499315646],[106.89298229970461,-6.1120301992633568],[106.89301909922858,-6.1119549995849507],[106.89302179986333,-6.1118829995214714],[106.89303789919512,-6.1112282992488716],[106.89304989961909,-6.1109880995241435],[106.89305659943579,-6.1108246991587389],[106.89305959960711,-6.1105595993967663],[106.89303140003591,-6.1104172998532276],[106.89303329943067,-6.1103827992160378],[106.89304479929518,-6.1101761991903407],[106.89282329966642,-6.1101778995577494],[106.89279569945063,-6.1101780998075199],[106.89275019923565,-6.1101786994247478],[106.89246549972012,-6.1101684994040939],[106.89195819958047,-6.1101502998505968],[106.8899928999939,-6.1100961994227463],[106.88984689966014,-6.1100921992072035],[106.88980719921562,-6.1100911995479885],[106.88966299983537,-6.1100873999963019],[106.88925079930152,-6.1100750994240798],[106.88909289962726,-6.1100681996373316],[106.88883799936758,-6.1100618992034645],[106.88879859969916,-6.1100608993169843],[106.8886128999664,-6.1100569993607783],[106.88829959987265,-6.1100436996036906],[106.88804309929077,-6.1100369993517356],[106.8877280999792,-6.1100241997874072],[106.88664559958602,-6.1099900998356773],[106.88521599976548,-6.1099527999983856],[106.88511969919529,-6.1099505997465879],[106.88485130002323,-6.1099425997200054],[106.88428319976305,-6.109921699999922],[106.88417409970589,-6.1099174992594403],[106.88406319967504,-6.1099138997305937],[106.88354869949802,-6.1098923999787722],[106.88312109963368,-6.1098855996695507],[106.88287379925231,-6.1098816991809102],[106.88278479979152,-6.1099295998000143],[106.88272549930076,-6.1099995995619407],[106.88262939924397,-6.1101573998080392],[106.88252720003186,-6.1102727996919883],[106.88242029974305,-6.1103614993569346],[106.88231469962045,-6.1104272996203202],[106.88228619923245,-6.1104361994898753],[106.88217489998686,-6.1104044991671431],[106.88209649959384,-6.1103551992180263],[106.88197979923837,-6.1102517998043648],[106.88189999952004,-6.1101734996316344],[106.88180589969579,-6.1101063000021929]],[[106.88169709971055,-6.1100341997781067],[106.88159509956125,-6.1100134991710355],[106.88121700003961,-6.1100147997850565],[106.88103319929274,-6.1099847995148515],[106.88089909971825,-6.1098753992450261],[106.8808802992973,-6.1098287991862268],[106.88090089917517,-6.1097553997343477],[106.88097559974483,-6.1096938000212102],[106.88107879973506,-6.1096087997719852],[106.88119349968827,-6.1094940995764633],[106.88126319955353,-6.1094593994935753],[106.88131289933131,-6.1094460991541863],[106.88141419919936,-6.1094377999278873],[106.88148719915938,-6.1094388997892706],[106.88267339936999,-6.1094853995734839],[106.8828828993914,-6.1095021991581087],[106.88294189984924,-6.1095127998086207],[106.88375430002895,-6.1097412999955596],[106.88390189932613,-6.1097862993898397],[106.88396509983249,-6.1098055993659255],[106.88406489955901,-6.109827099253379],[106.88417349945041,-6.1098398993114529],[106.88428179923341,-6.109843599253459],[106.88462579932514,-6.1098553996068246],[106.88716249937426,-6.1099234999262624],[106.88849139944921,-6.1099658995901196],[106.88940289975022,-6.1099969992228074],[106.88976499957499,-6.1100034994201957],[106.88980909929444,-6.1100037991799967],[106.88985099915436,-6.110003999986481],[106.89193689925594,-6.1100515998758134],[106.89246559939647,-6.1100636998416471],[106.89279829925329,-6.1100688991381311],[106.89282539914774,-6.1100694999086107],[106.89288899926629,-6.1100708998148505],[106.89305189940717,-6.1100744997294285],[106.89308269958309,-6.1100818992702033],[106.89310959927514,-6.1100974995597426],[106.89312499990649,-6.1101204991542781],[106.89313309971175,-6.110171899165552],[106.89313069969165,-6.1102728994431983],[106.89312389945485,-6.1105094995407994],[106.89311210003262,-6.1112526993029599],[106.89311108885676,-6.11133866331806],[106.89310729914104,-6.1116609998839451],[106.89310219944025,-6.1119549998075504],[106.89310359925406,-6.1122871000081238],[106.89309979951452,-6.1132869992216028],[106.893104899457,-6.1133231993970822],[106.89313209989979,-6.1133805997922135],[106.89318569939923,-6.1134616996744695],[106.89322449973037,-6.1135310996548897],[106.89323559960405,-6.1135742993477686],[106.89323799922238,-6.1136709997773071],[106.89323729917027,-6.1137405995130472],[106.89323169928633,-6.1139438994037558],[106.8932316997242,-6.1140184992901245],[106.89323069935216,-6.1140794998850163],[106.89322989936062,-6.1142269999821206],[106.8932388992871,-6.1146235992768547],[106.89324299922919,-6.1147706996516797],[106.89324809996799,-6.114865399633123],[106.89324829978113,-6.1151555997102518],[106.89324829970496,-6.1152171998400613],[106.89324889981424,-6.1152213992724018],[106.89325169974825,-6.1153270999263363],[106.89327989940915,-6.1157292995874837],[106.89329099991755,-6.1159538991500506],[106.89331219954346,-6.1163104995318873],[106.89331649964663,-6.1164096995288508],[106.89333449933105,-6.1166744991426176],[106.89334609986633,-6.116912799194151],[106.89335599956894,-6.1170640996314729],[106.89336129950595,-6.1171362993076785],[106.89339679969822,-6.1172200993327133],[106.89341169917634,-6.1172907995435786],[106.89342850000975,-6.1174204991823391],[106.89345459979148,-6.1180560996011835],[106.89346449951961,-6.1182727993309038],[106.89345349944023,-6.118420699732896],[106.89345539962579,-6.1184790997169198],[106.89346569997429,-6.1185765995338599],[106.89348819963988,-6.1187110999332015],[106.89352479945927,-6.1188795996839591],[106.89354659957405,-6.1189777994263714],[106.89355379952809,-6.1190238997422668],[106.89356479919502,-6.1192201999251727],[106.89358489949461,-6.1197288997311743],[106.89358219997524,-6.1199834993975593],[106.89356369963281,-6.1202464991343373],[106.89350899949295,-6.12061189953004],[106.89360179933863,-6.1230601993896681],[106.89366699970424,-6.1246882999348076],[106.89375129958245,-6.1259972991314369],[106.89381599950002,-6.1269695998855651],[106.89393659991788,-6.1281717998460215],[106.89395059961987,-6.1284578994590717],[106.89396039920786,-6.1286569993185376],[106.89396429946362,-6.1288786991469779],[106.89388139952337,-6.1299740993150564],[106.89385729961094,-6.1300267992012341],[106.89386799955162,-6.1300997997589661],[106.89384359980255,-6.1301939999041242],[106.89377069940127,-6.1305054992853982],[106.89369769966311,-6.1308438999572639],[106.89362179960119,-6.1311513991878384],[106.89351929966699,-6.131507399296658],[106.89345519967179,-6.1317321993057066],[106.89336529960963,-6.1320475996242347],[106.89327249951509,-6.1323728997153273],[106.89310629988933,-6.1330769999677264],[106.89302919974989,-6.1335308994931719],[106.89300909983649,-6.1336491997590157],[106.89299739960018,-6.1338144992848163],[106.89296559964214,-6.1342642993664578],[106.89292729984379,-6.1343158994196783],[106.89290909996504,-6.1343684998278665],[106.89288249994343,-6.1345838999080291],[106.89281519994461,-6.134972499363589],[106.89275579959758,-6.135200599256275],[106.89258919952908,-6.1359707993833021],[106.89209979954046,-6.1379921997475533],[106.89178529992444,-6.1393440000152886],[106.8914056997159,-6.1410267995098602],[106.8912869992588,-6.1415221993222513],[106.89116969984917,-6.142032199736259],[106.89105239968103,-6.1424811000245496],[106.89102669952365,-6.142586799291851],[106.89097049986697,-6.1428181999739371],[106.89093439965029,-6.1429758998152195],[106.89055849984993,-6.1445451998964646],[106.89055689949544,-6.1446207991384636],[106.89054059917129,-6.1448000994947138],[106.89044590002908,-6.1452094993913384],[106.89035279924457,-6.1456120999265442],[106.89030479938162,-6.1458005999502294],[106.89030329917438,-6.1459083998953972],[106.89011689979617,-6.1467870995442651],[106.89012429932552,-6.1469027991654404],[106.88995139961725,-6.1478065999131664],[106.88983529957125,-6.1483484991766835],[106.88973889974091,-6.1486572994455093],[106.88944779919422,-6.1492996993609905],[106.88883309949222,-6.1505840997822281],[106.88868269935102,-6.1508758997218198],[106.88781739993823,-6.1523006993841713],[106.88718040001487,-6.1533494991641691],[106.88708279952237,-6.1534857000003669]]]},"properties":{"FID":9,"ID":"BRT_10","GEOM_ID":"BRT_10_REG","LINE":"10","NAME":"Tanjung Priok - PGC","MODE":"BRT","CLASS":"Koridor Utama","STATUS":"Eksisting","COLOR":"#961f22","ROUTE_VAR":"REGULAR","SOURCE":"TransJakarta; RTRW DKI Jakarta","REMARK":"Tidak Ada","ALIGNMENT":" ","DIV_ID":" ","DIV_NOTE":" ","DIV_SRC":" ","VALID_FR":" ","VALID_TO":" "}},{"type":"Feature","id":10,"geometry":{"type":"MultiLineString","coordinates":[[[106.95256629922211,-6.212472999426832],[106.95301199922858,-6.2122693993837048],[106.9530300991657,-6.2122627000082264],[106.9530963991572,-6.2122584996957393],[106.95311059960498,-6.2122553995046426],[106.95319769939263,-6.2121987998136552]],[[106.95319769939263,-6.2121987998136552],[106.95337499926697,-6.2125619997062209],[106.95353769983299,-6.2128773998603553],[106.95355959940886,-6.2129330997105718],[106.95348049969431,-6.2131060991627169],[106.95345349937143,-6.2131474000185012],[106.95341569993883,-6.2131885997245737],[106.9531954999679,-6.213295899890527],[106.95296249937539,-6.2134039994873707],[106.95285449926709,-6.2134470993963999],[106.95281789924937,-6.2133622999086553],[106.95273859918453,-6.2131938996876359],[106.95271009926427,-6.2130999993464657],[106.95269709963263,-6.2130070995715556],[106.9527032993967,-6.2129140999718118],[106.95272249993943,-6.2128140997671402],[106.95273109934475,-6.2127301992927517],[106.95271789969597,-6.2126714999667634],[106.95269589940743,-6.2126283991728899],[106.95267340002552,-6.2125944995233402],[106.95258319926762,-6.2125138000259712],[106.95256629922211,-6.212472999426832]],[[106.95319769939263,-6.2121987998136552],[106.95323839997393,-6.2121414999125975],[106.95326389979867,-6.2120575994274025],[106.95326229945128,-6.2120427996618961],[106.95324699918383,-6.2120043999240178],[106.95322779977906,-6.211957199525715],[106.95316179984907,-6.2118224996742732],[106.95315169929613,-6.2118025995801762],[106.95310229963448,-6.2117030995348355],[106.95305599947986,-6.2116108995631611],[106.95330979969869,-6.2114627997466201],[106.95336339952804,-6.2114047994560879],[106.9534292991784,-6.2112976995461411],[106.95344889961029,-6.2112338992867047],[106.95344749921826,-6.2109040993647771],[106.95343749953958,-6.2108747997890319],[106.95341909998118,-6.2108457997539785],[106.95337049931071,-6.210801499808384],[106.9533296000164,-6.2107744995587719],[106.95325339942298,-6.2107967995787119],[106.95313539932231,-6.2108387998411079],[106.95290479978119,-6.2109108000252595],[106.95288109941229,-6.210915999347816],[106.95284049970714,-6.2109040992734865],[106.95281999920562,-6.2108881993596716],[106.95256709966279,-6.2103834993017211],[106.95255519934415,-6.210370899264718],[106.95249019938586,-6.2103291993733523],[106.95244729970932,-6.2103187995193343],[106.95238799968023,-6.2103126995500304],[106.95224159949555,-6.2102367992219811],[106.95215519982533,-6.2102810993243454]],[[106.95115129940166,-6.2112648998398425],[106.95118679934245,-6.2114180995070392],[106.95126539982185,-6.2115760992049696],[106.95140019960824,-6.2117216996200044],[106.95146369980382,-6.2118140994613702],[106.95190209916804,-6.2126677995602178],[106.95199409947138,-6.2128832997050729],[106.95205319921321,-6.2130366995864268],[106.95211619931895,-6.2131952999537807],[106.95221199966115,-6.2137626994487825],[106.95227339979446,-6.2140471991752522],[106.95231529943926,-6.2141846995275243],[106.95236769957167,-6.2143566998508462],[106.95238019980781,-6.2143976993156222],[106.95239739979398,-6.2144543993531052],[106.95242219996459,-6.2145567993286175],[106.9526293999451,-6.2152479998437524],[106.95265699945395,-6.215362499971917],[106.95275899955654,-6.215910200011078],[106.95282699921771,-6.2162296993538693],[106.95285919918008,-6.2164036998924148],[106.95292349967714,-6.2167163994870052],[106.95298119923716,-6.2170029992368097],[106.95299059986777,-6.2170429993137271],[106.95302359978471,-6.2172199993917063],[106.95305779916886,-6.2173995997558373],[106.95309559915761,-6.2176284995801732],[106.95314369982989,-6.2180229993378902],[106.95316429923901,-6.2181404997409215],[106.95318749970782,-6.2183027999260778],[106.95320169934108,-6.2184550995933918],[106.95322749951325,-6.2186928994520203],[106.95323739950688,-6.2188284998502406],[106.95306549966827,-6.2188935991621133],[106.95303869991932,-6.2188909000183612],[106.95273519986021,-6.2188555998865667],[106.95268509994743,-6.2188527996923231],[106.95255429921542,-6.2188492996187099],[106.95245669948137,-6.2171553999139917],[106.95237639948709,-6.2165549996289133],[106.95234689977114,-6.2163823994559024],[106.95225629947358,-6.2158890998466854],[106.95223489983877,-6.2157930992555492],[106.95221879947967,-6.2157197993443321],[106.95221389999793,-6.2156910993301304],[106.95221399987888,-6.2156245999618625],[106.95219479987274,-6.2155321995394566],[106.95202819939853,-6.214940399324643],[106.95201579936708,-6.2148983995291651],[106.95196559989111,-6.2148287994383429],[106.95188659939039,-6.2146247995895525],[106.95188119980702,-6.2146108998656588],[106.95179819978273,-6.2144428991887519],[106.9516645992132,-6.2141809991651211],[106.95157609962376,-6.2140207000182111],[106.95120999957612,-6.2132480993201362],[106.95117649967845,-6.2131684994772156],[106.95101590003013,-6.2127979994419906],[106.95094009967376,-6.2126229993921491],[106.95079299932269,-6.2123274995111251],[106.95077109940605,-6.2122833991735975],[106.95069499968947,-6.2121295997033759],[106.9506905997211,-6.2121206996001721],[106.95059429960283,-6.2119421992896262],[106.95051219935284,-6.2117900999199112],[106.95048139924261,-6.2117433996039457],[106.95043979925431,-6.2116980997980304],[106.95038749929533,-6.211656799445044],[106.95021430000385,-6.2115444993926028],[106.95019129936243,-6.2114992991420612],[106.95007419948189,-6.2114703997454592],[106.9498419995613,-6.2115874999024872],[106.94962679957045,-6.2116962999792502],[106.94946009987846,-6.2117806992212898],[106.94941249998622,-6.2118047992256864],[106.94940109993931,-6.2118075996829827],[106.94936419966456,-6.2118167993910873],[106.94935499914199,-6.2118172998214645],[106.94934639940223,-6.2118177998481547],[106.94931919931952,-6.2118194000128106],[106.94928089963362,-6.211815099275988],[106.9492657997277,-6.2118133991434119],[106.94925259957506,-6.2118118999522389],[106.94919150000528,-6.2117918992758385],[106.94917449938394,-6.2117862994813269],[106.94903769937788,-6.2117220991313298],[106.94899279967557,-6.211702699635854],[106.94891369975072,-6.2116685996393413],[106.94890159991675,-6.2116633994775317],[106.9488596993762,-6.2116485998783926],[106.94879429946423,-6.2116253999698694],[106.94871529992845,-6.2116121998949989],[106.94871049975956,-6.2116113993568174],[106.94869299966601,-6.2116104991461105],[106.94863029977908,-6.2116070992363817],[106.94862459982481,-6.2116067992759216],[106.94860479958793,-6.2116085999784216],[106.948553899582,-6.211613099200255],[106.94851729946828,-6.2116204000119053],[106.94847509928211,-6.2116380997438787],[106.94844529971958,-6.2116518995630638],[106.9483779997849,-6.2116831991661021],[106.94837449944751,-6.2116847996792739],[106.94833819962724,-6.2117061998904797],[106.94800339921211,-6.2119034994821636],[106.94795609956235,-6.21193139915726],[106.94771859973787,-6.2120402997361639],[106.94767979946593,-6.2120580999143948],[106.9475921993384,-6.2120935996614248],[106.94758769962367,-6.2120953991370511],[106.94746929949061,-6.2121433995150337],[106.94722109925802,-6.2122166992605337],[106.94697539976775,-6.21228929987012],[106.94680669934066,-6.2123405999686874],[106.94637999989544,-6.2124487996611508],[106.94618449930728,-6.2124979994252936],[106.94598149933449,-6.2125427992880526],[106.94596049961777,-6.2125473998356755],[106.94571099974208,-6.2125921998305964],[106.94551909919035,-6.2125872994300488],[106.94539669933019,-6.2125841992500064],[106.94533749979303,-6.2125826992023194],[106.9450123995117,-6.2125753999285651],[106.94321529948007,-6.2125339996992519],[106.94211179963987,-6.2125184999903924],[106.94171359937668,-6.2125085992477267],[106.94159439940834,-6.2125185997028733],[106.94150199952597,-6.2125454999986207],[106.9412920998969,-6.212540499573409],[106.9409256998827,-6.212529699447833],[106.94053979996265,-6.2125183992105644],[106.94040199958624,-6.2125112994150395],[106.94028109958778,-6.2125103000269624],[106.94016679983612,-6.2125587992981108],[106.94016569967118,-6.2125595998592651],[106.94012599936083,-6.2125860995594966],[106.94008219920011,-6.2126152995155071],[106.9399893992037,-6.2126920991618206],[106.93978409997645,-6.2128822996587392],[106.93974739977257,-6.2129237993635273],[106.93970339960119,-6.212983999443388],[106.93967819997845,-6.2130695994910754],[106.93966409937686,-6.213160699243824],[106.93966679922417,-6.2132680991517555],[106.93968969998318,-6.2135885999805396],[106.93968099945856,-6.2136836996238749],[106.9396684995224,-6.2139310996847099],[106.93966389928619,-6.2140208997346766],[106.9396502992238,-6.214291300002059],[106.93964690003102,-6.2143589999707283],[106.93964119926261,-6.2144711999034028],[106.93962649967551,-6.2147617994340498],[106.93962309944463,-6.2148301991900121],[106.93956539917987,-6.2154165995007933],[106.93950199975569,-6.2160472998001151],[106.93948549943275,-6.2163064997007336],[106.93945029959571,-6.2165116994129788],[106.93940719993736,-6.2167079999781931],[106.93930729991744,-6.2169628000177939],[106.93920187845509,-6.2171398193830782],[106.9391713993723,-6.2171909992877339],[106.93890669969744,-6.2174169994850015],[106.93839819956084,-6.2176352994710653],[106.93806359928548,-6.2176606992148526],[106.93783839956816,-6.2176609998250223],[106.93562889968278,-6.2173615994694726],[106.9351835994909,-6.2172916992833205],[106.93478829970191,-6.2172276994329279],[106.93471339953723,-6.2172136994368667],[106.93440259928168,-6.2171555993847791],[106.93426469919672,-6.2171406997769614],[106.93365139930106,-6.2170756000220093],[106.93277599947905,-6.2169879998722992],[106.93178789965252,-6.2169001998694844],[106.93134239982268,-6.2168535996711869],[106.93118509933848,-6.2168288998250425],[106.93106229984852,-6.216815099611309],[106.93083139938373,-6.2167850991966764],[106.93051109952634,-6.2167433995384291],[106.93017429956961,-6.2167015999001372],[106.92971879963522,-6.2166416998864316],[106.92922160003715,-6.216600899320702],[106.92910079940104,-6.2165958992647088],[106.92896599987633,-6.2165643998584166],[106.92868909924886,-6.2165110998627888],[106.92850109913734,-6.2164872995705327],[106.92795459992242,-6.2164288998818495],[106.92750109968188,-6.2163849997912779],[106.92718469914324,-6.2163343998396501],[106.92668479947311,-6.2162949998312662],[106.92636429966136,-6.2162683997465056],[106.92605819928806,-6.2162296995538471],[106.92600619966252,-6.2162230999843331],[106.92572189979862,-6.216185699833642],[106.92560669920533,-6.2161738994217757],[106.92493089999441,-6.2160865997260695],[106.92485380002199,-6.2160765997272573],[106.92471339971304,-6.2160624000189069],[106.92459309990437,-6.2160537995493454],[106.92443559932273,-6.2160361992371262],[106.92437339915105,-6.2160291999439723],[106.92433260003526,-6.2160251994611135],[106.92413959970104,-6.2159987991717776],[106.92404079919258,-6.2159826992607545],[106.92398369949936,-6.215973099173449],[106.9239556992073,-6.2159674996912706],[106.92373259991525,-6.215929299684503],[106.92300599941963,-6.2158220998171005],[106.92298269965545,-6.2158186991849904],[106.92127519926029,-6.2156192994941257],[106.92108689950943,-6.2156010994108986],[106.92071519993618,-6.2155630999070333],[106.92046999928776,-6.215526599798161],[106.92022289926011,-6.2154934996468958],[106.91964869992876,-6.2154107998809307],[106.91916709974821,-6.2153563996418093],[106.91891430004188,-6.2153280996350055],[106.91850309961141,-6.2152818994847525],[106.91838629996427,-6.2152693997774637],[106.91785739965435,-6.2152125994818412],[106.91770999992995,-6.2151945996220377],[106.91736449926569,-6.2151542992018749],[106.91710769916361,-6.2151242994605189],[106.91699079937106,-6.2151095991447987],[106.91446499966237,-6.2147764999345467],[106.91419789935949,-6.2147437991731733],[106.91381969924035,-6.2146975994839826],[106.91328999997425,-6.2146327992516737],[106.91327399976686,-6.2146307993572583],[106.91310869998189,-6.2146105998639296],[106.91293029935169,-6.2145886991281971],[106.91244459980683,-6.2145292991718168],[106.91206419952287,-6.2144827995918703],[106.91186839975096,-6.2144587996215774],[106.91169639937051,-6.2144376998583413],[106.91150339994343,-6.2144140991878078],[106.91133099932179,-6.2143929998426444],[106.91129109943815,-6.2143880999433447],[106.91116499986579,-6.2143726991518227],[106.91019549917459,-6.2142429999642568],[106.91014089950843,-6.2142356992694863],[106.91003709977045,-6.2142219996653827],[106.91000029964498,-6.2142165993276448],[106.90923759944268,-6.2141259997892275],[106.90897869950879,-6.2140934998443562],[106.90836619978488,-6.2140223994165078],[106.90770049992423,-6.2139324997893928],[106.90714779942761,-6.2138644993428258],[106.90706489954499,-6.2138653995993884],[106.90678739969843,-6.2138327992231197],[106.90595109957685,-6.2137503991993484],[106.90590779939444,-6.2137465996955088],[106.90567709979963,-6.2137461997749366],[106.9054711999389,-6.2137105992771362],[106.90507699926728,-6.2136937996034156],[106.90437419969848,-6.2136845992151555],[106.90429099940992,-6.2136848997656182],[106.90413479915624,-6.2136797996907784],[106.90397890001927,-6.2136792996279473],[106.9037909999508,-6.2136796995229853],[106.90361829984865,-6.213680399953847],[106.90337479915685,-6.2136830992688825],[106.90327279998813,-6.2136834998784405],[106.90315489953829,-6.2136847994468694],[106.9030225996076,-6.2136832991721285],[106.90272129931874,-6.2136827994257526],[106.90230619941399,-6.2136687997243039],[106.90192909952862,-6.2136624991430605],[106.90176399948763,-6.2136565000143573],[106.90172879961111,-6.2136551998909058],[106.9016486997692,-6.2136521996289638],[106.90159939959165,-6.2136503995865171],[106.90138309954537,-6.21364239917206],[106.90076709957111,-6.2136472991602769],[106.9006640999017,-6.2136420999283413],[106.90058079998076,-6.2136380992781719],[106.90050429968316,-6.2136343996620207],[106.90044179968164,-6.2136274997062362],[106.90013999934726,-6.213620699351031],[106.90007739922818,-6.2135999998835638],[106.89983469963704,-6.2135951993930867],[106.89978319965198,-6.2135942000076474],[106.89969539932369,-6.2135923997715397],[106.89966299994492,-6.2135917991912635],[106.89951979992453,-6.213588899612196],[106.89915619944331,-6.2135816995465945],[106.89893829975557,-6.2135773999671473],[106.89885209978161,-6.2135756996272065],[106.89865539997086,-6.2135716999177868],[106.89833619959464,-6.2135653994992479],[106.89813069964703,-6.2135612991828131],[106.89775169923448,-6.2135537998953776],[106.89761629938381,-6.213551099644957],[106.89728969967361,-6.213544600010187],[106.8971147991782,-6.2135349999327492],[106.89658339942571,-6.2135148000280349],[106.89603679958736,-6.2134975997558213],[106.89588929944352,-6.2134925998216657],[106.89562489939603,-6.2134888995607351],[106.89534999975474,-6.213481299276979],[106.89506839965489,-6.2134884991988759],[106.8943578998982,-6.21347499929366],[106.89421239962765,-6.2134726996114331],[106.89414029939793,-6.2134579998109061],[106.89396379931929,-6.213459199816227],[106.89350569952337,-6.2134313998287967],[106.89323469964998,-6.2134479991258234],[106.89293809988563,-6.2134412998369326],[106.89273239999385,-6.2134488994830983],[106.89251959949145,-6.2133997996396824],[106.89244329919087,-6.2133992996690726],[106.89223620002142,-6.2133965996441844],[106.89214299945702,-6.2133970995115755],[106.89166119949439,-6.2134071992493949],[106.89121929919649,-6.2134496994899884],[106.89076609986297,-6.2135113994265181],[106.89050379969935,-6.2135595994288968],[106.89005299938617,-6.213666799266603],[106.88995399977496,-6.2136929998076749],[106.88988339977217,-6.2137100999136132],[106.88948999963931,-6.2138275994052243],[106.88882499955319,-6.214026099958228],[106.88846649916721,-6.2141322998562325],[106.8877763000032,-6.214301599638195],[106.88764139985686,-6.2143561996237437],[106.8874101994674,-6.2144101994454619],[106.88714229943822,-6.2144297991686299],[106.88680859931065,-6.2144563992867816],[106.88675969993704,-6.2144596994176524],[106.88669229940211,-6.2144647997106084],[106.88612849998077,-6.214502099151832],[106.88603679921412,-6.2144882999556348],[106.88594319984377,-6.2144857993579556],[106.88518059960414,-6.2145324993621527],[106.88498389981575,-6.2145218998122571],[106.88486669987402,-6.2145170998458621],[106.88446989997186,-6.2145378991820603],[106.88388709958687,-6.2145723996950837],[106.88327139980581,-6.2146088992138404],[106.88312629973024,-6.2146213995937361],[106.88305719915539,-6.2146273996958836],[106.88292519931363,-6.2146319999635447],[106.88283719945579,-6.2146393991507543],[106.88256149924983,-6.21465709948703],[106.8823956995647,-6.2146677999937943],[106.88216309983652,-6.2146812997157008],[106.88203219950395,-6.2146876996222904],[106.88185369987181,-6.2146943991226395],[106.88180159919921,-6.2146963991953825],[106.88133169965074,-6.2147200992511458],[106.8810981991616,-6.2147333991962803],[106.88030729991476,-6.2147784996157807],[106.88024819949905,-6.2147823996324059],[106.87938659982805,-6.2148385999210367],[106.87855549953247,-6.2148928993706711],[106.87854069965327,-6.2148938995038048],[106.87835959986566,-6.2149037996456018],[106.87813959971972,-6.2149158993790419],[106.87783759949485,-6.2149323996450736],[106.87777289996259,-6.2149359992159408],[106.87719149976687,-6.2149707995537629],[106.87615319966784,-6.2150414999348396],[106.87612619933786,-6.2150432991694098],[106.87568879985773,-6.2150729992114639],[106.87564739990188,-6.2150775999339771],[106.8755683991821,-6.215088099811414],[106.87546559963903,-6.215105899211947],[106.87536359929437,-6.2151161994671176],[106.87529029927983,-6.2151245995412872],[106.87511999922178,-6.2151339991811945],[106.87452209915588,-6.2151570000217697],[106.87430479983762,-6.2151652993456832],[106.87389529970982,-6.2151915998015523],[106.87366049931587,-6.2152032999306792],[106.8733579997472,-6.2152212000213716],[106.873094299177,-6.2152232998888648],[106.87303359987847,-6.2152237997630451],[106.87295639997416,-6.2152246998631506],[106.87287159973073,-6.215226799558299],[106.8722446992457,-6.2152424992512323],[106.87163249928297,-6.2152730999001653],[106.87120569956221,-6.2153019993412055],[106.87104789914805,-6.2153273994243223],[106.87038939940605,-6.2154565992933968],[106.87025559991594,-6.2154602996045316],[106.87002819984693,-6.2154291993121253],[106.86992349958808,-6.2154264991850319],[106.86974769931444,-6.215434099262513],[106.86960409965472,-6.2154451992932458],[106.86942619916542,-6.2154651998986834],[106.86790219985554,-6.215645399629862],[106.8673168997197,-6.2156951995702281],[106.86708839992382,-6.2157063999444535],[106.86687439931181,-6.2157096991624217],[106.86659889966096,-6.2156481996318771],[106.86653459982296,-6.215633099480816],[106.86646809941078,-6.215647299840156],[106.86642019998517,-6.2157032995139954],[106.86640209974661,-6.2157755998261282],[106.86643099962022,-6.2158532992510747],[106.86653979988802,-6.2160562997568523],[106.86675639972265,-6.2164325991290585],[106.86681909956511,-6.2165434998621834],[106.86688409941732,-6.2166555995002533],[106.86699319924183,-6.2168803996836717],[106.86707879922791,-6.2170817992807788],[106.86714169917418,-6.2172462992018769],[106.86729409949807,-6.2176781997161257],[106.86747219915605,-6.2181943992566397],[106.86765179921505,-6.2187154992490754],[106.86765759962152,-6.2187323999561483],[106.86767369960651,-6.2187791998312614],[106.8677922995828,-6.2191216993006408],[106.86814239955343,-6.2201145992315592],[106.86816199917537,-6.2202540993430135],[106.86815349927406,-6.2205421994699464],[106.86815169937037,-6.2206692997744266],[106.86814729932021,-6.220971399757123],[106.86813469978173,-6.2214278991351497],[106.8681197993326,-6.2219662993120926],[106.8681122994938,-6.2223450995252216],[106.86810259996237,-6.2227520998789663],[106.86810119944175,-6.2228090998618129],[106.86808949967036,-6.2231289000276924],[106.86807489951968,-6.2232455999449803],[106.86803899996559,-6.2233273999189258],[106.86769699988707,-6.2240111995383556],[106.86750729965364,-6.2243808994837675],[106.86748709969983,-6.2244001995512468],[106.86747539978579,-6.2244112996259728],[106.86743959973836,-6.2244322995344525],[106.86742059988411,-6.2244416994122247],[106.86741609971996,-6.2244442993992468],[106.86740569991085,-6.2244489998073727],[106.86739739932038,-6.224453299483371],[106.8673928998964,-6.2244555992866628],[106.86735639979965,-6.2244745998765785],[106.86731380004379,-6.2244909999964602],[106.86729199989978,-6.2244979993055098],[106.86727119958817,-6.2245025999756391],[106.86722479962127,-6.2245112993093272],[106.86717609976935,-6.2245126994117896],[106.86689209976934,-6.2245220998661006],[106.86659289940137,-6.2245212999258115],[106.86652489930205,-6.2245214996920835],[106.86646339945192,-6.2244831993413374],[106.86642429960537,-6.2244475991435326],[106.86635769949619,-6.2243534998400474],[106.86631939919033,-6.2242863997332476],[106.86613809962218,-6.2236412991801684],[106.86590469928363,-6.2227709997829335],[106.865873899684,-6.2226653995654804],[106.86563159944011,-6.2218767997542193],[106.86549519955859,-6.2214086996305635],[106.8654637995798,-6.2213484999017314],[106.86542619987162,-6.2212485998920082],[106.8653014999569,-6.2209913999949977],[106.86509809989001,-6.2206179000015878],[106.86499689975925,-6.2204079991285548],[106.86490099985298,-6.2201973995785371],[106.864864099738,-6.2201192997600607],[106.86472299933112,-6.2198125998855982],[106.86468149928353,-6.2196592997226015],[106.86460679994691,-6.2195006999459146],[106.86458139981384,-6.2194277999679581],[106.86447289976296,-6.2191767991804792],[106.86423779917385,-6.2185697995164411],[106.86416549916196,-6.2182383991316588],[106.86412689921661,-6.2179461996785221],[106.86406679951608,-6.217483799402638],[106.86404539928797,-6.2173192998416331],[106.86399819920102,-6.21673279953189],[106.86397949930846,-6.2165363999957499],[106.86395329922297,-6.2164496999158851],[106.86391359933428,-6.2163429996265593],[106.86383119984282,-6.2162290991243445],[106.86372999922132,-6.2161057993010669],[106.86359049991799,-6.2159462992129173],[106.86342149958415,-6.2158081995225132],[106.86309539987407,-6.215526099935345],[106.86289639998176,-6.2153595995322837],[106.86213379989346,-6.2146211991720923],[106.86199139922601,-6.2144403000269604],[106.86188189944438,-6.214276499174936],[106.86171399998136,-6.2139503991394562],[106.86160399931691,-6.2137722998097624],[106.86149749921739,-6.213624899558714],[106.86157199961737,-6.2135452994431795],[106.86160819914546,-6.2135220997587739],[106.86167829996648,-6.2134988991689566],[106.86169069943929,-6.2134978998219346],[106.86175080001479,-6.2134927994551772],[106.86182819983094,-6.2135103993794774],[106.86205189947704,-6.2135932994074459],[106.86223399915444,-6.2136591994292569],[106.86234239976366,-6.2136897994332934],[106.86243129972308,-6.2137252999018813],[106.86347719960551,-6.2141743993292309],[106.86594519998906,-6.215298899523571],[106.8661950992329,-6.2154182995919065],[106.86621480000245,-6.2154265997897147],[106.86648269997585,-6.2155394994681723],[106.86655059969343,-6.2155641998725875],[106.86664839937362,-6.2155996996717429],[106.86685099913959,-6.2156517993888221],[106.86703579995618,-6.2156522994992764],[106.86789479940533,-6.2155887996272163],[106.86941509954967,-6.2153931999707641],[106.86952179984239,-6.2153796997761903],[106.86973349918043,-6.2153654999870387],[106.86990969926531,-6.2153628993684711],[106.87025839972242,-6.2154144998727201],[106.87040409928009,-6.2154131995677382],[106.87105169950087,-6.2152916991445615],[106.87120469959804,-6.2152723991811314],[106.87162849997722,-6.2152404995487851],[106.87224339953524,-6.2152070991435808],[106.87287199965203,-6.2151883998076451],[106.87295659970367,-6.2151858993790956],[106.87303379939623,-6.2151782995304705],[106.87309420000813,-6.2151704997085186],[106.87334929962559,-6.2151372995551428],[106.87365129976118,-6.2151186996336811],[106.87389269988803,-6.21511359992531],[106.87450119942669,-6.2150996995507519],[106.87516019992322,-6.2150667995020017],[106.87528869930267,-6.2150656999347973],[106.87536019960346,-6.2150544997704893],[106.87546349920696,-6.2150380991449792],[106.87552269916554,-6.2150300998861274],[106.87556439957275,-6.2150286996955542],[106.87564319983923,-6.215008799200354],[106.87583549930415,-6.2149860999831947],[106.87713149991403,-6.2149108994401709],[106.87719669928407,-6.2149070992617599],[106.87738809958189,-6.2148940996863908],[106.87784059950391,-6.2148634992966238],[106.87812339976297,-6.214844400014865],[106.8781378991421,-6.2148434995090858],[106.87835059921838,-6.2148308995096331],[106.87854939966168,-6.214818399449725],[106.87908759967502,-6.2147843995113492],[106.87982359977995,-6.214737199556339],[106.88002369992208,-6.2147243995895201],[106.88084439973359,-6.2146737994558983],[106.88181809937919,-6.2146137992354893],[106.88216089950156,-6.2145929996971097],[106.88239099966526,-6.2145790993139212],[106.88247789934984,-6.2145737999238593],[106.88255959949693,-6.2145661999092479],[106.88290339963595,-6.2145565996024619],[106.88306509978987,-6.2145495997492297],[106.88397149935322,-6.2144878996208002],[106.88410180000824,-6.2144800999667158],[106.88445979985939,-6.2144560993051634],[106.88479109970616,-6.2144387992721697],[106.88491309937864,-6.2144307993676433],[106.88501180003209,-6.2144117995124555],[106.88510759963548,-6.2143960992594725],[106.88522559971419,-6.2143827998927925],[106.88550859936359,-6.2143640993464722],[106.8867999998065,-6.2142938000185302],[106.88693020001425,-6.2142867993166515],[106.88729359950928,-6.214261399626074],[106.88749879914701,-6.2142507993009195],[106.88763829995769,-6.214240099832125],[106.88779519963171,-6.214228099534564],[106.8878758991526,-6.2142153993281521],[106.88802579947378,-6.2141840997243394],[106.88880399923754,-6.2139667999927291],[106.88946649965588,-6.2137503991843026],[106.88967610002724,-6.213686499506534],[106.8899474997276,-6.213607799601629],[106.890020299803,-6.2135914999326856],[106.89009259915674,-6.2135753991436662],[106.89044359931077,-6.2135001992209657],[106.89050460001489,-6.2134891992574204],[106.89077989963123,-6.2134395992828653],[106.89098890001841,-6.2134053996230216],[106.89120699942028,-6.2133818994877563],[106.89164219946501,-6.2133375995942393],[106.89194049970864,-6.2133308996177279],[106.89223079919036,-6.2133414998843604],[106.8924655999981,-6.2133445998649908],[106.8935444999258,-6.2133548999943873],[106.8938343999658,-6.2133576998864921],[106.89402549974248,-6.2133586998495067],[106.89413149985502,-6.2133554992559672],[106.89432259971613,-6.2133630993253322],[106.89535069956678,-6.2133935998665688],[106.89560529997425,-6.2134008995255616],[106.89592299960199,-6.2134100993541308],[106.89605089985717,-6.2134137997978645],[106.89698149929912,-6.2134410997664524],[106.89729309932414,-6.2134600997893363],[106.89760929973282,-6.2134795993731258],[106.89811159942847,-6.2134921994579715],[106.89832869940041,-6.2134976993440789],[106.89865870003275,-6.2134992992691451],[106.89885169957186,-6.2135043999478281],[106.8996674993046,-6.2135260993432953],[106.89969429939818,-6.2135262996198017],[106.89978069937423,-6.213527099488231],[106.89982999998078,-6.2135274991969114],[106.89990699962347,-6.2135280995538515],[106.90060119958756,-6.2135364996539346],[106.90160129952251,-6.2135577993659847],[106.90165379930427,-6.2135551992345919],[106.90172999978752,-6.2135508999765765],[106.90176449972536,-6.2135489992686814],[106.90181869928308,-6.2135459997097797],[106.90269739992566,-6.213551999287426],[106.90302589998232,-6.2135565999831108],[106.90379609976918,-6.213575599963951],[106.90397979916048,-6.2135800993374692],[106.90502819914157,-6.2136041994981577],[106.90560049968116,-6.213617299638444],[106.90644459991977,-6.2137038998936918],[106.90680149977729,-6.2137501992735675],[106.90715649974925,-6.213789500026226],[106.90776019982744,-6.2138560995161516],[106.90837859951212,-6.2139360995980608],[106.90863449938573,-6.2139696992754629],[106.91004979992701,-6.214155699982145],[106.91018669921385,-6.214174299743922],[106.9111611994027,-6.2142871993491395],[106.91134199945117,-6.2143042992695054],[106.91158339990928,-6.2143271997162497],[106.9118801995298,-6.2143678991369296],[106.91205009916193,-6.2143911998607289],[106.91206999958393,-6.2143956991700797],[106.91221509948964,-6.2144287998757752],[106.91240139971596,-6.2144663996382548],[106.91366619929883,-6.2146240997495736],[106.91378659927261,-6.2146390992124507],[106.91420539959076,-6.214691499822484],[106.91520789967846,-6.2148169993512523],[106.91576589955106,-6.2148867996806647],[106.9168092999612,-6.2150070999790428],[106.91734139979111,-6.2150684999621708],[106.91736819935649,-6.2150715997550936],[106.91754949996441,-6.2150924992528358],[106.91771779931778,-6.2151139991705691],[106.91818499951164,-6.2151656991252322],[106.91901019967487,-6.2152721992880942],[106.91917489960591,-6.2152901992449126],[106.92040789965525,-6.21544819995436],[106.9206314992944,-6.2154768991379052],[106.92072529967287,-6.2154893996083],[106.92083789963,-6.2155002992565702],[106.92109669993933,-6.2155255991900979],[106.92205429962743,-6.2156473999576605],[106.92337929999732,-6.2158159000103481],[106.92352319967877,-6.2158358999816983],[106.92373709976677,-6.2158723000132339],[106.92396339974793,-6.2158999996385944],[106.92399079920753,-6.2159040995591459],[106.92415979951365,-6.215924099291299],[106.92438319963462,-6.2159540994254669],[106.92466989977548,-6.2159829991998148],[106.92486049937877,-6.2160075997829241],[106.92495939922185,-6.2160144997190736],[106.92511719920404,-6.2160177991760461],[106.9258284997176,-6.2161016999941339],[106.92589249955059,-6.2161091997615614],[106.92607559923589,-6.2161279992296805],[106.92672899915483,-6.2161949992207335],[106.92686379970782,-6.2162195999085945],[106.92751229930444,-6.2162699998803745],[106.92866189953331,-6.2164008999733662],[106.92912179968808,-6.2164643996126401],[106.92923129995374,-6.2164760997734998],[106.93031120001557,-6.216613799869025],[106.93052399942512,-6.216643199421453],[106.93078909953287,-6.2166601994840063],[106.93083929970909,-6.2166638992818983],[106.93119390002276,-6.2166887996357065],[106.93142879922463,-6.2167123994903051],[106.93248699986547,-6.2168339994207429],[106.93285799914285,-6.2168696998128592],[106.93365509930184,-6.2169757998400259],[106.9338746996833,-6.2170021994109197],[106.93426869930049,-6.2170609997847865],[106.93479689935272,-6.2171519996182694],[106.93520079959006,-6.2172420996936832],[106.93568459981977,-6.217294599256812],[106.93776749969629,-6.217564299689875],[106.93817670003875,-6.2175979998384827],[106.93844579995351,-6.2175258995225198],[106.93864209961538,-6.2174657997921701],[106.93883719923102,-6.2173397997966982],[106.93892819985444,-6.2172810998286074],[106.93895309947075,-6.2172533994916686],[106.93913539921505,-6.2170512999752834],[106.93924679994248,-6.2168703999181503],[106.93932609990298,-6.2167004995818989],[106.9394087993048,-6.2162713994961649],[106.93942709983502,-6.2160041996971014],[106.93946429962115,-6.215430499629802],[106.93948899983202,-6.2148347000246069],[106.93950039931724,-6.2145608992958721],[106.93950579970355,-6.2144539994788177],[106.93952749979462,-6.2139089995717747],[106.93954979981591,-6.2136806991520857],[106.93959129925676,-6.2131675997710314],[106.93961629947243,-6.2129791998183954],[106.93962299967869,-6.2128551993242933],[106.93962849950753,-6.212751999695401],[106.93963179938672,-6.2126546993503817],[106.93964529919712,-6.212503399471391],[106.93965999956609,-6.2124393992810862],[106.93967210000021,-6.2123899992456728],[106.93971579917833,-6.2123383993252599],[106.93977709920586,-6.2122919995178929],[106.93983439927842,-6.2122740994298242],[106.93992079975543,-6.212265999890989],[106.94003559975482,-6.2122753992908297],[106.94013879970373,-6.2122793993488044],[106.94026289997731,-6.2122799991788948],[106.94026849948879,-6.2122799994330755],[106.94049019963936,-6.2122809996892325],[106.94056779935067,-6.2122843992323817],[106.94086609987041,-6.2122904995493924],[106.94108529936402,-6.2122870993681962],[106.94110249957225,-6.2122874991449422],[106.94132420002454,-6.2122927999243913],[106.94137389942034,-6.2122933995513332],[106.94152459940339,-6.2122951997532692],[106.94161449972725,-6.2123295000059109],[106.94172219993519,-6.2123463994011994],[106.94212819960003,-6.2123523992095571],[106.94261019940075,-6.2123653994769734],[106.94513169953628,-6.2124219997803465],[106.94524129937402,-6.2124230992955614],[106.94540949947292,-6.2124270997083473],[106.94551309940202,-6.2124251996991289],[106.94559229936404,-6.2124237998980689],[106.94581699977398,-6.212386099900697],[106.94671419947461,-6.2121606994700516],[106.9470868995018,-6.2120571999654839],[106.94724339995041,-6.2120137996516904],[106.9472519999525,-6.2120113992160579],[106.94732479987313,-6.2119787992547408],[106.94738479950826,-6.2119364991902382],[106.94745639963963,-6.2119065996950154],[106.94746789977404,-6.211900299995861],[106.94757349918427,-6.2118419992149105],[106.94767559998401,-6.2117815993025767],[106.94796049960979,-6.2116130997024666],[106.94797769926868,-6.2116032999865629],[106.94814459934321,-6.211564699971353],[106.94839399926775,-6.2114875991396934],[106.94871619993562,-6.2112978996893418],[106.94879269963529,-6.2112528996339673],[106.94898689966026,-6.2111384994615726],[106.94905159933948,-6.2111007992495688],[106.94920839925737,-6.2110124992623463],[106.94940999967849,-6.2108989993374069],[106.94945919925136,-6.2108713999740326],[106.94962830002189,-6.2107761996114839],[106.94986599940871,-6.2106422999889936],[106.95058109936673,-6.2102397995140803],[106.95121809948344,-6.2098939992441116],[106.95154519920443,-6.2097163992804667],[106.95174719919939,-6.2096157998304937],[106.95197369989586,-6.2096421996302151],[106.95206719968623,-6.2096719994725653],[106.95212329987899,-6.209708799475818],[106.95217679934116,-6.2097718996471816],[106.95222009987286,-6.209858499969922],[106.95223849920701,-6.2099369991362199],[106.95223889924291,-6.210028899417023],[106.9522019994979,-6.2101521996145239],[106.95215519982533,-6.2102810993243454]],[[106.95115129940166,-6.2112648998398425],[106.95128199948448,-6.2113614991607529],[106.95140549966881,-6.2114250996941482],[106.9516011992407,-6.2115587997096871],[106.95170649996638,-6.2116390992883748],[106.95174029993167,-6.2116733994229341],[106.95176589988266,-6.2117136996429245],[106.95212659978786,-6.2123761995532689],[106.95214399993399,-6.2124043995771876],[106.95219299975545,-6.212444699270077],[106.95225019974296,-6.2124733997128398],[106.95231759983831,-6.2124869991371137],[106.95235889976381,-6.2124853991943549],[106.95256629922211,-6.212472999426832]],[[106.95215519982533,-6.2102810993243454],[106.95180839972618,-6.210468199534624],[106.9517206996026,-6.2105155991513783],[106.95116729978108,-6.2108151992050251],[106.9511486994564,-6.2108260999465159],[106.95098909954635,-6.2109104995424937],[106.95108929989843,-6.2111248993565029],[106.95115129940166,-6.2112648998398425]]]},"properties":{"FID":10,"ID":"BRT_11","GEOM_ID":"BRT_11_REG","LINE":"11","NAME":"Pulo Gebang - Kampung Melayu","MODE":"BRT","CLASS":"Koridor Utama","STATUS":"Eksisting","COLOR":"#2e3192","ROUTE_VAR":"REGULAR","SOURCE":"TransJakarta; RTRW DKI Jakarta","REMARK":"Tidak Ada","ALIGNMENT":" ","DIV_ID":" ","DIV_NOTE":" ","DIV_SRC":" ","VALID_FR":" ","VALID_TO":" "}},{"type":"Feature","id":11,"geometry":{"type":"MultiLineString","coordinates":[[[106.84653439972806,-6.1532073992759768],[106.84669799915631,-6.1532384999820016],[106.84672249928771,-6.1532432995368183],[106.84678479928802,-6.1532489999842088],[106.84685959983139,-6.1532521996652179],[106.8469092996779,-6.1532448993006312],[106.84838289931994,-6.1530282993009875],[106.8489445992588,-6.1529375998736349],[106.85018309964505,-6.1527414994181155],[106.85030129954652,-6.1527227995039926],[106.85047369975797,-6.1526954993882326],[106.85182909932799,-6.1524808998197678],[106.85215409914429,-6.1524323998958268],[106.85284929924238,-6.1523150997420446],[106.85407179999994,-6.1521273992614862],[106.85423789921376,-6.1521018993067322],[106.85439229954744,-6.1520781994349418],[106.85477189994988,-6.1520198999208153],[106.85535019996598,-6.1519312994663986],[106.85554469932839,-6.1518898993603344],[106.85568059925019,-6.1518453999309743],[106.85623449979308,-6.1517545994989948],[106.85650969947989,-6.1516704998925125],[106.85664859993972,-6.1515899997379062],[106.85677219984078,-6.1514714993847734],[106.85685339925691,-6.1513317992313148],[106.85689849999713,-6.1512621993283814],[106.85717939938804,-6.1507941996908624],[106.8574237999055,-6.1503739996831834],[106.85753779998599,-6.150181299362524],[106.85763899953079,-6.1500115992606421],[106.85778459973092,-6.1497663993251939],[106.85788109970989,-6.1495769000104872],[106.85794829932,-6.1494723995447309],[106.85796469988173,-6.1494379998181934],[106.85806959995647,-6.1492452994983466],[106.85813129979032,-6.1491303995297999],[106.85816249967353,-6.1490645993227435],[106.85829299954952,-6.1488401996538853]],[[106.88861529979209,-6.1502660996387508],[106.88867209997373,-6.1501428999931189],[106.88877129942537,-6.1499142999654506],[106.88890269962157,-6.1496049997597257],[106.88897559968356,-6.1494301997754555],[106.88917289962249,-6.1489670995907284],[106.88936319946856,-6.1485247995912449],[106.88951149972256,-6.148137099265119],[106.88962359941252,-6.1477528994319117],[106.88972629957966,-6.1473604997284994],[106.89000649943551,-6.1461857999095439],[106.89018169932872,-6.1453917993298175],[106.89029989997788,-6.1447153997237542]],[[106.858296699634,-6.1488346994400915],[106.85831809939471,-6.1488132995108735],[106.85837239913936,-6.148792699243975],[106.85835139969203,-6.1487313997747828],[106.8583305999268,-6.1486276999673084],[106.85829089993544,-6.1484248995210065],[106.85823869997442,-6.1481728993103335],[106.85814059940162,-6.147679799168599],[106.85807449988589,-6.147269399634756],[106.85798860000621,-6.1467942994345313],[106.85791579920716,-6.1463912992273473],[106.85784949930586,-6.1459890991619384],[106.85779389979071,-6.1456646991480541],[106.85765609963551,-6.1449077997348427],[106.85758299978667,-6.14447899924465],[106.85755519927727,-6.1443207991788791],[106.85754779980715,-6.1442772995443313],[106.85753459976512,-6.1442006997861922],[106.85751579977239,-6.1440904992114884],[106.85738929996948,-6.1433756994656683],[106.85728379916159,-6.1428069994560826],[106.85724549973939,-6.1425957995652141],[106.85717339949001,-6.1422454999131473],[106.85715509977855,-6.1421554991813165],[106.85707239962673,-6.1417394993301322],[106.85701849995863,-6.1414306997220844],[106.8569970994873,-6.1413136997587721],[106.85690719946791,-6.1408208992076103],[106.85683729977647,-6.1403983999523568],[106.85682729939701,-6.1403401995123348],[106.85681519937768,-6.1402715000201606],[106.85679329938571,-6.1401528995803814],[106.85678369950652,-6.140107299933443],[106.85689319935231,-6.1400843999765948],[106.85799279933789,-6.1398655000122151],[106.85805499927359,-6.1398532993719694],[106.85821879926912,-6.1398200993838188],[106.85829869993793,-6.1398053996287549],[106.85912169990696,-6.1396543994926098],[106.85930879974988,-6.1396200992609833],[106.85959509955019,-6.1395674994235234],[106.85985919995203,-6.1395189992169081],[106.86003119981423,-6.1394874998884124],[106.86060889998666,-6.1393814995560989],[106.86075119985907,-6.1393553998573269],[106.86093999986004,-6.1393206998956575],[106.86112619933515,-6.1392865993390959],[106.86138479947877,-6.1392390995039534],[106.86145619940692,-6.1392259994202867],[106.86167839981164,-6.1391852996793936],[106.86173440002038,-6.1391749999735215],[106.86214539916961,-6.139099599792436],[106.86258959920991,-6.1390179996877823],[106.8626488993693,-6.1390071992604858],[106.86304719948495,-6.138934099441256],[106.86322329982937,-6.1389017992099042],[106.86338359938419,-6.1388722998731771],[106.8657344994656,-6.1384427998100923],[106.86632069965441,-6.1383333999721188],[106.86640079984572,-6.1383162997146021],[106.86646489942379,-6.138302699182919],[106.86652789941122,-6.1382892995816043]],[[106.89027369988217,-6.1447421998436189],[106.89029029968961,-6.1445885995787037],[106.89028249919065,-6.1444925999342184],[106.89031599929372,-6.1444629991913411],[106.89034159929092,-6.1444263993790136],[106.89054109957573,-6.1429135998653246],[106.89057149933141,-6.1427357993719953],[106.89058409940353,-6.1426733997022982],[106.89058890004088,-6.1426424999204716],[106.89060089939375,-6.142552199623057]],[[106.89060089939375,-6.142552199623057],[106.89058969986274,-6.1425268997060636],[106.89057239928771,-6.1425041999689807],[106.89047369943904,-6.1424738993350427],[106.89003299932784,-6.1423380995559276],[106.88783709948463,-6.1416559995829978],[106.88723929917052,-6.1414703997218192],[106.88719859938713,-6.1414576999476234],[106.88715919946641,-6.1414454991907448],[106.88714399948735,-6.1414407997284552],[106.88708390000883,-6.1414220997657312]],[[106.89060089939375,-6.142552199623057],[106.89062459962044,-6.1424615993746574],[106.89064329984873,-6.1423878998645671],[106.89073619983466,-6.1420069996120397],[106.890827699235,-6.1416707997270548],[106.89083589980044,-6.141582999263024],[106.89086329915729,-6.141471399892187],[106.89088699982018,-6.1413665991876538],[106.89096629926205,-6.1409903997814128],[106.89101979937942,-6.1407296999976628],[106.89111469975474,-6.1403010992250229],[106.89115139991947,-6.1401418991391621],[106.89127060001732,-6.1396223995087311],[106.89131829991854,-6.1394209000229916],[106.89136419975385,-6.1392200000221715],[106.89141849997408,-6.1389863991425484],[106.89154499919823,-6.1384076000100807],[106.89170659998561,-6.1377037993944965],[106.89177179914084,-6.1374200994768398],[106.89194959948301,-6.1365775995919876],[106.89196779993144,-6.136492099226623],[106.89199169994056,-6.1363677991526773],[106.89200019976049,-6.1362938997701315],[106.89202260001261,-6.1360473993020586],[106.89202519957655,-6.1360183996888429],[106.89202659990782,-6.1356596997432176],[106.89202259918115,-6.1354663991886458],[106.89200779921697,-6.1352889999762059],[106.8919876996235,-6.1350862998782603],[106.89196349928055,-6.1349361991853],[106.89193039965261,-6.1345379997800595],[106.89192459980981,-6.1343595994983771],[106.89194739981922,-6.1340288993479399],[106.89196549942046,-6.1338235995745665],[106.89200239961797,-6.1335648998288264],[106.89205879990432,-6.1333381993282563],[106.89214319954448,-6.1331034995216225],[106.89221829930175,-6.1329194998124947],[106.89226069943881,-6.1328167000222242],[106.89244569991287,-6.1323834993200954],[106.89259869987549,-6.1320852997720241],[106.89267479974021,-6.1319369993226518],[106.89270639945987,-6.1318753996782807],[106.89278229995583,-6.1317422994634931],[106.89294379932808,-6.1314592992644732],[106.89312909971184,-6.1310444995615896],[106.89317529957501,-6.130918299830066],[106.89318119951052,-6.1309019999032577],[106.89322749968036,-6.1307583996078749],[106.89337849949497,-6.1301086993968559],[106.89343579977627,-6.1296529993000801],[106.89345169994135,-6.1294600996019701],[106.89346319925089,-6.1293158998833039],[106.89345599997324,-6.1291906998581407],[106.89345439994064,-6.1291539991574036],[106.89343709983589,-6.1288384993882392],[106.8934221991459,-6.1286377999702859],[106.89341489935967,-6.1284476991774888],[106.89341059977048,-6.1283375998260921],[106.89340179947133,-6.1280974998539559],[106.89340279948169,-6.1278266994766595],[106.89339459925273,-6.1274938993207302],[106.89340659998996,-6.1270380997643876],[106.89339709926733,-6.1263603993338993],[106.89338420001836,-6.1256440994934716],[106.89337889927592,-6.1255617996944984],[106.89336999956335,-6.1252379999865418],[106.89336879979182,-6.1252094993365374],[106.89333249949058,-6.1244748999421956],[106.89332029991652,-6.124226899758499],[106.89331529976877,-6.1241257999658849],[106.89329129972161,-6.1231496995965902],[106.89328839995963,-6.1230493997787985],[106.89327849993224,-6.1227614997961135],[106.89326099933372,-6.1224755994639475],[106.89325109928244,-6.1221773994821129],[106.89324229936177,-6.1220214994542355],[106.89322059998929,-6.12159930001138],[106.89320329997885,-6.1213943992363067],[106.89317769928878,-6.1207635998767262],[106.89315909951462,-6.1204044994830413],[106.89313529982684,-6.1199502998391528],[106.89310469988773,-6.1194120994954808],[106.89309849994599,-6.1191909997835578],[106.89309429983815,-6.1191086996671178],[106.89308709938409,-6.1188532994143374],[106.89307869964624,-6.1187072991913061],[106.89306089971046,-6.1183111993053112],[106.89306189968056,-6.1182223999520833],[106.89306029997519,-6.1181910996606446],[106.89305989923263,-6.1180489997214407],[106.89306129956402,-6.1180198000244106],[106.89307619940304,-6.1174542995304648],[106.89307289979791,-6.1172014993791555],[106.89306819951868,-6.116949299986814],[106.89305499957381,-6.1166627993636542],[106.89304409992874,-6.1164097999544191],[106.8930413992846,-6.1163045998363819],[106.89302059958645,-6.1157909999641724],[106.89301169993101,-6.1153286998581553],[106.89300509921607,-6.1152335991913223],[106.8930049000268,-6.1152308992208635],[106.89300159951908,-6.1151556997552783],[106.89298869925545,-6.1148715994333092],[106.89298199990193,-6.1146939997179395],[106.89296299983482,-6.1141368996539445],[106.89296289998498,-6.1140912995747927],[106.89296269996468,-6.1139696994317845],[106.89296149970991,-6.1136283997716916],[106.89296129964198,-6.1131956995252441],[106.89296699918211,-6.1127732992734769],[106.89297229990399,-6.1123324993155954],[106.89298229970457,-6.1120301992633896],[106.89301909922851,-6.1119549995849844],[106.89302179986325,-6.1118829995215069],[106.89303789919511,-6.1112282992488884],[106.89304989961894,-6.1109880995241941],[106.89305659943572,-6.110824699158723],[106.89305959960713,-6.1105595993967325],[106.89303140003588,-6.1104172998532782],[106.89303329943056,-6.1103827992160227],[106.89304479929521,-6.1101761991903247],[106.8928232996663,-6.1101778995577822],[106.89279569945057,-6.1101780998075039],[106.89275019923561,-6.1101786994247478],[106.89246549972007,-6.1101684994041774],[106.89195819958046,-6.1101502998506643],[106.88999289999374,-6.1100961994227632],[106.88984689966001,-6.1100921992071875],[106.8898071992156,-6.1100911995479885],[106.88966299983529,-6.1100873999963019],[106.88925079930152,-6.1100750994241642],[106.88909289962719,-6.110068199637281],[106.88883799936747,-6.1100618992034974],[106.88879859969913,-6.1100608993170011],[106.88861289996635,-6.1100569993608289],[106.8882995998727,-6.1100436996036906],[106.88804309929074,-6.1100369993517525],[106.88772809997907,-6.1100241997874072],[106.88664559958607,-6.1099900998356933],[106.88521599976544,-6.1099527999984353],[106.88511969919523,-6.1099505997465364],[106.88485130002324,-6.1099425997200401],[106.88428319976302,-6.1099216999999735],[106.88417409970594,-6.1099174992594385],[106.88406319967497,-6.1099138997306097],[106.88354869949802,-6.1098923999787722],[106.88312109963371,-6.1098855996696182],[106.88287379925217,-6.1098816991808924],[106.88278479979145,-6.1099295998000311],[106.88272549930073,-6.1099995995619407],[106.88262939924392,-6.1101573998080738],[106.88252720003182,-6.1102727996920398],[106.88242029974306,-6.1103614993570003],[106.88231469962039,-6.1104272996203521],[106.88228619923247,-6.1104361994898753],[106.88217489998684,-6.1104044991671609],[106.8820964995939,-6.1103551992180085],[106.88197979923835,-6.1102517998043648],[106.88189999952012,-6.1101734996316681],[106.88180589969581,-6.1101063000022595],[106.88169709971061,-6.110034199778088],[106.88159509956114,-6.1100134991711021],[106.88121700003957,-6.1100147997850565],[106.88103319929267,-6.1099847995148853],[106.88089909971815,-6.1098753992450945],[106.88088029929726,-6.1098287991862437],[106.88090089917517,-6.1097553997343139],[106.88097559974486,-6.1096938000212431],[106.88107879973508,-6.109608799772019],[106.88119349968827,-6.1094940995765317],[106.88126319955346,-6.1094593994936259],[106.88131289933128,-6.1094460991542023],[106.88141419919936,-6.109437799927937],[106.88148719915935,-6.1094388997892537],[106.88267339936993,-6.1094853995735008],[106.88288289939142,-6.109502199158074],[106.88294189984919,-6.1095127998086562],[106.88375430002881,-6.1097412999956449],[106.88390189932613,-6.1097862993898557],[106.88396509983241,-6.1098055993659939],[106.88406489955895,-6.1098270992533976],[106.88417349945043,-6.1098398993114698],[106.88428179923348,-6.1098435992533906],[106.88462579932509,-6.1098553996068414],[106.8871624993742,-6.1099234999262952],[106.88849139944908,-6.1099658995900681],[106.88940289975022,-6.1099969992227736],[106.88976499957508,-6.1100034994201957],[106.8898090992945,-6.1100037991799967],[106.88985099915432,-6.1100039999864642],[106.89193689925581,-6.1100515998758143],[106.89246559939639,-6.1100636998417315],[106.89279829925326,-6.1100688991381995],[106.89282539914767,-6.110069499908577],[106.89288899926636,-6.1100708998148683],[106.89305189940708,-6.1100744997294125],[106.89308269958305,-6.1100818992702033],[106.89310959927508,-6.1100974995597257],[106.89312499990641,-6.110120499154279],[106.89313309971172,-6.110171899165552],[106.89313069969171,-6.1102728994431974],[106.89312389945474,-6.1105094995407994],[106.89311210003261,-6.1112526993029936],[106.89311108885671,-6.111338663318044],[106.89310729914091,-6.1116609998839628],[106.89310219944024,-6.1119549998075504],[106.89310359925408,-6.1122871000081735],[106.89309979951447,-6.113286999221585],[106.89310489945693,-6.113323199397116],[106.89313209989979,-6.1133805997922135],[106.89318569939923,-6.1134616996745379],[106.89322449973037,-6.1135310996549732],[106.89323559960408,-6.1135742993478353],[106.89323799922231,-6.1136709997773071],[106.89323729917021,-6.1137405995130809],[106.89323169928625,-6.1139438994037896],[106.89323169972423,-6.1140184992901245],[106.89323069935206,-6.1140794998850501],[106.89322989936053,-6.1142269999821375],[106.89323889928701,-6.114623599276924],[106.89324299922916,-6.1147706996517144],[106.89324809996803,-6.1148653996331905],[106.89324829978177,-6.1151555997111755],[106.8932482997043,-6.1152171998394911],[106.89324889981411,-6.1152213992724027],[106.89325169974822,-6.1153270999264047],[106.89327989940905,-6.1157292995874668],[106.89329099991755,-6.1159538991501012],[106.89331219954337,-6.1163104995318536],[106.89331649964666,-6.116409699528818],[106.89333449933103,-6.1166744991426336],[106.89334609986628,-6.1169127991941341],[106.89335599956891,-6.1170640996315395],[106.89336129950591,-6.1171362993076457],[106.89339679969812,-6.1172200993327479],[106.89341169917624,-6.1172907995435795],[106.89342850000982,-6.117420499182372],[106.89345459979138,-6.1180560996012181],[106.89346449951967,-6.1182727993309207],[106.89345349944021,-6.1184206997328809],[106.89345539962578,-6.1184790997169705],[106.8934656999743,-6.1185765995338945],[106.89348819963989,-6.1187110999332006],[106.89352479945916,-6.118879599683992],[106.89354659957402,-6.1189777994264212],[106.89355379952802,-6.1190238997422499],[106.89356479919505,-6.1192201999251381],[106.89358489949461,-6.1197288997312072],[106.89358219997519,-6.1199834993975424],[106.89356369963271,-6.1202464991343373],[106.89350899949291,-6.120611899530056],[106.89360179933855,-6.1230601993896681],[106.89366699970411,-6.1246882999348413],[106.89375129958233,-6.125997299131404],[106.89381599950001,-6.126969599885582],[106.89393659991788,-6.1281717998460392],[106.89395059961994,-6.1284578994590886],[106.89396039920788,-6.1286569993185873],[106.89396429946363,-6.1288786991470108],[106.89388139952338,-6.1299740993150911],[106.89385729961096,-6.1300267992012172],[106.89386799955152,-6.1300997997589661],[106.89384359980244,-6.1301939999041242],[106.89377069940114,-6.1305054992853991],[106.89369769966311,-6.1308438999572132],[106.89362179960121,-6.1311513991879227],[106.89351929966696,-6.1315073992966411],[106.89345519967173,-6.1317321993057066],[106.89336529960968,-6.1320475996242347],[106.89327249951515,-6.1323728997153273],[106.89310629988924,-6.133076999967761],[106.89302919974979,-6.1335308994932234],[106.89300909983648,-6.1336491997590326],[106.8929973996002,-6.133814499284866],[106.89296559964208,-6.1342642993664747],[106.89292729984371,-6.1343158994196783],[106.89290909996507,-6.1343684998278496],[106.89288249994338,-6.134583899908046],[106.89281519994455,-6.1349724993635721],[106.89275579959757,-6.1352005992562573],[106.89258919952896,-6.135970799383303],[106.89209979954053,-6.137992199747619],[106.89178529992446,-6.1393440000153392],[106.89140569971588,-6.1410267995098939],[106.8912869992588,-6.1415221993222513],[106.89116969984906,-6.1420321997362084],[106.89105239968092,-6.1424811000245505],[106.89102669952368,-6.1425867992918839],[106.89097049986687,-6.1428181999739557],[106.89093439965026,-6.1429758998152533],[106.89055849984982,-6.1445451998964646],[106.89055689949544,-6.144620799138429],[106.89054059917137,-6.1448000994946961],[106.89044590002905,-6.1452094993913384],[106.89035279924461,-6.1456120999266295],[106.89030479938155,-6.1458005999502978],[106.89026039968685,-6.145900399857676],[106.89011959967912,-6.1464937995461391],[106.89004019957794,-6.1469062999806061],[106.88997039930908,-6.14720209947233],[106.88986229954918,-6.147684699304313],[106.88974249961156,-6.1479605991562787],[106.88971989961696,-6.1480176997825398],[106.88966099973496,-6.1482010992674816],[106.88922139961419,-6.1493011998642872],[106.88906089988423,-6.1496785999957266],[106.88873989998682,-6.1503504993729186],[106.88872349929824,-6.150365799422568],[106.88868379933088,-6.1503703999454196],[106.88864989958738,-6.1503542000230151],[106.88861489919381,-6.1503227999077774],[106.88860789938794,-6.1502821996735832],[106.88861529979209,-6.1502660996387508]],[[106.88708390000883,-6.1414220997657312],[106.887051399836,-6.141530199152724],[106.88687679987233,-6.1421115998033118],[106.88666769994387,-6.1427955998158117],[106.88664779973924,-6.1428585994139135],[106.8864280994879,-6.1435594991975178],[106.88632979990754,-6.1438647996640405],[106.88630189997596,-6.1439491996807831],[106.88627939973259,-6.1440236992441424],[106.88625319917277,-6.1441396994631807],[106.88623919964174,-6.1441962995147854],[106.88622049993687,-6.1442651998659992],[106.88614609964992,-6.1445387998936125],[106.88611279930441,-6.1445656999662459],[106.88609069928837,-6.1446432993413538],[106.88596589933537,-6.1450151995563571],[106.88591829924589,-6.1451583996453447],[106.88586789959352,-6.1453061999633443],[106.88581629955183,-6.1454873991264609],[106.8857780992754,-6.1456214992980405],[106.88575089960486,-6.1457069999195397],[106.88564769960549,-6.1460319991984731],[106.88559539929632,-6.1461964994770719],[106.88557759933882,-6.1462525993944528],[106.88554019966301,-6.1463795992155505],[106.88550069996957,-6.1464935994063215],[106.88548499965573,-6.1465389994987785],[106.88543709995953,-6.1466771998492593],[106.88540679952592,-6.1467648994551656],[106.88539569942446,-6.1467967997977615],[106.88539359985502,-6.1468577999519995],[106.88539219997318,-6.1469350993848604],[106.88532409953847,-6.147152599474289],[106.88526319981408,-6.147345499487149],[106.88525099987119,-6.1473841992685108],[106.8852135997147,-6.1475056991916341],[106.88504079995312,-6.1480124992465663],[106.88487699939928,-6.1484841993875605],[106.88487559988528,-6.1484884999213927],[106.88474599913859,-6.14885699959415],[106.88466399970532,-6.1490958992688238],[106.88460229994993,-6.1492958997025884],[106.88458750000937,-6.1493491997721357],[106.88458859925018,-6.1493842993571786],[106.88460129971359,-6.1494045996392472],[106.88462210002619,-6.1494213994313771],[106.88471889958443,-6.1494331996947098],[106.884934899141,-6.14946059991337],[106.88503019968357,-6.1494740997771808],[106.88540099959958,-6.1495267994262903],[106.88551089998585,-6.1495491996099139],[106.8855374993735,-6.1495596995938593],[106.88567839940495,-6.149590799404991],[106.88599979985077,-6.149669599339334],[106.88653749928278,-6.149775899664478],[106.88683729960671,-6.1498523992086849],[106.8874044996944,-6.1500458994313556],[106.88751139930834,-6.15007959979466],[106.88759379941845,-6.1501073000148443],[106.88760569969621,-6.150111999295401],[106.88775299944507,-6.1501702996396403],[106.88815729953923,-6.1503301997366355],[106.88819469996821,-6.1503507995417355],[106.88831979961616,-6.150367599309166],[106.88839169954744,-6.150368799880356],[106.88847799935057,-6.1503618999341745],[106.88853109953662,-6.1503405995246547],[106.88856749955299,-6.1502947998125714],[106.88858429995709,-6.1502872993027502],[106.88861529979209,-6.1502660996387508]],[[106.88708390000883,-6.1414220997657312],[106.88700269917904,-6.141396699480107],[106.88695700001338,-6.1413810996453417],[106.88638879925027,-6.141201199746904],[106.88624869946746,-6.1411580995340644],[106.88571890003162,-6.1409950992724127],[106.8857056994719,-6.140990999395135],[106.88565579959102,-6.1409755995822204],[106.88544399953774,-6.1409116997356668],[106.88518929951566,-6.1408320994962828],[106.88416369937319,-6.1405164994720645],[106.88386509981737,-6.1404245993797275],[106.88258469947608,-6.1400305992934117],[106.88250819934528,-6.1400070993504325],[106.88246989942093,-6.1399952993680085],[106.88240349964236,-6.139974899453863],[106.88132699962848,-6.1396435997430343],[106.88081749992199,-6.1394954995387954],[106.88006399977186,-6.1392549995820245],[106.87993849959422,-6.1392162999408306],[106.87983419968967,-6.1391841993059728],[106.87917619976258,-6.1389817995001383],[106.87907249953122,-6.1389499000166854],[106.87904179946673,-6.1389403994332623],[106.87899779988324,-6.1389268994798813],[106.8781984998495,-6.1386808999524032],[106.87766729940446,-6.1385173996522386],[106.87708539971884,-6.1383383995053622],[106.87700979938396,-6.1383150998111624],[106.8768058999183,-6.1382523996458742],[106.8765141998358,-6.1381625997514826],[106.87644609992122,-6.1381415991399333],[106.87635799937433,-6.1381144996189967]],[[106.86654509987181,-6.1382855994622938],[106.86730849920825,-6.1381438999004763],[106.86827189922772,-6.1379650999686604],[106.86857419914955,-6.1379089996843801],[106.86873809914147,-6.1378778995569094],[106.86898189976456,-6.1378323992893691],[106.86908749986145,-6.1378130993334379],[106.86968599930945,-6.1377015999282829],[106.87005379964883,-6.1376330992631596],[106.87011279970665,-6.1376223995101284],[106.87049429983757,-6.1375509999107054],[106.8708157998075,-6.1375016993423497],[106.87120060000532,-6.1374425996093107],[106.87174039960202,-6.137357299569496],[106.87198519985846,-6.1373178994209345],[106.87207609935,-6.137306599660155],[106.87218749986137,-6.1372956992419683]],[[106.87632969938286,-6.1381064994597523],[106.87608889920946,-6.1380363000268607],[106.87447430000272,-6.1375652998732129],[106.87400359982207,-6.1374718992314765],[106.87381379925431,-6.1374652997915815],[106.87348719965962,-6.1374705994846819],[106.87294679919742,-6.1374772999778742],[106.87237330003198,-6.1374966997097529],[106.87233159968807,-6.137500299453241],[106.87216860003362,-6.137500599289754]],[[106.87213979921852,-6.1375017994774099],[106.87150129976504,-6.1376066999199201],[106.87142409943381,-6.1376223992296879],[106.8708938997972,-6.1377168996057563],[106.87028589925588,-6.1378251993400452],[106.87026429971013,-6.1378291997517289],[106.87016299922705,-6.1378475997343802],[106.87011319958856,-6.1378566995543471],[106.86984849951845,-6.137905099716459],[106.86944919976052,-6.1379761000072417],[106.86878649950775,-6.13809399971825],[106.86861359925304,-6.13812479948208],[106.86855399930177,-6.1381349993835812],[106.86841069940184,-6.138160199383492],[106.86830379988916,-6.1381801999697236],[106.86786259963573,-6.1382626998496868],[106.86749649940347,-6.1383348994183224],[106.86740159941299,-6.1383500993995561],[106.86709289922862,-6.1384034999574419],[106.86668609940332,-6.1384814992276713],[106.86650519914608,-6.1385165993216644],[106.86587499926168,-6.1386373996226471],[106.86578269951029,-6.138656399486945],[106.86554490002241,-6.1387102997772098],[106.86534889932364,-6.1387542993367594],[106.86517909968255,-6.1387853992338046],[106.86511729956655,-6.1388001995780312],[106.86501709938038,-6.1388244999051755],[106.86499489993874,-6.1388292996805065],[106.8644092994919,-6.1389449999968644],[106.86336699925312,-6.1391414998733662],[106.86233159929343,-6.1393366999679833],[106.86080139917181,-6.1395944998975871],[106.86024639934357,-6.1396926991549385],[106.86014209972676,-6.1397111991954745],[106.8599482994392,-6.1397492996740182],[106.85985879967801,-6.1397675999358645],[106.85970849916578,-6.1397982995787883],[106.85917049930423,-6.1398934993290712],[106.85828289919029,-6.1400593994412693],[106.8582427993004,-6.1400669998452084],[106.85810119991471,-6.1400956996101543],[106.85794659921756,-6.1401266994635852],[106.85741019943409,-6.1402308993161672],[106.85693659968003,-6.1403206998714515],[106.85694679943407,-6.1403782992512097],[106.85696929985242,-6.1405053994039633],[106.85698429915149,-6.1406020997003274],[106.8570640994223,-6.1410494994462619],[106.85707519919004,-6.141106899487542],[106.85716149930356,-6.1415513995613162],[106.8572713995606,-6.1421351992903874],[106.85730529940044,-6.1423103999762105],[106.8573620998872,-6.1426185998806835],[106.85738889944001,-6.1427601994986603],[106.85741669921254,-6.142906799252617],[106.85747439928724,-6.1432114995935097],[106.85748039925485,-6.1432460999341689],[106.85753959927432,-6.1435888999374679],[106.85758650002806,-6.1438602995580318],[106.8576033994748,-6.143958299672164],[106.85761179921361,-6.1440062994529532],[106.8576354994609,-6.144142399828354],[106.8576556997786,-6.1442606995109745],[106.85768109925951,-6.1444032993970907],[106.85769619952305,-6.1444932994192794],[106.85773069940318,-6.1446730991586094],[106.85774699974148,-6.1447579991597161],[106.85776419967242,-6.1448477992874153],[106.85782979925372,-6.1451893996783244],[106.85790229980979,-6.1455710999295157],[106.85798599965069,-6.1459876997348442],[106.85804489968896,-6.146318699421915],[106.85806619999074,-6.1464401995427336],[106.85812409918883,-6.1467768997718633],[106.85815389999674,-6.1469508992685711],[106.85817379935361,-6.1470666998987129],[106.85819959927606,-6.147217299184077],[106.85820619928569,-6.1472630999299858],[106.85821279929019,-6.1473088997700369],[106.85822129943001,-6.1473560998747105],[106.85829509997025,-6.1477676995170327],[106.85830639977698,-6.1478294992823033],[106.85831919999536,-6.147900899618608],[106.85838509992692,-6.148280499548628],[106.8584480994999,-6.1486036999472216],[106.85848999950008,-6.1487703995759366],[106.85853469951977,-6.1488544999533339],[106.85847789988854,-6.1488653991665183],[106.85844870001969,-6.1488780992911014],[106.85843869932714,-6.1488844993590872],[106.85841129992018,-6.1489070991918338],[106.85839659992564,-6.148925999327516],[106.85839149953472,-6.1489358995320771],[106.85830840000237,-6.1491080999804026],[106.858286199993,-6.149155299264093],[106.85818899995439,-6.1493496997635431],[106.85799979974736,-6.1496729998440527],[106.85786279916381,-6.1498958995434956],[106.85774049923286,-6.1500949000000542],[106.85765989997033,-6.1502259995239434],[106.85760849916818,-6.150303899835297],[106.85750379954483,-6.1504786998250616],[106.85725379928893,-6.1508666996085184],[106.85700499972587,-6.1512529998988468],[106.85682579994511,-6.1515310996864008],[106.8567390992999,-6.15166569962207],[106.85673419998277,-6.1516716000213636],[106.8566698992595,-6.1517480994188753],[106.85658759980841,-6.1518459995665458],[106.85644380000122,-6.1519737998056412],[106.85628489914673,-6.1520731995067877],[106.85603409984633,-6.1521370994043156],[106.85570419980154,-6.1521585995431529],[106.85533349949439,-6.1521696996405346],[106.85522189956284,-6.1521735991505198],[106.85501099958853,-6.1521750000274267],[106.85469809936718,-6.1521686999415444],[106.85469669931956,-6.1521710999284736],[106.854424299977,-6.1522136997988284],[106.85441799965658,-6.1522146999776322],[106.85426779973575,-6.1522377993916582],[106.85410029958,-6.1522591993362141],[106.85263669963621,-6.1524914997995044],[106.85182079976984,-6.1526086993979012],[106.85099459922471,-6.1527267997458246],[106.85042309933155,-6.1528173995062918],[106.84896379971639,-6.1530569996285429],[106.84766109926228,-6.1532627999483065],[106.84659569988142,-6.1534310991765278],[106.84648169982756,-6.1534734991700963],[106.84638409987278,-6.1535357991592399],[106.84636599983223,-6.1535389992124996],[106.84605229992867,-6.1535939994239985],[106.84553059980161,-6.153716599689024],[106.84546189960031,-6.153732999141277],[106.84531909935252,-6.1537630996718029],[106.84519119917238,-6.1538032997367234],[106.84511349966607,-6.1538312999608733],[106.84496329950105,-6.153897999489697],[106.84482919988697,-6.1539786995091781],[106.84473549974622,-6.154044999390857],[106.84471519970653,-6.1540593996653996],[106.84462009929437,-6.1541477000184699],[106.84453579921932,-6.1542546991721965],[106.84446769950533,-6.1543347000047461],[106.84445309979465,-6.1543558997969638],[106.84438509957275,-6.1544547991591934],[106.84432049926504,-6.1545540999768473],[106.84424969955676,-6.1546629991383615],[106.84421929924002,-6.1547047997957689],[106.84389059949301,-6.1551564995012882],[106.84383199954908,-6.1552369991443321],[106.84377370000411,-6.1553364997035223],[106.84376339922025,-6.1554107998861811],[106.84376199965918,-6.1554591993188499],[106.84383169929362,-6.1557020996706626],[106.84386259980178,-6.1558217994495754],[106.84390050003016,-6.1559687998466055],[106.84396279919974,-6.1563145999245812],[106.84400659958197,-6.1565343996309041],[106.84411089935243,-6.1569167998011238],[106.84412369989064,-6.1569477991940174],[106.84415429951078,-6.1569927995685223],[106.84418599947152,-6.1570288991368587],[106.84426299925843,-6.1570424992802959],[106.84444579919476,-6.1570030000222564],[106.84481589932248,-6.1569102994260696],[106.84634799968259,-6.1565268999547973],[106.84675759925419,-6.1564497994182137],[106.84680329933325,-6.1564414992531056],[106.84700349981924,-6.1564380992658307],[106.84725189997478,-6.1563842996805915],[106.84726429975582,-6.1563818995966484],[106.84747519970567,-6.1563373997744426],[106.84750159917854,-6.1563427993676934],[106.84752879929539,-6.1563581998576691],[106.84754659921256,-6.1563773996428193],[106.84755839935573,-6.1564011997904533],[106.84756299966855,-6.1564294995772784],[106.84755859942737,-6.15645829978763],[106.84754509972322,-6.156484599846042],[106.84751769921641,-6.1565094995612935],[106.84742009973455,-6.1565349000031695],[106.84716459946557,-6.1565953997060774],[106.84701399967652,-6.156625999862376],[106.84693059955463,-6.1566118996628791],[106.84679919990043,-6.1566365996332459],[106.84621659987444,-6.1567458994156636],[106.8448514996805,-6.1570888991453963],[106.84396549922702,-6.1573260993099934],[106.84385039961522,-6.1573933999671224],[106.8432334995465,-6.1575507995566863],[106.84305349923393,-6.1575966993545208],[106.84303249989574,-6.1576016996014458],[106.8429425996989,-6.1576002000170975],[106.84284729935513,-6.1576063999592021],[106.84276149927636,-6.157619199138006],[106.84271669945622,-6.157628499520519],[106.84078219954355,-6.1581605994308113],[106.84023529944778,-6.1583046992413388],[106.83900209986501,-6.1586802993715368],[106.83881349947873,-6.1587378995094415],[106.83755129978479,-6.1591594997056571],[106.83751089947216,-6.1591920000057545],[106.8374808991411,-6.1592076993750959],[106.83742099917487,-6.1592428997891195],[106.83737259994854,-6.1592650993151903],[106.8373239995523,-6.1592907995725632],[106.83722849924902,-6.1593414998153539],[106.8372179998251,-6.1593461996871692],[106.83703289964457,-6.1594195993807457],[106.83699139992224,-6.1594381991255966],[106.83640499970949,-6.1596613992058513],[106.83595909939491,-6.1598366995540292],[106.83567599975024,-6.1599532993223942],[106.83518469994122,-6.1601516996539809],[106.83502969986311,-6.1602130999650404],[106.83475759966298,-6.1603178991573957],[106.83473939964901,-6.1603241996462499],[106.83470629950403,-6.160316999689603],[106.83467960002685,-6.1602963995975832],[106.83466449924448,-6.1602662992682973],[106.83466379934661,-6.1602326999822559],[106.83467779999498,-6.1602020998884859],[106.83470379967657,-6.1601914994592128],[106.83471869955459,-6.1601851994744941],[106.8348639996364,-6.1601239998939823],[106.83513399965344,-6.1600100992953442],[106.83521469951545,-6.1599768998522082],[106.8360541995454,-6.1596318995523172],[106.836207699206,-6.1595687998319519],[106.83692489987511,-6.1592742996865599],[106.83698449975485,-6.1592505995753095],[106.83718060001475,-6.1591722994031084],[106.83719289982656,-6.1591680996686407],[106.83728589957218,-6.1591210997762813],[106.83733159922214,-6.1590969999563292],[106.83731199944846,-6.1590161994651229],[106.83729779957562,-6.1589606998275457],[106.83729209987499,-6.1589377996688182],[106.83712519980421,-6.1582436993134699],[106.83701809972951,-6.1577978993386582],[106.83695119942581,-6.1575460996564013],[106.83686479938696,-6.1572001996169634],[106.8367597999336,-6.1567660994097908],[106.83671659952194,-6.1565988998597474],[106.83664889919704,-6.1563341993885263],[106.83642699919963,-6.1554682999593435],[106.83602189953255,-6.1538896998074435],[106.83572299969089,-6.1527253995578475],[106.83550820003306,-6.1518269992590167],[106.83536689933948,-6.1512790991457873],[106.83513689939089,-6.1503411994020869],[106.83511709998747,-6.150268799950835],[106.83485569936563,-6.1493162995101009],[106.83483179982481,-6.1492407992362752],[106.83480769936865,-6.1491644000018679],[106.83466889923167,-6.1487275997009467],[106.83464039934498,-6.1486366999890176],[106.83444719914006,-6.1479379996716075],[106.83434259960325,-6.1475165999711381],[106.83429569919473,-6.1472965997938234],[106.8342741996108,-6.1471565993808603],[106.83425139965941,-6.1469792991273442],[106.83424199928226,-6.1468672991492506],[106.83424509963478,-6.146724899616415],[106.83424879970818,-6.1465552996488428],[106.83425679989207,-6.1462912993928844],[106.83427559977396,-6.1461218998715479],[106.83428629963761,-6.1459618998840426],[106.83429029999002,-6.1458271998990943],[106.8342947994397,-6.1457363993341758],[106.83429269994289,-6.1456875993712545],[106.83428729964102,-6.1455678992983067],[106.83424769968471,-6.1453459996460724],[106.83422659923859,-6.145264699340717],[106.83407759996861,-6.1446042992475984],[106.83403549944831,-6.1444115992779391],[106.8338962995353,-6.1437700996156259],[106.83345619956106,-6.1418237995399174],[106.83343249957905,-6.1417313993729286],[106.8334219999039,-6.1416849998131706],[106.83341289955187,-6.1416517999782405],[106.83340339983251,-6.14160959957914],[106.83332609996266,-6.1412356992173533],[106.83321329984221,-6.1407263995550387],[106.83319350000137,-6.1406144992681053],[106.83318179962374,-6.1405484995467567],[106.83311069916441,-6.1402149997236739],[106.83308139965418,-6.140078299787346],[106.83302789929147,-6.1398283999412335],[106.83285049947085,-6.1390670997596919],[106.83275699968191,-6.138680199202958],[106.83274479981326,-6.138629499743951],[106.83267159930416,-6.1382767995455652],[106.83257910000134,-6.1378240997259637],[106.8325654994642,-6.1377639998435312],[106.83246929989417,-6.1373399992915765],[106.83245259922039,-6.1372743999864126],[106.83243510000526,-6.1372058992122227],[106.83238499974829,-6.1370095994680458],[106.83236879943411,-6.1369354992187022],[106.83233969938503,-6.1368027993998018],[106.83231119982815,-6.1366879992299888],[106.83230369986781,-6.1366376995595671],[106.83223659969951,-6.1363203991939441],[106.83216239946528,-6.135967999600239],[106.8321176996275,-6.1357554993044454],[106.83203389938679,-6.1353786999355391],[106.83199369944515,-6.135197699138411],[106.83198299973576,-6.1351507992351921],[106.83196909927396,-6.1350946000172772],[106.83196019933375,-6.1350572998846626],[106.83193669983682,-6.135028899746878],[106.83190169919558,-6.1350090996655178],[106.83183789999015,-6.1350079996485132],[106.83182679988464,-6.1350104996835899],[106.83157289922688,-6.1350677000263705],[106.83155609983626,-6.1350717991442645],[106.83129109941983,-6.1351228998062357],[106.83084099950617,-6.1352188998236006],[106.8307528999396,-6.135237699542138],[106.8307003994597,-6.1352489000164718],[106.83056729997685,-6.1352772994671048],[106.83024079991917,-6.1353558996951749],[106.83008059990988,-6.1353944994340068],[106.83000799991342,-6.1354118997568046],[106.82943249960906,-6.1355372997681039],[106.82901099970402,-6.13560459987578],[106.82883219988732,-6.1356510993080233],[106.82859239989287,-6.1357207992861014],[106.82829749972427,-6.1358065999049334],[106.82786469982197,-6.1358971995097438],[106.82780949943772,-6.1359087995582016],[106.82742259981067,-6.1359679992754881],[106.82705639945425,-6.136023399280738],[106.82671669927473,-6.13607589935941],[106.82598829958782,-6.1361892994872189],[106.82579289940368,-6.13622059940284],[106.82574769974525,-6.136226799774553],[106.82541109966321,-6.1362798997509778],[106.82535279962292,-6.1362890996118624],[106.82486500000486,-6.1363660995031024],[106.82484689971251,-6.1363688999561461],[106.82452409967314,-6.1364194993505823],[106.82389999966806,-6.1365220999794579],[106.82365419961549,-6.1365622998209037],[106.82336979967604,-6.1366038996014423],[106.8230886995734,-6.1366382997967674],[106.82260619961194,-6.1367080996942542],[106.82249519946711,-6.136724199451514],[106.82203079936626,-6.1367953993041677],[106.82183149926017,-6.1368271994327079],[106.82148589989799,-6.1368788991874013],[106.82141459969554,-6.1368932994215131],[106.82140819921734,-6.1368945997064817],[106.82135869922114,-6.136904499803836],[106.82130899935042,-6.136914599494907],[106.82127549982232,-6.1369212995096909],[106.82099699994143,-6.1369737996258538],[106.82066369986191,-6.1370526999498916],[106.82033739930603,-6.1371183997009551],[106.81994309932702,-6.1372011997374134],[106.81910659920894,-6.1373840996581182],[106.81896099951207,-6.1374169993504335],[106.81854659948669,-6.1375103995772431],[106.81809429998786,-6.1376013992760292],[106.81794509934501,-6.137628199608792],[106.81775780003457,-6.1376619992547061],[106.8177405994673,-6.1376650993325281],[106.81755049917443,-6.1376872996635239],[106.8174208998184,-6.13769809983991],[106.81736859932057,-6.1377013995655583],[106.81721409966514,-6.1377034992345267],[106.81707999987304,-6.1377044997392689],[106.81703239950825,-6.1377066993619431],[106.81682280000504,-6.1377478991761336],[106.81647229943046,-6.1378317996515213],[106.81495569974084,-6.1382341994031417],[106.81463709914664,-6.1383212999664911],[106.81408389931117,-6.1384763998543423],[106.81404349915866,-6.1384781995948954],[106.81397579973569,-6.1384812998472968],[106.81393799987688,-6.1384735995700037],[106.81390589954439,-6.1384629992471984],[106.81386939920969,-6.1384516995363763],[106.81381429952864,-6.1384273992421035],[106.81377649941709,-6.1384011993917644],[106.81370529985493,-6.1381883992185413],[106.81368829970101,-6.1381329997516643],[106.81367440000662,-6.1380874996093455],[106.81350609981561,-6.1375382993673062],[106.81348329958969,-6.1374637997022186],[106.81342059961108,-6.1372590992136349],[106.81338539914586,-6.1371440998411],[106.81322050003374,-6.1366060996566629],[106.813186499346,-6.1365626992534796],[106.81313829949583,-6.1365430998033874],[106.81308419967185,-6.1365461999311828],[106.81302909952679,-6.1365574998463828],[106.81231049977174,-6.1367478999833986],[106.81224749917152,-6.1367638993947047],[106.81222289987373,-6.1367709991298849],[106.81195659999176,-6.1368414991488773],[106.81189079969,-6.1368448991723739],[106.81183949924116,-6.1368353998682963],[106.81176489971567,-6.1367771996629124],[106.81172159983475,-6.1367257996599873],[106.81168969927056,-6.1366667993927226],[106.8116676996833,-6.1365863997765864],[106.81167649962717,-6.1365326995162599],[106.81167389924286,-6.136463299632009],[106.81163149933118,-6.1362538996757614],[106.81144099995518,-6.1354561996549242],[106.81140909989833,-6.1353306993956789],[106.81138119969819,-6.135223299997258],[106.81136019995112,-6.1351756998048597],[106.81129709940366,-6.1350999998724713],[106.81123479943851,-6.1348458992029338],[106.81113619991459,-6.1344966999553456],[106.81108879993107,-6.1343288992162162],[106.81106629960655,-6.1342568992618984],[106.81102980000966,-6.1342103993981656],[106.81098659959619,-6.134188099148453],[106.81089499925712,-6.134166600005317],[106.80996509974175,-6.1344424997009108]],[[106.87221619996005,-6.1372935997697207],[106.87242239926751,-6.1372805991814525],[106.87294440002141,-6.1372631997321054],[106.87317739920192,-6.1372585995893081],[106.8734335999193,-6.1372565998518587],[106.87358109972033,-6.1372598999909398],[106.87368579922901,-6.1372598996745058],[106.87394789954369,-6.1372645995972306],[106.87406059974749,-6.137267899379327],[106.87429590002073,-6.1373132993064123],[106.87455339965183,-6.1373678997778489],[106.87525079941521,-6.1375738997975908],[106.87536109944855,-6.1376081992682971],[106.87544519930697,-6.1376340996418675],[106.875473899898,-6.1376429998939237],[106.87555899935558,-6.137669299990514],[106.87638469985205,-6.1379240995370132],[106.87658980002259,-6.1379873996752252],[106.87677909961489,-6.1380459993042535],[106.87698149985255,-6.1381082997012104],[106.8771917999354,-6.138173199759736],[106.87775399933159,-6.1383467997598515],[106.87811149962273,-6.1384570991997034],[106.87833889994241,-6.1385257994266293],[106.87869099982193,-6.1386359998218962],[106.87875499948235,-6.1386556998679129],[106.87889659928875,-6.1386993993296279],[106.87909659966878,-6.1387611999748906],[106.87917569952143,-6.1387854996844027],[106.88327159949651,-6.1400431996735199],[106.88427179935944,-6.1403505993880199],[106.8844303995803,-6.1403993999060651],[106.88452769946468,-6.1404285992318197],[106.88533259969834,-6.1406766998478757],[106.88558409952479,-6.1407535997822684],[106.88633719926113,-6.1409840993528491],[106.88700719927516,-6.1412059994639483],[106.88702379953935,-6.1412114995847045],[106.88706039928569,-6.1412252997215813],[106.88713599942018,-6.1412478997360846],[106.88712329986998,-6.1412908995559254],[106.88709949954477,-6.1413724994074341],[106.88708390000883,-6.1414220997657312]],[[106.80711689976991,-6.1352418991272017],[106.80706659946769,-6.1352685994898151],[106.80704029987587,-6.1352973997389073],[106.80696469918419,-6.1353960998390189],[106.80692609970423,-6.1354708995191203],[106.80689519978088,-6.1355409000199019],[106.80686609915949,-6.1356221000128919],[106.80683209941053,-6.1357214997086649],[106.80684639970983,-6.1357825996771451],[106.80685879978385,-6.1358306993593761],[106.80686509969343,-6.1358552999599301],[106.80688540001395,-6.1359460993398134],[106.80687770004189,-6.1359665996944157],[106.80686919929376,-6.135983499574353],[106.80685459951299,-6.1360002997779448],[106.80682529942901,-6.1360171993311807],[106.80677679925093,-6.1360255992320107],[106.8065461991942,-6.1360492994177793],[106.80366619940044,-6.1363222991801463],[106.80354879957017,-6.1363331995479546],[106.80308019949697,-6.1363808997105931],[106.80302579918808,-6.1363970997017043],[106.80287519990442,-6.1364159998714971],[106.80272359952673,-6.1364396991840255],[106.80269789916926,-6.136418699181478],[106.80262459987622,-6.1364237996813866],[106.7971140993134,-6.1369321996067265],[106.79669909950476,-6.136968799154106],[106.79448539950417,-6.1371713999321758],[106.79436799955792,-6.1371838997152048],[106.79426479963378,-6.1371919999992324],[106.79336779943604,-6.1372930999977973],[106.7933300997923,-6.1373016000240295],[106.79330269947098,-6.1373113992292785],[106.79328609992078,-6.1373208991240604],[106.79327189916079,-6.1373312996954841],[106.79325679982747,-6.1373425993321398],[106.79324199916464,-6.1373437999521592],[106.7932293997125,-6.1373448991629704],[106.79287059918792,-6.1373639995821145],[106.79286230003098,-6.137271399251488],[106.79285759990634,-6.1372492993609367],[106.79285169938177,-6.1371588999344144],[106.79277130002609,-6.1358071996972763],[106.79273969924424,-6.1354183998753378],[106.79272869983066,-6.1352978997688403],[106.79271169993478,-6.1350983996981432],[106.79270099926417,-6.1349723992935417],[106.79264879919725,-6.1344657997117187],[106.79263869944876,-6.1343081993841428],[106.79262799973294,-6.1341756996286456],[106.79265029988993,-6.1339783998869928],[106.79260889967541,-6.1336000997042204],[106.79259179953461,-6.1334445997232496],[106.79257999970451,-6.1333361994515876],[106.79257369986234,-6.1332786994487236],[106.79256039947339,-6.1331572991988272],[106.79254209933373,-6.1329905993766749],[106.79253599971686,-6.1329164995386609],[106.79251079951788,-6.132603999201927],[106.79250989966667,-6.1325771992464428],[106.79246949948896,-6.1320507997868097],[106.79250949977082,-6.1318967995578344],[106.79206599967748,-6.127123299581009],[106.79205719947929,-6.1270004998598901],[106.79205170000128,-6.1269233996522212],[106.79204199996191,-6.126829000006313],[106.79200239974601,-6.1265364994601539],[106.79197029932106,-6.1262558992259191],[106.79195510001198,-6.1261152992345291],[106.79194179949016,-6.1259919991428173],[106.79192879927602,-6.1259199992245259],[106.79191420000892,-6.1258736999982357],[106.79189979961214,-6.1258249994696081],[106.79186080002225,-6.1257216991837282],[106.79184899974375,-6.1256903992922229],[106.79182779918096,-6.1255702992973093],[106.7918108992635,-6.1254557999645556],[106.79179589926814,-6.1252551997583131],[106.7917874995164,-6.1240717994917757],[106.79178879992509,-6.1237375991515766],[106.79176479975172,-6.1222266998074968],[106.79174529987728,-6.1196991993748382],[106.79174489976525,-6.1196411994436204],[106.79173560000537,-6.1188223996449205],[106.7917114996425,-6.1177929993530373],[106.79170999934891,-6.1177303998413386],[106.79165169919628,-6.1176949999099515],[106.79160209922927,-6.1176755995749206],[106.79115539998378,-6.1176795998933509],[106.79042459978659,-6.1176860997247031],[106.79036119996911,-6.1176840000037425],[106.78984389936929,-6.1176878991769756],[106.78904729969871,-6.117693999809581],[106.78725149947452,-6.1177075998123218],[106.78661789921692,-6.117721599461678],[106.78629140002779,-6.1177282998903859],[106.78469069958207,-6.1177661999145707],[106.78463239922748,-6.1177627995074975],[106.78457929954585,-6.1177506997158133],[106.78457219938817,-6.1177169994956904],[106.7845754997397,-6.1175795994833964],[106.78458069938873,-6.1175469000193949],[106.78461269927659,-6.1172871997592431],[106.7846483991998,-6.1170546999022148],[106.78465679958502,-6.1170037991793835],[106.78466749994453,-6.1169155999387446],[106.78481179951859,-6.1160240998937239],[106.78483809914225,-6.1158792994750621],[106.7848543999764,-6.1158481997238328],[106.78487889959889,-6.1158336999917839],[106.7849125996329,-6.1158144995146664],[106.78496059948317,-6.1157973998839736],[106.78506319914059,-6.11577819918364],[106.78518309930519,-6.1157740998190491],[106.78551419932467,-6.1157687992727574],[106.7855252994563,-6.1158002998270273],[106.78557369957612,-6.1157992998340109],[106.78680809962094,-6.1157771995136665],[106.78771469977492,-6.115766299126471],[106.78792059969722,-6.1157640992550073],[106.79012700003581,-6.1157442994736346],[106.79051909949655,-6.1157394996353123],[106.79120909959697,-6.1157309998888163],[106.79141179957951,-6.1157263996811331],[106.79164839916683,-6.1157300998392223],[106.79207479921773,-6.1157238995933429],[106.79278289930974,-6.1157075993677061],[106.79418489947417,-6.1156629997432397],[106.7941940995495,-6.1156706998527079],[106.79420399934526,-6.1156790992775392],[106.79422709973882,-6.1157134998523404],[106.79424219960676,-6.115763199858379],[106.79424079967887,-6.11579849966542],[106.79423069944286,-6.1159302000182123],[106.7942204998396,-6.1160618997982272],[106.79412649951276,-6.1170445993300433],[106.7941169995369,-6.1171579995554],[106.7940811997567,-6.117528299847117],[106.79406819949818,-6.1176143997466603],[106.79406019999119,-6.1176356993994494],[106.79401439980569,-6.1176469993018179],[106.79396709939235,-6.1176515996263472],[106.79359430001361,-6.1176536000251067],[106.79289829915832,-6.1176609996634923],[106.79243559923674,-6.1176595994733693],[106.79224849969518,-6.1176655994346012],[106.79219599974267,-6.1176924998930584],[106.79215300002114,-6.1177230993393694],[106.79212529980927,-6.1177678996075304],[106.79210859959441,-6.117847099344714],[106.79211789971129,-6.1183821000050784],[106.79214039948582,-6.1196071998149071],[106.79214089983009,-6.1196358999332992],[106.79214469961033,-6.1199224991773145],[106.79217359980578,-6.1221146993157101],[106.79217489983643,-6.1222138993787993],[106.79222429932584,-6.1222133998236563],[106.79222549975245,-6.1222940995289656],[106.79223299937831,-6.1228055997663402],[106.79223849930609,-6.1232580999660762],[106.79224490001099,-6.1237189998113424],[106.7922626992743,-6.12461589938321],[106.79224759999002,-6.1249561993105308],[106.79224689981501,-6.1249726995498754],[106.79227159932474,-6.1251109991602481],[106.79229179928804,-6.12516239919856],[106.79230879972731,-6.1251883994018179],[106.79231659966838,-6.1252003999999891],[106.79235609952804,-6.1252223999108413],[106.79240859968314,-6.125227599874016],[106.79243749956332,-6.1252146999206181],[106.79249929916915,-6.1251871994166152],[106.79273239976021,-6.1250785998561126],[106.79276369964185,-6.1250566996731646],[106.79320069922636,-6.1248746995828842],[106.79332439957166,-6.1248164999753234],[106.79339759986802,-6.1247909993221894],[106.7934917998691,-6.124763099238355],[106.7935740995286,-6.1247461995569257],[106.79433119957562,-6.124726999348157],[106.79438889920304,-6.1247269998084546],[106.79455409966458,-6.1247214993516588],[106.79466049992536,-6.124716999426191],[106.7949051995116,-6.124720299174327],[106.79522569969785,-6.1247282991637793],[106.79528209986795,-6.1247270994931728],[106.79544369979534,-6.1247235991337021],[106.79558649976447,-6.1247362996659342],[106.79575819955498,-6.1247710000137383],[106.79591909985832,-6.1248135993078714],[106.79649029941943,-6.1249804996128221],[106.79659639995074,-6.125011199530821],[106.7966767991565,-6.1250362999723205],[106.79682010001873,-6.1250809995678708],[106.79689789939211,-6.1251052994304622],[106.79703939938422,-6.1251430996895628],[106.79710469988119,-6.125161199772589],[106.79737789988471,-6.1252366991488429],[106.79745069917075,-6.125263699312006],[106.79756949934207,-6.1252677000108342],[106.79773559993581,-6.1252655997972054],[106.7977832999959,-6.1252649995548305],[106.7979830993679,-6.1252549994129417],[106.79804069970297,-6.1252544997814384],[106.79813879957598,-6.1252512991649999],[106.79863719957459,-6.1252403997048948],[106.79891639917966,-6.1252355996523624],[106.79921389958832,-6.1252225994504101],[106.79938219997253,-6.1252194994546008],[106.79970159994447,-6.1252146997440917],[106.79994819986592,-6.1252101993403105],[106.80042629976711,-6.1251989992644633],[106.80050519958361,-6.1252014993911468],[106.80061109972833,-6.1252042000058537],[106.80085699943251,-6.1252147996737003],[106.8010958996299,-6.1252131999163613],[106.80165129990959,-6.125191799406756],[106.80188709979771,-6.1251826995327772],[106.80222909965426,-6.1251649992050634],[106.802385599446,-6.1251557993987626],[106.80246219995504,-6.1251533999393475],[106.80253659987341,-6.1251509997253031],[106.80268750000816,-6.1251461994460197],[106.80299489980352,-6.1251407997716623],[106.80301289916927,-6.1251396994420446],[106.80327259938346,-6.1251228999400329],[106.80332479945314,-6.1251194991856837],[106.80350899970857,-6.1251075991458732],[106.80352259947642,-6.1251066998602246],[106.80376449987153,-6.1250909997992293],[106.80384449928161,-6.1250857992958068],[106.80386799916573,-6.12508549963135],[106.80389099983175,-6.1250852993004354],[106.80398489939869,-6.1251231998219513],[106.80401969944378,-6.1251403997472904],[106.80404869939923,-6.1251751992903793],[106.8040827998818,-6.1253111999529422],[106.80414089941715,-6.1255376994946413],[106.80425389950692,-6.1258455999687929],[106.80433989991543,-6.1261017994190006],[106.80435619957557,-6.1261494991875294],[106.80439129987148,-6.1262721994559231],[106.80455559955629,-6.1268454993697894],[106.80458929926931,-6.1269701998519031],[106.80460209995381,-6.1270333991861978],[106.80465379939994,-6.1272406997885982],[106.80470719970319,-6.1274481999047579],[106.80481539955736,-6.1278684993168877],[106.804835699742,-6.1279514994735438],[106.80486149947556,-6.1280521995500914],[106.80488219969413,-6.1281630997318661],[106.80489299953479,-6.1282133994233527],[106.80492019962124,-6.1283401995298936],[106.80495109966618,-6.1284206991695305],[106.80502039997482,-6.1286637995046913],[106.80504079953559,-6.1287327997811865],[106.80506229936847,-6.1288205998090959],[106.80514219923721,-6.1291295994612431],[106.80516490003158,-6.1292174994098216],[106.80527159957337,-6.129606899378377],[106.8054325996476,-6.130182399447107],[106.80550149958566,-6.1304786996067877],[106.80557149991211,-6.1307808994562141],[106.80569529925869,-6.1311734993002922],[106.80572639990422,-6.13128289952245],[106.80572829952131,-6.1312900994804025],[106.80574179973867,-6.131341199248566],[106.80578979999108,-6.1315518999199021],[106.80580809920959,-6.1316199993813276],[106.80582429997081,-6.1316805993620971],[106.80583369951775,-6.1317154999906149],[106.80598789953474,-6.1323203994038451],[106.80596969942461,-6.1323665995468195],[106.80598099939129,-6.1324354992767116],[106.80602169922587,-6.1325756998081644],[106.80611099915841,-6.1329356000313275],[106.80622850003282,-6.1333816996580159],[106.80626649931357,-6.1335117995306145],[106.80668489954539,-6.135118799130769],[106.80670479939729,-6.1351550992179513],[106.80674369975733,-6.1351832996964646],[106.8067844991488,-6.1352278992958995],[106.80682189939486,-6.1352537991590772],[106.80690199990156,-6.1352632000150606],[106.80698989931327,-6.1352567992263349],[106.80706319973784,-6.1352499992177956],[106.80711689976991,-6.1352418991272017]],[[106.80996509974175,-6.1344424997009108],[106.80960250003714,-6.1345499992875014],[106.80906329990891,-6.1347062991763082],[106.80895839976046,-6.1347366996011266],[106.80870619917864,-6.1348080995946352],[106.80793429995919,-6.1350187999068453],[106.80772529927066,-6.1350759999082847],[106.80734219974862,-6.1351807997154708],[106.80715689918205,-6.1352294997609871],[106.80711689976991,-6.1352418991272017]],[[106.80996509974175,-6.1344424997009108],[106.80989749957899,-6.1341942991961202],[106.80986560001881,-6.1340771000244594],[106.80984629919472,-6.1339939993368562],[106.80970319927999,-6.1334549998602386],[106.80964619997327,-6.1332368998744471],[106.80962169916565,-6.1331429999750187],[106.80960629939604,-6.1330845992334337],[106.80956829964671,-6.1329408999920663],[106.80954859931936,-6.1328659997568016],[106.80947139942737,-6.1325737995507108],[106.80939519986451,-6.1322853998342959],[106.80924899952119,-6.131731499509999],[106.80918529982144,-6.1314595995155488],[106.80919930002247,-6.1314037993472921],[106.80922019998272,-6.1313576000085419],[106.80925979951721,-6.1313118999309122],[106.80963529940195,-6.1312081994889072],[106.81016629991861,-6.1310690991286476],[106.81019869996089,-6.1310679995845732],[106.8102326994815,-6.1310774998015098],[106.8103124995461,-6.1313148993523505],[106.81034039952374,-6.1314100996963052],[106.81048729927969,-6.1319538991385167],[106.81056580002873,-6.132244399328342],[106.81065149930646,-6.1325582998219144],[106.81067709928287,-6.1326520991661395],[106.81070649933753,-6.1327596997739633],[106.81094870002501,-6.1337246996220598],[106.81097989989814,-6.1338491995996778],[106.81101349971443,-6.1339735992323874],[106.81104799971629,-6.1340544991829162],[106.81106969934061,-6.1340851996681467],[106.81108999957279,-6.1341024994725677],[106.8111147993754,-6.1341210996424467],[106.81117819939824,-6.1341712997582833],[106.81122939918068,-6.1342018995600744],[106.81132309928738,-6.134174799839216],[106.81152279934541,-6.1341169998866674],[106.81163299931214,-6.1340836994823142],[106.81181549951032,-6.1340508995051284],[106.81211939945433,-6.1339598996795681],[106.81245559943589,-6.1338603995873058],[106.81289969952176,-6.1337207997991277],[106.81406219990713,-6.1333551998359752],[106.81443369991128,-6.1332276996239505],[106.81449219944733,-6.1332223991503358],[106.81452019979277,-6.1332406998644586],[106.81454569924718,-6.1332449996593148],[106.8145580992869,-6.1332704998718963],[106.81457579931089,-6.1333298997780163],[106.81466729952973,-6.1336372998648745],[106.8146869994941,-6.133703600026835],[106.81478179950611,-6.1340220994538495],[106.81496809939262,-6.1346476994682098],[106.81502829969524,-6.13484999944564],[106.81512809915071,-6.1351851991317661],[106.81520739949651,-6.1354517993327073],[106.81545589915699,-6.1362866993271901],[106.8154913992491,-6.1364137998940471],[106.81550069938665,-6.1364972992964351],[106.81548879917514,-6.136580799160356],[106.81548099996249,-6.1366038994053556],[106.81537919982236,-6.1367111992951511],[106.8153127996578,-6.1367438999397583],[106.81505699985235,-6.1368213993954024],[106.81481399976744,-6.1368897999836083],[106.81463569941015,-6.1369424997566373],[106.81453289983416,-6.1369728996070858],[106.81445079984182,-6.1369991993427018],[106.81434369936167,-6.1370346997621255],[106.81423839997738,-6.1370679996147146],[106.81419489967737,-6.1370911991567647],[106.81409899999882,-6.13717259942303],[106.81406389929013,-6.1371901998257998],[106.81391409997238,-6.1372390992883874],[106.81378359932594,-6.1372836999411264],[106.81367569999688,-6.1373228992587832],[106.81362979942318,-6.1373583992511227],[106.81362249963269,-6.1373715997221936],[106.81358439996829,-6.1374402992499189],[106.81358159969996,-6.1374886996384204],[106.8135861992816,-6.1375224995480417],[106.81367629990628,-6.1378153995788542],[106.81377230000142,-6.1381203992222577],[106.81382849984419,-6.1382957999212326],[106.81386279997886,-6.1383106994111092],[106.81390109995658,-6.1383182994463699],[106.81395079931302,-6.1383249991581765],[106.81401129935229,-6.1383257995392926],[106.81409259953101,-6.1383254995465917],[106.81418269963424,-6.1383190999368091],[106.81445849920303,-6.138266399648491],[106.81449270003267,-6.1382612998419983],[106.8145214994708,-6.1382542996772047],[106.81679069967979,-6.1376852996292444],[106.81702579983377,-6.137643099137656],[106.81707659937064,-6.1376345991796297],[106.81725559973854,-6.1376141998566407],[106.81729099993753,-6.1376300999222329],[106.817364999719,-6.137640199714907],[106.81774339918339,-6.1375939995982129],[106.8177524998801,-6.137592699222842],[106.81793769928871,-6.1375624999269567],[106.81808179971256,-6.1375410995084314],[106.8180977993505,-6.1375386997158561],[106.81865689953477,-6.1374288991301018],[106.81895029997828,-6.1373711992563065],[106.82008259961935,-6.13711969925426],[106.82078999994489,-6.1369626997369275],[106.82122069941762,-6.1368669992877534],[106.82130469967379,-6.1368529998187267],[106.82138099914162,-6.1368401992650234],[106.82182379981057,-6.1367662994309713],[106.82186569963535,-6.136759299546001],[106.82190959975095,-6.136752899553688],[106.82259889988192,-6.1366523991966071],[106.82272539943285,-6.1366339997645998],[106.82286299916237,-6.1366098996504945],[106.82332599991004,-6.1365289993850398],[106.82341029930902,-6.1365142996724744],[106.82364359966547,-6.1364799997830692],[106.82388639981632,-6.1364395995032668],[106.82504089934653,-6.1362586000247319],[106.82533779941544,-6.1362174993306366],[106.82539989981294,-6.1362087991852627],[106.82578299921752,-6.136155799240087],[106.82598039916493,-6.1361283994598272],[106.82704919954088,-6.1359713994223677],[106.82819709997521,-6.1357451993866174],[106.82820589928242,-6.1357434993288678],[106.82857289991908,-6.1356505997817026],[106.82873029932587,-6.1356107993156082],[106.82903639947725,-6.1355332994459806],[106.82939909979086,-6.1354415000190023],[106.82961389969253,-6.135364099332298],[106.83002329964552,-6.1352165992887278],[106.83021859927624,-6.1351518999844803],[106.83042319964309,-6.1350873993906445],[106.83069029978616,-6.1349960996413939],[106.83073430001912,-6.1349836994661038],[106.83120079941871,-6.1348696992903005],[106.83141229919761,-6.1348167997403484],[106.83150879922211,-6.1347932993473977],[106.83176179945701,-6.1347316997346226],[106.83177149991211,-6.134729099601917],[106.83182789988317,-6.1347180999906685],[106.83187829965087,-6.1347128994701148],[106.83192899975424,-6.134706499887093],[106.83194790002193,-6.1347813992890421],[106.83198439915176,-6.1349177999788811],[106.83202819982193,-6.1350778993643225],[106.83204509944892,-6.1351377999509999],[106.83206859954821,-6.1352279993774861],[106.83214989955955,-6.13557579963188],[106.83221549994201,-6.1358560992139264],[106.83234109921781,-6.1364454999868228],[106.83241349995818,-6.1367853991408197],[106.83244329937591,-6.1369191996488501],[106.83246969943609,-6.137037399439409],[106.83250250003204,-6.1371915995434732],[106.83263939984819,-6.1378354992081112],[106.83269839939719,-6.1381448993422767],[106.83271209958923,-6.138216699763908],[106.83273039957002,-6.1383124992484426],[106.83281819920296,-6.1386749000145713],[106.83285999938113,-6.1388472991255449],[106.83297779964951,-6.1393175995049614],[106.83298069965474,-6.1393305997032375],[106.83308689927895,-6.1398143992339316],[106.83315239984178,-6.1400998995043432],[106.83331199932591,-6.1408810996761858],[106.83347399993177,-6.1416741993541333],[106.83348159934604,-6.1417077994568476],[106.83349889940099,-6.1417543999399413],[106.83352319927577,-6.1418446994567093],[106.83362059921804,-6.1422448991675207],[106.83371209936649,-6.1426521996024315],[106.83392959993803,-6.1436617000161675],[106.83409069945775,-6.1444007994656387],[106.83413309966978,-6.1445899992532436],[106.83423279999907,-6.145010699956412],[106.8343032995852,-6.1453429995994515],[106.83432859997841,-6.1455648994884529],[106.8343341996198,-6.145688199284459],[106.8343379996995,-6.145896399703398],[106.83432879952484,-6.1461763997682857],[106.83432699963159,-6.1465000992458965],[106.83432219936581,-6.1467309000047781],[106.83431889962732,-6.1468883998721973],[106.83432289985792,-6.1471293993119493],[106.83433899915713,-6.1473044991945915],[106.83438239969082,-6.1475080997683902],[106.83466889935808,-6.1485847994544818],[106.83470759980129,-6.1487258998774941],[106.83479009968835,-6.1489854997000704],[106.83484110003302,-6.149151699227402],[106.83486309951199,-6.1492323995848333],[106.83492669948809,-6.1493943993387976],[106.83508059921286,-6.1499417999903354],[106.83515559963897,-6.1502587995583653],[106.83542710002844,-6.1513374996855266],[106.83705989944853,-6.1577874994136703],[106.83729999949365,-6.1587657994428557],[106.83734359941344,-6.1589483999751522],[106.83735799974663,-6.1590085996990549],[106.83736300000807,-6.1590295998877496],[106.8373737993043,-6.1590747991873682],[106.83739099980876,-6.1590657995096203],[106.83744459947579,-6.1590376995476026],[106.83748009970938,-6.159019899840251],[106.83751529960217,-6.1590250996161213],[106.83762599916793,-6.1590178999076555],[106.83776629967372,-6.1589787000139342],[106.83877679964849,-6.1586401994939637],[106.83896869940156,-6.1585815997461024],[106.84021239964936,-6.1582234998657395],[106.84076479984773,-6.15806059975242],[106.84277509947965,-6.1575113999080697],[106.84292930002846,-6.1574846997927652],[106.84356069941015,-6.1573245994311518],[106.84381989944454,-6.1572517999278915],[106.84386719950761,-6.1572253993716268],[106.84391439939728,-6.1571717991306238],[106.84396879958389,-6.1570823997703608],[106.84397619945157,-6.1570017994343242],[106.8439554993642,-6.1569117997511809],[106.84385489948752,-6.1565413000283655],[106.84381669953686,-6.1563089998284157],[106.84373729917169,-6.1560152998870477],[106.84369489949667,-6.1558641992443492],[106.84365969999598,-6.1557387999663398],[106.84359890003702,-6.1554042993808782],[106.84361550001138,-6.1553233996210324],[106.84364699934845,-6.1552604991740729],[106.84395809968797,-6.1547815997282562],[106.844068299938,-6.154660399808602],[106.84447879935095,-6.1540732998253738],[106.84453909913984,-6.1539869995046939],[106.84463689916225,-6.1538704997560023],[106.84472189967305,-6.153773299351367],[106.84480499981427,-6.1536913994664584],[106.84496789941684,-6.1535661999834952],[106.84502359916948,-6.1535310000006849],[106.84509399947359,-6.1534862997748796],[106.8452366994195,-6.1534095998778131],[106.8452612991662,-6.153396399930755],[106.84536089989258,-6.1533653999321825],[106.8454474993701,-6.1533446999054648],[106.84556170003104,-6.1533226991978918],[106.84567079985661,-6.1533047993184056],[106.84586779995864,-6.1532818992760623],[106.84619629958682,-6.1532445995191916],[106.84649949981045,-6.1532093997407751]]]},"properties":{"FID":11,"ID":"BRT_12","GEOM_ID":"BRT_12_REG","LINE":"12","NAME":"Pluit - Tanjung Priok","MODE":"BRT","CLASS":"Koridor Utama","STATUS":"Eksisting","COLOR":"#77bb79","ROUTE_VAR":"REGULAR","SOURCE":"TransJakarta; RTRW DKI Jakarta","REMARK":"Tidak Ada","ALIGNMENT":" ","DIV_ID":" ","DIV_NOTE":" ","DIV_SRC":" ","VALID_FR":" ","VALID_TO":" "}},{"type":"Feature","id":12,"geometry":{"type":"MultiLineString","coordinates":[[[106.79132870003869,-6.2419663998977732],[106.79121719937736,-6.2419735996031012],[106.79113729921146,-6.241985099688856],[106.79104719924828,-6.2419823998115547],[106.79074399968636,-6.2419383999330487],[106.79039469918466,-6.2418876992803058],[106.79030119992234,-6.2418604991425948],[106.7902169993356,-6.241814699826012]],[[106.79132870003869,-6.2419663998977732],[106.79163679971114,-6.2419989999031911],[106.79180989915392,-6.2419936999221921],[106.79200169955725,-6.2419601996673766],[106.79223109950082,-6.2419007992458617],[106.79261489939731,-6.2417770996596849],[106.79270179990196,-6.2417375999296256],[106.79278089979087,-6.2416868994359405],[106.79286669957645,-6.2416175995644032],[106.7929447998856,-6.2415330993696871],[106.79300489932854,-6.2414429993506948],[106.79307309962448,-6.2413245995751385],[106.79316279931938,-6.2411498996035153],[106.79338389916322,-6.2407054992227984],[106.79348629985053,-6.2405070997095562],[106.79360519923381,-6.2403497999462223],[106.79377629961832,-6.2401862995522466],[106.79391819973381,-6.2400857993688099],[106.79406299914858,-6.2400056995271642],[106.79425059971129,-6.2399368999387175],[106.79447349962562,-6.2398967991952352],[106.79469889920996,-6.2398809998387614],[106.79609119991572,-6.2398830994224985],[106.79778519934385,-6.2398830993774661]],[[106.7902169993356,-6.241814699826012],[106.79031219976939,-6.2417973999116025],[106.79040739985324,-6.2417940995572598],[106.79075779975547,-6.241838899356142],[106.79105659998243,-6.2418770993648662],[106.79117069989277,-6.2419104998182338],[106.79132870003869,-6.2419663998977732]],[[106.82745719992916,-6.2400463998242284],[106.82978959938853,-6.2400723992199225],[106.82991509935282,-6.2400764993312681],[106.8301138995444,-6.2401017997280608],[106.83030969966504,-6.2401178996830486],[106.83062619983269,-6.2400929999023287],[106.83086069956704,-6.2400869992003898],[106.83106769941651,-6.240035299621657],[106.83115669979499,-6.2400001000249556],[106.83120939987721,-6.2399735999896455],[106.83130129944381,-6.2399260999096855],[106.83134149935202,-6.2399074996711175],[106.83138689918569,-6.2398961996931011],[106.83142739937082,-6.2398958997093095],[106.83146550000271,-6.2399078993461243],[106.83149899999955,-6.2399261998678908],[106.83152629933113,-6.2399523999866373],[106.83155369935058,-6.2399924995513558],[106.83156429934586,-6.2400308998434291],[106.83156209976735,-6.2400770997177561],[106.831545099785,-6.2401119992217646],[106.83151659969461,-6.2401315994827709],[106.8314507995303,-6.2401529994783163],[106.83122849989367,-6.2402134993586769],[106.83088929983671,-6.2402109998137227],[106.83074289930406,-6.2402084997565668],[106.83061609943769,-6.2402062995134138],[106.83047839946927,-6.2401960999588892],[106.83036099927851,-6.2401928995161917],[106.82849109997709,-6.2401928995461926],[106.8280401999415,-6.240191999417565],[106.82790879966355,-6.240168599909417],[106.82761709955426,-6.2400832992865665],[106.82755139948219,-6.2400650993890849],[106.82745719992916,-6.2400463998242284]],[[106.79778519934385,-6.2398830993774661],[106.7978740993812,-6.2398684997796208],[106.79797139976451,-6.2398424995365831],[106.79804699943539,-6.2398339997549641],[106.79840429995069,-6.2398338999438501],[106.79876269960032,-6.2398349996072522],[106.79887819978451,-6.2398485991540849],[106.79903879943846,-6.2398770992936718]],[[106.79903879943846,-6.2398770992936718],[106.79886849974187,-6.2399215991820265],[106.79877659925467,-6.2399396993507441],[106.79841390001502,-6.2399360998594045],[106.79805349999108,-6.2399355999531965],[106.7979686998797,-6.239924900013853],[106.79787569962467,-6.2398973993420386],[106.79778519934385,-6.2398830993774661]],[[106.79903879943846,-6.2398770992936718],[106.80040599986489,-6.2398847995768163],[106.80114869924638,-6.2398812995703326],[106.80301909958301,-6.2398693995892112],[106.80432089947607,-6.2398817992533022],[106.80454659940415,-6.2398844997406702],[106.80479289943619,-6.2398805995246454],[106.80499419921404,-6.2398746996760437],[106.80508909924862,-6.2398645992634414],[106.80519339995001,-6.2398444998013263],[106.80537749976256,-6.2397913998592154],[106.80553769928214,-6.23973819916122],[106.80579509921657,-6.2396450999129307],[106.80648429956507,-6.2393725999955034],[106.80673869975799,-6.2392930996247218],[106.80683599979395,-6.2392664993257361]],[[106.78597419987925,-6.2394063996229239],[106.78605370003039,-6.2394141999293655],[106.78614019938556,-6.2394289993401681],[106.7862389996061,-6.2394551995637455],[106.78629929993429,-6.2394845991814334],[106.78635729967759,-6.2395216994591118],[106.78642979966993,-6.2395776996920285],[106.78669259982392,-6.2398256995901757],[106.78706519972729,-6.2402270998158409],[106.78725549953343,-6.2404417997978889],[106.78738299954634,-6.2405763998636123],[106.78747839927725,-6.2406455992881993],[106.78757629964166,-6.2407135993782852],[106.78777719955445,-6.2407883991658171],[106.78795719971829,-6.2408161994513804],[106.78872329919986,-6.2409001998733933],[106.78884399966699,-6.2409152993896555],[106.78895769957062,-6.2409349996737564],[106.78910689979692,-6.2409749995394677],[106.78924199986554,-6.2410242998561474],[106.78933979948818,-6.2410739999649367],[106.78943749936344,-6.241137699966897],[106.78956079922295,-6.2412349994457186],[106.78966549926582,-6.2413322997172598],[106.78972989917665,-6.241398899553892],[106.78979429944032,-6.2414655997401089],[106.78985409928811,-6.24154149941225],[106.78991379919796,-6.241617499780018],[106.78998389919124,-6.241683399328994],[106.79006809966721,-6.2417493992038482],[106.79013789986311,-6.2417889995661424],[106.7902169993356,-6.241814699826012]],[[106.78597419987925,-6.2394063996229239],[106.78583519916816,-6.2394297994963859],[106.78573519961496,-6.2394421996055041],[106.78564379960586,-6.239449099274526],[106.78556649937802,-6.2394454995599622],[106.78511989919154,-6.2394257994046374],[106.78506089983448,-6.2394200995346836],[106.78493099921275,-6.2393936997670156],[106.78489069980404,-6.2393769993788322],[106.78479659930453,-6.2393118999528783]],[[106.80683599979395,-6.2392664993257361],[106.80705659935646,-6.2391997995567703],[106.8071599996841,-6.2391822996622057],[106.8078035998615,-6.2391578995006114],[106.80806779925437,-6.2391457996803892],[106.80815999983422,-6.2391503991747514],[106.80825219924736,-6.2391651996258073]],[[106.78479659930453,-6.2393118999528783],[106.78490429955409,-6.2393193996174858],[106.78494959930659,-6.2393264995183042],[106.78509679940821,-6.2393541996501112],[106.78515469981112,-6.2393576997300535],[106.78556539982127,-6.2393715991297425],[106.78580469999466,-6.2393709993214337],[106.78588059933075,-6.239380899640012],[106.78597419987925,-6.2394063996229239]],[[106.80825219924736,-6.2391651996258073],[106.80816139986888,-6.2391976993266978],[106.80809669997042,-6.2392094994984326],[106.80780419923705,-6.2392288991994604],[106.80707789972513,-6.2392659993813844],[106.80701039981393,-6.2392701994422559],[106.80683599979395,-6.2392664993257361]],[[106.80825219924736,-6.2391651996258073],[106.80925659949996,-6.2391157996397322],[106.81199649951003,-6.2389670993306359],[106.8134431996744,-6.2387611997571897],[106.81365919925317,-6.2387346995732935],[106.81381279925176,-6.2387266994013357],[106.81396569979704,-6.2387212993005727],[106.81417989960165,-6.2387381993479192],[106.81540029997426,-6.2389150992805344]],[[106.81540029997426,-6.2389150992805344],[106.81553449927259,-6.2388827996902041],[106.81568689922669,-6.238881099797827],[106.81596459960852,-6.2388784000235304],[106.81626189980054,-6.2388452991697898],[106.81650059930878,-6.2388026993560928],[106.81661049925822,-6.2388007994811572],[106.81672819934599,-6.2388200991399252]],[[106.81672819934599,-6.2388200991399252],[106.81662279937488,-6.2388616995007826],[106.81652589961809,-6.2388913995844737],[106.81628319983082,-6.2389417999940671],[106.81596909949894,-6.2389668998665453],[106.81566849957194,-6.2389737998440777],[106.81550209942114,-6.2389558993135514],[106.81540029997426,-6.2389150992805344]],[[106.81672819934599,-6.2388200991399252],[106.81694829995762,-6.2387999995392036],[106.81708169944901,-6.238802599962594],[106.8172184999236,-6.2388059996617296],[106.8173679999677,-6.238827299801784],[106.81753119948679,-6.23886849965852],[106.81780389996295,-6.2389710993949175],[106.81816489989544,-6.2391843998761756],[106.81977349927736,-6.2402236994180527],[106.82015499974098,-6.2404616997942401],[106.82026949940153,-6.2405177995692513],[106.82034659939845,-6.2405450995228131],[106.82045109969091,-6.2405721998452233],[106.82055429961338,-6.2405913994362541],[106.82075389998749,-6.2405922997024241],[106.82091949931174,-6.2405763000010372],[106.82156389925152,-6.2404742999260474],[106.82219329976918,-6.2403727995113769],[106.82311089919345,-6.2402006991649053],[106.82396119923587,-6.2400469998651422],[106.82425959941935,-6.2400179991993605],[106.82443799946263,-6.2400178992234325],[106.82537949989732,-6.2400256998462833],[106.82745719992916,-6.2400463998242284]],[[106.77819099980218,-6.2382900991941472],[106.77839079968631,-6.2382678993723859],[106.77856779962909,-6.2382549992614695],[106.77885269921005,-6.2382553998247898],[106.78006359932705,-6.2382891993783849],[106.78024109929223,-6.2383117993345012],[106.78035139929757,-6.2383463998851134],[106.78045399953271,-6.238394499841303],[106.78055229985797,-6.2384586999349141],[106.78067239973515,-6.238528299395746],[106.78078789962194,-6.2385962994824355],[106.78086720001549,-6.2386302994336438],[106.78098119957519,-6.2386689995905975],[106.78108169965628,-6.2386896994541452],[106.7811863991958,-6.2386979994383482],[106.7819930991694,-6.2387566998726554],[106.78235379978717,-6.2387919997655503],[106.78292309950734,-6.2388579995611044],[106.78316179952667,-6.2388965998354093],[106.7832832000081,-6.2389239999838191],[106.78342399918994,-6.2389679996020124],[106.7837599997785,-6.2390905996735633],[106.78395909983557,-6.2391538996790974],[106.78424209929479,-6.2392072992755878],[106.78446069969193,-6.239237899774241],[106.78462699916102,-6.2392692994898784],[106.78479659930453,-6.2393118999528783]],[[106.77819099980218,-6.2382900991941472],[106.77808279930441,-6.2383373994546654],[106.7780068991532,-6.2383730992467648],[106.7778948993589,-6.2383815996878509],[106.77761459999874,-6.2383789000081515],[106.77747720003838,-6.2383763997332995],[106.77731959934212,-6.2383535996615755],[106.7771852991434,-6.2383222992403642],[106.77710119933818,-6.2382727997359639],[106.77704159999074,-6.2382139992773284]],[[106.77704159999074,-6.2382139992773284],[106.77717979955911,-6.2382416996431518],[106.77730719945004,-6.2382601991411883],[106.77760429915055,-6.2382790997566335],[106.77819099980218,-6.2382900991941472]],[[106.77181069930536,-6.2380535991295725],[106.77173749993749,-6.2380859995595719],[106.77164789993989,-6.2380984994722741],[106.77125789967211,-6.238083999298456],[106.77090299919506,-6.238069999299789],[106.77080779958597,-6.2380619998070195],[106.77075559921498,-6.2380451998475044],[106.77069930000361,-6.2380188996701049]],[[106.77181069930536,-6.2380535991295725],[106.77229119938639,-6.2380703994068982],[106.7726890992809,-6.2380829996259406],[106.77431279988045,-6.2381421992848187],[106.77443219983067,-6.2381448993843431],[106.77455289944078,-6.2381288998851225],[106.77464519991389,-6.2380913992815019],[106.77474869961333,-6.2380115996420678],[106.77517649953955,-6.2375622992343969],[106.77525289977197,-6.2374836994094416],[106.77532639937581,-6.2374267992384249],[106.77543439989294,-6.237363499522468],[106.7755436995149,-6.2373234992881184],[106.77566499935446,-6.2373081992294148],[106.77578839946445,-6.2373050996347006],[106.77590919960829,-6.2373101998924616],[106.77601949938179,-6.2373380995845107],[106.77612269921399,-6.2373751998836857],[106.77622989964907,-6.2374196992747493],[106.77632769980563,-6.2374889999023768],[106.77642550003638,-6.237577099660407],[106.77672309982592,-6.2379344996729174],[106.77675810003983,-6.2379751997696786],[106.77680679954318,-6.2380269996793452],[106.77686930000395,-6.2380894994073497],[106.77695959975446,-6.2381643995289737],[106.77704159999074,-6.2382139992773284]],[[106.77069930000361,-6.2380188996701049],[106.770764299178,-6.2379887991871739],[106.77083310003648,-6.2379754995059962],[106.77089639969194,-6.2379709998998809],[106.77125669950462,-6.2379806000118938],[106.77163039928982,-6.2379931992482787],[106.77172929971924,-6.2380137997249925],[106.77181069930536,-6.2380535991295725]],[[106.76600629976893,-6.2378377996063445],[106.76876039938278,-6.2379446993547321],[106.76959239949313,-6.237984599545479],[106.77069930000361,-6.2380188996701049]],[[106.76600629976893,-6.2378377996063445],[106.76590579966847,-6.237869199470758],[106.76579819948161,-6.2378795995228469],[106.7653349994123,-6.2378610995285806],[106.76510679929787,-6.2378467993157747],[106.76497579939802,-6.237823199131916],[106.76486159925693,-6.2377805995875928]],[[106.76486159925693,-6.2377805995875928],[106.76497540003102,-6.2377618991729431],[106.76512039967446,-6.2377489995416768],[106.7653407995974,-6.237757199933232],[106.76579819996385,-6.2377795993150587],[106.76590059921664,-6.2377961998981233],[106.76600629976893,-6.2378377996063445]],[[106.76119099957002,-6.237558599644589],[106.76203559924674,-6.2376181997216404],[106.76247029924235,-6.2376583000263501],[106.76252689924581,-6.2376702993207598],[106.76258229964596,-6.2376942995915643],[106.76263049955739,-6.237719399949718],[106.76267999951031,-6.2377511997178923],[106.7629889993736,-6.2379894992191387],[106.76313929952772,-6.23808199979121],[106.76326839994795,-6.2381192991413483],[106.76337519979803,-6.2381315995625837],[106.76348529974752,-6.2381182999697016],[106.7635932997229,-6.2380811997246246],[106.76369029969842,-6.2380243993492108],[106.76389489923017,-6.2378758997273227],[106.76400359953132,-6.237817499483028],[106.76412289915095,-6.2377713997620914],[106.76422079962646,-6.2377582991302392],[106.76431459971215,-6.2377524991840874],[106.76443649945406,-6.23775709927994],[106.76486159925693,-6.2377805995875928]],[[106.76119099957002,-6.237558599644589],[106.76110039933559,-6.2375777994925317],[106.76102079930027,-6.2375853995916675],[106.76065939994591,-6.2375621994923902],[106.76030039923369,-6.2375426992633614],[106.76020740000114,-6.2375258997476957],[106.7601028995806,-6.2374823995065505]],[[106.7601028995806,-6.2374823995065505],[106.76021849951275,-6.2374684999265941],[106.7603094998419,-6.2374670999630224],[106.7606600993054,-6.2374890994703192],[106.76100699966055,-6.2375170996463094],[106.76108759947408,-6.2375301997674066],[106.76119099957002,-6.237558599644589]],[[106.75330839978649,-6.2366799996085263],[106.75365309996434,-6.2366265991581997],[106.75413859972099,-6.2364985992151389],[106.75444379924554,-6.2363892996971266]],[[106.75330839978649,-6.2366799996085263],[106.75321989936577,-6.2367150997823053],[106.75301259966632,-6.2367449999901927],[106.75273589949823,-6.2367420993810008],[106.75243389998242,-6.2367211995108454],[106.752181999217,-6.2366850994887395],[106.75145309954435,-6.2366292992168733],[106.75119189963306,-6.2366142994739011],[106.75090629973535,-6.2366115992607627],[106.75073939981826,-6.2366132995015784],[106.75066199993866,-6.2366152999991193],[106.75055309914771,-6.2366225998293254],[106.75046679992244,-6.2366185996942276],[106.75002409943212,-6.2365985998516758],[106.74941829976756,-6.2365828999945672],[106.74899769971979,-6.2365710994110506],[106.74888109956254,-6.2365677999894178],[106.74836919938463,-6.2365477996473517],[106.74817259953677,-6.2365461996041045],[106.74808179919381,-6.236536099734197],[106.74781959967875,-6.2365052996114239],[106.74772039996542,-6.2364930999300476],[106.74770609952432,-6.2364915993585246],[106.74758559948896,-6.2364792994082139],[106.74747130003298,-6.2364637996581678],[106.74723009981948,-6.2364347000236071],[106.74707739975851,-6.2364086994285524],[106.74696299985546,-6.2363805997157424],[106.74691109985834,-6.236374199985816],[106.74680199954381,-6.2363605997672789],[106.74677289976609,-6.236359199772739],[106.74657920002913,-6.2363495998836589],[106.74653699968968,-6.2363474991340002],[106.74641619990688,-6.236342099929165],[106.74612949989634,-6.2363497991475674],[106.74604879959658,-6.236359599680628],[106.74594010001651,-6.2363769997371188],[106.7458811999589,-6.2363866999788362],[106.74576609962716,-6.2364057994302389],[106.74555249981604,-6.2364391997779354],[106.74516589970422,-6.2365013998589349],[106.74512339974433,-6.2365026998255457],[106.74470899988472,-6.2365011995242146],[106.7444528995008,-6.2364936998086602],[106.74402399958603,-6.2364811993043272],[106.74398349957455,-6.2364795999838725],[106.74363899995531,-6.2364533994764164],[106.74354479975675,-6.2364436997605521],[106.74338649961182,-6.2364262993627753],[106.74325799957128,-6.2364102995019159],[106.74314609966423,-6.2363815992756582],[106.74309569990612,-6.2363629999818464],[106.74307059973724,-6.2363485993388128],[106.74303739916634,-6.2363295995385419],[106.74296179989068,-6.2362842999040797],[106.74287829920279,-6.2362267996250864],[106.7427324995618,-6.2361298999492991],[106.74266219994591,-6.2360777993251695],[106.74239619945071,-6.2359098000144009],[106.74199559977883,-6.2356394997503397],[106.74186519968016,-6.2355703995109684],[106.74175969956609,-6.2355349992472009],[106.74146099939598,-6.2354735993205184],[106.74108279994937,-6.2353957999216059],[106.7409162997449,-6.2353615992499316],[106.74033109975937,-6.2353012996220887],[106.73998909968121,-6.2352547994481169],[106.73993019983011,-6.2352467999269621],[106.73957969929778,-6.2351836999331249],[106.73946929942504,-6.2351543997761665],[106.73939079974872,-6.2351303997029452],[106.7392754995726,-6.2350790998603607],[106.73917009928563,-6.235023499422371],[106.73910389936675,-6.2349811999018794],[106.73906629914448,-6.2349557998052898],[106.73895629991577,-6.2348530994773421],[106.73888130001991,-6.234765799961381],[106.73870149930644,-6.2343431998273866],[106.73867469959735,-6.2342889991774202],[106.73864789990954,-6.2342454999054784],[106.73861239979237,-6.2342044996408559],[106.73855799932187,-6.2341518991532343],[106.73849059993189,-6.2341085997880077],[106.73839659984496,-6.2340651991639655],[106.73831129990154,-6.2340332000051353],[106.73823849935575,-6.2340105996164539],[106.73669929934505,-6.2336652995946507],[106.73638539928855,-6.2335964992870903],[106.73563399954722,-6.2334004992999086],[106.73506589972899,-6.2332336996103965],[106.73460379952364,-6.2330954998434533],[106.73449780003145,-6.2330654994764707],[106.73408139969382,-6.2329841000201149],[106.73325189940398,-6.2328227992039187],[106.73289679941227,-6.2327518000223856],[106.73281759936236,-6.2327358992605282],[106.73258999999909,-6.2326903992602665],[106.73256059954436,-6.2326840994443042],[106.73221939950143,-6.2326114997269002],[106.73209089958129,-6.232583799824023],[106.73128469984051,-6.2324074994140579],[106.73120640003913,-6.2323913992114353],[106.73093729970682,-6.2323307995050383],[106.73032399968831,-6.232179399243055],[106.72979419931843,-6.2320563997344589],[106.72949629932485,-6.2319907993120065],[106.72908479987767,-6.2318907000154145],[106.72842609943379,-6.2317169997757098],[106.72789459975507,-6.2315704993855938],[106.7277533996461,-6.2315345997532434],[106.72761039959191,-6.2314950999459562],[106.72735329926502,-6.2314267992009711],[106.72713899999678,-6.2313646994302028],[106.72707169931664,-6.2313534995529221],[106.72694279925194,-6.2313382000275013],[106.72690049996324,-6.2313375998016696],[106.72684799937767,-6.2313419998682145],[106.72673419982267,-6.2313614994946027],[106.72663479973605,-6.2313859993123781],[106.72655989931567,-6.2314049999034795],[106.72614309977958,-6.2315107992248064],[106.7259643996553,-6.2315368994754134],[106.72585979960614,-6.2315481991888131],[106.72574379938069,-6.2315534996120929],[106.72547539946488,-6.2315298997828537],[106.72539309945984,-6.2315214994062673],[106.72533439967675,-6.2315129991958935],[106.72528909987484,-6.2315041992384517],[106.72522389957373,-6.2314878996730929],[106.7251891992037,-6.2314761995522128],[106.72515029914561,-6.2314614993977626],[106.72511639941506,-6.2314464998636652],[106.72507389997645,-6.2314241997409088],[106.72504439948325,-6.2314068999377836],[106.72500549998813,-6.2313801998443381],[106.72497729927036,-6.2313574993882819],[106.72493439990401,-6.231317599895732],[106.72490889984216,-6.2312895999991822],[106.72488679931506,-6.2312602995605424],[106.7248673998897,-6.2312321992326156],[106.72484729974403,-6.231197599840252],[106.72483249917256,-6.2311668992974134],[106.72481999974107,-6.2311374996359525],[106.72480969951995,-6.2311088993464656],[106.72476579954316,-6.2309844999880815],[106.7246524995271,-6.2306691995692489],[106.72456959966941,-6.2304349996793604],[106.72455979953935,-6.2304161995045053],[106.72454949951813,-6.2304036997666987],[106.72453539939656,-6.2303948998761216],[106.72451999945392,-6.2303889995481736],[106.72450689970374,-6.2303865991729745],[106.72448919927255,-6.2303842997462286],[106.72447109973328,-6.2303842992495664],[106.72445269918896,-6.2303861995033838],[106.72443039924185,-6.2303909996876179],[106.72441359978311,-6.2303950991990016],[106.72424869950039,-6.2304497994096453],[106.72409009953678,-6.230509399760451],[106.72404839955702,-6.2304941995711367],[106.72400959922936,-6.2304792991447373],[106.72397259971731,-6.2304690993046927],[106.72394209946354,-6.2304665993671868],[106.7239030996662,-6.2304644997469305],[106.72373689924245,-6.230456699725222],[106.72336699980156,-6.2304393991425036],[106.72336199923286,-6.23041829918344],[106.72335589915856,-6.2303869995714063],[106.72335459939276,-6.2303661000110608],[106.72335249947646,-6.2303372992619126],[106.72335269984833,-6.2302139997794743],[106.72335760002827,-6.2300486991924755],[106.72335929953327,-6.2300289996812062],[106.72336199942272,-6.2300109995528334],[106.72336729960317,-6.2299909998261143],[106.72337479976032,-6.2299736992540788],[106.72338409999692,-6.229956999529545],[106.72340149935798,-6.22993099963952],[106.7234131992838,-6.2299158997825632],[106.72350699940959,-6.2298039996173298],[106.72351219951562,-6.2297956999520432],[106.7235168993855,-6.2297863991397477],[106.72351959979878,-6.229777699836494],[106.72352079964375,-6.2297676997430251],[106.72351889959802,-6.2297563995581271],[106.72351409950633,-6.2297443999380233],[106.72350479980669,-6.2297343997886889],[106.72349670002721,-6.2297290994839161],[106.72348039972809,-6.2297238992166779],[106.72331779992273,-6.229684699871969],[106.72325079965253,-6.2296696998043037],[106.7230597991538,-6.2296275992760588],[106.72290219944192,-6.2296015995654619],[106.72243709944084,-6.2295140996380862],[106.72231619998357,-6.2294965998460157],[106.72202759986621,-6.2294583992031836],[106.72149719928295,-6.2293910993947454],[106.72142399961089,-6.2293638996371099],[106.7211095993267,-6.2292470998557183],[106.7205768998022,-6.2290137992401489],[106.7204537992834,-6.2289457998423456],[106.72031569933722,-6.2288391991899204],[106.72012380001578,-6.2286821997681985],[106.72000919991004,-6.228588499791389],[106.71992939994358,-6.2285335995984363],[106.7198245991749,-6.228455999873872],[106.71960889970764,-6.2282805999532806],[106.719530599565,-6.2282211998904664],[106.71942379921474,-6.228161899925289],[106.71930039991641,-6.2280938993243309],[106.71921520001037,-6.228053899201913],[106.71902649931066,-6.227974199965038],[106.71894869949598,-6.2279457994812297],[106.71875289982739,-6.2278775996626843],[106.71870219960736,-6.2278598991555469],[106.7184740999441,-6.2277830994669419],[106.71840159995216,-6.2277672991743298],[106.71835229956305,-6.2277565999985596],[106.71803559938863,-6.2277251994987806],[106.71791879936097,-6.2277211997427555],[106.71785199928303,-6.2277198999423966],[106.7176119996479,-6.2277150995006103],[106.71754099960016,-6.2277131993710286],[106.71730139953475,-6.2277067997187698],[106.71687299984308,-6.2276952996299624],[106.71671079991937,-6.2276899996638981],[106.71655219932887,-6.227676199971671],[106.71602939969483,-6.2275484995309718],[106.71563609919085,-6.2274417994682718],[106.71547429916706,-6.2273873992328754],[106.71478509999717,-6.2271571999722033],[106.71464499928267,-6.2271046992252064],[106.7141578996833,-6.226907399876616],[106.71403359969494,-6.2268593000183232],[106.71369879947409,-6.2267298993274611],[106.71316759974053,-6.2265200991746701],[106.7126709997539,-6.2263118995957356],[106.71252799959733,-6.2262506998686122],[106.71248519973072,-6.2262271995377967],[106.71241789965181,-6.2261900995460637],[106.71230089958209,-6.2261036995540051],[106.71209870003567,-6.2259074997887787],[106.71163269925418,-6.2254254999054224],[106.71131919949218,-6.2250954994067103],[106.71126389950429,-6.2250495992335262],[106.71103879920103,-6.2249355995928353],[106.7108129998599,-6.2248629994665441],[106.71065299995749,-6.2248320996893822],[106.7106194992883,-6.2248263000221629],[106.71053229957231,-6.224817799829375],[106.71027150002965,-6.2247880991321525],[106.70971309914874,-6.2247428998793417],[106.70912029930544,-6.2247010991668841],[106.70898869964086,-6.2247042994051167],[106.70885529953969,-6.2247215996584373],[106.70884339958519,-6.2246469994992006],[106.70882439963971,-6.2245285997616362],[106.7088211997682,-6.224480699541485],[106.70885529939561,-6.2242605992691713],[106.70886889963519,-6.2241961994551724],[106.70895929937879,-6.2238053992428828],[106.70900899977791,-6.2236072999161562],[106.70904719973394,-6.2234553996160118],[106.70905219922459,-6.2234363991477117],[106.7091290996365,-6.2231473991641435],[106.70919099964743,-6.2229217998363175],[106.70921689929675,-6.2228274998664075],[106.70930519963035,-6.2226750992211235],[106.70943749992715,-6.2224915998683867],[106.70967619966844,-6.2221500992392027],[106.70990739977904,-6.2218192999992272],[106.70924169990685,-6.2213625994160608],[106.7093535997611,-6.2211154994144078],[106.70943609957646,-6.2210026993177889],[106.70953289932592,-6.2208603000228209],[106.70961039971294,-6.2207642994915657],[106.70973019989377,-6.2206297992321931],[106.70980769987747,-6.2205800997207534],[106.71024769960204,-6.2208718994376175],[106.71033049972557,-6.2209643997510131],[106.71036330000442,-6.2210305997100628],[106.71038559946864,-6.2210932999443376],[106.71039539940712,-6.2211592000281728],[106.71039190003799,-6.2212114992741725],[106.7103807996539,-6.2212505996983287],[106.71036149926172,-6.2213189992685667],[106.71021739967576,-6.22153709922876],[106.70999049936481,-6.2218760995183873],[106.70976240001221,-6.2222148993143467],[106.70947599921958,-6.2226198992427468],[106.70930789946718,-6.2228743997146818],[106.70927839972093,-6.2229263997570223],[106.70926719969316,-6.2229729992798131],[106.70914079948942,-6.2234580995797177],[106.70913599923649,-6.2234763995323314],[106.70909739944911,-6.2236356995248361],[106.70904999956591,-6.2238309991432361],[106.7089735997609,-6.2242049995740896],[106.70896799967362,-6.2242402998138164],[106.7089497999492,-6.2244015999449136],[106.70895579985905,-6.2244815993649745],[106.70897849916982,-6.2245390999487622],[106.70900069954071,-6.2245780998135603],[106.70904749923953,-6.2246258995634607],[106.70910669992185,-6.2246315998508637],[106.70935509976253,-6.2246464993044945],[106.71027909967108,-6.2247178991491126],[106.71056049914229,-6.2247395994009658],[106.71067319957899,-6.2247511998433351],[106.71081700001946,-6.2247839994602963],[106.71106069977884,-6.224859599670836],[106.71125379956314,-6.2249488991750441],[106.71143889945765,-6.2251021995568161],[106.71164009963279,-6.2253074995027262],[106.71170959982334,-6.22537949931385],[106.71208659955647,-6.2258221998576069],[106.71217249946103,-6.2259021994191457],[106.7123380993991,-6.2260466993388954],[106.71251329989684,-6.2261607995583885],[106.71266769917979,-6.2262349994537232],[106.71316389922156,-6.2264318993236802],[106.71340709921743,-6.2265255996793405],[106.71373299996679,-6.2266510997390245],[106.71406949996494,-6.2267852999604862],[106.71418639949511,-6.2268352992184015],[106.71431239969186,-6.2268871994030093],[106.71439599977938,-6.2269240996504802],[106.71465749971844,-6.227027399703549],[106.71481369958168,-6.2270896996792962],[106.71492839922536,-6.2271302992199153],[106.71520639915177,-6.2272256993438786],[106.71539549995582,-6.2272951992172638],[106.71584639936911,-6.2274237997202064],[106.71597679986232,-6.2274563997924774],[106.71611659994028,-6.2274927995540521],[106.71628019955412,-6.227535399899681],[106.71638489974916,-6.2275618994508841],[106.71657539943519,-6.227603299988723],[106.71670799984439,-6.2276179998851084],[106.71730349965539,-6.2276178994216513],[106.71792720002097,-6.2276411991327878],[106.71805569994284,-6.227649499267307],[106.71822889949421,-6.2276632997869568],[106.71842559991818,-6.2276925998797559],[106.7185534992267,-6.227724599758262],[106.71872519973978,-6.2277858993689055],[106.71878009940284,-6.2278045998321083],[106.71888619946407,-6.2278405994822057],[106.71897139974755,-6.2278723992639042],[106.71906379947301,-6.227906899999776],[106.71926829945187,-6.2279952997324131],[106.71941579964555,-6.2280565992646402],[106.71955069986417,-6.228130499487496],[106.71970009989336,-6.2282271994239045],[106.71980609964945,-6.228307299982375],[106.7200026992342,-6.2284584999373376],[106.72003309924126,-6.2284812993876688],[106.72019349977987,-6.2286232992336332],[106.72035589968172,-6.228773799423708],[106.72046759970569,-6.2288711997935966],[106.72055539984292,-6.2289265991381386],[106.7206442993546,-6.2289721994234517],[106.72114539948373,-6.229181799405425],[106.72145009969543,-6.2292857999032964],[106.72153729989125,-6.2293053991865772],[106.72168489988725,-6.2293297998637964],[106.72185549982338,-6.2293481991398236],[106.72246739995592,-6.229428199914528],[106.72266989999081,-6.2294682991653341],[106.72294819935948,-6.2295247992853771],[106.72309129991999,-6.2295554000169071],[106.72327549952797,-6.2295964991779984],[106.72332829999822,-6.2296086991488595],[106.72350939935839,-6.2296505995422624],[106.72356599957241,-6.2296647998643238],[106.72364529955438,-6.2296831993545867],[106.72389399937863,-6.2297348992783919],[106.72421709949349,-6.2298111993624268],[106.72424979975143,-6.2298249993968637],[106.72427619998237,-6.2298375993227744],[106.72429869992874,-6.2298483999384109],[106.72432429993189,-6.229868299547924],[106.72435099974322,-6.2298923992868964],[106.72437379940018,-6.2299163996498219],[106.72439409987507,-6.2299431995149783],[106.72454600001593,-6.2301695992002593],[106.72456049934273,-6.2301907991903693],[106.72457499951645,-6.2302069997330376],[106.72459309960811,-6.2302234995601129],[106.72461409929434,-6.2302388994116145],[106.72463669951061,-6.230248299939511],[106.7246455998352,-6.2302510992441746],[106.72466790003354,-6.2302579996758025],[106.7246889997114,-6.230260299739574],[106.7247063998734,-6.2302602998049181],[106.7248514998373,-6.2302406991979806],[106.72512259993576,-6.2301754997872152],[106.72516669914273,-6.2301691996044166],[106.7252374996507,-6.2301630996173456],[106.72529789987136,-6.2301682993364373],[106.72536089930357,-6.2301802993291835],[106.72540939940644,-6.2301912996642548],[106.72545919973126,-6.2302080999324732],[106.72551379953167,-6.2302283992007004],[106.72557279955176,-6.2302549991460259],[106.72564429926388,-6.2302930996639505],[106.72572169951978,-6.2303389996601721],[106.72578329955746,-6.2303789997626549],[106.72582579946111,-6.2304116992855567],[106.72586649981469,-6.2304469998039194],[106.72589869975135,-6.2304815993394689],[106.72593359942719,-6.2305202997140334],[106.72596889973406,-6.2305673998948627],[106.7260022994449,-6.2306129998576303],[106.72600689993047,-6.2306191995091016],[106.72603679979203,-6.2306682994095217],[106.726066599166,-6.230723699338915],[106.72610249926738,-6.2307922999101315],[106.72613250000981,-6.2308564999537541],[106.72617180002841,-6.2309545995357727],[106.72619099992791,-6.2310042995794452],[106.72620909956667,-6.2310515997997991],[106.72623129926171,-6.2311161997127025],[106.72626819950398,-6.2312344992894104],[106.72628489966075,-6.2312635994083596],[106.72629969961331,-6.2312868997468458],[106.72631769976914,-6.2313114998223753],[106.72632979936539,-6.2313235993766112],[106.72634729946886,-6.2313361993653205],[106.72636499997124,-6.231345699932711],[106.72638549946731,-6.2313528991407745],[106.72640699954665,-6.2313554998167024],[106.72642769958826,-6.2313554998642324],[106.72644649919755,-6.2313534996674136],[106.72649430003625,-6.2313445993521226],[106.7265725998711,-6.2313261997981417],[106.72664719937325,-6.2313082997272193],[106.72686479926875,-6.231267299640705],[106.72692529990589,-6.2312655996074495],[106.72701379926912,-6.2312681996628045],[106.72717999986118,-6.2312939997882122],[106.72740229944112,-6.2313621994358037],[106.72762999922018,-6.2314202992246788],[106.72774379958632,-6.2314493994248608],[106.72777109981159,-6.2314569994619466],[106.72788869995955,-6.2314927992014413],[106.72807759921756,-6.2315400993164962],[106.72820729992739,-6.2315752996045752],[106.72845069929218,-6.2316385992465833],[106.72901849996636,-6.2317863996061131],[106.72962809932352,-6.231928399936046],[106.73059849941281,-6.232167399942516],[106.73105019988623,-6.2322814997732259],[106.73122559988036,-6.232320499697015],[106.73132139929797,-6.2323390995667802],[106.73257829916825,-6.2325927993757917],[106.73283839936011,-6.2326444000255492],[106.73291849935613,-6.2326602996364544],[106.73309769957091,-6.2326958991786077],[106.73358259963641,-6.2327920996575026],[106.73410099975081,-6.2328945994442844],[106.73451009986124,-6.2329797998346912],[106.73475129983872,-6.2330469996833768],[106.73502589996113,-6.2331175996423775],[106.7354922995025,-6.2332604994329621],[106.73566339917578,-6.2333086996003289],[106.73635769926126,-6.2335041995519855],[106.73652509974453,-6.2335424995660631],[106.73757519928935,-6.2337826999522088],[106.73824929952862,-6.2339399999641634],[106.73833679971267,-6.2339678994006498],[106.73844579978957,-6.2340103997077767],[106.73853389920194,-6.2340558994815938],[106.73861169989119,-6.2341086000153361],[106.73863069945037,-6.2341269996040598],[106.73867609974208,-6.2341711997801577],[106.73871249948729,-6.2342216994611936],[106.73873509936094,-6.2342651999242902],[106.73887449918541,-6.2345977994138266],[106.73892419918344,-6.2346977998213777],[106.73895899963998,-6.2347630995050176],[106.73899459968045,-6.234818499919724],[106.73903139916443,-6.234862499647889],[106.73907329930856,-6.2349020998147617],[106.73918999972182,-6.2349864992960793],[106.73925639948094,-6.2350260999686249],[106.73933709958565,-6.2350657999169048],[106.73941469999136,-6.2350943999956039],[106.73949949934676,-6.2351213993502057],[106.73957389946833,-6.2351357993310161],[106.73981269929689,-6.2351570991767415],[106.73986489948709,-6.2351610997942108],[106.73993969982436,-6.2351688994403487],[106.74003729983751,-6.2351809992937577],[106.74083589992547,-6.2352770993234996],[106.74094069919776,-6.2352928996732206],[106.74109839925462,-6.2353253996573699],[106.74179219998658,-6.2354680993963418],[106.74184359969017,-6.2354890998510077],[106.74191550003279,-6.235518399216998],[106.74203759941533,-6.2355797000156263],[106.74229049934954,-6.2357582995900138],[106.74231399932127,-6.2357729994423901],[106.74266519924316,-6.2360042995017153],[106.74276709924627,-6.2360757000206446],[106.74290879978712,-6.2361699991674691],[106.74299079974594,-6.2362247999079576],[106.743068799993,-6.2362706992300003],[106.7430985993781,-6.2362830995810095],[106.74316239916645,-6.2363098991601236],[106.74327319986912,-6.2363370993154774],[106.74339449976011,-6.2363567995292568],[106.7435382993357,-6.2363733997615718],[106.74364559980668,-6.2363858998769821],[106.74403709972184,-6.236417799601857],[106.74454809917346,-6.2364342997802673],[106.74470639924166,-6.2364352992228627],[106.7450969991787,-6.2364450994621405],[106.74512469949751,-6.2364459996346451],[106.74516829980655,-6.2364429997265596],[106.74551319989351,-6.2363840998284621],[106.74560599925873,-6.2363696993546895],[106.74577269990087,-6.2363436998319894],[106.74611459988515,-6.2362888992598542],[106.7463611995087,-6.2362853992035054],[106.74653289966618,-6.2362861999817047],[106.74657329956493,-6.2362875996093017],[106.74678269941526,-6.2362978997576555],[106.74681089949864,-6.236300199714746],[106.74691769988615,-6.2363046994404758],[106.74696619999183,-6.2363119992831457],[106.74708629985058,-6.2363226993620957],[106.74723549919685,-6.2363267998288983],[106.74731129957141,-6.2363358998152005],[106.7474861995216,-6.2363577993669423],[106.74772119943539,-6.2363871997628726],[106.74778429969361,-6.2363950994158515],[106.74781339994435,-6.2363990998612131],[106.74797919995001,-6.2364258995004134],[106.7481562995052,-6.2364527999348747],[106.74841739922074,-6.2364802995587194],[106.74851319957494,-6.2364981996714786],[106.74864259997337,-6.2365110991947486],[106.7505443994567,-6.2365484998576886],[106.75164249988909,-6.2365942997043771],[106.75219769971002,-6.2366382997011449],[106.75243529915325,-6.2366437991535699],[106.75271539946921,-6.2366515993779359],[106.75298519933338,-6.2366545998322245],[106.75319779925366,-6.2366504998512307],[106.75330839978649,-6.2366799996085263]],[[106.75444379924554,-6.2363892996971266],[106.75451699982442,-6.2363260996178065],[106.75457829965666,-6.2362808994263261],[106.75479319947127,-6.2361674996739209],[106.75515869973601,-6.2359588997355972],[106.75524039950999,-6.2359207991903727],[106.75531279964058,-6.2358948993398959],[106.75537379939175,-6.2358746996044649]],[[106.75537379939175,-6.2358746996044649],[106.75533379946835,-6.2359233996107228],[106.75526689930176,-6.2359777998332468],[106.75518149944139,-6.2360351994388221],[106.75483220004033,-6.2362317999708683],[106.75461359973232,-6.2363507991666287],[106.75454119978144,-6.2363737991567954],[106.75444379924554,-6.2363892996971266]],[[106.75537379939175,-6.2358746996044649],[106.75559669938494,-6.2357461998356145],[106.755714099889,-6.2356941992797656],[106.75583559982748,-6.2356668997275975],[106.75598099984794,-6.2356769998730641],[106.75608779998545,-6.2357006000220379],[106.75629339957138,-6.2357614994119785],[106.75729299994134,-6.2361341998944981],[106.75744919981493,-6.2362010992450214],[106.75758379985433,-6.2362858997129251],[106.75772329918932,-6.2363926993975358],[106.75784719984841,-6.2365161993049067],[106.7580036994696,-6.2367060992374599],[106.75837269969423,-6.2371457991264023],[106.75846209943599,-6.2372190994354204],[106.75857069932184,-6.2372861996951858],[106.75871909922085,-6.2373384999460795],[106.75888289992582,-6.2373664997548461],[106.75926739950667,-6.2374073997577089],[106.7601028995806,-6.2374823995065505]]]},"properties":{"FID":12,"ID":"BRT_13","GEOM_ID":"BRT_13_REG","LINE":"13","NAME":"Ciledug - Tegal Mampang","MODE":"BRT","CLASS":"Koridor Utama","STATUS":"Eksisting","COLOR":"#783378","ROUTE_VAR":"REGULAR","SOURCE":"TransJakarta; RTRW DKI Jakarta","REMARK":"Elevated","ALIGNMENT":" ","DIV_ID":" ","DIV_NOTE":" ","DIV_SRC":" ","VALID_FR":" ","VALID_TO":" "}},{"type":"Feature","id":13,"geometry":{"type":"MultiLineString","coordinates":[[[106.85030393417617,-6.1527223825943738],[106.85047369975794,-6.1526954993882326],[106.85182909932797,-6.1524808998197678],[106.85215409914427,-6.1524323998958268],[106.85284929924238,-6.1523150997420446],[106.85407179999994,-6.1521273992614862],[106.85423789921376,-6.1521018993067322],[106.85439229954744,-6.1520781994349418],[106.85477189994987,-6.1520198999208144],[106.85535019996597,-6.1519312994664306],[106.85554469932839,-6.1518898993603344],[106.85568059925019,-6.1518453999310099],[106.85623449979308,-6.1517545994989948],[106.85650969947989,-6.1516704998925285],[106.8566485999397,-6.1515899997379062],[106.85677219984078,-6.1514714993847734],[106.85685339925689,-6.1513317992313148],[106.85689849999711,-6.1512621993283814],[106.85717939938804,-6.1507941996908624],[106.8574237999055,-6.1503739996831834],[106.85753779998599,-6.150181299362524],[106.85763899953081,-6.1500115992606421],[106.85778459973091,-6.1497663993252285],[106.85788109970989,-6.1495769000104872],[106.85794829932,-6.1494723995447309],[106.85796469988173,-6.1494379998181934],[106.85806959995645,-6.1492452994983635],[106.85813129979032,-6.1491303995297999],[106.85816249967351,-6.1490645993227586],[106.85829299954949,-6.1488401996538853]],[[106.85030393417617,-6.1527223825943738],[106.85023300000258,-6.1523304991978032],[106.85008879918144,-6.1515316995912324],[106.84988299939135,-6.1503918999893887],[106.84978679984538,-6.1498834992869496],[106.84969019936122,-6.1493956994472541],[106.84964339995906,-6.149177999674472],[106.84960139927256,-6.1489986993697574],[106.84957699945646,-6.1489433993031151],[106.849555800015,-6.1489002997895481],[106.84953559983009,-6.1488472998385264],[106.84951889915898,-6.1488033999366607],[106.8495107998535,-6.1487574991772442],[106.84951189994221,-6.1487142998577236],[106.8495155994146,-6.1486583997924233],[106.84951539979104,-6.1486055991394037],[106.84951289965231,-6.1485583996048554],[106.84951129970621,-6.1484260997910773],[106.84935699956505,-6.1476168992528706],[106.84926879968774,-6.1471540999570813],[106.84916889977798,-6.1465168998427515],[106.84913679947239,-6.1463123995315341],[106.84912699986275,-6.1462637993652969],[106.84906109923193,-6.1459350997649711],[106.84900359929937,-6.1458771998157715],[106.84898509991466,-6.1458441994384518],[106.84896479975235,-6.1458021998133177],[106.8489278997252,-6.1456760998334703],[106.84891199939077,-6.145638399659223],[106.84889049985081,-6.1456024991442302],[106.84886749922396,-6.1455713995077899],[106.84879279956129,-6.145164299421265],[106.84872879924414,-6.144798699583351],[106.84864619946811,-6.1443267999562137],[106.84861359996026,-6.1441402995194325],[106.84855189976452,-6.1437876998309857],[106.84850279930755,-6.1435453998548377],[106.84839559959703,-6.1429579994335679],[106.8482782993083,-6.1423468995052142],[106.84824219974016,-6.1421591000125826],[106.84821749923296,-6.1420881994221208],[106.84818729936141,-6.1420241994257312],[106.84812019993282,-6.1419180997348963],[106.84787879992015,-6.1418908992805372],[106.84781989985089,-6.1418901995085236],[106.84653679959099,-6.1420942994394832],[106.84604799942748,-6.1421726998176887],[106.84593889997912,-6.1421981995242376],[106.84584369997762,-6.1422221991492183],[106.84543329920749,-6.1423918996465261],[106.84539489950254,-6.1424253994801647],[106.84533029928092,-6.1424467997580461],[106.84502899971805,-6.1429991997232714],[106.84489499916845,-6.1432388998516316],[106.84482099918827,-6.1433714997501339],[106.84473329980372,-6.1435282999041894],[106.84464639929816,-6.1436851994694655],[106.84441669970738,-6.1441021994782377],[106.8442313996695,-6.144432099891878],[106.84421029998335,-6.1444712995674289],[106.84404309944794,-6.1447963997162089],[106.84404079959361,-6.1448008995475591],[106.84401719983781,-6.1448467995864213],[106.8439793994425,-6.1448670992119832],[106.84395359936049,-6.1449122997786167],[106.84393889938357,-6.1449415993637233],[106.84392499926891,-6.1449675995972992],[106.84387899994903,-6.1450508999864208],[106.84366639931746,-6.1454363995340771],[106.84356699939957,-6.1455678998634626],[106.84325939951334,-6.1459003992610155],[106.8430923992334,-6.1460723997480846],[106.8429636996556,-6.1461830994470548],[106.84277119953639,-6.1463206992643702],[106.84262909914256,-6.1464020000180088],[106.84240579972847,-6.1465297998783104],[106.84212679930498,-6.1466550999621203],[106.84181299998986,-6.1467683995007922],[106.84165210002877,-6.1468223993248268],[106.84156629926198,-6.146852399601773],[106.84094119973095,-6.1470443995527928],[106.84052149959126,-6.1471679991736234],[106.84008219994084,-6.1472990991776202],[106.83968349992357,-6.1474194993300513],[106.83964979947014,-6.1474310991925831],[106.83939839946993,-6.1475174998556508],[106.83896669928433,-6.1476396994327898],[106.83868089936911,-6.1477350998534179],[106.83836240000937,-6.147838499714636],[106.83831270000195,-6.1478565000156999],[106.83823499916643,-6.147882499977654],[106.83825519958771,-6.1479584991487259],[106.8382899000419,-6.148135200004428],[106.83827849978834,-6.1482891993520221],[106.83827989919178,-6.1483291995040572],[106.83834429923292,-6.148463799501787],[106.8385688998151,-6.148627899188134],[106.83858499982314,-6.1486383999584513],[106.83861779959699,-6.1486598994407151],[106.83891089983503,-6.1488798994237701],[106.83905229953479,-6.1489809996949427],[106.83933599944054,-6.1491838995121135],[106.83961719956619,-6.1493803998778418],[106.8397946997122,-6.149506499681122],[106.83984279935056,-6.1495429998626738],[106.83984919950032,-6.1495478992049364],[106.8403759995695,-6.1499811992307167],[106.84055450002774,-6.1501035998815752],[106.84107139923842,-6.1504578996952786],[106.84122139925253,-6.1505679994170945],[106.84127449976941,-6.1506279995710038],[106.84130889985695,-6.1506597999059291],[106.84133969940481,-6.1506811993517658],[106.84139169991587,-6.1507173992591273],[106.84171590002353,-6.1509729998876832],[106.84221649914068,-6.1513218000166052],[106.8424029998272,-6.1514517997450149],[106.84255359995835,-6.1515557991539396],[106.84261479968256,-6.1515979997541921],[106.84315459947953,-6.1519632991442501],[106.84379499992168,-6.1523966994042256],[106.84387239921678,-6.1524482996357479],[106.84497530000344,-6.1532126998640964],[106.84525559938486,-6.1534093998304806],[106.84531400000103,-6.1534353997878535],[106.84539909961224,-6.1534606998475558],[106.84551719997715,-6.1534579995424217],[106.84566739963803,-6.1534419991781864],[106.84670429946647,-6.1532952995253911],[106.84685959983139,-6.1532521996652179],[106.8469092996779,-6.1532448993006312],[106.84838289931994,-6.1530282993009875],[106.8489445992588,-6.1529375998736349],[106.85018309964504,-6.1527414994181155],[106.85030129954652,-6.1527227995039926],[106.85030393417617,-6.1527223825943738]],[[106.8583914995347,-6.148935899532094],[106.85830840000236,-6.1491080999804204],[106.858286199993,-6.149155299264093],[106.85818899995438,-6.1493496997635431],[106.85799979974736,-6.1496729998440527],[106.8578627991638,-6.1498958995435284],[106.85774049923285,-6.1500949000000542],[106.85765989997033,-6.1502259995239754],[106.85760849916818,-6.1503038998353281],[106.85750379954483,-6.1504786998250616],[106.85725379928893,-6.1508666996085184],[106.85700499972586,-6.1512529998988468],[106.85682579994509,-6.1515310996864008],[106.8567390992999,-6.15166569962207],[106.85673419998277,-6.1516716000213636],[106.8566698992595,-6.1517480994188753],[106.85658759980839,-6.1518459995665458],[106.8564438000012,-6.1519737998056758],[106.85628489914673,-6.1520731995067877],[106.85603409984631,-6.1521370994043316],[106.85570419980154,-6.1521585995431529],[106.85533349949439,-6.1521696996405515],[106.85522189956284,-6.1521735991505198],[106.85501099958853,-6.1521750000274604],[106.85469809936718,-6.1521686999415444],[106.85469669931955,-6.1521710999284736],[106.854424299977,-6.1522136997988284],[106.85441799965658,-6.1522146999776499],[106.85426779973574,-6.1522377993916582],[106.85410029958,-6.1522591993362141],[106.85263669963621,-6.1524914997995381],[106.85233689945359,-6.1526332998798683],[106.85097359992496,-6.152849699434535],[106.8508911994609,-6.1528887998959316],[106.85083269985343,-6.1529179991885652],[106.85076139944042,-6.1529722999172458],[106.8507130994511,-6.1530540996880765],[106.85067749919241,-6.1531572994658363],[106.85075689928463,-6.1535952999785248],[106.85077759996042,-6.1537243996211757],[106.85098049922037,-6.1548458000147068],[106.85093779928856,-6.155219599650863],[106.85098380001493,-6.1554685993143625],[106.85101449999473,-6.1555977998486382],[106.85104339946098,-6.1557047994836092],[106.85110149995126,-6.1558088994406432],[106.85112339957965,-6.1558695994757855],[106.85113759983486,-6.1559253994347545],[106.8511375998292,-6.1559613995735241],[106.8511303995936,-6.1560108994203757],[106.85111959968943,-6.1560737996892065],[106.85110229997679,-6.1561662000133532],[106.85112709945025,-6.1562680999029737],[106.851225899334,-6.1567920999791497],[106.85142289914531,-6.1577943992608706],[106.85144219966422,-6.1579063995856806],[106.85166139923011,-6.159176199202582],[106.85175239958153,-6.1596418992985118],[106.85177689927066,-6.1597092999879113],[106.85180419945266,-6.1597805996483137],[106.85183979914281,-6.1598419997486973],[106.8518763999504,-6.159910999466164],[106.8518983991795,-6.1599739992298383],[106.85190009978378,-6.1600350993066018],[106.85189329945543,-6.1601206991437003],[106.85187409946056,-6.1602704995741489],[106.85188539928983,-6.1603469000045283],[106.85202839914035,-6.1610369995894692],[106.8521475996866,-6.161705499887856],[106.85220439941571,-6.1620629998430321],[106.8522669995487,-6.1623812995679419],[106.85231029981263,-6.1626618994852809],[106.85235319922359,-6.1628375999339529],[106.85236679960343,-6.1629033991549864],[106.85238239975394,-6.1629591995327653],[106.85240379949209,-6.1630078992677984],[106.85242619968707,-6.1630488992987402],[106.85245839996315,-6.163089899627523],[106.85250109926795,-6.1631328996388701],[106.85254449925118,-6.1631658998942624],[106.85282059928753,-6.1633661993633462],[106.85289829999108,-6.1634190993821347],[106.85298509981331,-6.1634753999495704],[106.85305850003859,-6.1635216991375428],[106.85316819984516,-6.1635916994693369],[106.85318349916253,-6.1636039998324215],[106.85319649993865,-6.1636182991460897],[106.85320599976035,-6.1636345997890896],[106.85321259945241,-6.1636523996693002],[106.85322389914987,-6.163700799920222],[106.85321229914163,-6.1637209994328606],[106.85319389940554,-6.1637539992890371],[106.85316879965785,-6.1637998995109209],[106.85315319991564,-6.1638290993879981],[106.85291459946222,-6.1642294995662192],[106.85286859971882,-6.1643066994745768],[106.85272399914838,-6.1645288998729724],[106.85267599952373,-6.1646355995722173],[106.85265939944539,-6.1646878997339813],[106.85264679952702,-6.1647648994384694],[106.85260419961966,-6.1655251996480995],[106.85259840003003,-6.1657045991315398],[106.85256319935618,-6.1663498995459731],[106.85253939964311,-6.166838499867672],[106.85253829975338,-6.1668708998013821],[106.8525360995659,-6.1669348000278976],[106.85253029954664,-6.1671077998562236],[106.85250489930471,-6.1676666997894483],[106.85249069984773,-6.1680770992600893],[106.8524720999916,-6.1685678994169049],[106.8524528992689,-6.1690562993094131],[106.85245199984851,-6.1690779996029708],[106.85244989949098,-6.1691172999587289],[106.85242479975993,-6.1695942999096198],[106.85240479952338,-6.1699759997785772],[106.85238509965079,-6.1704979991516424],[106.85237889989762,-6.1706616992663763],[106.85235059945697,-6.1712059998739113],[106.85234089990418,-6.1713930992114907],[106.85232799994601,-6.1717391992481119],[106.8523269993881,-6.1718487997578162],[106.85232449937024,-6.1719620998919789],[106.85232159972554,-6.1720245992916194],[106.85225889943895,-6.1731952997304145],[106.85224739938803,-6.1734392997012328],[106.8522445992179,-6.1734986992937166],[106.85224209975745,-6.173560399835111],[106.85221299983574,-6.174138599360683],[106.85219449952318,-6.1744382992496609],[106.85219319924146,-6.1744649991419429],[106.85218989993726,-6.1746414993266239],[106.85190069943231,-6.1746615991777585],[106.85185299916584,-6.1746647995715245],[106.85179779939871,-6.1746720993066919],[106.85131659964286,-6.1747120000237299],[106.8508902998269,-6.1747542997693534],[106.84955379954481,-6.1748474993508067],[106.84934779948956,-6.174845099686201],[106.8491747995453,-6.1748491991966015],[106.84755019963076,-6.1749631999526526],[106.84735149927332,-6.1749819994209023],[106.84722299916557,-6.1750189991267845],[106.84692789971014,-6.1750405996964579],[106.84631729994577,-6.1750867997495416],[106.84577799972844,-6.1751180997840027],[106.84563319961792,-6.1751406999144418],[106.84547489916001,-6.1751975993105637],[106.84536309922886,-6.1752454991665058],[106.84523719953964,-6.175334099166367],[106.84518729936583,-6.1753837996855223],[106.8448860993899,-6.1757727998158316],[106.84467289952394,-6.1760413998994048],[106.84457129997112,-6.1761816998155403],[106.84416369980123,-6.176725699130917],[106.84392439958479,-6.1771128995069748],[106.84387720000348,-6.1772266995735414],[106.84378469939749,-6.1773716994112915],[106.84369039952422,-6.1774867993021907],[106.84348149919816,-6.1776771993458608],[106.84321579935539,-6.1778678993041325],[106.84293689977945,-6.1780966000022524],[106.84267819918693,-6.1783065993869037],[106.84258119946199,-6.1783853999531235],[106.84254599933375,-6.1784154995527167],[106.84250369981099,-6.1784517992066199],[106.84244029947465,-6.1784840996085402],[106.84237489999424,-6.178510699835889],[106.84230389998909,-6.1785288998645278],[106.84226359986039,-6.1785304997190833],[106.84225319949171,-6.178526299731903],[106.84218649974869,-6.178526199889701],[106.84213939972729,-6.1785087996359396],[106.84208040003961,-6.1784671998930758],[106.84203629941685,-6.1784369998007556],[106.84202409969464,-6.1784239994603922],[106.84199250001262,-6.1783880995937634],[106.8419548992959,-6.1783329997349519],[106.8419306993331,-6.1782977993728352],[106.841909399991,-6.1782679994861693],[106.84188099992139,-6.1782238994869969],[106.84181829958513,-6.178135200020769],[106.84177259924979,-6.178062999663064],[106.84169479969394,-6.177971099270656],[106.84088159996969,-6.1770031994265944],[106.84076610001669,-6.1768765998685957],[106.84073069970863,-6.1768377997973865],[106.84068829958531,-6.176791400007323],[106.84050810002813,-6.1765939992137744],[106.84043069947799,-6.1765091993582457],[106.84029439995972,-6.176359799783997],[106.84025679972018,-6.1763185994718848],[106.84019629929854,-6.1762451996050443],[106.84009849947461,-6.1761263994024524],[106.84001829974643,-6.1760288992490473],[106.83999749983936,-6.1760036997131413],[106.83997429932803,-6.1759841993076865],[106.83993229915883,-6.1759661997491735],[106.83992269996241,-6.1759532997349345],[106.83989509956959,-6.1759203994146814],[106.83987519977265,-6.1758978993157623],[106.83953679939222,-6.1754964997793564],[106.8395131997321,-6.1754683993771504],[106.83946549964098,-6.1754183992757685],[106.83945859971236,-6.1754111997354748],[106.83921749984377,-6.1751581999228824],[106.83910019995182,-6.1750351991460679],[106.83904229923178,-6.1749670993403987],[106.83887059931752,-6.1747761999519106],[106.83879829930935,-6.1746958992945453],[106.83868329934998,-6.174560999703453],[106.83861929946028,-6.1744834000050179],[106.83845289941929,-6.1742733995989942],[106.83841879964828,-6.1742259997551319],[106.83839509956606,-6.1741917991888329],[106.83834219972722,-6.1741145996074698],[106.83830089951924,-6.1740516991442718],[106.83820139951705,-6.1738807996973648],[106.83809399991055,-6.1737915992352868],[106.83801319969768,-6.1736040996947503],[106.8376244997829,-6.1726326993339864],[106.83758329942006,-6.1725488994509767],[106.83757869961055,-6.1725387994895975],[106.8375407993085,-6.1724483995299178],[106.83731509976883,-6.1719098997614967],[106.83729489930678,-6.1718621995269523],[106.83721879931963,-6.1716785994160297],[106.83710889916635,-6.1713993996795464],[106.8370218999122,-6.171138799188717],[106.83699419971218,-6.1710523992391426],[106.83794549943531,-6.1706323998673049],[106.83796919969458,-6.1706218993109943],[106.83820139951031,-6.1705110992278263],[106.83836769989144,-6.1704348000273033],[106.83881119964681,-6.1702111993564301],[106.838864599815,-6.1701849993028084],[106.83893659991055,-6.1701478994497521],[106.83894899945152,-6.1701405997715426],[106.83896649933308,-6.170131099813422],[106.83900499973743,-6.1701104991887368],[106.83904929915732,-6.1700856994617368],[106.83906160000758,-6.170078599943543],[106.83906999969862,-6.1700737996365715],[106.83914099961261,-6.1700337999371992],[106.83936269927869,-6.1699208992097923],[106.83949079946318,-6.1698556992670728],[106.83965069940564,-6.1697879997287357],[106.83968869957091,-6.1697742995941578],[106.83977569955638,-6.1697412997740786],[106.83978269929541,-6.1697386996177848],[106.83978749953043,-6.169737499477626],[106.83980469955587,-6.1697316994870777],[106.83985099986178,-6.1697162997616397],[106.83992259983108,-6.1697051996399592],[106.83997259998989,-6.1697029997232624],[106.84002359932228,-6.1697007999665736],[106.84006449988185,-6.169865299429099],[106.84007129922976,-6.1698925998778424],[106.84024549935106,-6.1706226999737073],[106.84041389922002,-6.1712846999319204],[106.8409046992936,-6.1731892992885626],[106.84105939938975,-6.1737940000081934],[106.84117329947448,-6.1742414995167341],[106.84133109978596,-6.1747801995126848],[106.84135759976998,-6.1748747993871556],[106.84148089936652,-6.1753869999615425],[106.8415382995025,-6.1755456995386497],[106.84155729928767,-6.1755879994039544],[106.84157809952323,-6.175642299468775],[106.84158229941555,-6.1756534993114673],[106.84165059946602,-6.1758087994325424],[106.84169629933619,-6.1759888995027863],[106.84181489959084,-6.1765659999768614],[106.84205139964233,-6.1776073992036675],[106.8421223996495,-6.177938499521952],[106.84216049979709,-6.1781050994378504],[106.84217289950914,-6.1781612992459953],[106.84218919996991,-6.1782343997785167],[106.8422117000014,-6.1783106994780725],[106.84224119995586,-6.178356999994147],[106.84227329943025,-6.1783858998656358],[106.84230829976961,-6.1784045997309143],[106.84235479956929,-6.1784077994083004],[106.84240949945691,-6.1783886992502852],[106.8424736996906,-6.1783329998762477],[106.84250739927683,-6.178303699339236],[106.84261689995294,-6.1782131998630705],[106.84280289973307,-6.1780595993580452],[106.84282769986625,-6.1780308992726995],[106.84284919996129,-6.1779844998202451],[106.8428706994921,-6.177952299390963],[106.84287739990654,-6.1779461992748974],[106.84297079985036,-6.1778617999091052],[106.84308249933287,-6.1777686996226793],[106.84325980002872,-6.1776164999027641],[106.84356189997757,-6.1772720994376042],[106.84380369972278,-6.1770201997503138],[106.84412339969403,-6.1766820998541689],[106.84453219977918,-6.1761323992583588],[106.84462679984733,-6.1759999998080746],[106.84485849988297,-6.1757122992904652],[106.84513629947828,-6.1753381996014554],[106.84519529929179,-6.1752765994603029],[106.84531929970349,-6.1751766994761601],[106.84537399925362,-6.1751445999601868],[106.84560069936329,-6.1750562994745115],[106.84582289991448,-6.1750249994986737],[106.84637869946278,-6.1749981991779617],[106.8469237998973,-6.1749641994027336],[106.8476081995949,-6.174919499222459],[106.84781789946753,-6.1749015999860006],[106.84847249981065,-6.1748546993256177],[106.84912049943647,-6.1748038994773289],[106.84928119975127,-6.174760099356007],[106.8495074994479,-6.1746957998342591],[106.84979819993144,-6.1746719998210677],[106.85003009982087,-6.1746529999753275],[106.85011990003345,-6.1746462998159695],[106.85127359986002,-6.1745601998047608],[106.85179559985376,-6.1745231996746179],[106.85182939934066,-6.1745163993814343],[106.85186229929405,-6.1745010994800884],[106.85189049938406,-6.1744786992805354],[106.85189089932049,-6.1744559998127579],[106.85189819979789,-6.1739871991570148],[106.85189899925869,-6.1739694992175584],[106.85190630001432,-6.1738496995214964],[106.85192899933597,-6.1734783997918168],[106.85197729974971,-6.1724757000160668],[106.85199489925706,-6.1721768992584103],[106.85200189925533,-6.1720518998711658],[106.85202039985901,-6.1719349997363935],[106.8520272999281,-6.171873299246375],[106.85204729946398,-6.1714523993921713],[106.85205979944098,-6.1711988995099114],[106.85209599994218,-6.1705932999276136],[106.85210009946573,-6.1704866000207961],[106.85213089988596,-6.1697374998531611],[106.85214059914951,-6.1695603996232773],[106.8521531998078,-6.1693308994641605],[106.85216259949041,-6.1691322993116939],[106.85216630002346,-6.1690646994541556],[106.85216969967935,-6.1689845997058681],[106.85219489981364,-6.1685181997401015],[106.85222479986709,-6.1679451999540333],[106.85225089932051,-6.1675074994823014],[106.85227359949722,-6.1669568991251564],[106.85227589956958,-6.1668553998888607],[106.8522781995129,-6.1667928998543404],[106.85228050000981,-6.1667302994576385],[106.8522964991722,-6.1662739993374709],[106.85236179997598,-6.1650859995636456],[106.85238579988157,-6.1646491997292987],[106.85238659984735,-6.1646409998190288],[106.8524130991493,-6.1645755992059588],[106.85246939926907,-6.1644576997436697],[106.85262859976615,-6.1641185993215277],[106.85264869968819,-6.1640847997027395],[106.8527944994196,-6.1638384992761024],[106.85289989994345,-6.1636460998249403],[106.85291179958513,-6.1636153992503813],[106.85291689931965,-6.1635885993558377],[106.8529164995864,-6.1635587995847443],[106.85290659939696,-6.1635335997577032],[106.85288619927927,-6.1635063993566508],[106.85285489993122,-6.1634758995856762],[106.85243749959473,-6.1631715999764314],[106.8523496991679,-6.1631046996605621],[106.85231129946888,-6.163066999354851],[106.85227719989494,-6.1630284992933895],[106.85225149964343,-6.1629908995154192],[106.85222709996823,-6.1629492997269946],[106.85221049932213,-6.1629102994287859],[106.8521985999767,-6.162871299974884],[106.85214879997778,-6.1626925999565811],[106.85209849980674,-6.1624162992006388],[106.85198259913993,-6.1618397995130731],[106.85178129943927,-6.1607354996523469],[106.85168449980766,-6.1603328995553239],[106.85167019930898,-6.1602857998686291],[106.85162639928542,-6.1601644000012747],[106.85159729929792,-6.160103199743852],[106.8515767994264,-6.1600421992828007],[106.85157409947021,-6.1599924996279203],[106.8515871993245,-6.1599110994411506],[106.85160109982401,-6.1598182995068704],[106.85159729960758,-6.1596812995787573],[106.85157830002646,-6.1595732991646805],[106.85135729933219,-6.1584566998104213],[106.85126189959729,-6.1579448997382835],[106.85113299929395,-6.1572529999585344],[106.85096339968266,-6.1563887993165283],[106.8509368995756,-6.1562971991959303],[106.85090779991668,-6.1562317998762062],[106.85089739979891,-6.1562050998611664],[106.85079429935841,-6.1560541991664701],[106.85077100003726,-6.1560113991514687],[106.85076019942338,-6.1559652998995045],[106.85075579957933,-6.1559090997434724],[106.85075809985842,-6.1558608998923843],[106.85076719972243,-6.1558188998092733],[106.85078769989337,-6.1557571991754969],[106.8507950994214,-6.1556613991690554],[106.85078959939386,-6.1555172992248739],[106.85069779998156,-6.1549491993546113],[106.85049319914458,-6.1537679996344554],[106.85030393417617,-6.1527223825943738]],[[106.85829669963398,-6.1488346994400915],[106.85831809939471,-6.1488132995108735],[106.85837239913933,-6.1487926992440096],[106.85835139969203,-6.1487313997747828],[106.85833059992679,-6.1486276999673413],[106.85829089993544,-6.1484248995210065],[106.85823869997442,-6.1481728993103335],[106.85814059940161,-6.1476797991686327],[106.85807449988589,-6.147269399634756],[106.85798860000621,-6.1467942994345313],[106.85791579920716,-6.1463912992273473],[106.85784949930586,-6.145989099161957],[106.85779389979072,-6.1456646991480879],[106.85765609963548,-6.1449077997348756],[106.85758299978667,-6.14447899924465],[106.85755519927726,-6.1443207991788791],[106.85754779980714,-6.1442772995443313],[106.85753459976512,-6.1442006997861922],[106.85751579977239,-6.1440904992114884],[106.85738929996946,-6.1433756994656683],[106.85728379916159,-6.1428069994560826],[106.85724549973939,-6.1425957995652141],[106.85717339949001,-6.1422454999131473],[106.85715509977854,-6.1421554991813165],[106.85707239962672,-6.1417394993301322],[106.85701849995863,-6.1414306997220844],[106.8569970994873,-6.1413136997587889],[106.85690719946791,-6.1408208992076103],[106.85683729977646,-6.1403983999523568],[106.856827299397,-6.1403401995123517],[106.85681519937768,-6.1402715000201606],[106.85679329938573,-6.1401528995803814],[106.85678369950652,-6.140107299933443],[106.85673510002069,-6.1398533995733295],[106.8566438992116,-6.1393673998949021],[106.85658089923089,-6.1390408992587711],[106.85650439965625,-6.1386144995354446],[106.85631469927922,-6.1375564996036616],[106.85625629968709,-6.137083799958714],[106.85616649938419,-6.1365613998501232],[106.85610160004455,-6.1362017996852494],[106.85594699994776,-6.1353824996803725],[106.85583569994219,-6.1347939992031177],[106.85569749996422,-6.1340564993134787],[106.85552589960081,-6.1330580999613336],[106.85513539947397,-6.1309294991347407],[106.85508669954922,-6.1306639998347965],[106.85504429925219,-6.1304328992239894],[106.85503039975677,-6.1303568992334219],[106.85493299914432,-6.1298780995762598],[106.85490850001572,-6.129670099756968],[106.85489879980337,-6.1291933997321131],[106.8548712999964,-6.128569899245524],[106.85487079935118,-6.1284552994109287],[106.85487219967604,-6.128094699583138],[106.85487459954729,-6.1278811997599574],[106.85485839916379,-6.1277378991943703],[106.85481889939845,-6.1274981997813862],[106.85481689979864,-6.1274493991553163],[106.85483749945213,-6.1273457995759593],[106.85489079956214,-6.1272331998542553],[106.85495719950069,-6.127161299944075],[106.85504959937462,-6.127138599529566],[106.85520059954104,-6.1269803994243643],[106.85523479969518,-6.1269486996243332],[106.8552688992004,-6.1269249992940731],[106.85546209940362,-6.1268629996392781],[106.85556979944569,-6.1268283998845883],[106.85577029924876,-6.1267639996483716],[106.85590499970363,-6.126720699673589],[106.85592379998414,-6.1267146996859321],[106.85594819927447,-6.1267089994790132],[106.85600229985971,-6.1267172995651862],[106.85603679986629,-6.1267357995232041],[106.856052899237,-6.1267590991716441],[106.85606359935282,-6.1267870992588174],[106.85607269995005,-6.1268109999920206],[106.85609879921799,-6.1269032995156607],[106.85586119953224,-6.1269828997642977],[106.85553059943356,-6.127095199819963],[106.85547689963624,-6.1271134996410037],[106.85539429919618,-6.1271680993755613],[106.85520799960635,-6.1273336992849394],[106.85513749982997,-6.1274315999141695],[106.85507809976659,-6.1275256999120371],[106.85505119961213,-6.1275937995001861],[106.85499719923421,-6.1277813991383443],[106.85496469955356,-6.1279656992366869],[106.85495539985706,-6.1283323996368342],[106.85495629962691,-6.1283752998890497],[106.85495779971016,-6.1284525995993597],[106.85496389930204,-6.1287546995180442],[106.85498529988087,-6.1291629999110881],[106.85498639963721,-6.1291855992392961],[106.85501779957973,-6.1296443994870664],[106.85503919992954,-6.1298420998613032],[106.85514349929876,-6.1304146995107978],[106.85518499989495,-6.1306423999492896],[106.85519629944092,-6.1307044993097692],[106.85521049937414,-6.130780899694745],[106.85523479950878,-6.13091189995062],[106.85526559950448,-6.1310813994831008],[106.8553103996671,-6.1313159998626512],[106.85538539992106,-6.1317403993136042],[106.8554181999624,-6.1319176993096791],[106.85543139983569,-6.1319997993421724],[106.85545099999162,-6.1321184993442648],[106.85553029942476,-6.132537599890588],[106.85553759914215,-6.1325761994616164],[106.85562199940831,-6.1330410997307183],[106.85562409977334,-6.1330533998921579],[106.85571379983587,-6.1335711995567159],[106.85581459937988,-6.1341447998509038],[106.85583069990291,-6.134245899762349],[106.85584619998083,-6.134342899573749],[106.85586509923793,-6.1344395991798404],[106.85593919971323,-6.1348194000196985],[106.85601009996412,-6.1351827995821537],[106.85618069999693,-6.13618579936242],[106.85618969972214,-6.1362451995398164],[106.85624399916762,-6.1365478996336549],[106.85632039972737,-6.1369725991921058],[106.85661659933345,-6.1385894999389743],[106.8567830997783,-6.1394987000255172],[106.85680839924684,-6.1396363999171939],[106.8568931993523,-6.1400843999765948],[106.85690219960921,-6.140131099349424],[106.8569236992918,-6.1402493991816414],[106.85693659968001,-6.1403206998714515],[106.85694679943407,-6.1403782992512097],[106.85696929985242,-6.1405053994039633],[106.85698429915149,-6.1406020997003443],[106.85706409942229,-6.1410494994462619],[106.85707519919004,-6.141106899487542],[106.85716149930357,-6.1415513995613331],[106.85727139956059,-6.1421351992903874],[106.85730529940044,-6.1423103999762105],[106.8573620998872,-6.1426185998806835],[106.85738889944001,-6.1427601994986603],[106.85741669921252,-6.1429067992526507],[106.85747439928724,-6.1432114995935274],[106.85748039925485,-6.1432460999342027],[106.85753959927432,-6.1435888999374679],[106.85758650002806,-6.1438602995580487],[106.8576033994748,-6.143958299672164],[106.85761179921361,-6.1440062994529532],[106.8576354994609,-6.1441423998283886],[106.8576556997786,-6.1442606995109745],[106.85768109925949,-6.1444032993970907],[106.85769619952306,-6.1444932994192794],[106.85773069940318,-6.1446730991586094],[106.85774699974145,-6.1447579991597161],[106.85776419967242,-6.1448477992874153],[106.85782979925372,-6.1451893996783244],[106.85790229980979,-6.1455710999295503],[106.85798599965069,-6.1459876997348442],[106.85804489968895,-6.146318699421915],[106.85806619999074,-6.1464401995427522],[106.85812409918883,-6.1467768997718633],[106.85815389999672,-6.1469508992685871],[106.85817379935361,-6.1470666998987147],[106.85819959927605,-6.147217299184077],[106.85820619928569,-6.1472630999299858],[106.85821279929016,-6.1473088997700369],[106.85822129943,-6.1473560998747105],[106.85829509997022,-6.1477676995170327],[106.85830639977696,-6.1478294992823024],[106.85831919999536,-6.147900899618608],[106.85838509992692,-6.148280499548628],[106.85844809949988,-6.1486036999472216],[106.85848999950008,-6.1487703995759366],[106.85853469951975,-6.1488544999533667],[106.85847789988854,-6.1488653991665512],[106.85844870001969,-6.1488780992911014],[106.85843869932714,-6.1488844993591041],[106.85841129992018,-6.1489070991918338],[106.85839659992563,-6.1489259993275329]]]},"properties":{"FID":13,"ID":"BRT_14","GEOM_ID":"BRT_14_REG","LINE":"14","NAME":"Senen - Jakarta International Stadium","MODE":"BRT","CLASS":"Koridor Utama","STATUS":"Eksisting","COLOR":"#ed882e","ROUTE_VAR":"REGULAR","SOURCE":"TransJakarta; RTRW DKI Jakarta","REMARK":"Tidak Ada","ALIGNMENT":" ","DIV_ID":" ","DIV_NOTE":" ","DIV_SRC":" ","VALID_FR":" ","VALID_TO":" "}},{"type":"Feature","id":14,"geometry":{"type":"MultiLineString","coordinates":[[[106.95303869992019,-6.2188909000175823],[106.95273519986023,-6.2188555998865835],[106.95268509994743,-6.2188527996922884],[106.95255429921536,-6.2188492996186264],[106.95245669948139,-6.2171553999139579],[106.95237639948721,-6.2165549996288778],[106.95234689977111,-6.2163823994558003],[106.95225629947352,-6.2158890998466685],[106.95223489983874,-6.2157930992555492],[106.95221879947968,-6.2157197993443321],[106.95221389999797,-6.2156910993300478],[106.95221399987895,-6.2156245999617949],[106.95219479987276,-6.2155321995393891],[106.95202819939853,-6.2149403993246271],[106.95201579936716,-6.2148983995291491],[106.95196559989108,-6.2148287994382931],[106.95188659939039,-6.2146247995895525],[106.95188119980702,-6.2146108998655913],[106.95179819978273,-6.2144428991887679],[106.9516645992132,-6.2141809991651211],[106.95157609962382,-6.2140207000181578],[106.95120999957614,-6.2132480993201362],[106.95117649967852,-6.2131684994771978],[106.9510159000301,-6.2127979994419062],[106.95094009967369,-6.2126229993921145],[106.9507929993228,-6.2123274995111082],[106.95077109940603,-6.2122833991735975],[106.95069499968946,-6.212129599703359],[106.9506905997211,-6.2121206996001046],[106.95059429960283,-6.211942199289525],[106.95051219935284,-6.2117900999198756],[106.95048139924261,-6.211743399603912],[106.9504397992543,-6.2116980997979452],[106.95038749929529,-6.211656799445044],[106.95021430000391,-6.2115444993925522],[106.95019129936254,-6.2114992991420275],[106.95007419948199,-6.2114703997454583],[106.94984199956133,-6.2115874999024037],[106.94962679957052,-6.2116962999792653],[106.94946009987848,-6.2117806992212401],[106.94941249998624,-6.2118047992256518],[106.94940109993929,-6.2118075996830324],[106.94936419966463,-6.2118167993910518],[106.94935499914199,-6.2118172998215151],[106.9493463994022,-6.2118177998481547],[106.94931919931952,-6.2118194000128106],[106.94928089963362,-6.211815099275988],[106.94926579972777,-6.211813399143411],[106.94925259957512,-6.2118118999522389],[106.94919150000528,-6.2117918992758385],[106.94917449938391,-6.2117862994813269],[106.94903769937794,-6.2117220991313467],[106.94896339973968,-6.2115802991873528],[106.94893909998831,-6.2115340991679595],[106.94891359926322,-6.2114553998937767],[106.94891249963365,-6.2114447996354372],[106.94890859988489,-6.2114060999900831],[106.9489082999241,-6.2113780998851711],[106.94891359927544,-6.2113060996013028],[106.94894109928892,-6.2112381999330131],[106.94896319926164,-6.2111834993788833],[106.94898689966028,-6.2111384994615886],[106.94905159933946,-6.2111007992495528],[106.94920839925737,-6.2110124992623286],[106.94940999967855,-6.2108989993374069],[106.94945919925136,-6.2108713999739997],[106.94962830002187,-6.210776199611467],[106.94986599940881,-6.2106422999889945],[106.95058109936673,-6.2102397995140644],[106.95121809948336,-6.2098939992441107],[106.95154519920453,-6.209716399280417],[106.95174719919942,-6.2096157998304937],[106.95197369989582,-6.2096421996302],[106.95206719968633,-6.2096719994725644],[106.95212329987909,-6.2097087994758349],[106.9521767993412,-6.2097718996471816],[106.95222009987287,-6.209858499969922],[106.95223849920701,-6.2099369991362376],[106.95223889924296,-6.210028899417007],[106.95220199949797,-6.2101521996145239],[106.95215519982544,-6.2102810993242619],[106.95180839972619,-6.2104681995346409],[106.95172069960256,-6.2105155991513969],[106.95116729978116,-6.2108151992050074]],[[106.95256629922204,-6.2124729994267645],[106.95301199922858,-6.2122693993837217],[106.95303009916574,-6.2122627000081767],[106.95309639915725,-6.2122584996957393],[106.95311059960494,-6.2122553995045919],[106.9531976993926,-6.2121987998136037]],[[106.9531976993926,-6.2121987998136037],[106.95337499926696,-6.2125619997062209],[106.95353769983302,-6.2128773998603553],[106.95355959940891,-6.2129330997105905],[106.95348049969436,-6.2131060991626814],[106.95345349937152,-6.2131474000185012],[106.95341569993896,-6.21318859972454],[106.95319549996799,-6.2132958998904586],[106.95296249937549,-6.2134039994873023],[106.95285449926723,-6.2134470993964168],[106.95281789924947,-6.2133622999086722],[106.95273859918463,-6.2131938996876173],[106.95271009926432,-6.2130999993463991],[106.9526970996326,-6.2130070995715387],[106.95270329939683,-6.2129140999718269],[106.95272249993951,-6.2128140997671055],[106.95273109934477,-6.2127301992927029],[106.95271789969594,-6.2126714999666808],[106.95269589940739,-6.2126283991728899],[106.95267340002552,-6.2125944995233402],[106.95258319926769,-6.2125138000259215],[106.95256629922204,-6.2124729994267645]],[[106.9531976993926,-6.2121987998136037],[106.953238399974,-6.2121414999125468],[106.95326389979864,-6.2120575994274025],[106.95326229945142,-6.2120427996618961],[106.95324699918386,-6.2120043999240169],[106.95322779977914,-6.2119571995256644],[106.95316179984917,-6.2118224996742057],[106.95315169929627,-6.2118025995801602],[106.95310229963445,-6.211703099534752],[106.95305599947983,-6.211610899563178],[106.95330979969873,-6.2114627997465188],[106.95336339952797,-6.2114047994560879],[106.95342929917854,-6.2112976995461411],[106.95344889961041,-6.2112338992867047],[106.95344749921823,-6.2109040993647771],[106.95343749953965,-6.210874799788983],[106.95341909998118,-6.2108457997539785],[106.95337049931078,-6.2108014998083352],[106.9533296000164,-6.2107744995587391],[106.95325339942298,-6.2107967995786799],[106.95313539932226,-6.210838799841091],[106.95290479978121,-6.2109108000252098],[106.95288109941227,-6.2109159993477814],[106.95284049970714,-6.2109040992734013],[106.95281999920559,-6.2108881993596068],[106.95256709966282,-6.2103834993016047],[106.95255519934426,-6.2103708992646682],[106.95249019938593,-6.2103291993732839],[106.95244729970945,-6.2103187995193503],[106.95238799968037,-6.210312699549978],[106.95224159949555,-6.2102367992219474]],[[106.95115129940166,-6.2112648998398257],[106.95118679934258,-6.2114180995069868],[106.95126539982193,-6.2115760992048692],[106.9514001996082,-6.2117216996200044],[106.95146369980387,-6.2118140994613702],[106.95190209916795,-6.2126677995602178],[106.95199409947142,-6.2128832997050711],[106.9520531992132,-6.2130366995863771],[106.95211619931895,-6.213195299953731],[106.9522119996612,-6.2137626994477886],[106.95227339979408,-6.2140471991754396],[106.95231529943972,-6.214184699527034],[106.95320135903019,-6.2137030741203381],[106.95407499952383,-6.2132281993793921],[106.95670789934678,-6.2119202994186917],[106.95735399953577,-6.2115492992525692],[106.95742819958474,-6.2114990999250885],[106.95800199961798,-6.211109899552298],[106.95802699961065,-6.2110901996740564],[106.95874591506319,-6.2105062525498038],[106.9590201998994,-6.210295499866274],[106.96016809943802,-6.2093899993708783],[106.96030559938369,-6.209247599793974],[106.96046719956706,-6.2090955997275561],[106.96057789983769,-6.2089735992733983],[106.96065839937752,-6.2088722998824979],[106.96078249984555,-6.2086686995508504],[106.9610049998915,-6.2083036991579084],[106.96122229941905,-6.2079156995475273],[106.96177268704696,-6.2069019421193206],[106.96217193701709,-6.20609568974883],[106.96251304404116,-6.2054212289455766],[106.96372549938775,-6.2031960992317146],[106.96390049958825,-6.2029053996857932],[106.96401039983022,-6.2026946996726089],[106.96404259937384,-6.2026239996818449],[106.9640987992325,-6.2025206991648272],[106.964130499992,-6.2024550992644576],[106.96417569949627,-6.2023733996749151],[106.9642256994867,-6.2022852993209536],[106.96442749998175,-6.2018960996759969],[106.96481729916223,-6.2011018999815528],[106.96484479931303,-6.2010525000013699],[106.96523399965946,-6.2003590991347277],[106.96527519916283,-6.2002855992283221],[106.9655122994953,-6.1999706998137718],[106.96580099992633,-6.1995210993875371],[106.96592869937678,-6.1993373994810668],[106.96595799928721,-6.1992897992202458],[106.96607169948527,-6.199105599741932],[106.966212099825,-6.1988694997905283],[106.96638569949931,-6.1985495993506072],[106.96658799963296,-6.1981695998671871],[106.9673752997345,-6.1967149991687087],[106.96802969933941,-6.1955003998885951],[106.96807269999647,-6.1954057997312555],[106.9681584996215,-6.1950670998599486],[106.96837054130475,-6.1925291069001736],[106.96844469024632,-6.1918344525683784],[106.96848371561164,-6.1914559045531563],[106.96855396117479,-6.1912022380784109],[106.9687151993631,-6.1907909991850811],[106.96858959946815,-6.190737999325445],[106.96829129976464,-6.1906165992306565],[106.9678989992712,-6.1904512998911478],[106.96765959926422,-6.1903519995839806],[106.96755999990364,-6.1903034000082302],[106.96737699962809,-6.1902285995262138],[106.96708270001261,-6.1901077994372615],[106.96691519935291,-6.1900427996282517],[106.96680959997724,-6.1899983999659378],[106.96668409978606,-6.1899524999754556],[106.96648559975915,-6.1898694993790659],[106.96635429964363,-6.1898166998844841],[106.96629309967109,-6.189790299905729],[106.96621239970153,-6.1897483999059002],[106.96592859942598,-6.1896404996281076],[106.96560229947399,-6.1895286998432004],[106.96546549990194,-6.1894766997735351],[106.9652200997681,-6.1893806994740483],[106.964920999843,-6.1892773991929753],[106.96484349943411,-6.1892507998687138],[106.96475379920992,-6.1891939998335355],[106.96436929984264,-6.1890486996351717],[106.96408559956586,-6.1889581999364927],[106.96361989923322,-6.1887743999165288],[106.96356579961294,-6.1887561997163525],[106.96308099957055,-6.1885812992303588],[106.96210499918176,-6.1882614994714844],[106.96090039997097,-6.1878768993726174],[106.96085999920024,-6.1878632998636904],[106.9606200997568,-6.1878098997471014],[106.96036949962593,-6.1877500999828445],[106.96010249961876,-6.1876726998325342],[106.96006089953062,-6.1876640998634684],[106.95940449954128,-6.1874939994229852],[106.9592804999433,-6.1874613992852536],[106.95758019961221,-6.1871123994072184],[106.95711669957991,-6.1869867997840453],[106.95677819947747,-6.1869397996268773],[106.95655369933425,-6.1868708994144246],[106.95609129958478,-6.1867810991657892],[106.95579799944397,-6.1867239992796899],[106.95572389981569,-6.1867027996335615],[106.95517060000032,-6.1865791995614439],[106.95507200001168,-6.1865521997538071],[106.95476109959321,-6.1864946993036956],[106.95443739979648,-6.1864218994247224],[106.95434990003326,-6.186390799159029],[106.95414719937634,-6.1863603994600052],[106.95409369951274,-6.1863506999552511],[106.95398779948357,-6.1863299000290173],[106.95349439948502,-6.1862361997594322],[106.9525179995357,-6.1860544996344577],[106.95137849989044,-6.185840899466772],[106.95097549962317,-6.1857691995497079],[106.95048039990247,-6.1856799994376441],[106.94956089946562,-6.1855118999856069],[106.94933419957671,-6.1854765992706326],[106.94911469915797,-6.1854413995052333],[106.94873650001576,-6.1853798999928271],[106.94864419959835,-6.1853649998401385],[106.94849749984712,-6.185338499674959],[106.94839089926349,-6.185318299589091],[106.94821569928502,-6.185288799165285],[106.94799319963433,-6.1852535999477158],[106.94659729969472,-6.1850124997507452],[106.94652790003676,-6.1849982991301324],[106.94641999951305,-6.1849822993528338],[106.94632059999759,-6.1849650993877212],[106.946018199356,-6.1849155996465566],[106.94583609950382,-6.1848900999191292],[106.945717399586,-6.184867599195897],[106.94553769926689,-6.1848492999692457],[106.94520529915515,-6.1847931992654122],[106.94415809973982,-6.1846161994749336],[106.94379159983504,-6.1845564994542812],[106.94338379932367,-6.1844919993228347],[106.94322079931156,-6.1844670995919042],[106.94299949956894,-6.1844316992934987],[106.94276469993287,-6.1843911993373073],[106.94263430001034,-6.1843668998564079],[106.9422958996051,-6.184304599679467],[106.94223889948046,-6.1842934994128722],[106.94196449974214,-6.1842467996692587],[106.94139649992947,-6.1841514998084852],[106.94131029956543,-6.1841356998642771],[106.94090759974051,-6.1840632996277245],[106.9407318998114,-6.1840306998949321],[106.94060319932044,-6.1840046993381179],[106.9403097996024,-6.1839438996503269],[106.94010669979235,-6.1839030999754012],[106.93998659924223,-6.1838775000119082],[106.93985639974392,-6.1838476993012197],[106.93968849976609,-6.183799500010875],[106.93956349937743,-6.1837608000076827],[106.93922449984353,-6.1836460999420293],[106.93910039988901,-6.1836040992054011],[106.93896699973165,-6.1835499991343044],[106.93878669957623,-6.183465999241041],[106.93866439957374,-6.1834049999350746],[106.93860509958728,-6.1833730993690814],[106.93844729952167,-6.1832888996916946],[106.93822579970492,-6.1831674991733516],[106.93805449997194,-6.1830749999734032],[106.93790909993989,-6.182989799199655],[106.93784879928421,-6.1829524991656948],[106.93747159914534,-6.1827254991712648],[106.93733149976505,-6.1826450996094255],[106.93713829959773,-6.1825451991869684],[106.93697429924686,-6.1824895997817251],[106.93681209989531,-6.1824616995378268],[106.93674809936687,-6.1824574999192237],[106.93663879939886,-6.1824577997273273],[106.93653639953266,-6.1824662991266823],[106.93634509922406,-6.1824872991263016],[106.93632899941709,-6.18248889931726],[106.93597059929915,-6.1825563993032713],[106.93557289919517,-6.1826470999599756],[106.93537579976687,-6.1827055991945539],[106.93534879938892,-6.1827120995989535],[106.93525680001035,-6.1827319998012431],[106.93505879914593,-6.1827609999230058],[106.93495769945798,-6.1827700991662242],[106.93480859916444,-6.1827866992496787],[106.93471139951116,-6.1827761992231434],[106.9346341000075,-6.1827776994226697],[106.93453499989819,-6.1827888997100384],[106.93424589923427,-6.1828141997453336],[106.9340818999179,-6.1828386998194071],[106.93369599972965,-6.1828952999116424],[106.93346049973167,-6.1829374995721214],[106.93326049954584,-6.1829896997320395],[106.93319559932412,-6.1829989996655357],[106.93265079941564,-6.1830543996763812],[106.93248149986472,-6.1830938998450584],[106.93228289978413,-6.1831107995493344],[106.93181039922496,-6.1831132997449476],[106.93169499931361,-6.1831270993815224],[106.93081059937209,-6.1832349994147577],[106.93060329919325,-6.1832560999469974],[106.93038599926412,-6.1832868999765696],[106.93003989918839,-6.1833359998078015],[106.92953189922737,-6.183408099689399],[106.92938029993303,-6.1834295996316575],[106.92910509957147,-6.1834818996999612],[106.92902919970072,-6.1834922996381856],[106.92889899917037,-6.1834766997780441],[106.9286509994602,-6.1835056993008344],[106.92857839987676,-6.1835193998990636],[106.92821609967785,-6.1835560995416898],[106.9276449995477,-6.1836424994350496],[106.92732879947334,-6.1836764997048554],[106.92704839921157,-6.1837022997462379],[106.92680649982286,-6.1837517999339369],[106.92647909979991,-6.1837725000148014],[106.92619649937525,-6.1837717996249912],[106.92612159945556,-6.1837714997718098],[106.92605549915464,-6.1837705993121999],[106.92593829980029,-6.1837643996761962],[106.92559179965151,-6.1837270993152655],[106.92545799989784,-6.1837007995833133],[106.92540889968332,-6.1836938991458306],[106.92527299987682,-6.1836626993892265],[106.92513749973381,-6.183631599406004],[106.92505169969405,-6.1836148992094691],[106.92488579952294,-6.1835845991512173],[106.92474799921223,-6.1835666994610454],[106.92460909925457,-6.1835394993790889],[106.92452709945898,-6.1835261992919595],[106.92412819944144,-6.1834498993374005],[106.92405699958476,-6.1834327998016443],[106.92384150000726,-6.1833951991741882],[106.92377970001547,-6.1833835997116342],[106.92367349947649,-6.1833708997413037],[106.92337629970035,-6.1833388992064942],[106.92334399979877,-6.1833371997452673],[106.92325909992839,-6.1833285996376945],[106.9227468992122,-6.1832939991416866],[106.92264679983646,-6.18328669982174],[106.92257809949115,-6.1832872992178851],[106.92236559915405,-6.1832726997892626],[106.92230869989558,-6.1832688000237761],[106.92162569971613,-6.183206399657859],[106.92104489938737,-6.1831630992189126],[106.92077079932227,-6.1831365993147118],[106.92020859966937,-6.1830914992738082],[106.9197409996948,-6.1830519996446398],[106.91940089923429,-6.1830192991641297],[106.91910729979072,-6.1829861999468694],[106.91894119988923,-6.1829628992428569],[106.91875519943596,-6.1829311995770073],[106.91836279967511,-6.1828792991342487],[106.91793929921836,-6.1828345999023728],[106.91753609960546,-6.182785799157509],[106.91739169983401,-6.1827683995184648],[106.9168720000186,-6.1827412999790479],[106.91676149947261,-6.1827331997873634],[106.91646819950643,-6.182711799163644],[106.91629959913917,-6.1827015992699872],[106.91562229928924,-6.1826604994824983],[106.91552919997054,-6.1826548994976536],[106.91496589914576,-6.1826049993613204],[106.91488439966514,-6.1825986992472535],[106.91479349995871,-6.1825907992290938],[106.91462749995651,-6.182574199935635],[106.91446599941645,-6.1825579993662672],[106.9139464994232,-6.1825124998054344],[106.91359559995158,-6.1825025993696689],[106.91351379937782,-6.1825087997130534],[106.91345279952645,-6.1825194991408665],[106.91307289988134,-6.1826123993132462],[106.91289109933344,-6.182656899599162],[106.91267729935959,-6.1827091992222956],[106.91250669986988,-6.1827508996748142],[106.9123606992348,-6.1827762995866786],[106.91216890003625,-6.182810599985932],[106.91211619936418,-6.182817199916923],[106.9120286993242,-6.1828035993095156],[106.911948999186,-6.1827763996145446],[106.91162989933777,-6.182625000024796],[106.91144809998906,-6.1825463997041608],[106.91133180002561,-6.1824775995724321],[106.91111749976507,-6.1823986992027153],[106.91099929947281,-6.182384099435569],[106.91087989995533,-6.182363599976048],[106.91082049970142,-6.182359899584811],[106.91056539978138,-6.182344599418264],[106.91022059982636,-6.1823246994814536],[106.91005109971037,-6.1823057993983621],[106.90998069956778,-6.1822894995922306],[106.9099419997001,-6.1822781996141183],[106.90961749944752,-6.1821354994291315],[106.90926749941873,-6.1819694998068213],[106.90919109965324,-6.1819188996660133],[106.90892859990066,-6.1817551992379061],[106.90874909935377,-6.1816279996371453],[106.90869919933027,-6.1815975992815693],[106.90858819926764,-6.1815179993659362],[106.90845809956348,-6.1814426993455038],[106.90813929999894,-6.1812670996247849],[106.90793459971471,-6.1811462991439052],[106.90732469962087,-6.1807950995680541],[106.9069934996661,-6.1806426991785059],[106.90664239955926,-6.1805121993056682],[106.90583979949855,-6.1802176997573506],[106.9049371997843,-6.1798683994430776],[106.90373619966591,-6.1794064997965243],[106.90296689967755,-6.1791024997735162],[106.90217839944233,-6.1787974992736201],[106.90166799934502,-6.178608199657555],[106.90148909950501,-6.1785516998536911],[106.90126469947934,-6.1784841992983353],[106.9009603995064,-6.1784239000233532],[106.90074999980889,-6.1784027991811223],[106.90014669957942,-6.1783460997116109],[106.89961729929065,-6.1783050998661819],[106.89886370003882,-6.1782544998368278],[106.89855409964906,-6.1782303997736596],[106.89824439986234,-6.1782062998721106],[106.89752789982333,-6.1781722992196677],[106.89716119974537,-6.1781694992293765],[106.89688049956067,-6.1781698993694292],[106.89672639931081,-6.1781595993869551],[106.89657709934302,-6.1781156998125146],[106.89638689917275,-6.1780363998283336],[106.89624309974086,-6.1779545998125434],[106.8961245999227,-6.1778597993361917],[106.89542239939296,-6.1772219992446384],[106.89447229949288,-6.1763493000079261],[106.89435909967786,-6.1762511998314649],[106.89419779984621,-6.1761148992041948],[106.8940688996192,-6.1760128992294838],[106.89385319930381,-6.175816199373279],[106.8935129996421,-6.1755075994734048],[106.89291609953267,-6.1749497992847768],[106.89251139989712,-6.1745861993214834],[106.89223879976356,-6.1743412994475095],[106.89191419982069,-6.1740468998709686],[106.89169279938336,-6.1738215992159509],[106.89142579969024,-6.1735449994656575],[106.89129739973005,-6.1734354995424026],[106.89111749923376,-6.1733051992627539],[106.89068219923166,-6.1730041992670834],[106.89024609970096,-6.1727445995589472],[106.88918199989058,-6.1720941997672103],[106.8886451995822,-6.1717701991481198],[106.88831149996849,-6.1715687998012152],[106.8865732997037,-6.1705210997689113],[106.88636909953011,-6.1703914999541709],[106.88632069986046,-6.1703622994016349],[106.88551649994645,-6.1698643992131084],[106.88344479977206,-6.168594899348995],[106.88251709922173,-6.1680312995275086],[106.88156769981958,-6.1674545998126336],[106.88144059996432,-6.1673777993528374],[106.88132259992756,-6.1673142992665735],[106.88122000003666,-6.1672548993085368],[106.88109459936659,-6.1671882996521479],[106.88075029954928,-6.1669942991316065],[106.8800759995171,-6.1666811996582176],[106.87985619999984,-6.166613299864717],[106.87976589960887,-6.1665901992614609],[106.87964459992038,-6.1665705994739719],[106.87954699922057,-6.1665515995783791],[106.87911049935637,-6.1665015993329524],[106.87895729981835,-6.1664839997508851],[106.87893849975961,-6.1664812993608757],[106.87889179997461,-6.1664756992138887],[106.87882569972771,-6.1664674993381299],[106.87885839986131,-6.1664084995533068],[106.87887009949249,-6.1663891999385854],[106.87892189977549,-6.1662977995501729],[106.87898329960309,-6.166189499323683],[106.87910139963736,-6.1659761993175222],[106.87910219967796,-6.1659742995910802],[106.87925819923504,-6.1657372992931414],[106.88000460001479,-6.1646035991359973],[106.8802117998074,-6.1642797999280079],[106.88042799967555,-6.163967499546108],[106.8807796994364,-6.1633772996904534],[106.88102770000798,-6.1629873998341509],[106.88125359987659,-6.1626474995393208],[106.88139069922836,-6.1624456992117294],[106.88169129957511,-6.1619978992644047],[106.88182490000521,-6.1617881999845752],[106.8827567992936,-6.1602599991852083],[106.88290649992486,-6.1600115998259524],[106.8829237995181,-6.1599843998917514],[106.8830281993757,-6.1598195996172986],[106.88323379991023,-6.1594896993283976],[106.88386749920842,-6.1584311992566896],[106.88518489982897,-6.1562179994176631],[106.88550329980666,-6.1557017992601013],[106.88570329980297,-6.1553770994531831],[106.88573859988459,-6.1553140995742188],[106.88596999921521,-6.1549461999765089],[106.88675799917668,-6.1536598994745662],[106.88678435477203,-6.153409970386126],[106.8869113582619,-6.1530861424730903],[106.88702569927149,-6.1527945993111697],[106.88703379994713,-6.1526819992727138],[106.88708679964365,-6.1525332998996296],[106.88727069976638,-6.1522256992352],[106.88734769953118,-6.1520965991697185],[106.88754699966898,-6.1517558994000368],[106.8877456994726,-6.1514186998883265],[106.88785139969559,-6.1512068993763434],[106.88813759926325,-6.1507364994545846],[106.88815609965701,-6.1506408994849027],[106.88814839985623,-6.1505585998792176],[106.88810519981253,-6.1504570996875145],[106.88754139951163,-6.1502397994697686],[106.88740209966124,-6.1501926993623277],[106.88702199940332,-6.1500669991704067],[106.88687349997014,-6.1500178997837729],[106.88681149964486,-6.1499973994169732],[106.88666699981076,-6.149960199747734],[106.88623189964505,-6.1498480998059737],[106.88599069953007,-6.14978599945941],[106.88565149965478,-6.149698099768325],[106.88550769928088,-6.1496688998603233],[106.88535969996883,-6.1496429994874546],[106.8851240992422,-6.1496037999252779],[106.88484569940995,-6.1495693000145542],[106.88468929992064,-6.1495613998806453],[106.88455869923376,-6.1495818992219089],[106.88449779945132,-6.1495947992304281],[106.8844789991464,-6.1494386996694201],[106.8845431997304,-6.1492061999319807],[106.88480559928496,-6.148505099247636],[106.88481669978309,-6.1484732992592512],[106.88493559980674,-6.1481364996318426],[106.88505699929863,-6.1477724999303396],[106.88514389918824,-6.147512299423175],[106.88515299975582,-6.1474830995786407],[106.88518919980608,-6.1473665992962694],[106.88526059940166,-6.1471367993212258],[106.88533049973161,-6.1469170994306026],[106.88539569942452,-6.1467967997977597]],[[106.95115129940166,-6.2112648998398257],[106.95128199948461,-6.2113614991607022],[106.95140549966885,-6.2114250996941145],[106.95160119924078,-6.2115587997096879],[106.95170649996648,-6.211639099288341],[106.95174029993177,-6.2116733994229847],[106.95176589988274,-6.2117136996429245],[106.95212659978786,-6.2123761995532707],[106.95214399993409,-6.2124043995771707],[106.95219299975554,-6.2124446992700602],[106.95225019974305,-6.2124733997127883],[106.95231759983831,-6.212486999137063],[106.95235889976392,-6.2124853991942697],[106.95256629922204,-6.2124729994267645]],[[106.9511486994565,-6.2108260999465328],[106.95098909954631,-6.210910499542476],[106.95108929989853,-6.2111248993564363],[106.95115129940166,-6.2112648998398257]],[[106.88707679924175,-6.1534935999279199],[106.88698580000568,-6.1535397996802779],[106.88693809999893,-6.153596499916187],[106.88683029980275,-6.1537757993879785],[106.88619559948768,-6.1547897994333383],[106.88607679935406,-6.1549892992929802],[106.88584469934445,-6.1553815997499983],[106.88580999942828,-6.1554387992288726],[106.88563789926748,-6.1557163994037936],[106.88499549970157,-6.15675639992849],[106.88449169923285,-6.1575527996334349],[106.88400339919633,-6.1583247995166532],[106.88380929985779,-6.1586601998227426],[106.88335329952855,-6.1594396994153735],[106.88307819964933,-6.1598818995810163],[106.88295729998623,-6.1600808995922174],[106.88277099917593,-6.1603572994038114],[106.88236579974195,-6.1610403994291669],[106.88196989993389,-6.1616973991645017],[106.881757299688,-6.1620375997670251],[106.88163099940705,-6.1622395997932298],[106.88155369922977,-6.1623640997013851],[106.8813951000263,-6.1626052999926033],[106.88129279980309,-6.1627603994748563],[106.88084839947425,-6.1634419994587457],[106.88027159955516,-6.1643033996733649],[106.87952589917511,-6.1654517997990066],[106.87931609971963,-6.1657722998849112],[106.87925239916672,-6.1658695993219297],[106.87915849945682,-6.1660318995964687],[106.87905259941397,-6.1662155999845245],[106.87898509961548,-6.1663132997932193],[106.87895959951641,-6.1663568991468765],[106.8789222994172,-6.1664207993632631],[106.87894499947663,-6.1664247997262436],[106.87896759925951,-6.1664287995366607],[106.87911309925022,-6.1664494994775358],[106.87913479969684,-6.1664525992060213],[106.87923029996085,-6.1664661997905688],[106.87943689939284,-6.1664928992220842],[106.87956439938256,-6.1665166995645659],[106.87964969977565,-6.1665326994927891],[106.87993099999164,-6.1665945994391071],[106.88015969968052,-6.1666688998963135],[106.88062369969886,-6.1668621998958359],[106.8812554992694,-6.1671942991633868],[106.88136219915725,-6.1672509993206637],[106.88148009982673,-6.1673080992961031],[106.88204699995198,-6.1676092994854823],[106.88225169961221,-6.1677480995383327],[106.88257159936904,-6.1679450999824299],[106.88289289993602,-6.1681421991853478],[106.88395169947631,-6.1687901993305969],[106.88562159967968,-6.1698167999371645],[106.88619490001629,-6.1701782996337666],[106.88636419980203,-6.1702837993750563],[106.88641129940375,-6.1703139999924606],[106.88662739992168,-6.170444099208459],[106.88707039950096,-6.170711699211429],[106.88779929929478,-6.1711534998411768],[106.8886888991437,-6.1716871992788267],[106.88925529995971,-6.1720200991642242],[106.88955879948213,-6.172209499369564],[106.89074709954561,-6.1729214991949535],[106.8912742997523,-6.173282699419242],[106.89136549975649,-6.1733588991303323],[106.89150329984092,-6.1734750996740271],[106.89164639985292,-6.1736135991515129],[106.89191579939559,-6.1739052993241206],[106.89213989946848,-6.1741135996208856],[106.89238659916219,-6.1743213998742918],[106.89258749958884,-6.1745093994322708],[106.89272659934079,-6.1746396000009343],[106.8929585991623,-6.1748508996254827],[106.89329839954956,-6.1751703991371274],[106.89345469938894,-6.1753287998200248],[106.89364549940331,-6.1755601999818195],[106.89392389986652,-6.1758081991815752],[106.89410779930462,-6.1759699994075667],[106.89423919950252,-6.1760796991705371],[106.89441489978992,-6.176211499228426],[106.89453559998037,-6.1763223997131158],[106.89594169969975,-6.1775744993679416],[106.89626200001312,-6.177866599477742],[106.89646519986331,-6.1780008998551939],[106.89663309971806,-6.1780662995584557],[106.89681339972958,-6.1780933999512495],[106.89714039990533,-6.1781012992247426],[106.89752099956202,-6.1780995000204895],[106.89818349915049,-6.1781234993248741],[106.89855579961687,-6.1781504995668435],[106.89880969938532,-6.1781688999497044],[106.89960649915868,-6.1782275996408123],[106.9007143992086,-6.1783244998190341],[106.90093399917346,-6.1783440994706265],[106.90111669961897,-6.1783742999576265],[106.90148139917915,-6.1784664998872127],[106.90171139957904,-6.1785375995723948],[106.90263819969107,-6.1789041994151708],[106.90333419921393,-6.1791842000039328],[106.90376159974636,-6.1793488995222088],[106.90520019999485,-6.1799075996181703],[106.90586609918984,-6.1801527998577486],[106.90667219971021,-6.1804396993475086],[106.90701749991752,-6.1805875992703294],[106.90733059945097,-6.1807402996789529],[106.90833699949485,-6.1812826994652212],[106.90855599989506,-6.1814014999857871],[106.90867594738624,-6.1814690571108013],[106.90888749917498,-6.1815416994848995],[106.90903239983516,-6.1816067991347259],[106.90914109919404,-6.1816788992822964],[106.90937129987066,-6.1818048994134074],[106.9096149993306,-6.1819356997713122],[106.90999369977797,-6.1821291991284832],[106.91011389967635,-6.1821715994344171],[106.91027009968373,-6.182226699927222],[106.91048099997796,-6.1822309994644655],[106.91091169959651,-6.182260899270041],[106.91111599935904,-6.1822902992721014],[106.91118669978768,-6.1823144999396327],[106.91135449935673,-6.1823697997510338],[106.91138599924973,-6.1823828994209684],[106.91141749969127,-6.1823958996308024],[106.91178669988332,-6.1825808992975926],[106.91192409980336,-6.1826481993815401],[106.91197889957091,-6.1826688993762593],[106.91206339994261,-6.1826906995107782],[106.91226069952889,-6.1827022992532008],[106.91236129982747,-6.1826962999558672],[106.91264609927191,-6.182646299970485],[106.91282269925064,-6.182597099826399],[106.91309769941461,-6.1825332999026701],[106.91330389937661,-6.1824853998785487],[106.91333759982867,-6.1824775997605474],[106.91343339993341,-6.1824488994854931],[106.91352249998643,-6.1824328992242794],[106.91361149940565,-6.1824260997383931],[106.91387729956723,-6.1824234996841492],[106.91416059991185,-6.1824370999467364],[106.91462099933835,-6.1824810998386441],[106.91497430001255,-6.1825148997344197],[106.91533769949854,-6.1825430998773614],[106.91562439988394,-6.1825593994559336],[106.91576409943417,-6.182567299698337],[106.91586209987696,-6.1825711993915142],[106.91593869987565,-6.1825733996169019],[106.91601829933353,-6.1825764000167318],[106.91608479948644,-6.1825788997431728],[106.91635399977076,-6.1825875995258359],[106.91655129966875,-6.1825973993452923],[106.91675339929219,-6.1826096997735176],[106.91686589939549,-6.1826173994664906],[106.91749699982643,-6.1826609997306186],[106.91803339988644,-6.1827011997794807],[106.91857309941061,-6.1827439993664965],[106.91884689992906,-6.1827715991976291],[106.9191485997181,-6.1828020998131343],[106.91988979924758,-6.1828500994462141],[106.92039749946917,-6.1828811993928472],[106.92100489986656,-6.182918399276045],[106.92128630000548,-6.1829355999837494],[106.92232879944459,-6.1830028999851061],[106.92238499980364,-6.1830068999345729],[106.92259559946189,-6.1830247999957315],[106.9226318000438,-6.183026699670104],[106.92309489924828,-6.1830745996435912],[106.92322209995145,-6.1831215000141055],[106.92369269914356,-6.1831728992665393],[106.92380679967135,-6.1831867993421978],[106.92410519976283,-6.1832274993120455],[106.92432989972809,-6.1832321997994715],[106.92458609962192,-6.1832816993605153],[106.92468359933531,-6.1833010994835504],[106.92477909947395,-6.1833223991623436],[106.92516869981171,-6.1834091993678078],[106.92527769996946,-6.1834313993534753],[106.92538059929849,-6.1834502996747958],[106.92583939936929,-6.1835074997959367],[106.92597399938437,-6.183518799844764],[106.92614339949785,-6.1835301997271666],[106.92620869919968,-6.1835353000280326],[106.9264089997106,-6.1835338993232023],[106.92648869967157,-6.1835317993745731],[106.92677459937761,-6.1835170995121675],[106.92687830000416,-6.1835117995725],[106.92732319951342,-6.1834577991706414],[106.9276048000295,-6.1834321999072621],[106.92787789984335,-6.1834031992988212],[106.92795359942222,-6.1833945994559247],[106.92810269977936,-6.1833774993933206],[106.92852290003209,-6.1833339995580276],[106.92858909964815,-6.1833261999009315],[106.92867969989727,-6.1833128995882589],[106.92890759951268,-6.1832832994851978],[106.92898819921612,-6.1832754999402733],[106.92986299993402,-6.183178499794959],[106.93000569929036,-6.1831620996723649],[106.9302221999986,-6.1831370999323081],[106.93036319966086,-6.1831210991871934],[106.93162979957236,-6.1829764992847398],[106.93166219915156,-6.1829725995658071],[106.9323941999378,-6.182873299227702],[106.93288739958088,-6.1828033998066658],[106.93325980003979,-6.1827463991623883],[106.93361869962577,-6.1826852993076464],[106.93397479965947,-6.1826346999226738],[106.93413019953307,-6.1826091996006722],[106.93447099999186,-6.182537099594807],[106.93490859922976,-6.1824298998463894],[106.93511369949613,-6.1823980992221594],[106.93530009955296,-6.1823744991774383],[106.93533749938956,-6.1823683994037362],[106.93540869979235,-6.1823568991762876],[106.93552669956212,-6.1823374991788471],[106.93576589923902,-6.1822992995429322],[106.93629779934095,-6.1822634997434793],[106.93653259976861,-6.1822581994899704],[106.93677529952009,-6.1822794993264525],[106.93687989928111,-6.1822928995521016],[106.93698779957214,-6.1823170991624838],[106.93710399995672,-6.1823523999898473],[106.93725059945444,-6.1824045991270751],[106.93733919992685,-6.1824414995340371],[106.93743459942277,-6.182489599754537],[106.93777529991438,-6.1827034993749468],[106.93794529998121,-6.1828129999611834],[106.93811199929372,-6.1829155996287319],[106.93818749987732,-6.1829606991539698],[106.93830519940686,-6.1830307999720571],[106.93837740002107,-6.183072699166849],[106.93852449921738,-6.1831580997209441],[106.93864119918386,-6.1832240993934757],[106.93874649981178,-6.1832827991968156],[106.93881719982335,-6.1833201994769],[106.93894019927417,-6.1833829999135164],[106.93903169952274,-6.1834274993175331],[106.93912349919549,-6.1834668992949409],[106.93925569918497,-6.1835121994298019],[106.93937819974042,-6.1835478997574578],[106.93956209944906,-6.1836096992569081],[106.93964649969638,-6.1836379991759669],[106.93977359950117,-6.1836756996885427],[106.9399198997689,-6.1837187999590304],[106.94033049992277,-6.1838078992633756],[106.94065599972784,-6.1838748996662822],[106.94134299955397,-6.1840009991780072],[106.94181339995579,-6.184087199766565],[106.9418264997268,-6.1840895993233618],[106.94209039957366,-6.184133899158538],[106.94225979995878,-6.1841661995699582],[106.94238009972095,-6.1841891998076832],[106.94263399994146,-6.1842376993507031],[106.9427815998405,-6.1842625995594682],[106.94292239926081,-6.1842840998058124],[106.94322489997771,-6.184326899852902],[106.94340369993813,-6.184358399688616],[106.94350749957744,-6.1843742994221804],[106.94354569963247,-6.1843807994802402],[106.94380839921776,-6.1844283991592688],[106.94407109971412,-6.1844759995955014],[106.944403499839,-6.1845261999554921],[106.94468249999422,-6.1845734999009263],[106.94489949925759,-6.1846102993826975],[106.94529919932498,-6.1846780999165754],[106.94565049954623,-6.1847352994633367],[106.94573569946319,-6.1847499992807746],[106.94583629937898,-6.1847673993034444],[106.94661889996951,-6.1849026993004914],[106.94761739981567,-6.185075599540923],[106.94827740001706,-6.1851896991941997],[106.94836099932407,-6.1852041991793394],[106.94875409917398,-6.1852721991489759],[106.94935659983008,-6.1853739998981494],[106.95034089975326,-6.1855402995479452],[106.95051610003264,-6.1855688996184295],[106.95092649938834,-6.1856357999727694],[106.95100259922094,-6.1856481996727037],[106.9520155994785,-6.1858207996943388],[106.95213549925694,-6.1858420992165861],[106.95255059971225,-6.1859155998889497],[106.95348079993103,-6.1860804998497096],[106.95358039990192,-6.186101599732055],[106.95367869965214,-6.186124599388215],[106.95405759989151,-6.1861956995098248],[106.95416329928207,-6.1862154993184513],[106.9544724995949,-6.1862732993757685],[106.95457819917554,-6.1862960998322301],[106.95459989952428,-6.1863007999819359],[106.95494459914545,-6.1863673998534576],[106.95581089929281,-6.186551399207306],[106.95632589936584,-6.1866767996104342],[106.95716569930772,-6.18686799944998],[106.95758509986827,-6.1869634993813012],[106.9577273000436,-6.1869958999784371],[106.95783239939453,-6.1870197994900726],[106.95793739938047,-6.1870436993442537],[106.95822779975785,-6.1871147996600904],[106.95848589995893,-6.1871778991493827],[106.95853879951304,-6.187190899462685],[106.95894769961791,-6.1872908995561096],[106.95912329966173,-6.1873337997402],[106.95931119989349,-6.1873797998515077],[106.95942429923173,-6.1874074992737187],[106.95973049953631,-6.1874823999589266],[106.95993159922659,-6.1875315995500699],[106.96039439947377,-6.1876610992451395],[106.96048699983056,-6.1876869998853099],[106.96061809984297,-6.1877236998112775],[106.96083109929464,-6.1877817993753785],[106.96087759963052,-6.1877965996122226],[106.96092189928301,-6.1878108998692358],[106.96111629938947,-6.187867399917069],[106.9613380995853,-6.1879386992065424],[106.96151859982831,-6.1879967991586025],[106.96159649994594,-6.188022099308732],[106.96193979939812,-6.1881286994642242],[106.96213419991636,-6.1881913994138804],[106.96241319978543,-6.1882819991301412],[106.96285039961613,-6.1884273991756844],[106.96356349933012,-6.1886846999710556],[106.96364849990967,-6.1887157995322264],[106.96399299929375,-6.1888259992145294],[106.96435649972774,-6.1889613998007853],[106.96446239932227,-6.1890039998074178],[106.96453279941387,-6.1890279999632707],[106.9646011992469,-6.1890499995044985],[106.96478139921345,-6.1891139993979065],[106.96489119999688,-6.1891583993950725],[106.96496929975268,-6.1891899997976676],[106.96549099941696,-6.1893966998701258],[106.96561979981664,-6.1894526994775587],[106.96577599943731,-6.1895092991506404],[106.96598519934078,-6.1895879994282232],[106.96631509932791,-6.1897229993278975],[106.96637399962891,-6.1897450997758456],[106.96649809969659,-6.189797399761293],[106.96653109940729,-6.1898112992090848],[106.96674229934996,-6.1898979993352867],[106.96695819933853,-6.1899872993043905],[106.96719959939544,-6.1900885997198394],[106.9672357997901,-6.1901019999400457],[106.9674184994221,-6.1901692993712372],[106.96750000003438,-6.1902043991344096],[106.96760829995628,-6.1902578992482367],[106.96786010001252,-6.1903535995967731],[106.96817459936528,-6.190484599347811],[106.96874179995984,-6.1907232999919737],[106.96891749919774,-6.190790999955647],[106.96871162473042,-6.1912322099493524],[106.96863201214632,-6.1915144427829913],[106.96860469475337,-6.1918032316209857],[106.968550059243,-6.1925095948409892],[106.96833009922534,-6.1951150999749203],[106.96825499995049,-6.1954271000009307],[106.96822019946853,-6.1955043995970884],[106.96815179936641,-6.1956363999446262],[106.96774010000702,-6.1963576998684351],[106.96677179918454,-6.1981883994834366],[106.96666579927842,-6.1983789994758434],[106.96656409985572,-6.198595299777593],[106.96642979957208,-6.1988162994188558],[106.9660327995602,-6.1994015996216296],[106.96562519985991,-6.2000148993659394],[106.96559109986845,-6.2000577998296125],[106.96535299926626,-6.2004323999481645],[106.96512489990292,-6.2008081997758495],[106.96459109914088,-6.2017987992146075],[106.9643208996015,-6.2023747996326533],[106.96422539967945,-6.2025934999995238],[106.96412709970595,-6.2028186995050856],[106.96383489973306,-6.2032397993466999],[106.96261103432226,-6.2054755513149686],[106.96181207007375,-6.2070607122963191],[106.9613456993916,-6.2079249993294505],[106.96121829939688,-6.2081823997740377],[106.961062699832,-6.2084636998433185],[106.96090179931451,-6.2087355996952169],[106.9606100997819,-6.2091269996086593],[106.9603599994074,-6.2093729991614497],[106.96022339916476,-6.2094845998178485],[106.95993859974483,-6.2097283997624437],[106.95976979509727,-6.2098693475572864],[106.95807719946096,-6.2112111992734693],[106.95742139979042,-6.2116558997891476],[106.95675369930363,-6.2120336992994583],[106.95586309922606,-6.2125321999778205],[106.95405939955556,-6.2134672995036411],[106.95236769957172,-6.2143566998507778],[106.95262939994514,-6.2152479998437205],[106.95265699945389,-6.2153624999718335],[106.95275899955652,-6.2159102000110122],[106.95282699921769,-6.216229699353887],[106.95285919918003,-6.2164036998923313],[106.95292349967725,-6.2167163994869892],[106.95298119923724,-6.2170029992367928],[106.95299059986787,-6.2170429993136436],[106.9530235997848,-6.2172199993917232],[106.95305779916897,-6.2173995997558542],[106.95309559915768,-6.2176284995801225],[106.95314369982994,-6.2180229993379061],[106.95316429923901,-6.2181404997409215],[106.95318749970797,-6.2183027999260947],[106.95320169934109,-6.2184550995933758],[106.95322749951322,-6.2186928994520372],[106.95323739950692,-6.2188284998502414],[106.95306549966733,-6.2188935991623016]],[[106.88539569942452,-6.1467967997977597],[106.88539359985515,-6.1468577999519152],[106.88539219997314,-6.146935099384911],[106.88532409953854,-6.1471525994742207],[106.88526319981415,-6.1473454994871659],[106.88525099987122,-6.1473841992685108],[106.88521359971463,-6.1475056991915347],[106.88504079995312,-6.1480124992465823],[106.88487699939935,-6.1484841993874753],[106.88487559988529,-6.1484884999213767],[106.8847459991386,-6.1488569995941003],[106.88466399970544,-6.1490958992688238],[106.88460229995007,-6.1492958997026035],[106.8845875000094,-6.1493491997721357],[106.88458859925009,-6.1493842993571617],[106.88460129971372,-6.1494045996392472],[106.88462210002632,-6.1494213994313931],[106.88471889958453,-6.1494331996947098],[106.88493489914111,-6.1494605999133682],[106.8850301996837,-6.1494740997771302],[106.88540099959961,-6.1495267994263081],[106.88551089998577,-6.1495491996099148],[106.8855374993736,-6.1495596995937749],[106.88567839940494,-6.1495907994049066],[106.88599979985077,-6.1496695993392834],[106.88653749928272,-6.1497758996644611],[106.88683729960667,-6.1498523992086689],[106.88740449969448,-6.1500458994313556],[106.88751139930845,-6.15007959979466],[106.88759379941847,-6.1501073000148443],[106.88760569969622,-6.1501119992953504],[106.88775299944514,-6.1501702996396235],[106.88815729953934,-6.1503301997366346],[106.88819469996821,-6.1503507995416857],[106.88831979961624,-6.1503675993090816],[106.88839169954737,-6.1503687998803045],[106.88847799935058,-6.1503618999341914],[106.88853109953669,-6.1503405995246707],[106.88856749955302,-6.1502947998126221],[106.88858429995715,-6.1502872993027502],[106.88861529979215,-6.1502660996387668],[106.8886720999738,-6.1501428999930345],[106.8887712994253,-6.1499142999654683],[106.88890269962161,-6.1496049997597257],[106.8889755996836,-6.149430199775372],[106.88917289962252,-6.1489670995907284],[106.88936319946856,-6.1485247995912617],[106.88951149972263,-6.1481370992651696],[106.88962359941252,-6.1477528994319117],[106.88972629957966,-6.1473604997284994],[106.89000649943546,-6.1461857999094436],[106.89018169932881,-6.145391799329766],[106.89029989997795,-6.1447153997237711]],[[106.89027369988214,-6.1447421998435523],[106.89029989997795,-6.1447153997237711]],[[106.89029989997795,-6.1447153997237711],[106.89032849971613,-6.1446973992777387],[106.89036049962391,-6.1446862998878728],[106.89039409927837,-6.1446825997686565],[106.8904276995702,-6.1446864998712085],[106.89045959932395,-6.1446976997080984],[106.8904880993929,-6.1447156998668726],[106.89051189973755,-6.1447396993591559],[106.89052970002041,-6.144768299549634],[106.8905405991713,-6.1448000994946961],[106.89044590002909,-6.1452094993913384],[106.89035279924457,-6.1456120999265442],[106.89030479938162,-6.1458005999502294],[106.89030329917439,-6.1459083998953812],[106.89011689979617,-6.1467870995442651],[106.89012429932552,-6.1469027991654404],[106.88995139961725,-6.1478065999130989],[106.88983529957125,-6.1483484991766835],[106.88973889974092,-6.1486572994455093],[106.88944779919423,-6.1492996993609905],[106.88883309949223,-6.1505840997822281],[106.88868269935102,-6.1508758997218198],[106.88781739993823,-6.1523006993841545],[106.88718040001488,-6.1533494991641691],[106.88708279952239,-6.1534857000003669]],[[106.88611279930444,-6.1445656999662122],[106.8860906992884,-6.1446432993413707],[106.88596589933549,-6.145015199556374],[106.88591829924593,-6.1451583996452941],[106.88586789959363,-6.1453061999633096],[106.88581629955191,-6.1454873991264609],[106.88577809927551,-6.145621499297989],[106.88575089960491,-6.1457069999195229],[106.88564769960546,-6.1460319991984242],[106.88559539929645,-6.1461964994770195],[106.88557759933887,-6.1462525993944173],[106.88554019966296,-6.1463795992154822],[106.88550069996968,-6.1464935994063055],[106.88548499965572,-6.1465389994987785],[106.88543709995963,-6.1466771998492584],[106.88540679952598,-6.1467648994551318],[106.88539569942452,-6.1467967997977597]],[[106.88611279930444,-6.1445656999662122],[106.88610489938162,-6.1445294996446398],[106.8861387995729,-6.1443663997384128],[106.88618889982571,-6.1441253994058123],[106.88620799951856,-6.1440271997266267],[106.88622189934723,-6.1439486998263391],[106.88624079971879,-6.1438528995474195],[106.88624479991807,-6.1438372997843489],[106.88631809947049,-6.1436035999675926],[106.8863627998378,-6.1434665999155946],[106.88639739935428,-6.1433604993914086],[106.88644279922092,-6.1432099997967446],[106.88654969991399,-6.1428647998390495],[106.88662409931602,-6.1426281992950154],[106.88663839987181,-6.1425826992884627],[106.88678709990876,-6.1420760994596506],[106.88689609919555,-6.141732799897718],[106.8869636998964,-6.1415133994161168],[106.88698169939289,-6.1414585998906359],[106.88700269917912,-6.1413966994800901],[106.88695700001341,-6.1413810996453426],[106.88638879925038,-6.1412011997468872],[106.8862486994674,-6.1411580995340813],[106.88571890003165,-6.1409950992723967],[106.88570569947183,-6.1409909993951182],[106.88565579959102,-6.1409755995821866],[106.88544399953777,-6.140911699735617],[106.88518929951564,-6.140832099496266],[106.88416369937323,-6.1405164994720796],[106.88386509981747,-6.1404245993797275],[106.8825846994762,-6.1400305992934294],[106.88250819934531,-6.1400070993504325],[106.88246989942105,-6.1399952993680236],[106.88240349964236,-6.1399748994537608],[106.88132699962841,-6.1396435997428824],[106.88081749992199,-6.1394954995387785],[106.88006399977191,-6.1392549995820245],[106.87993849959418,-6.1392162999407631],[106.87983419968964,-6.1391841993059888],[106.87917619976258,-6.1389817995001881],[106.87907249953122,-6.1389499000167191],[106.87904179946673,-6.1389403994331593],[106.87899779988317,-6.1389268994798298],[106.87819849984953,-6.1386808999524032],[106.87766729940451,-6.138517399652188],[106.87708539971892,-6.1383383995052938],[106.87700979938404,-6.138315099811229],[106.87680589991835,-6.1382523996458076],[106.87651419983577,-6.1381625997515332],[106.87644609992128,-6.1381415991398658],[106.87635799937431,-6.1381144996189292],[106.87632969938284,-6.1381064994597523],[106.87608889920944,-6.1380363000268785],[106.87447430000269,-6.137565299873196],[106.87400359982202,-6.1374718992314587],[106.87381379925444,-6.1374652997915309],[106.87348719965956,-6.1374705994846819],[106.87294679919739,-6.1374772999778742],[106.87237330003212,-6.13749669970972],[106.87233159968815,-6.1375002994532073],[106.87216860003367,-6.1375005992896856],[106.87213979921859,-6.1375017994773753],[106.8715012997651,-6.1376066999198358],[106.8714240994338,-6.1376223992296879],[106.87089389979724,-6.1377168996057732],[106.87028589925598,-6.1378251993399768],[106.87026429971019,-6.1378291997516436],[106.87016299922715,-6.1378475997343633],[106.87011319958863,-6.1378566995543959],[106.8698484995186,-6.1379050997164599],[106.86944919976048,-6.1379761000071573],[106.86878649950779,-6.13809399971825],[106.86861359925315,-6.138124799482096],[106.86855399930185,-6.1381349993835652],[106.86841069940192,-6.1381601993834236],[106.86830379988919,-6.1381801999697228],[106.86786259963579,-6.1382626998496868],[106.86749649940357,-6.1383348994183224],[106.86740159941309,-6.1383500993995721],[106.86709289922875,-6.1384034999574579],[106.8666860994033,-6.1384814992276713],[106.86650519914599,-6.1385165993216138],[106.86587499926175,-6.1386373996226471],[106.86578269951026,-6.1386563994869112],[106.86554490002243,-6.1387102997772267],[106.86534889932369,-6.1387542993367585],[106.86517909968252,-6.1387853992338046],[106.86511729956659,-6.1388001995779797],[106.86501709938047,-6.1388244999051755],[106.86499489993874,-6.1388292996804728],[106.86440929949204,-6.1389449999968484],[106.86336699925317,-6.1391414998732809],[106.86233159929346,-6.1393366999679335],[106.86080139917181,-6.1395944998976049],[106.86024639934368,-6.1396926991549217],[106.86014209972672,-6.139711199195391],[106.85994829943928,-6.1397492996740004],[106.85985879967809,-6.1397675999358468],[106.85970849916579,-6.1397982995787883],[106.85917049930418,-6.1398934993290544],[106.85828289919029,-6.1400593994412196],[106.85824279930046,-6.1400669998451258],[106.85810119991477,-6.1400956996101224],[106.85794659921748,-6.1401266994635675],[106.85741019943407,-6.1402308993161183],[106.85693659968003,-6.140320699871384],[106.85682729939703,-6.140340199512301],[106.85681519937776,-6.1402715000201606],[106.8567932993857,-6.1401528995802961],[106.85678369950659,-6.1401072999333932],[106.85673510002074,-6.1398533995732425],[106.8566438992117,-6.1393673998949181],[106.85658089923101,-6.1390408992587027],[106.85650439965633,-6.1386144995354277],[106.85631469927932,-6.1375564996035781],[106.85625629968713,-6.1370837999586456],[106.8561664993843,-6.1365613998500548],[106.85610160004451,-6.1362017996852325],[106.8559469999479,-6.135382499680305],[106.85583569994226,-6.1347939992030325],[106.85569749996421,-6.1340564993134956],[106.85552589960092,-6.1330580999613158],[106.85513539947397,-6.1309294991347754],[106.8550866995493,-6.1306639998347636],[106.8550442992522,-6.1304328992239894],[106.85503039975676,-6.130356899233373],[106.85493299914435,-6.1298780995761595],[106.85490850001577,-6.1296700997569848],[106.85489879980344,-6.1291933997320962],[106.85487129999639,-6.1285698992455071],[106.85487079935115,-6.1284552994109118],[106.85487219967615,-6.1280946995831389],[106.85487459954737,-6.127881199759889],[106.8548583991638,-6.1277378991943356],[106.85481889939854,-6.1274981997813187],[106.85481689979862,-6.1274493991552825],[106.85483749945213,-6.1273457995758918],[106.85489079956221,-6.1272331998542215],[106.85495719950075,-6.1271612999439586],[106.85504959937464,-6.127138599529566],[106.85520059954116,-6.1269803994243119],[106.85523479969517,-6.1269486996242817],[106.85526889920045,-6.1269249992940731],[106.85546209940362,-6.1268629996392292],[106.85556979944575,-6.1268283998845208],[106.85577029924882,-6.1267639996483547],[106.85590499970368,-6.1267206996735721],[106.85592379998417,-6.1267146996858983],[106.85594819927459,-6.1267089994790291],[106.85600229985972,-6.1267172995652022],[106.85603679986635,-6.1267357995231881],[106.85605289923706,-6.1267590991716441],[106.85606359935288,-6.1267870992587499],[106.85607269995012,-6.1268109999919371],[106.8560987992181,-6.1269032995156776],[106.85586119953223,-6.126982899764247],[106.85553059943362,-6.1270951998198955],[106.8554768996363,-6.1271134996408678],[106.85539429919623,-6.1271680993755773],[106.85520799960644,-6.1273336992849217],[106.85513749983012,-6.1274315999141864],[106.85507809976674,-6.1275256999120193],[106.85505119961209,-6.1275937995001195],[106.85499719923422,-6.1277813991383612],[106.85496469955359,-6.1279656992367038],[106.85495539985715,-6.1283323996368004],[106.85495629962698,-6.1283752998890497],[106.85495779971025,-6.1284525995992416],[106.85496389930199,-6.1287546995180282],[106.85498529988095,-6.1291629999109869],[106.85498639963733,-6.1291855992392295],[106.85501779957987,-6.1296443994870007],[106.85503919992959,-6.1298420998613032],[106.85514349929878,-6.1304146995107622],[106.85518499989496,-6.1306423999492896],[106.855196299441,-6.1307044993097675],[106.8552104993741,-6.1307808996947273],[106.85523479950882,-6.1309118999505854],[106.85526559950462,-6.131081399483099],[106.85531039966713,-6.1313159998626343],[106.85538539992115,-6.1317403993135198],[106.8554181999624,-6.1319176993096116],[106.85543139983577,-6.1319997993421724],[106.85545099999155,-6.1321184993442488],[106.85553029942476,-6.132537599890588],[106.85553759914218,-6.1325761994615338],[106.85562199940836,-6.1330410997305842],[106.85562409977337,-6.1330533998921579],[106.85571379983588,-6.1335711995567488],[106.85581459937987,-6.134144799850838],[106.85583069990294,-6.1342458997623321],[106.85584619998093,-6.1343428995737659],[106.85586509923803,-6.1344395991798057],[106.8559391997133,-6.134819400019631],[106.85601009996412,-6.1351827995820871],[106.85618069999687,-6.136185799362269],[106.85618969972212,-6.1362451995397658],[106.85624399916777,-6.1365478996336877],[106.85632039972739,-6.1369725991921058],[106.85661659933339,-6.1385894999389228],[106.85678309977834,-6.1394987000255181],[106.85680839924699,-6.1396363999170749],[106.8568931993524,-6.1400843999766108],[106.85799279933786,-6.1398655000121485],[106.85805499927358,-6.1398532993720201],[106.85821879926915,-6.1398200993838188],[106.85829869993802,-6.1398053996287549],[106.85912169990695,-6.1396543994925743],[106.85930879974998,-6.1396200992609833],[106.85959509955018,-6.1395674994234746],[106.859859199952,-6.139518999216925],[106.86003119981416,-6.1394874998883289],[106.86060889998669,-6.1393814995560163],[106.86075119985919,-6.1393553998573269],[106.86093999986008,-6.1393206998956735],[106.86112619933527,-6.1392865993390782],[106.86138479947874,-6.1392390995039889],[106.86145619940699,-6.1392259994203036],[106.86167839981175,-6.1391852996793919],[106.86173440002045,-6.1391749999734193],[106.86214539916968,-6.1390995997923676],[106.86258959920997,-6.1390179996877823],[106.86264889936945,-6.1390071992604511],[106.86304719948498,-6.1389340994412542],[106.86322329982943,-6.1389017992099033],[106.86338359938424,-6.1388722998731096],[106.8657344994656,-6.1384427998100923],[106.86632069965441,-6.1383333999720007],[106.86640079984579,-6.1383162997146172],[106.86646489942389,-6.1383026991828693],[106.86652789941132,-6.1382892995816372]],[[106.86654509987194,-6.1382855994622076],[106.86730849920838,-6.1381438999004585],[106.86827189922769,-6.1379650999685929],[106.86857419914955,-6.1379089996844476],[106.86873809914159,-6.1378778995568259],[106.86898189976468,-6.1378323992893851],[106.86908749986151,-6.1378130993334201],[106.86968599930952,-6.1377015999283326],[106.87005379964887,-6.1376330992630752],[106.8701127997067,-6.1376223995101284],[106.87049429983757,-6.1375509999107223],[106.87081579980747,-6.1375016993424172],[106.87120060000542,-6.1374425996093098],[106.87174039960206,-6.1373572995694277],[106.87198519985846,-6.1373178994209505],[106.87207609935007,-6.137306599660155],[106.87218749986148,-6.1372956992418999],[106.87221619996012,-6.1372935997696878],[106.87242239926753,-6.1372805991814516],[106.87294440002142,-6.1372631997321045],[106.87317739920194,-6.1372585995892237],[106.8734335999193,-6.1372565998517912],[106.8735810997203,-6.1372598999909078],[106.87368579922907,-6.1372598996745236],[106.87394789954368,-6.1372645995971968],[106.87406059974751,-6.1372678993792427],[106.87429590002087,-6.1373132993064781],[106.87455339965186,-6.1373678997778649],[106.87525079941526,-6.1375738997975899],[106.87536109944853,-6.1376081992682465],[106.87544519930697,-6.1376340996418506],[106.87547389989807,-6.1376429998939068],[106.87555899935566,-6.1376692999904634],[106.87638469985205,-6.1379240995370301],[106.87658980002271,-6.1379873996752412],[106.87677909961486,-6.1380459993042535],[106.8769814998526,-6.1381082997012104],[106.87719179993555,-6.138173199759752],[106.87775399933172,-6.1383467997598506],[106.87811149962279,-6.1384570991997203],[106.87833889994232,-6.1385257994265956],[106.87869099982191,-6.1386359998218794],[106.8787549994824,-6.1386556998679129],[106.87889659928879,-6.138699399329659],[106.87909659966881,-6.1387611999748906],[106.87917569952153,-6.1387854996843165],[106.88327159949661,-6.140043199673519],[106.88427179935947,-6.1403505993879515],[106.88443039958035,-6.140399399906066],[106.8845276994648,-6.1404285992317673],[106.88533259969834,-6.1406766998478082],[106.88558409952486,-6.1407535997821663],[106.88633719926122,-6.1409840993528491],[106.88700719927527,-6.1412059994639652],[106.88702379953935,-6.1412114995847045],[106.88706039928569,-6.1412252997215484],[106.8871359994202,-6.1412478997360171],[106.88712329986998,-6.1412908995558748],[106.8870994995449,-6.1413724994073826],[106.88708390000886,-6.1414220997656974],[106.88705139983598,-6.141530199152724],[106.88687679987233,-6.1421115998032771],[106.88666769994387,-6.1427955998158117],[106.88664779973936,-6.1428585994138949],[106.88642809948794,-6.1435594991975178],[106.88632979990751,-6.143864799663957],[106.88630189997595,-6.1439491996806996],[106.88627939973264,-6.1440236992442081],[106.88625319917271,-6.1441396994631488],[106.88623919964176,-6.1441962995147525],[106.88622049993687,-6.144265199866016],[106.88614609965003,-6.1445387998935628],[106.88611279930444,-6.1445656999662122]]]},"properties":{"FID":14,"ID":"BRT_15","GEOM_ID":"BRT_15_REG","LINE":"15","NAME":"Jakarta International Stadium - Pulo Gebang","MODE":"BRT","CLASS":"Koridor Utama","STATUS":"Rencana","COLOR":"#82652B","ROUTE_VAR":"REGULAR","SOURCE":"RTRW DKI Jakarta","REMARK":"Trase rinci diinterpretasikan untuk keperluan visualisasi","ALIGNMENT":" ","DIV_ID":" ","DIV_NOTE":" ","DIV_SRC":" ","VALID_FR":" ","VALID_TO":" "}},{"type":"Feature","id":15,"geometry":{"type":"MultiLineString","coordinates":[[[106.81082239925483,-6.1709207991273232],[106.81081510000769,-6.1708240999813384],[106.81079839924459,-6.1706024992515447],[106.81079179923853,-6.1705150999450371],[106.81064139942671,-6.1688477993988924],[106.81063179969875,-6.1687410996517302],[106.81059589921989,-6.1682600999809738],[106.81058909958507,-6.1681683992259648],[106.81054909979517,-6.1677060992895401],[106.81048059986361,-6.1670632993161947],[106.81039849970895,-6.166146599903044],[106.81037149957832,-6.165825299986893],[106.81036319928057,-6.1657518995312035],[106.81036100000139,-6.1656955999451162],[106.81035761518257,-6.1656544087534302],[106.81063939987229,-6.165632899222361],[106.81067469959599,-6.1656303000012223],[106.81073959978232,-6.1656254997738227],[106.81129239961227,-6.1655841994782765],[106.8120117992505,-6.1655294999631289],[106.81256049949579,-6.1654806995072899],[106.81322749961622,-6.1654261992752177],[106.81329579950524,-6.1654243999078204],[106.81340509996295,-6.1654200992846286],[106.81349829928989,-6.1654164999211805],[106.81350149966551,-6.1654168995285792],[106.8138446994199,-6.1654028992498997],[106.81535779974782,-6.1653332992620644],[106.81556799991019,-6.16531819941188],[106.81565089966709,-6.1653088995666447],[106.81569869960296,-6.165301699459051],[106.81581529979324,-6.1652841995779175],[106.81587499922126,-6.1652752997382585],[106.81664789947421,-6.1651475992343681],[106.81796479943038,-6.1649258999730252],[106.81837229961596,-6.164864399843994],[106.81879139983441,-6.1648074991801449],[106.81998419943906,-6.1646334992999607],[106.82009381777443,-6.1646171526298943],[106.82019992625634,-6.1646023767294089],[106.82024682922928,-6.1646095928131315],[106.8203063995569,-6.1646370996745308],[106.82037069956102,-6.1649756997960452],[106.82039289973163,-6.1651262997228065],[106.82040799916747,-6.1652024992458188],[106.82041969920603,-6.1652609993475593],[106.82044939942556,-6.1654133991746214],[106.82052529970935,-6.1657535997576831],[106.82060119984713,-6.166090799336664],[106.82071169968127,-6.166606299233198],[106.8207817997199,-6.1668707991636378],[106.82085609944092,-6.167149999287572],[106.82087679952926,-6.1672497994298148],[106.82088089970982,-6.1672771991685691],[106.82089469965646,-6.1673706999837528],[106.82092466156296,-6.1674180560165794],[106.82093509960829,-6.1674444991668382],[106.82095499999075,-6.1675174995045383],[106.82098569929167,-6.1676069994224259],[106.8209481997928,-6.1676206993212688],[106.82090699931186,-6.1676479998408942],[106.82086559968468,-6.1676780994655616],[106.82083619933005,-6.1676038992028639],[106.8207954992012,-6.1675114993979223],[106.82059958992798,-6.1668261768600159],[106.82010419773506,-6.1646496503994026],[106.81917569932953,-6.1647924999927088],[106.81809559916866,-6.16495239916269],[106.81630139956224,-6.1652566996414029],[106.81583219939141,-6.1653302000070358],[106.81573299966801,-6.1653483992091074],[106.81559729954327,-6.1653656992294712],[106.81350559957302,-6.1654687991233752],[106.8134118991721,-6.1654716994526231],[106.81330659999026,-6.1654791999283125],[106.81323599978305,-6.1654835994119797],[106.81297259968017,-6.1654987998172937],[106.81080799971031,-6.1656637999580308],[106.81074279935166,-6.1656679999321025],[106.81067819976795,-6.1656721996720565],[106.81068059917301,-6.1657248999236121],[106.81068469992883,-6.165796299211534],[106.8107154000091,-6.1662563992595318],[106.81072569949708,-6.166428799955102],[106.81073299947312,-6.1665510992557291],[106.81074339966024,-6.1667520997908314],[106.8107837996743,-6.1672809995026183],[106.81078859941867,-6.1673506992542713],[106.8108202992123,-6.167690999816263],[106.81082089968966,-6.1676972999250683],[106.81083669992877,-6.1678568000098135],[106.81085020002502,-6.1679925993465172],[106.81086449915803,-6.1681364992458168],[106.81087459946356,-6.1682378996769653],[106.81087799960345,-6.1682683997458652],[106.81088309982748,-6.1683251994042214],[106.81089669979416,-6.168458199945495],[106.81090669992409,-6.1685707999141792],[106.81092259984118,-6.1687558997441361],[106.81093669944651,-6.168920299921318],[106.81094989974152,-6.1690733999712855],[106.81095659978381,-6.1691500997507438],[106.81099099986569,-6.1695452993052804],[106.81100449997342,-6.1697001994540495],[106.81100939947923,-6.1697563994058999],[106.81101269988731,-6.1697944994511769],[106.81102779977964,-6.1699934992495535],[106.81105549959294,-6.1703570995895474],[106.81110169988384,-6.170814299384606],[106.81111249955049,-6.1708988995027578]],[[106.8111137995618,-6.1709089993121262],[106.81111439949778,-6.1709153997822339],[106.81112139988457,-6.1709849997872173],[106.8111250992917,-6.171033899831146],[106.81112929934355,-6.1710862991586666],[106.81113159922126,-6.1711083000285392],[106.81113699976576,-6.1711531996074731],[106.81120369999039,-6.1717355994681009],[106.81130289973238,-6.1722716994536997],[106.8113755999737,-6.1725630995008993],[106.81140130001324,-6.1726659992436659],[106.81140530002398,-6.1726820999605598],[106.81152919944179,-6.1731713993488331],[106.81158100000334,-6.1734045995432076],[106.81174139992775,-6.1739712999436573],[106.81194949980259,-6.1748774998350644],[106.8121195991863,-6.1755232998631406],[106.81212969971621,-6.175563699542221],[106.8121430992442,-6.1756100998830359],[106.81216789943348,-6.1757109997971629],[106.81231599991631,-6.176315899755334],[106.81273279985584,-6.1779033000051884],[106.81279029996621,-6.1781049000023307],[106.81286549950542,-6.1783624997611177],[106.81305069991245,-6.1791274996807086],[106.81309219927532,-6.1793247995946725],[106.81312949925807,-6.179449599425122],[106.81317299919598,-6.1795954997675384],[106.81327069972089,-6.1800435994580205],[106.81326759991495,-6.1803101995471907],[106.81330649982868,-6.1804908993583076],[106.81334669949082,-6.1806828996928669],[106.81337159972092,-6.1808301997967829],[106.81339299938033,-6.1809361998267329],[106.81340979952552,-6.1810755996956139],[106.81342719964755,-6.1812555997434631],[106.81344459984015,-6.1814135992630233],[106.81346609954782,-6.1815515996938304],[106.81350429982894,-6.1817161992746934],[106.81354119996965,-6.1818568994624776],[106.81358279949502,-6.1819828997184638],[106.81390669938884,-6.1828341993697293],[106.81422449954147,-6.1836594997398899],[106.8144430992494,-6.1842307998644701],[106.81452289963489,-6.184428200016062],[106.81456109953702,-6.1845007999603068],[106.81463349980454,-6.1846067992071658],[106.81471939994644,-6.1847160995929542],[106.81484879964164,-6.1848727994386854],[106.81499769954009,-6.1850413994198536],[106.81540199932618,-6.1855213993385929],[106.8155013995016,-6.1856598999451853],[106.81557959994917,-6.1858046991697835],[106.81563839998577,-6.1859818999507583],[106.81565799966793,-6.1863119994268638],[106.81566329944575,-6.1868291998671259],[106.81564789954041,-6.1871537995222496],[106.81563329943066,-6.1873987997356013],[106.81560049963825,-6.1877407992365852],[106.8155669991643,-6.1880066999959293],[106.81550659948982,-6.1884613994749929],[106.81538379959157,-6.1892953000188928],[106.81522429974183,-6.1900872998890906],[106.81520419929861,-6.1902205994582999],[106.81520549980094,-6.1903672999209114],[106.81511769934244,-6.1908625995379252],[106.81510209936395,-6.1909398996523972],[106.81510079922299,-6.1909464991850847],[106.81507139975182,-6.1910925993905792],[106.81504060000448,-6.1912381998603125],[106.81501079918547,-6.1913852996590988],[106.81496309934613,-6.1916208993780488],[106.81495169944884,-6.1916769993040051],[106.81493679995621,-6.1917408998031158],[106.81484009949394,-6.1922216997697408],[106.81482600003001,-6.1922904999939945],[106.81478819973948,-6.1924745999787341],[106.81475059962553,-6.1926278993099029],[106.81469189926591,-6.1928661994963443],[106.81464629972808,-6.1931244996326082],[106.8145844991512,-6.193543899519498],[106.8145283999698,-6.1941456999595399],[106.81451889999347,-6.194335099302906],[106.81451549939372,-6.1944067997205661],[106.81450939963158,-6.1945383995113819],[106.81450009952964,-6.1947177997573597],[106.81448289946572,-6.1950587994008979],[106.81447729970559,-6.1951703997431471],[106.81446309959932,-6.195436399182408],[106.81445899937407,-6.1956113999889553],[106.81441599991464,-6.196708199378941],[106.81440949985767,-6.196970899346665],[106.81440649936872,-6.1970903996505227],[106.81440409921751,-6.1971856993465879],[106.81439889935861,-6.1973370994043089],[106.81439019940386,-6.1975878997575569],[106.81438839950449,-6.1976401991385224],[106.81438449918586,-6.1977596998141822],[106.81438389930595,-6.1978377000102647],[106.81438339960098,-6.1979042999688891],[106.81440759920721,-6.1980295997104768],[106.81444219917974,-6.1981039992370137],[106.81444779973442,-6.1981882993250927],[106.81448129923078,-6.1982869997179613],[106.81457029992386,-6.1984780998918358],[106.81484739952789,-6.1990544995111048],[106.81529939962473,-6.2002694991469838],[106.81543479941841,-6.200671099248332],[106.81555049941824,-6.2010154996817821],[106.81565669921949,-6.2013716995840129],[106.81575949981394,-6.2017427992790362],[106.8161214999747,-6.2031264995558404],[106.81617009968774,-6.20333189970105],[106.81623999925333,-6.2035119993037586],[106.81630809983788,-6.2037331999653818],[106.81638029944664,-6.2040115993271456],[106.81645509964233,-6.2043116999612602],[106.81651169965448,-6.2045691993374481],[106.8165745994342,-6.204832399623827],[106.81660679921799,-6.2049569997462237],[106.81669079986447,-6.2053358994664967],[106.81671809917447,-6.2054654993055927],[106.8167284000321,-6.2055087994106541],[106.81684479993459,-6.2059801992185646],[106.81696369928477,-6.206400999787113],[106.81700579937996,-6.2065549995502591],[106.81704959940716,-6.2066882995498727],[106.81709339962205,-6.2068226999210676],[106.81714259922504,-6.2069507995151074],[106.81726409957552,-6.2072437998738428],[106.81728689941013,-6.2072970997347063],[106.81744869946819,-6.2076907991456229],[106.81751849919642,-6.2078808997186794],[106.81762349940688,-6.2082736999756332],[106.81766769958934,-6.2085232992011763],[106.81770429986557,-6.208723699278492],[106.81781079996901,-6.2093062991874737],[106.81782499952632,-6.209434899492317],[106.81784819959964,-6.209581899623088],[106.81785539928502,-6.2096581992191098],[106.81789789951209,-6.2097273999948301],[106.81792069944566,-6.2097961991838488],[106.81793479984766,-6.2098992992963282],[106.81794439998079,-6.2100692995823694],[106.81794699945027,-6.2103934997319001],[106.81795069968371,-6.2105502994061847],[106.81795359960242,-6.2106270993087582],[106.81795209947924,-6.2108265994498115],[106.81794929966819,-6.2111454997717868],[106.81794319965229,-6.2112719997766455],[106.81791499933929,-6.2118721992158683],[106.81792199916347,-6.2123324999816507],[106.81792929944552,-6.2126017994818934],[106.81794929916788,-6.2128583995510782],[106.8179747998376,-6.2130292999521206],[106.81826969968945,-6.2142994000086729],[106.81832689938253,-6.2145384991884223],[106.81841339962213,-6.2149003996378491],[106.8185211998034,-6.2153461000255987],[106.81861619996019,-6.215758299406609],[106.81871309941273,-6.2160991996563446],[106.81880009943667,-6.2163409999685504],[106.81889169944986,-6.2165972991556373],[106.81899100000672,-6.2168637998497998],[106.81906839995716,-6.217087800004272],[106.81919109988173,-6.2174223994910678],[106.8195702000253,-6.2181299993549546],[106.81969069945124,-6.2185950995605088],[106.81971649941106,-6.2186949999415093],[106.81976759947732,-6.2188920998323134],[106.81981839950488,-6.2190733993553158],[106.81988649935987,-6.2193164993812031],[106.81996609932605,-6.2195007991688334],[106.82006539947623,-6.2196968992668671],[106.82011939923342,-6.2197857998746455],[106.82019999984628,-6.2199320999442955],[106.82021999977997,-6.219964599447259],[106.82034180000927,-6.2201718996933435],[106.82042599949884,-6.2203168997407099],[106.82055479972988,-6.2205318992320331],[106.82056639967182,-6.2205543994480124],[106.82073309999537,-6.2208623992244227],[106.82081019924298,-6.2210176995803463],[106.8209429994772,-6.2213068998163363],[106.82095109992487,-6.2213190999605361],[106.82099719999339,-6.2214232991463128],[106.82104399934448,-6.2215119992461121],[106.82110129921804,-6.2216184997992396],[106.82118949984907,-6.2217568997775743],[106.82138029974965,-6.2219982994482521],[106.82151789932902,-6.2221324999447489],[106.82184630003445,-6.2224020996947669],[106.82208399933575,-6.2225970994336537],[106.82213489951897,-6.2226331992899713],[106.82216659926033,-6.2226585993868868],[106.82242829972964,-6.2227924996442949],[106.82279949945081,-6.2229413999331058],[106.8229344991661,-6.2229937991404656],[106.82312469966909,-6.2230478992368639],[106.82324789920183,-6.2230857999694713],[106.82371549960155,-6.2232484997261803],[106.82398879979041,-6.2233435997151245],[106.8240946995421,-6.2233795997264254],[106.82510179936953,-6.2236973992575084],[106.82537799963549,-6.223784499987655],[106.82572790001043,-6.2238993994524101],[106.82609969914375,-6.2240145999347112],[106.82613969998478,-6.2240269997344333],[106.82654289937507,-6.2241678999335601],[106.82664369937625,-6.2241979991686831],[106.82699219957254,-6.2243018996047379],[106.8274850991945,-6.2244489994425916],[106.82770689925722,-6.2245207000267433],[106.82791709951648,-6.2245885997506241],[106.82805089977141,-6.2246317997743077],[106.82817799988611,-6.2246682995372247],[106.82831199950429,-6.2247066994491291],[106.82891639967318,-6.2249038995401698],[106.8289326997261,-6.2249092997358622],[106.82944689942538,-6.2250803998806123],[106.82953139992836,-6.2251038993566468],[106.82976439955343,-6.2251698999825225],[106.82988709951637,-6.2252026992791709],[106.83011819978019,-6.2252641999224005],[106.83028939933649,-6.2253097000043702],[106.83030329919848,-6.2253133995933965],[106.83045079974657,-6.2253526996186794],[106.83081319980842,-6.2254490994165899],[106.83096649978513,-6.2254950998570679],[106.83112039986139,-6.2255400999614938],[106.83120379943369,-6.2255803997176002],[106.8314936996202,-6.2256965995744649],[106.83162329986546,-6.2257220994986628],[106.83188699981048,-6.2257576991703134],[106.83214879997814,-6.2257727996300209],[106.83268049944797,-6.2257912991840358],[106.83331429950444,-6.2257665000093114],[106.83398029972932,-6.2256898995663565],[106.83423189955485,-6.2256603992267481],[106.83452759938595,-6.2256179994220266],[106.83481069991998,-6.2255277991802869],[106.834953099993,-6.2255149992892145],[106.83565189950131,-6.2254308994253016],[106.83673009997901,-6.2253126997447579],[106.83676759954054,-6.2253077997613975],[106.83681539963325,-6.2253019995476944],[106.83803819941664,-6.2251532992716987],[106.83810309925362,-6.2251453995990946],[106.8381226997043,-6.2251439995051907],[106.838236699243,-6.2251350997036239],[106.83838809972033,-6.2251243996166243],[106.83845299919678,-6.2251189999279246],[106.83855339931685,-6.2251106998749242],[106.83871529954251,-6.225100799480126],[106.83882139918943,-6.2250883999236342],[106.83911129958615,-6.2250526997383648],[106.83935079968985,-6.2250248993331585],[106.83950369951049,-6.225028899981969],[106.84001269994143,-6.2249455999103835],[106.84002679956454,-6.2249430995649186],[106.84019239927132,-6.2249141992603647],[106.84031109955713,-6.2249039996387276],[106.84065769924779,-6.2248770992307447],[106.84067819919706,-6.2248755991621785],[106.84074869948783,-6.2248722999431001],[106.84121349941273,-6.2248545991539146],[106.84124799951817,-6.2248523992291291],[106.8413020994643,-6.2248488994584408],[106.8413733998707,-6.2248441995259514],[106.84142999996762,-6.2248409993417351],[106.84146329998802,-6.2248376996052786],[106.84159429981707,-6.224824699992106],[106.84199349915832,-6.2247864994208966],[106.8425126997541,-6.2247316996750559],[106.84266349983729,-6.2247160999430884],[106.84274499919266,-6.2247124998600594],[106.84288339966312,-6.2247010998013712],[106.84326609954385,-6.2246672995261028],[106.84338299985085,-6.2246503993428579],[106.84365449967594,-6.2245951994839857],[106.84399069973857,-6.2245047995184208],[106.84400759965077,-6.2244992992191079],[106.84419639989397,-6.2244439992192699],[106.84431039945252,-6.2244067996530665],[106.84439109938133,-6.2243804994797616],[106.84446739985523,-6.2243549000198453],[106.84448919985142,-6.2243463997564366],[106.84456679962352,-6.224315899701752],[106.84461779919849,-6.2242941996840182],[106.84467349955683,-6.2242708991413211],[106.84482369929401,-6.2242236995223905],[106.84492649941318,-6.2241775995230366],[106.84504339989346,-6.2241250993895614],[106.84588859988605,-6.2237143996791122],[106.8460038997279,-6.2236656997554638],[106.84608509915765,-6.2236383994354298],[106.84616359958174,-6.2236143996952977],[106.84621989926399,-6.2235989993186003],[106.84629429917608,-6.2235929995116956],[106.84652499940147,-6.2235616997828096],[106.84676059919349,-6.2235445998729801],[106.84702829984509,-6.2235461995716932],[106.8473083999569,-6.2235479998671632],[106.84749259956678,-6.2235490994422218],[106.84756769918916,-6.2235496992089034],[106.84783010001514,-6.2235461994837413],[106.8478683994406,-6.2235458999716435],[106.84792829959143,-6.2235462997176016],[106.84825329917116,-6.2235485996768691],[106.84852709929761,-6.2235628997174315],[106.84884679916102,-6.2235900994890896],[106.84899459947252,-6.2235992998054845],[106.84975889959229,-6.2236482998131688],[106.85016019983287,-6.2236740998167441],[106.8503292991461,-6.2236749999513892],[106.8506945995256,-6.2237599999536029],[106.85076779951127,-6.2237893998091343],[106.8508981998214,-6.2238423993350294],[106.85111699918352,-6.2239142995611987],[106.85125049935941,-6.2239713993238697],[106.85133829999032,-6.2240025996072426],[106.85152899985358,-6.2240701994257908],[106.85160789978339,-6.2240927997554536],[106.85187699948344,-6.2241696994894564],[106.85201379925094,-6.2241983995323436],[106.85233149960276,-6.2242732993745893],[106.85307959956332,-6.2244590997346423],[106.85358309999476,-6.2245841999787306],[106.85376499959543,-6.2246253993620657],[106.85468429926125,-6.2248337993002636],[106.85484019942335,-6.2248725995621532],[106.854903199948,-6.2248885996835277],[106.85511870003482,-6.2249400999808175],[106.8553600994196,-6.2250037993652576],[106.85548230001213,-6.2250531997743099],[106.85559999925327,-6.2250896991705584],[106.85560829983157,-6.2250922992818971],[106.85606919946925,-6.2252126993740466],[106.85629759948914,-6.2252663996825452],[106.85659309930827,-6.2253252996443473],[106.85687109989735,-6.2253807998748014],[106.85728260000009,-6.2254451999600633],[106.85740619965483,-6.2254519991610904],[106.85796869922027,-6.225448199233603],[106.85883809960112,-6.2254541994303843],[106.85966389915515,-6.2254236991377248],[106.85990969970047,-6.2254054994298134],[106.86079859951171,-6.2252939995853867],[106.86111219948155,-6.2252285993806309],[106.86142119958023,-6.2251731998211408],[106.86166859973106,-6.2251577992956539],[106.86262989973211,-6.2251018999018832],[106.86273739992161,-6.22503419988809],[106.86302979981858,-6.2250070993152793],[106.86309099952804,-6.2249981997986223],[106.86317699987067,-6.2249919993391609],[106.86330679920489,-6.2249811994235973],[106.86342319934106,-6.2249715995833776],[106.86394229933863,-6.2249397994329483],[106.8639869999551,-6.2249356994681051],[106.86410379945993,-6.2249250998860388],[106.86436289935141,-6.2248827998502811],[106.86504629983415,-6.2247448999802115],[106.86541859965526,-6.2246869997731418],[106.86572449952781,-6.2246454993776723],[106.86597509913864,-6.2245950994295711],[106.8662231995544,-6.2245451991698664],[106.86625529997541,-6.2245249999249506],[106.8662831996662,-6.2244982992986859],[106.86629959981892,-6.2244695995622763],[106.86630699951883,-6.2244342996863082],[106.86631719917523,-6.2243641999206325],[106.86635769949618,-6.2243534998400643],[106.86631939919033,-6.2242863997332805],[106.86613809962216,-6.2236412991801684],[106.86590469928363,-6.2227709997829335],[106.865873899684,-6.2226653995654804],[106.86563159944011,-6.2218767997542361],[106.86549519955858,-6.2214086996305635],[106.8654637995798,-6.2213484999017652],[106.86542619987161,-6.2212485998920082],[106.8653014999569,-6.2209913999949977],[106.86509809989001,-6.2206179000015878],[106.86499689975923,-6.2204079991285877],[106.86490099985296,-6.2201973995785371],[106.86486409973799,-6.2201192997600607],[106.86472299933112,-6.2198125998855982],[106.86468149928353,-6.2196592997226015],[106.86460679994691,-6.2195006999459146],[106.86458139981384,-6.2194277999679581],[106.86447289976296,-6.2191767991804792],[106.86423779917385,-6.2185697995164588],[106.86416549916196,-6.2182383991316756],[106.86412689921661,-6.2179461996785221],[106.86406679951607,-6.2174837994026548],[106.86404539928797,-6.2173192998416669],[106.86399819920102,-6.21673279953189],[106.86397949930844,-6.216536399995749],[106.86395329922296,-6.2164496999158851],[106.86391359933428,-6.2163429996265593],[106.86383119984282,-6.2162290991243445],[106.86372999922132,-6.2161057993010997],[106.86359049991798,-6.2159462992129351],[106.86342149958415,-6.2158081995225478],[106.86309539987407,-6.215526099935361],[106.86289639998176,-6.2153595995322837],[106.86213379989346,-6.2146211991721092],[106.861991399226,-6.2144403000269604],[106.86188189944438,-6.214276499174936],[106.86171399998136,-6.2139503991394562],[106.86160399931691,-6.2137722998097624],[106.86149749921738,-6.213624899558714],[106.86157199961737,-6.2135452994431795],[106.86160819914546,-6.2135220997587739],[106.86167829996648,-6.2134988991689566],[106.86169069943929,-6.2134978998219683],[106.86175080001478,-6.2134927994552109],[106.86182819983092,-6.2135103993794774],[106.86205189947704,-6.2135932994074459],[106.86223399915443,-6.2136591994292569],[106.86234239976366,-6.2136897994332934],[106.86243129972308,-6.2137252999018813],[106.86347719960551,-6.2141743993292309],[106.86594519998904,-6.215298899523571],[106.86607399929845,-6.215377299697189],[106.86614570003773,-6.2154332993819148],[106.86622469929269,-6.2155341997533391],[106.86628799982874,-6.2156230995496475],[106.86634349948706,-6.215712699564051],[106.86640519923657,-6.2158123996654382],[106.86643099962022,-6.2158532992510747],[106.866539799888,-6.2160562997568851],[106.86675639972263,-6.2164325991290585],[106.86681909956511,-6.2165434998621834],[106.86688409941732,-6.2166555995002533],[106.86699319924182,-6.2168803996836877],[106.86707879922791,-6.2170817992808125],[106.86714169917418,-6.2172462992018769],[106.86729409949805,-6.2176781997161257],[106.86747219915604,-6.2181943992566566],[106.86765179921504,-6.2187154992490754],[106.86765759962151,-6.2187323999561483],[106.86767369960651,-6.2187791998312614],[106.8677922995828,-6.2191216993006408],[106.86814239955342,-6.2201145992315929],[106.86816199917538,-6.2202540993430464],[106.86815349927404,-6.2205421994699464],[106.86815169937037,-6.2206692997744266],[106.86814729932021,-6.220971399757123],[106.86813469978172,-6.2214278991351497],[106.8681197993326,-6.2219662993120926],[106.8681122994938,-6.2223450995252216],[106.86810259996236,-6.2227520998789982],[106.86810119944175,-6.2228090998618129],[106.86808949967036,-6.2231289000276924],[106.86807489951968,-6.2232455999449972],[106.86803899996559,-6.2233273999189427],[106.86769699988704,-6.2240111995383556],[106.86750729965362,-6.2243808994837675],[106.86748709969983,-6.2244001995512797],[106.86742349972671,-6.2244108991498068],[106.86739739932037,-6.224453299483371],[106.86730039926374,-6.2246451999507677],[106.86719009966887,-6.2248237994626212],[106.86717899928759,-6.2248526992767186],[106.86707679926245,-6.2250383993807388],[106.86702759946988,-6.2251532995088255],[106.86699759932591,-6.2252265994790648],[106.86695939966599,-6.2254070000005131],[106.86694939950975,-6.2254915998513072],[106.86695439950724,-6.2255662995178014],[106.86707389944048,-6.2260510992131941],[106.86722699981328,-6.2268004994358881],[106.86724799917421,-6.2270114994794659],[106.86725829967421,-6.2272225997630102],[106.86726289974391,-6.2293111995495867],[106.86727349925488,-6.2297378992530481],[106.86727569969689,-6.2301394995838741],[106.86727149985468,-6.2302819997965111],[106.86727529919905,-6.2305712996655078],[106.86731819947421,-6.2317787993286444],[106.8673177999582,-6.2318065998015753],[106.86732619977734,-6.231889599245557],[106.86734479932835,-6.2320098995231366],[106.86735600000914,-6.2321237992881917],[106.86743249990673,-6.2328769997996956],[106.86746459977222,-6.2331162992053111],[106.86754510003512,-6.2338673995350042],[106.86761279997141,-6.2343940993698173],[106.86769669986784,-6.2346967996095515],[106.8678172999837,-6.2350084998484814],[106.86785449992634,-6.2350920996809087],[106.86791890002665,-6.235250699223517],[106.8679842998509,-6.2354065999260726],[106.8680449991913,-6.2355513998196352],[106.86811419975174,-6.2357280996725688],[106.86857919987173,-6.2367364991489653],[106.86876929986275,-6.23716629941155],[106.8687750992798,-6.2371850996477516],[106.8687867994326,-6.2372234999384615],[106.86874639960214,-6.2372326992318374],[106.86868219945995,-6.2372472993552774],[106.86867109955982,-6.237219699729164],[106.86860019932574,-6.2370430992246026],[106.86849809993302,-6.2368297995443713],[106.86842699996456,-6.2366783992960508],[106.86830540001998,-6.2364147993153551],[106.86826669968235,-6.236333399259669],[106.86818759988203,-6.2361683999333888],[106.86812059930035,-6.2360156993494638],[106.86795209943057,-6.2356385991340444],[106.86791129924953,-6.2355527996293691],[106.86787049963446,-6.2354668997518754],[106.86779989982887,-6.2352927997077794],[106.8677375994357,-6.2351328997617586],[106.86772399943327,-6.2351054997232822],[106.86759769918174,-6.2347248997735978],[106.86750519976306,-6.2343519999745993],[106.86746369933444,-6.2340552000168712],[106.86745439959205,-6.2339632996989254],[106.86730689930627,-6.2328994996928104],[106.86726029947107,-6.2324727991792841],[106.86723499930355,-6.2321140995237272],[106.86722879931942,-6.2320174992631472],[106.8672209995222,-6.2318984997799367],[106.8672135000038,-6.231817399478218],[106.86721019965844,-6.2317850000228825],[106.86719839986658,-6.2316357997424365],[106.86716889973862,-6.2312860994863861],[106.8671606993353,-6.231089300015122],[106.86715879959883,-6.2310525999695479],[106.86715219974839,-6.2309266993488288],[106.86715139919198,-6.2308857992414124],[106.86713409989953,-6.2304025992668732],[106.86712819997476,-6.2299624996392593],[106.86712859917679,-6.2299345997051523],[106.86712989993771,-6.2298557991357306],[106.86713149999073,-6.2297169997725392],[106.86714229981311,-6.2289683994161935],[106.86714359989564,-6.2289032000115743],[106.86714759960851,-6.2287203997179859],[106.86715379923291,-6.2283148998349329],[106.86715039975516,-6.2277627994067846],[106.86714989925348,-6.2275684997503973],[106.86715029915214,-6.2273814997459862],[106.86714109961844,-6.2271464997119379],[106.86712929996033,-6.2269347998401461],[106.86710709997786,-6.2267966995018638],[106.86704429987915,-6.2264520996859005],[106.86695149959084,-6.2260075994708801],[106.86692249946265,-6.2259007995927229],[106.86689009928185,-6.225772199963747],[106.86683329942056,-6.2256103993544745],[106.86680919919441,-6.2255368992432318],[106.86677139979926,-6.2254476999559074],[106.86660929939532,-6.2251467998477343],[106.86655149965387,-6.225038499601987],[106.86650999977614,-6.2249605998959723],[106.86642969983237,-6.2248815995973104],[106.86636059998811,-6.2248182991684171],[106.86632099945348,-6.224801599340581],[106.86625929945085,-6.2247989992504662],[106.86606179929085,-6.224819199178496],[106.86572559959978,-6.2248831991496392],[106.86542179957647,-6.2249409000177014],[106.86480769983271,-6.2250407999335993],[106.86417929988791,-6.22515399918196],[106.86394149966532,-6.2251631997254444],[106.86365799998806,-6.2251522994355604],[106.86351319945358,-6.2251347999406228],[106.86341849987761,-6.2251426993395054],[106.86326709924187,-6.2251579995754662],[106.86296199930536,-6.2251977996738299],[106.8628513999921,-6.225206499212927],[106.8624937995835,-6.2252414997465424],[106.86213699975343,-6.225260399650308],[106.86187099996242,-6.2252641997065092],[106.86143489953112,-6.2252945994489606],[106.86120219914598,-6.2252973992778697],[106.86072529979195,-6.2253741998264776],[106.85986299928969,-6.2254834991767112],[106.85882569948714,-6.2255331994815881],[106.85797069959808,-6.2255247996043392],[106.85743319924332,-6.225536899450038],[106.85719459998573,-6.2255123991899159],[106.85653129939037,-6.2253902999344275],[106.85627059926524,-6.2253381997830264],[106.85615329987036,-6.2253226991358224],[106.85588669953586,-6.2252879992511643],[106.85574399925906,-6.2252632994016253],[106.85510559993928,-6.2251356992225464],[106.85476169962706,-6.2250595995363298],[106.85457399960134,-6.2250163992467336],[106.85372089964434,-6.2248201998104058],[106.852838799267,-6.2246172995156295],[106.85257479989633,-6.2245574991281067],[106.85235809914249,-6.2244979991666698],[106.85191789950655,-6.2243876999991983],[106.85180229976808,-6.2243582999004339],[106.85167919958539,-6.2243248998515917],[106.85165349961019,-6.2243197992158974],[106.85159529929878,-6.2243003993588175],[106.85142609929284,-6.2242441997890658],[106.85129699964098,-6.224204799879816],[106.85124139990157,-6.2241877995380799],[106.85122359960853,-6.2241796991993406],[106.85104339927565,-6.2240836998439386],[106.85102729943821,-6.2240750998646472],[106.8508654999098,-6.2239999997732465],[106.8507960999622,-6.2239759998251492],[106.85050809914338,-6.2239078999119197],[106.85021499962525,-6.2238435997911337],[106.84997729931476,-6.2238019996228537],[106.84975769926696,-6.2237635999396179],[106.84935669969066,-6.2237196999885249],[106.84927219943987,-6.2237103992176639],[106.84913329916098,-6.2236997998208308],[106.84880149949559,-6.2236743994072352],[106.84855059966884,-6.2236546992578257],[106.84822690003941,-6.2236202999156456],[106.84810769944005,-6.223615299459488],[106.84791050002293,-6.2236068992872147],[106.84781919949783,-6.2236015994814853],[106.84761519962535,-6.2235986995128183],[106.84700579935095,-6.2235982992820693],[106.84675099964234,-6.2235981996694845],[106.84652239955702,-6.2236189993428015],[106.84636079932268,-6.2236362996795282],[106.84621049924094,-6.2236636997312607],[106.84611259990977,-6.2236869996815152],[106.84601579953737,-6.2237209992533282],[106.84576259984314,-6.2238523996022197],[106.84526719981153,-6.2241080991686282],[106.84500589993243,-6.2242348991582412],[106.84487389938354,-6.2243156999461764],[106.84471629977573,-6.22442629918568],[106.84457149949093,-6.2244939999201314],[106.84444959995308,-6.2245462995557128],[106.8443380992767,-6.2245880998494663],[106.84409819926542,-6.2246521996384363],[106.84406009922388,-6.2246635995286956],[106.84382929924276,-6.224716299369164],[106.84378119927736,-6.2247266998097857],[106.84376019955977,-6.2247309992251134],[106.84325039920211,-6.2248312992516288],[106.84322109949031,-6.2248354992385684],[106.84251969951252,-6.2249349992911833],[106.84223339994371,-6.2249759997626262],[106.84207549983277,-6.2249925997704718],[106.8418920993881,-6.2250035997131077],[106.84159389993823,-6.2250244993010755],[106.84140189917868,-6.2250347994207873],[106.84132009981403,-6.2250391996409471],[106.84123149930842,-6.2250439997040408],[106.84105629966975,-6.2250512998499925],[106.84042159958148,-6.2250834999616371],[106.84038509947861,-6.2250852999358823],[106.8399226997995,-6.2251255994630421],[106.83952319970311,-6.2251767997331493],[106.83896679997098,-6.2252606994756938],[106.83891089978995,-6.2252905997249677],[106.83883949967036,-6.2253097998165128],[106.83845459949774,-6.2253582992705843],[106.83826939995478,-6.2253745999834358],[106.8377428993694,-6.2254415995084704],[106.83603439972308,-6.2256426994392369],[106.83566939936874,-6.2256802994581406],[106.83535619915762,-6.2257079992958673],[106.83528799920764,-6.2257139996311661],[106.83494849949916,-6.2257458992348802],[106.83467019934329,-6.2256723994268128],[106.83398899980864,-6.2257591992031855],[106.83331739975486,-6.2258415994877181],[106.83268099981255,-6.2258715000038451],[106.83171219946587,-6.2258226999669883],[106.83109169942706,-6.2257770994198243],[106.83074389916747,-6.2256955997081525],[106.83043209966478,-6.2256135996483426],[106.83004679956265,-6.2255059000128936],[106.82962809940324,-6.2253851999248973],[106.82937649940689,-6.2253174996901928],[106.82895089972838,-6.2251924991412597],[106.82844889932768,-6.2250323997951469],[106.82835519924801,-6.2250028993596516],[106.82822589981609,-6.2249621992664945],[106.82793459927755,-6.2248703994059449],[106.82729149972377,-6.2246595994667544],[106.82712409959623,-6.2246065000196698],[106.82691619993436,-6.224540499797973],[106.82658109965962,-6.2244420991822862],[106.82569819989814,-6.2241741999137892],[106.82533279943843,-6.2240584996308543],[106.82518599917447,-6.2240109992005488],[106.82501129927823,-6.2239553997494212],[106.82496409983492,-6.2239402995589916],[106.82454739979325,-6.2238028994865555],[106.82414289919916,-6.2236586999771637],[106.82398839996968,-6.2236092998616934],[106.82390749916208,-6.2235812995059892],[106.82388249926366,-6.2235732998438138],[106.82365579948515,-6.2234943998955732],[106.82331579953959,-6.2233779998913628],[106.82292919997852,-6.2232513995848571],[106.82285439944067,-6.2232232993065466],[106.82243689946392,-6.2230724992277056],[106.82218879961941,-6.2229645995486624],[106.82207599995017,-6.2229052997079837],[106.82197820002679,-6.2228518993597461],[106.821349499813,-6.2223681998338103],[106.82125639925076,-6.2222848991913651],[106.82114999928872,-6.2221604998822606],[106.82106949962429,-6.2220558000064772],[106.820941999314,-6.2218991997496778],[106.82091969991599,-6.2218648998851647],[106.82082339955167,-6.2217165999247861],[106.82076909993901,-6.221607899973419],[106.82070599924761,-6.2214705996314956],[106.82066109960049,-6.2213612994264977],[106.82064939985287,-6.221335799508636],[106.82042149942701,-6.2207984992033634],[106.82036059944375,-6.2206775992586936],[106.82022049962499,-6.2204212997217017],[106.8201355000075,-6.2202658998399274],[106.81999659987797,-6.2200120997095381],[106.81992749932358,-6.2198920995344134],[106.81983150004157,-6.2196939997519642],[106.81973739954292,-6.219482099277327],[106.81970849949043,-6.2194073999385484],[106.81965949976421,-6.2192808999492311],[106.81962409941318,-6.2191571994548811],[106.81960519922504,-6.219091099641024],[106.81949419930785,-6.2187033000174665],[106.81947519999547,-6.218636999801797],[106.81939779964148,-6.2183667991345359],[106.81932819916533,-6.2181235992154598],[106.81930009998615,-6.2180252998585956],[106.81910269964152,-6.2173542992139632],[106.81908659988541,-6.2173029992083144],[106.81895169991193,-6.2169525995779971],[106.81890459963965,-6.2168226000176325],[106.81889389923441,-6.2167583996048741],[106.81887119949572,-6.2166852999897912],[106.81879979941394,-6.2165026994531587],[106.81874599916804,-6.2163606991650102],[106.8186599994323,-6.2161254995047761],[106.81860409986875,-6.2159330994465014],[106.81853409994389,-6.2156787999969412],[106.81848439983958,-6.2154822998240276],[106.81834929951087,-6.2149037991931317],[106.81827329968905,-6.2145878996898523],[106.8181889996382,-6.2142372992479302],[106.81791649972205,-6.2130374996266573],[106.81787589989955,-6.2128339994644186],[106.81782749986282,-6.2125866997153993],[106.81777529949639,-6.2124698993758596],[106.81772649925315,-6.2122180999726746],[106.81769459995854,-6.2119662994310181],[106.81769219950301,-6.2119486997275217],[106.81768569940199,-6.2118524995013189],[106.81767949992066,-6.2117111996711172],[106.81767559927188,-6.2114327996500442],[106.81767609998522,-6.2113527999216345],[106.81769139989666,-6.2108637998047938],[106.81768509955874,-6.2102924997093032],[106.81767289950741,-6.2100490999618811],[106.81765419944533,-6.2097581998671663],[106.81764009916675,-6.2095378993287689],[106.81761349949939,-6.2092602996830646],[106.81760309964139,-6.2091773997191346],[106.81758779958155,-6.2090621994634017],[106.81756589931261,-6.2088794997010588],[106.81758509935914,-6.2086881992865974],[106.81757130001782,-6.2086103996983777],[106.81753259933319,-6.2083915995592909],[106.81740799915153,-6.207936199827774],[106.8173281000302,-6.2077333994724713],[106.81721249955818,-6.2074533999829473],[106.81716619957405,-6.2073356993553519],[106.81701489956285,-6.2069757998658579],[106.81697839930877,-6.2068726996756416],[106.81689479941676,-6.2066222996497702],[106.81681169944309,-6.2063120991466727],[106.81670299980888,-6.2058543992575679],[106.81666779953038,-6.2056915997959132],[106.81652389933882,-6.2051309993941226],[106.81650239927365,-6.2050500994673587],[106.81647989990985,-6.2049435993506954],[106.8164683992749,-6.2048791998244477],[106.81640469997791,-6.2045861996358846],[106.81638129966645,-6.2044885997047752],[106.81619819981576,-6.2037859993138431],[106.81604299952036,-6.2031559999024504],[106.81580059965553,-6.2022056991762984],[106.81552109995188,-6.2012554998705207],[106.81547629968584,-6.2011109992305684],[106.81534679968487,-6.2007078997379637],[106.81523879965472,-6.2003957999321671],[106.81477589921249,-6.1991250994343714],[106.81448679953968,-6.1984781000154365],[106.81433349967156,-6.198171599754251],[106.81432809952261,-6.1981580998489099],[106.81428769946407,-6.1980493993171928],[106.81426709927095,-6.1979565997321657],[106.81424899971647,-6.1978491999307161],[106.81424759976797,-6.1977826996004879],[106.81427629974645,-6.1971729998785525],[106.81427919978566,-6.197145199997224],[106.81428159917634,-6.1970895992049515],[106.81428749991757,-6.1970155999413592],[106.81429139915593,-6.1969073997009119],[106.81430039957776,-6.1966976995980962],[106.81431689931692,-6.1963648996188549],[106.81432509992234,-6.1961410997645086],[106.8143311992292,-6.1959109995439743],[106.81433949976361,-6.1956407995620699],[106.8143516999604,-6.1951394996266034],[106.81435689922175,-6.1950539997963716],[106.81438209973962,-6.1946439992283331],[106.81439299995102,-6.1943825997756221],[106.81439499916398,-6.1943351994569271],[106.81439979961216,-6.194284499248905],[106.81442909967404,-6.1940462995927694],[106.81446919991609,-6.19377399983785],[106.81452749966462,-6.1933479996439154],[106.81456529947179,-6.1930348994365927],[106.81460339943808,-6.1927961995303438],[106.81467589927399,-6.1924686991352758],[106.81473339943135,-6.1921979999839252],[106.81476329914139,-6.1920554993871422],[106.81479789940161,-6.1918766998071781],[106.81481199944578,-6.1918040993120229],[106.81484179944079,-6.1916495997025098],[106.81489029939854,-6.1913987997936397],[106.81490169968201,-6.1913398996230713],[106.81494929976341,-6.1910800998862516],[106.81496669992768,-6.1909904994868157],[106.81497739933397,-6.1909268999828191],[106.8149783998789,-6.190921199323979],[106.81499629932676,-6.1908232995654231],[106.81507339965054,-6.1904484994481805],[106.81509259943425,-6.1903519994350562],[106.81513039959549,-6.1902073000132098],[106.81515189936579,-6.1900765996893066],[106.81540799917943,-6.1886486992261469],[106.81543339925982,-6.1884478999360146],[106.81549239970634,-6.1879516997840289],[106.81555019996887,-6.187378099678118],[106.81557119966413,-6.1871376997393961],[106.81559879922209,-6.186830099432477],[106.81557899991543,-6.1863975996182976],[106.81556329935611,-6.1860361994772539],[106.81549769927176,-6.1858100994964005],[106.81542469962787,-6.1856852992044447],[106.81534259964418,-6.1855705998362929],[106.81505949948854,-6.185237099560382],[106.81478239923369,-6.1849140995597534],[106.81459129946602,-6.1846687992070857],[106.81450549928523,-6.1845434998893225],[106.81435539976299,-6.1841506996990434],[106.81415539927171,-6.1836876992652385],[106.81405349988147,-6.1834274995535932],[106.81394419923554,-6.1831414998613896],[106.81370449984379,-6.1825102996724794],[106.81350819957309,-6.1819854997301826],[106.81342319986996,-6.181762899336996],[106.81337759924791,-6.1816061995032774],[106.81333469975004,-6.1814489000073554],[106.81329179948419,-6.18124759946119],[106.81320729937516,-6.1808935999280674],[106.813102699862,-6.1804035996562945],[106.81282009925575,-6.1794253998050692],[106.8128047993652,-6.1793685997907897],[106.81278949947958,-6.1793117997793123],[106.81271369949083,-6.1790195999934356],[106.81267729978981,-6.1788709998890381],[106.81259299947341,-6.1784311997768251],[106.81244860002261,-6.1778932991614219],[106.81202919965516,-6.1763663997390008],[106.81201110002762,-6.1763004995591482],[106.81186209935233,-6.1757580995031551],[106.81185129935714,-6.1757186995051327],[106.81184149996703,-6.1756828992655937],[106.81182299964948,-6.1756101991749111],[106.81170169922869,-6.1751334991957263],[106.81168599931254,-6.1750715999467953],[106.81138399963011,-6.1738418000165423],[106.81132589998273,-6.1736015993595821],[106.81131419996747,-6.1735527998066342],[106.81130229971718,-6.173502499989179],[106.81124179982081,-6.1732351991903709],[106.81112069974202,-6.1727395997433128],[106.81109909990573,-6.1726516999616265],[106.8110432991453,-6.1724016999804068],[106.8110145998337,-6.1722785992248443],[106.81093619993584,-6.1719429994218178],[106.81093309957068,-6.1719294996841043],[106.8109217999442,-6.1718471996944571],[106.81089949950324,-6.1717069998544396],[106.81089369943869,-6.1716513997306865],[106.81084029970106,-6.1711396994996779],[106.81083779985609,-6.1711199995468276],[106.81083459987578,-6.1710893993472355],[106.81083199915906,-6.1710665992944191],[106.8108282994851,-6.1710090995669491],[106.81082379972666,-6.1709391998963472]]]},"properties":{"FID":15,"ID":"BRT_16","GEOM_ID":"BRT_16_REG","LINE":"16","NAME":"Kampung Melayu - Harmoni","MODE":"BRT","CLASS":"Koridor Utama","STATUS":"Rencana","COLOR":"#A417D3","ROUTE_VAR":"REGULAR","SOURCE":"RTRW DKI Jakarta","REMARK":"Trase rinci diinterpretasikan untuk keperluan visualisasi","ALIGNMENT":" ","DIV_ID":" ","DIV_NOTE":" ","DIV_SRC":" ","VALID_FR":" ","VALID_TO":" "}},{"type":"Feature","id":16,"geometry":{"type":"MultiLineString","coordinates":[[[106.84449879957504,-6.1274364995100186],[106.8445065991865,-6.1274154996222032],[106.8445263993428,-6.1273864999749357],[106.8445649999597,-6.1273498994044502],[106.84461299997379,-6.1273156996105431],[106.84466619914733,-6.1272881998790334],[106.8447304996418,-6.1272638997695967],[106.84479629934567,-6.1272444995949531],[106.84488449977843,-6.1272270992002911],[106.84537559936781,-6.1271074993925962],[106.84545949931288,-6.1270817999100595],[106.84572029974568,-6.1269645992338182],[106.84580579957127,-6.1269412992849421],[106.84619999944006,-6.126833699797575],[106.84663629945211,-6.1267497997325577],[106.84664909954135,-6.126747099204402],[106.84689480003306,-6.1266424999044524],[106.84699819951022,-6.1266102999201406],[106.84744359940322,-6.1265308996102155],[106.84772309944832,-6.1265230992015471],[106.8479410997879,-6.1265293994901642],[106.84806239936822,-6.1265398992081987],[106.84811149985467,-6.1265357995640501],[106.84818499933998,-6.1265276998733507],[106.84844919978592,-6.1264745998232382],[106.84953419977069,-6.1262032997923006],[106.84968179954463,-6.1261627994709587],[106.85021819928853,-6.1260295991641289],[106.85043759948188,-6.1259910995711131],[106.85132629968922,-6.125735599579242],[106.85221399993978,-6.1254581993727841],[106.85374829928547,-6.124923299352675],[106.853766999209,-6.1249177997983804],[106.85378669916881,-6.1249130996824741],[106.85385189961578,-6.1248956997531057],[106.85389589949885,-6.1248784996837395],[106.85399449998523,-6.1248333992044355],[106.85456559997384,-6.1246102992655089],[106.85573809997535,-6.1240556999506914],[106.85581369938527,-6.1240199997993638],[106.8577733995175,-6.1231070992375649],[106.85779050002651,-6.1230993998672112],[106.85971209973462,-6.1222463991768787],[106.85981519967999,-6.1221992994976473],[106.86101349983058,-6.1216034993108908],[106.86116869942371,-6.1215017992534362],[106.86136039964097,-6.1212860992285547],[106.86155209927794,-6.1211247996760187],[106.86172719963297,-6.1210261995699433],[106.86186149938827,-6.1209859995043159],[106.86196599954475,-6.120961499535297],[106.86207079936756,-6.1209384994147253],[106.86263219952335,-6.1208495992432015],[106.86273649922695,-6.1208347996397121],[106.86275399916984,-6.1209486998486922],[106.86277249929925,-6.1210709998201551],[106.86285489941555,-6.1215946994016202],[106.86286299958414,-6.1216491992215811],[106.86523419983608,-6.1205576993702104],[106.86613439984444,-6.1199808992624245],[106.8662553998453,-6.119896399278332],[106.8663895996638,-6.1197927991979668],[106.86671879938103,-6.1195383994710539],[106.86677679953107,-6.1194935993762591],[106.86714159998279,-6.1192205992724604],[106.86783759939937,-6.1186421994148219],[106.8679749992298,-6.1185279994229385],[106.86849690001354,-6.1181248994070527],[106.86910860002044,-6.1176192998649261],[106.86974449922738,-6.1170787994332469],[106.86981229954078,-6.1170211992839461],[106.86993949961082,-6.1169130996168715],[106.87077489987912,-6.1162468999897186],[106.87119629920629,-6.1159006998597167],[106.87128219954836,-6.1158297997438886],[106.87162929913939,-6.1155492991301221],[106.87226779942546,-6.1150254995698488],[106.87230169962338,-6.1149976998577129],[106.87350199981826,-6.1139977997347756],[106.87365290000065,-6.1138719995579471],[106.87373009963974,-6.1138100996814329],[106.8744606999803,-6.1131907992612868],[106.87497069948267,-6.1127351998680508],[106.87554149975193,-6.1123001998104165],[106.87605159966306,-6.1119537993302613],[106.8765391999809,-6.1117101995299468],[106.87660349917296,-6.1116742999339522],[106.87777789958344,-6.1111794993431001],[106.8787398994578,-6.1107680993277604],[106.87911080002051,-6.1106008995118124],[106.87933449987776,-6.110490899813195],[106.87947229917299,-6.1104143998536804],[106.8800707995771,-6.1099988991933918],[106.88054499915391,-6.1095988996794359],[106.88066939951833,-6.109548299633067],[106.88074019942644,-6.109496199929092],[106.88093319939141,-6.1094527992002803],[106.88107459950143,-6.1094393995834526],[106.88117919992483,-6.1094333998571138],[106.88141419919934,-6.109437799927937],[106.88148719915934,-6.1094388997892537],[106.88267339936993,-6.1094853995735008]],[[106.85768529996564,-6.124007999449641],[106.85721149977243,-6.1242344994307647],[106.85655079982278,-6.1245501995913285],[106.8561392999157,-6.1247388999823622],[106.85432689997133,-6.1255696998368698],[106.85406099970528,-6.1256916991748529],[106.85392429995443,-6.1257626991469021],[106.85379540000832,-6.1258175997418336],[106.85369409959053,-6.1258606996265685],[106.85313189975415,-6.1261006997198022],[106.8527471992608,-6.1262648995254896],[106.85214259932228,-6.1264739999969482],[106.8517731995186,-6.1265969997616043],[106.851522299552,-6.1266725998496057],[106.85077419945897,-6.1268751999881168],[106.85075729997169,-6.1268783993908249],[106.85040839919684,-6.1269453996676395],[106.85005329972546,-6.1270134997994026],[106.84891809926171,-6.1272212995340567],[106.84881209973132,-6.1272386995494657],[106.84821289936205,-6.1273397996558012],[106.84808829938279,-6.1273614996755184],[106.84796369938934,-6.1273831996692545],[106.84760829963622,-6.1274451998961847],[106.84707849993572,-6.1275395994153854],[106.84702439931063,-6.1275499992677576],[106.84684829945709,-6.1275818991366391],[106.84635169971257,-6.1276717993416563],[106.84554829978754,-6.1278257993400169],[106.84524639990059,-6.1278836998399582],[106.8451193996946,-6.1279112999560406],[106.84491039923734,-6.1279606996202327],[106.84479619948605,-6.1279814996823641],[106.84471529951597,-6.1279961995488232],[106.84444819943525,-6.1280547999706751],[106.8443445992941,-6.1280744992706726],[106.8439410998366,-6.1281510996465496],[106.84345379938539,-6.128243699674722],[106.8425784995498,-6.1284098996975125],[106.84220339939382,-6.1284811996107296],[106.84105319989553,-6.1286995994279874],[106.84072239996621,-6.1287900999788389],[106.84065320001363,-6.1288003992161766],[106.84045019929438,-6.1288339999194035],[106.84024029969498,-6.1288684000140341],[106.84004259953299,-6.1288971993267847],[106.83942899983151,-6.1289903996512507],[106.83904419953237,-6.1290586992037124],[106.83890649983138,-6.1290830996158201],[106.83879169932155,-6.1291043996991279],[106.83802839938966,-6.12923799959737],[106.83704069941106,-6.1294164994006604],[106.83601319988466,-6.1296022994761019],[106.83578129933373,-6.1296441993285455],[106.83427159936467,-6.1299250995204835],[106.83426719915678,-6.1299258994037613],[106.83424590002853,-6.1299298991247344],[106.83388929983167,-6.130059499340935],[106.83327099979797,-6.1301713995427631],[106.83249949976889,-6.1303108993855355],[106.83249229995793,-6.1303121997941199],[106.83223929925279,-6.1303606000083235],[106.83215359951726,-6.1303747992139757],[106.83192769972069,-6.1304113994056522],[106.8317533993099,-6.1304407995063208],[106.83152059971999,-6.1304874992332374],[106.83124789964805,-6.1305857998690705],[106.8311583991449,-6.1306181993675581],[106.83112569916975,-6.1306429995705285],[106.83109969915418,-6.130672499371423],[106.83109009966444,-6.1306970000102368],[106.83108319957324,-6.1307241994233355],[106.83106779970082,-6.1308376995819964],[106.83113909934447,-6.1312744998289457],[106.83118239969465,-6.131494199753126],[106.83118719979974,-6.1315271992346574],[106.83116769964442,-6.1315708000174407],[106.83118459982987,-6.1316576993065164],[106.83121959975186,-6.1318393998690448],[106.83123659926298,-6.1319230998437106],[106.83125039928058,-6.1319779992777317],[106.83131729929814,-6.1322085996672939],[106.83132319949986,-6.132250799861235],[106.83146019948013,-6.1327598999297432],[106.83160959937939,-6.1334126992790639],[106.83168279973519,-6.1337085999378447],[106.83188459999332,-6.1345248994850881],[106.83192899975424,-6.134706499887093],[106.83194790002192,-6.134781399289075],[106.83198439915176,-6.1349177999788811],[106.83202819982193,-6.1350778993643571],[106.83204509944891,-6.1351377999509999],[106.83206859954821,-6.1352279993775021],[106.83214989955955,-6.13557579963188],[106.832215499942,-6.1358560992139433],[106.83234109921781,-6.1364454999868228],[106.83241349995816,-6.1367853991408197],[106.8324432993759,-6.1369191996488839],[106.83246969943607,-6.137037399439409],[106.83250250003204,-6.1371915995434732],[106.83263939984818,-6.1378354992081112],[106.83269839939719,-6.1381448993422767],[106.83271209958923,-6.138216699763908],[106.83273039957002,-6.1383124992484577],[106.83281819920296,-6.1386749000145713],[106.83285999938111,-6.1388472991255627],[106.8329777996495,-6.1393175995049614],[106.83298069965473,-6.1393305997032375],[106.83308689927895,-6.1398143992339316],[106.83302789929147,-6.1398283999412335],[106.83285049947085,-6.1390670997596919],[106.83275699968191,-6.1386801992029927],[106.83274479981327,-6.1386294997439848],[106.83267159930416,-6.1382767995455989],[106.83257910000134,-6.1378240997259974],[106.8325654994642,-6.1377639998435312],[106.83246929989417,-6.1373399992915942],[106.83245259922037,-6.1372743999864472],[106.83243510000524,-6.1372058992122227],[106.83238499974827,-6.1370095994680627],[106.83236879943411,-6.1369354992187022],[106.83233969938503,-6.1368027993998187],[106.83231119982817,-6.1366879992299888],[106.83230369986779,-6.1366376995595671],[106.83223659969951,-6.1363203991939788],[106.83216239946526,-6.135967999600239],[106.83211769962749,-6.1357554993044454],[106.83203389938679,-6.1353786999355391],[106.83199369944515,-6.135197699138411],[106.83198299973576,-6.1351507992352241],[106.83196909927395,-6.1350946000172772],[106.83196019933376,-6.1350572998846626],[106.83193669983682,-6.1350288997469109],[106.83190169919558,-6.1350090996655355],[106.83183789999013,-6.1350079996485301],[106.83157289922687,-6.1350677000263705],[106.83155609983625,-6.1350717991442645],[106.83129109941983,-6.1351228998062357],[106.83084099950617,-6.1352188998236006],[106.83075289993961,-6.135237699542138],[106.8307003994597,-6.1352489000164736],[106.83056729997685,-6.1352772994671048],[106.83024079991917,-6.1353558996951749],[106.83008059990986,-6.1353944994340068],[106.83000799991342,-6.1354118997568383],[106.82943249960906,-6.1355372997681039],[106.82901099970402,-6.13560459987578],[106.82883219988732,-6.1356510993080233],[106.82859239989286,-6.1357207992861351],[106.82829749972426,-6.1358065999049334],[106.82786469982194,-6.1358971995097438],[106.82780949943772,-6.1359087995582016],[106.82742259981065,-6.1359679992754881],[106.82705639945424,-6.136023399280738],[106.82671669927473,-6.13607589935941],[106.82598829958781,-6.1361892994872189],[106.82579289940367,-6.13622059940284],[106.82574769974525,-6.136226799774553],[106.82541109966321,-6.1362798997510106],[106.82535279962291,-6.1362890996118624],[106.82486500000485,-6.1363660995031024],[106.82484689971251,-6.1363688999561461],[106.82452409967313,-6.1364194993505823],[106.82389999966806,-6.1365220999794579],[106.82365419961549,-6.1365622998209037],[106.82336979967604,-6.1366038996014423],[106.8230886995734,-6.1366382997967674],[106.82260619961194,-6.136708099694288],[106.8224951994671,-6.136724199451514],[106.82203079936626,-6.1367953993041677],[106.82183149926017,-6.1368271994327435],[106.82148589989798,-6.1368788991874013],[106.82141459969552,-6.1368932994215459],[106.82140819921734,-6.1368945997064817],[106.82135869922112,-6.136904499803852],[106.82130899935041,-6.136914599494907],[106.82127549982231,-6.1369212995096909],[106.82099699994141,-6.1369737996258538],[106.8206636998619,-6.1370526999499084],[106.82033739930603,-6.1371183997009551],[106.81994309932701,-6.1372011997374134],[106.81910659920894,-6.1373840996581182],[106.81896099951206,-6.1374169993504335],[106.81854659948669,-6.137510399577276],[106.81809429998785,-6.1376013992760621],[106.81794509934501,-6.137628199608792],[106.81775780003457,-6.1376619992547061],[106.8177405994673,-6.1376650993325628],[106.81755049917443,-6.1376872996635568],[106.81742089981839,-6.13769809983991],[106.81736859932057,-6.1377013995655751],[106.81721409966514,-6.1377034992345267],[106.81707999987303,-6.1377044997393027],[106.81703239950824,-6.1377066993619431],[106.81682280000504,-6.1377478991761336],[106.81647229943046,-6.1378317996515213],[106.81495569974084,-6.1382341994031417],[106.81463709914664,-6.138321299966524],[106.81408389931116,-6.1384763998543423],[106.81404349915866,-6.13847819959493],[106.81397579973567,-6.1384812998473297],[106.81393799987687,-6.1384735995700037],[106.81390589954439,-6.1384629992471984],[106.81386939920969,-6.1384516995363763],[106.81381429952864,-6.1384273992421381],[106.81377649941707,-6.1384011993917982],[106.81370529985493,-6.138188399218576],[106.81368829970101,-6.1381329997516803],[106.8136744000066,-6.1380874996093455],[106.81350609981561,-6.1375382993673231],[106.81348329958969,-6.1374637997022514],[106.81342059961108,-6.1372590992136349],[106.81338539914586,-6.1371440998411],[106.81322050003372,-6.1366060996566629],[106.813186499346,-6.1365626992534965],[106.81313829949582,-6.1365430998033874],[106.81308419967183,-6.1365461999311828],[106.81302909952679,-6.1365574998463996],[106.81231049977174,-6.1367478999833986],[106.81224749917153,-6.1367638993947047],[106.81222289987373,-6.1367709991299186],[106.81195659999176,-6.1368414991488773],[106.81189079969,-6.1368448991724076],[106.81183949924116,-6.1368353998682963],[106.81176489971567,-6.1367771996629124],[106.81172159983475,-6.1367257996600202],[106.81168969927054,-6.1366667993927226],[106.81166769968328,-6.1365863997766201],[106.81167649962715,-6.1365326995162599],[106.81167389924285,-6.136463299632009],[106.8116314993312,-6.1362538996757614],[106.81144099995518,-6.135456199654941],[106.81140909989831,-6.1353306993956789],[106.81138119969819,-6.135223299997258],[106.81136019995111,-6.1351756998048597],[106.81129709940366,-6.1350999998724705],[106.81123479943851,-6.1348458992029338],[106.81113619991457,-6.1344966999553456],[106.81108879993107,-6.1343288992162162],[106.81109319926526,-6.13425929931247],[106.81111239980538,-6.1342352997472931],[106.81117309964594,-6.1342193996521734],[106.81120059994377,-6.134210799186965],[106.81122939918068,-6.1342018995600744],[106.81132309928736,-6.134174799839216],[106.8115227993454,-6.1341169998866674],[106.81163299931214,-6.1340836994823142],[106.81181549951029,-6.1340508995051621],[106.81211939945433,-6.1339598996795681],[106.81245559943589,-6.1338603995873058],[106.81289969952175,-6.1337207997991445],[106.81406219990713,-6.1333551998359752],[106.81443369991126,-6.1332276996239505],[106.81449219944732,-6.1332223991503358],[106.81452019979277,-6.1332406998644586],[106.81454569924718,-6.1332449996593486],[106.81455809928688,-6.1332704998718972],[106.81457579931089,-6.1333298997780163],[106.81466729952975,-6.1336372998648745],[106.81468699949409,-6.133703600026835],[106.81478179950611,-6.1340220994538495],[106.8149680993926,-6.1346476994682098],[106.81502829969523,-6.13484999944564],[106.81512809915071,-6.1351851991317661],[106.8152073994965,-6.1354517993327073],[106.81545589915699,-6.1362866993271901],[106.8154913992491,-6.1364137998940631],[106.81550069938665,-6.1364972992964351],[106.81548879917514,-6.136580799160356],[106.81548099996249,-6.1366038994053556],[106.81537919982236,-6.1367111992951839],[106.8153127996578,-6.1367438999397583],[106.81505699985235,-6.1368213993954024],[106.81481399976744,-6.1368897999836243],[106.81463569941015,-6.1369424997566373],[106.81453289983413,-6.1369728996071213],[106.81445079984182,-6.1369991993427018],[106.81434369936167,-6.1370346997621592],[106.81423839997738,-6.1370679996147475],[106.81419489967737,-6.1370911991567976],[106.81409899999882,-6.13717259942303],[106.81406389929012,-6.1371901998257998],[106.81391409997237,-6.1372390992883874],[106.81378359932594,-6.1372836999411264],[106.81367569999688,-6.137322899258816],[106.81362979942318,-6.1373583992511227],[106.81362249963269,-6.1373715997222273],[106.81358439996829,-6.1374402992499189],[106.81358159969994,-6.1374886996384204],[106.8135861992816,-6.1375224995480417],[106.81367629990628,-6.1378153995788711],[106.81377230000142,-6.1381203992222577],[106.81382849984419,-6.1382957999212326],[106.81386279997886,-6.1383106994111092],[106.81390109995657,-6.1383182994463867],[106.81395079931302,-6.1383249991581925],[106.81401129935229,-6.1383257995393254],[106.81409259953101,-6.1383254995465917],[106.81418269963424,-6.138319099936826],[106.81445849920301,-6.138266399648491],[106.81449270003266,-6.1382612998420143],[106.8145214994708,-6.1382542996772216],[106.816790699679,-6.1376852996290943],[106.81702579983369,-6.1376430991374393],[106.81707659937172,-6.1376345991793402],[106.81725559973887,-6.1376141998565226],[106.81729099993753,-6.1376300999222497],[106.817364999719,-6.137640199714907],[106.81774339918337,-6.1375939995982129],[106.8177524998801,-6.137592699222842],[106.81793769928869,-6.1375624999269585],[106.81808179971256,-6.1375410995084314],[106.8180977993505,-6.1375386997158561],[106.81865689953476,-6.1374288991301018],[106.81895029997827,-6.1373711992563242],[106.82008259961935,-6.13711969925426],[106.82078999994489,-6.1369626997369275],[106.82122069941762,-6.1368669992877534],[106.82130469967379,-6.1368529998187267],[106.82138099914162,-6.1368401992650403],[106.82182379981057,-6.136766299431005],[106.82186569963535,-6.136759299546001],[106.82190959975094,-6.136752899553688],[106.82259889988192,-6.1366523991966071],[106.82272539943284,-6.1366339997645998],[106.82286299916237,-6.1366098996504945],[106.82332599991003,-6.1365289993850398],[106.82341029930902,-6.1365142996724913],[106.82364359966547,-6.1364799997830692],[106.8238863998163,-6.1364395995032668],[106.82504089934653,-6.1362586000247319],[106.82533779941544,-6.1362174993306366],[106.82539989981292,-6.1362087991852627],[106.82578299921752,-6.136155799240087],[106.82598039916493,-6.136128399459861],[106.82704919954088,-6.1359713994223677],[106.82819709997521,-6.1357451993866334],[106.82820589928241,-6.1357434993288846],[106.82857289991905,-6.1356505997817354],[106.82873029932587,-6.1356107993156082],[106.82903639947725,-6.1355332994459806],[106.82939909979086,-6.1354415000190201],[106.82961389969253,-6.135364099332314],[106.8300232996455,-6.1352165992887278],[106.83021859927624,-6.1351518999844803],[106.83042319964309,-6.1350873993906445],[106.83069029978616,-6.1349960996413939],[106.8307343000191,-6.1349836994661038],[106.83120079941871,-6.1348696992903342],[106.83141229919761,-6.1348167997403484],[106.83150879922209,-6.1347932993473977],[106.83176179945701,-6.1347316997346226],[106.83177149991211,-6.1347290996019517],[106.83182789988317,-6.1347180999907014],[106.83187829965087,-6.1347128994701148],[106.83186889920285,-6.1346731995634904],[106.83183609960416,-6.1345357997399574],[106.83174699947564,-6.1341614993778242],[106.83165539970044,-6.1338590992023461],[106.83162139989825,-6.1337206998033595],[106.83159769973244,-6.1336236998049785],[106.83156949938621,-6.1334616997297005],[106.83156289976942,-6.1334265996983044],[106.83154199982624,-6.1333162996733632],[106.83130529963165,-6.132298499226672],[106.83128149933215,-6.1322538999659395],[106.83126389943961,-6.1322221992440102],[106.83124789983437,-6.1321577999524832],[106.83122099991735,-6.1320495999854243],[106.83118509968551,-6.131910899561527],[106.83116129985963,-6.1317914998409746],[106.83112279934191,-6.1315629000133924],[106.83110839959417,-6.1315389994888596],[106.83108179986149,-6.131437999305974],[106.83105629959131,-6.1313017995098553],[106.83096729947137,-6.1307176993508543],[106.83094179917545,-6.1305607993851163],[106.83091149978885,-6.1304018994992795],[106.83097859963154,-6.1303916999028525],[106.83121759994518,-6.130360099712326],[106.83132709983154,-6.1303443997586831],[106.8317164998612,-6.1302887994363875],[106.83204960003083,-6.1302347991390072],[106.83314440002366,-6.1300179000164139],[106.83338859990494,-6.1299694997157088],[106.83425299922899,-6.1298163994597603],[106.83522829984848,-6.1296435996527858],[106.83729549919987,-6.1292828991734423],[106.83942539961365,-6.1289095991707478],[106.84034399992791,-6.1287485996444575],[106.84152119928255,-6.1285253995698747],[106.84324409929638,-6.1282180995949362],[106.84436789949655,-6.1280145994305242],[106.84446839999981,-6.1279558996127763],[106.8445287999222,-6.1278831993137421],[106.84454889945293,-6.1278187995998401],[106.84449970002332,-6.1274445995558748]],[[106.88180589969579,-6.1101063000022595],[106.88169709971061,-6.110034199778088],[106.88163659927925,-6.1099939997154182],[106.8816080000078,-6.10998079978771],[106.88158549958415,-6.1099752999459476],[106.88147749994593,-6.1099499992037112],[106.88141329932972,-6.1099228996109138],[106.88130469999682,-6.1098308991683217],[106.88119599953495,-6.1097388999514415],[106.88115849934729,-6.109672199205499],[106.88115669942216,-6.1095990996520797],[106.88116519996184,-6.1095826993890237],[106.88118799936294,-6.109538799140533],[106.88125869974961,-6.109508399301971],[106.88162879988289,-6.1095175995145112],[106.88216709987199,-6.1095309999365011],[106.88244829996549,-6.1095343996518734],[106.88249590001615,-6.1095276996083125],[106.88252749952591,-6.1095174995802282],[106.88267339936993,-6.1094853995735008]],[[106.88180589969579,-6.1101063000022595],[106.88168539920783,-6.1100744997484462],[106.88162039926874,-6.1100750997685891],[106.88154900003026,-6.110104299599957],[106.8811935000213,-6.110276299441896],[106.88112649926201,-6.1102931991724834],[106.88106729985363,-6.1102835999277909],[106.88091579951707,-6.1101168995611808],[106.88065349996486,-6.1098520995916701],[106.88047159973016,-6.1097573996827998],[106.88041580001325,-6.1097965998494335],[106.88023219917572,-6.1099446996942675],[106.88006769985613,-6.1100737998193919],[106.87965309930858,-6.1103555992383338],[106.8794371994851,-6.1104955994732908],[106.87913449994173,-6.1106451995678359],[106.87836499938702,-6.1109882997451823],[106.87751739929367,-6.1113549999257444],[106.87691929918952,-6.1116003994730432],[106.87662489971723,-6.1117412996523512],[106.87658399965596,-6.1117670995553652],[106.87631449965296,-6.111893799781515],[106.87583699931723,-6.1121644995970223],[106.87563049940515,-6.11230849942313],[106.87540919992404,-6.1124657993896934],[106.87520799929771,-6.1126177995480369],[106.87474069971357,-6.1130358995852001],[106.8744977996121,-6.1132470997745987],[106.87402589953365,-6.1136452997995576],[106.87368519974835,-6.1139493999030901],[106.87361779974223,-6.1140054998242599],[106.87351109928959,-6.114092399318559],[106.87322719970112,-6.1143206995788839],[106.87292949989158,-6.114548699776261],[106.87232999995904,-6.1150336995309216],[106.87227909930307,-6.1150790999724283],[106.87206179934923,-6.1152728000112031],[106.87165459938657,-6.1155867993392219],[106.87161789928119,-6.1156167995474719],[106.87122759923662,-6.1159368998121924],[106.87066569977866,-6.1163955995761734],[106.86996969980024,-6.116967599945097],[106.86990939963333,-6.1170178991631197],[106.86984899919709,-6.1170681996365177],[106.86927899959103,-6.1175436998209962],[106.86849979941725,-6.1181757995697934],[106.86807949919917,-6.118511299539267],[106.86800309988539,-6.1185722992876039],[106.86795529987232,-6.1186104997956621],[106.86765759987425,-6.1188611999551723],[106.86714400002344,-6.1192798999136295],[106.86687609924132,-6.1194778996551795],[106.86679569995613,-6.1195373996678155],[106.86641419976289,-6.1198320995964481],[106.86630579988055,-6.1199125992052945],[106.86615289921575,-6.1200332995027829],[106.86579209997855,-6.1202879996783919],[106.86540459991568,-6.1205306994290636],[106.86506529973727,-6.1207199992757158],[106.86485679919471,-6.120815999332919],[106.86437589937492,-6.1210373993120539],[106.86361149991387,-6.1213720998295145],[106.86287299949655,-6.1217057991354276],[106.86274459919976,-6.1217688993982513],[106.86226319948607,-6.121927199449992],[106.86172999966695,-6.1221706996003284],[106.86149719952458,-6.1222769999993369],[106.86126509929252,-6.1223871993397836],[106.86082269985343,-6.1225972997720008],[106.86037549933553,-6.1227978994093615],[106.85999239915608,-6.1229696996924616],[106.85964189914147,-6.1231232999609047],[106.85903559985037,-6.1233890000028799],[106.85892329922193,-6.1234381993208782],[106.8583639999279,-6.1236985994029247],[106.85806519957156,-6.1238486997281578],[106.85780179972282,-6.1239577993458223]],[[106.88267339936993,-6.1094853995735008],[106.88288289939142,-6.1095021991581087],[106.8828614993749,-6.1096318999791643],[106.88285549931911,-6.1096565997073515],[106.88282329933605,-6.1097877994579415],[106.88278479979145,-6.1099295998000311],[106.88272549930073,-6.1099995995619407],[106.88262939924392,-6.1101573998080738],[106.88252720003182,-6.1102727996920398],[106.88242029974306,-6.1103614993570003],[106.88231469962038,-6.1104272996203521],[106.88228619923247,-6.1104361994898753],[106.88217489998682,-6.1104044991671609],[106.8820964995939,-6.1103551992180085],[106.88197979923835,-6.1102517998043977],[106.8818999995201,-6.1101734996316681],[106.88180589969579,-6.1101063000022595]]]},"properties":{"FID":16,"ID":"BRT_17","GEOM_ID":"BRT_17_REG","LINE":"17","NAME":"Kota - Tanjung Priok","MODE":"BRT","CLASS":"Koridor Utama","STATUS":"Rencana","COLOR":"#2323E7","ROUTE_VAR":"REGULAR","SOURCE":"RTRW DKI Jakarta","REMARK":"Trase rinci diinterpretasikan untuk keperluan visualisasi","ALIGNMENT":" ","DIV_ID":" ","DIV_NOTE":" ","DIV_SRC":" ","VALID_FR":" ","VALID_TO":" "}},{"type":"Feature","id":17,"geometry":{"type":"MultiLineString","coordinates":[[[106.73044239966522,-6.1855337992134247],[106.73030109985905,-6.1854656997336965],[106.72992369936787,-6.1852839997659483],[106.72985789976195,-6.1849783994468321],[106.72977399934518,-6.1846601998467534],[106.72976089972195,-6.1846104995213897],[106.72975119996613,-6.1845746995525097],[106.72973429940288,-6.1845088992951647],[106.72972109942111,-6.1844638994293151],[106.72968389995168,-6.1843207992358167],[106.72932439979667,-6.1830305993973971],[106.7293021993367,-6.1829488993419748],[106.72919989924657,-6.18250189971178],[106.7291616993702,-6.1823674994485058],[106.72909589983141,-6.182142199930869],[106.72905169983716,-6.1819754995917648],[106.72884539956948,-6.181179899168221],[106.72882249931354,-6.1810912993985863],[106.72869999960062,-6.1806187991806416],[106.72843329918811,-6.1791155991292603],[106.72833279954733,-6.1784099992523238],[106.72828419926282,-6.1780947991298882],[106.72827379954242,-6.178002999289502],[106.72826169945847,-6.1778994998319945],[106.72825589969619,-6.1778244999433145],[106.72819999988042,-6.1766789000139912],[106.72819529942063,-6.1765934998060699],[106.72819239964741,-6.1765679993256883],[106.7281531994239,-6.1760668994862105],[106.72812409928952,-6.1757239992626234],[106.72809819958792,-6.1754418993334115],[106.72795569980957,-6.1734618995998369],[106.72793519925665,-6.17319439970567],[106.72790759936964,-6.1728329995260136],[106.72782969993358,-6.1716581998522821],[106.72775069977467,-6.1708602995740822],[106.7276799992851,-6.1699808991530105],[106.72762389927851,-6.1694411991359699],[106.72760119990937,-6.1692543999203036],[106.7275798999213,-6.169094899141669],[106.7274853993967,-6.1684904999152002],[106.72747019950668,-6.168383099594112],[106.7272788992201,-6.1673463998735709],[106.72723019926121,-6.1669504993741304],[106.72721699951217,-6.166830999460621],[106.72715429994486,-6.1663586995427986],[106.72713379985487,-6.1661756998528361],[106.72706819941317,-6.1655723992041684],[106.72708559921995,-6.1654634997497704],[106.72709199937981,-6.1653869998735242],[106.72704179934334,-6.1642294992337261],[106.72700919991013,-6.162220599679765],[106.72702799950719,-6.1592974991475486],[106.727011299379,-6.1591756992735345],[106.72699339961002,-6.1591349993949009]],[[106.72699439995648,-6.1591168999452695],[106.72699469959986,-6.1590267995210812],[106.72699569939527,-6.1586674997952846],[106.7269803992894,-6.1583428999350156],[106.72702459923744,-6.1582241996920271],[106.72703719984548,-6.1581428991228808],[106.7270721996091,-6.1578325994788123],[106.72711439917526,-6.1574040991525276],[106.72719339983689,-6.1567026992608564],[106.72721759933603,-6.155931999912978],[106.72721559976804,-6.1555985996031888],[106.72724439954271,-6.1547639993186829],[106.72725379960917,-6.1538920993202719],[106.72720889921789,-6.1519683995078998],[106.72720859952693,-6.1517851995188808],[106.72721429983756,-6.1515586995007547],[106.72722509967025,-6.1513135994070973],[106.72726289992153,-6.150811099126428],[106.72728209988509,-6.1506210996188386],[106.72730329950048,-6.1504423991433388],[106.72737919988884,-6.1501148992106716],[106.7274396996475,-6.1497345999857824],[106.72745809965915,-6.1496191996472982],[106.72754289944339,-6.1490858997194628],[106.72774689921283,-6.1483890998587123],[106.72785749996308,-6.1480113992850596],[106.72787689925451,-6.147945299375861],[106.72795009933446,-6.1476917998870064],[106.72822449923797,-6.1466590997957882],[106.72833309960401,-6.146232199790016],[106.72849859998257,-6.1454974993676457],[106.72871289918919,-6.1446013993992166],[106.72872449985772,-6.1445528991919742],[106.72881589947218,-6.1441704992285455],[106.72892209930563,-6.1434956992076257],[106.72892890000571,-6.1434608999260254],[106.72896839991768,-6.1431793999664084],[106.72897859952576,-6.1431037993348774],[106.72898289922415,-6.1430730997489045],[106.72932029967927,-6.1413745995075733],[106.72938059966401,-6.1411058994401033],[106.72957369917088,-6.14023229944564],[106.72963849948854,-6.1399309994127336],[106.7296569997265,-6.1397912996973725],[106.72968029968632,-6.1396159997202568],[106.72972749954795,-6.1392600999982339],[106.72974219928199,-6.1390498995399403],[106.72976539992356,-6.1386746999254465],[106.72979869950694,-6.1380201996203674],[106.72983309966986,-6.1373421995585247],[106.72983439929959,-6.13678139959314],[106.72983809921726,-6.1366512999296106],[106.72986029971133,-6.135871799676293],[106.72988939954536,-6.1349795993119818],[106.72989029960991,-6.1349370997772867],[106.72990079974244,-6.1347638992009994],[106.72990919979088,-6.1346176991504038],[106.72995569988302,-6.1338011992090102],[106.72997499927425,-6.1334623999267182],[106.72997799949354,-6.1334057994994362],[106.72994879929837,-6.1324408998898923],[106.72993759926959,-6.1322156997628099],[106.72990259974307,-6.1318132992128129],[106.72989379999001,-6.1316028997673673],[106.72986329981092,-6.1305854996605227],[106.72986049920246,-6.1304396992580372],[106.72985469998605,-6.1301356994877736],[106.72983849992022,-6.1298801996005032],[106.72982619999664,-6.1296866995812698],[106.72982459973258,-6.1296621994184832],[106.72976799980995,-6.1288113995448201],[106.72976709928741,-6.1287662998446919],[106.72973129999286,-6.1274515992711862],[106.72971999933719,-6.1268346992943012],[106.72971549930361,-6.1266937997979687],[106.72972419998609,-6.1260877998768137],[106.72979179971156,-6.1254060992677122],[106.7298133995069,-6.125219099711777],[106.72982209969416,-6.1251852998494805],[106.72991239951318,-6.1247242991791557],[106.73007219930184,-6.1240657992980188],[106.73034749965274,-6.1233551999982243],[106.73074069935626,-6.1225545993812611],[106.73088099971,-6.1222729997757543],[106.73109148381337,-6.1219135580685125],[106.73137668031308,-6.1214468715113597],[106.73232149966771,-6.1201669994821426],[106.73270349955493,-6.1195573992332672],[106.73323259943737,-6.1186677995139656],[106.73505389950458,-6.1157572993005855],[106.73555449944865,-6.1150393996443233],[106.73646589950101,-6.1136029995678332],[106.73661579952903,-6.1133637993472663],[106.73668969978951,-6.1132189993163628],[106.73676159919881,-6.1130425996656221],[106.73693989930325,-6.1124844997771133],[106.73703519961026,-6.1123100996909381],[106.73755389942261,-6.1114296991693804],[106.73807939996811,-6.1104646995824439],[106.73814279986232,-6.1103481993937345],[106.73845189948804,-6.1098371997519481],[106.73853919988198,-6.109701199656004],[106.73896659940914,-6.1089230991595977],[106.73906839918624,-6.1089386995482249],[106.73913309958971,-6.1089595992762042],[106.73923509936685,-6.1090197995601487],[106.73927799914924,-6.1090597999559551],[106.73934499960455,-6.1091405993912495],[106.73937759949445,-6.1091996994414846],[106.73940359929821,-6.1092651991944482],[106.73943979928447,-6.1093900993105903],[106.73946239949493,-6.1095234996727124],[106.73947869957937,-6.1095832998591337],[106.73950099934393,-6.1096367999317547],[106.73953369948339,-6.1096913993418935],[106.73960339971904,-6.1097518993143956],[106.73986519931208,-6.1098981992099155],[106.74025309968221,-6.1101403999226145],[106.74067410000498,-6.1104251992844096],[106.74077359940873,-6.110493699822432],[106.74098409963824,-6.1106361991908189],[106.74108599937648,-6.1107183998100334],[106.74135559986081,-6.1109332999442341],[106.74203549996059,-6.1114971992632174],[106.74207859942021,-6.1115329000277878],[106.74278599945495,-6.1120914996286002],[106.74281879961967,-6.1121173994412246],[106.74284589932137,-6.1121342999828663],[106.74320379921863,-6.1123570991917378],[106.74353959979283,-6.1124781993351069],[106.74367329916652,-6.1125264991897623],[106.74389239951029,-6.1125678994038735],[106.7439163993854,-6.1125723995689363],[106.74418159983031,-6.1125731999530304],[106.74454769972346,-6.1125451998183884],[106.74488449947069,-6.1124596996601266],[106.74495099931647,-6.1124427991556409],[106.74504119940883,-6.1124198999792716],[106.74539789977109,-6.1123317995014119],[106.74566219998997,-6.1123188996323847],[106.74575339921466,-6.112322499656166],[106.74659459941284,-6.1126044992001312],[106.74704279940232,-6.1127546999187556],[106.74707679933977,-6.1127660991327835],[106.74721449921208,-6.1128102997490732],[106.74790619959191,-6.1129898995810139],[106.74834479971486,-6.1130665995565936],[106.74886919927491,-6.1130816997473971],[106.74918419914752,-6.1130610991442111],[106.74920299992851,-6.1130582999886043],[106.7492639994872,-6.113049899297887],[106.74946529930827,-6.1130229991790692],[106.74954079979676,-6.1130062993969947],[106.74974039955038,-6.1129571999478536],[106.74981909973616,-6.1129354993606668],[106.7501568999545,-6.1128495000063472],[106.75031469991461,-6.1128014994966424],[106.7503486995995,-6.1127916992080662],[106.75066879925953,-6.1126990995135762],[106.75070139936219,-6.1126894999790737],[106.75094539990818,-6.1126361991991249],[106.75105159997668,-6.1126149993082191],[106.75123159923857,-6.1125842997788586],[106.75131759934106,-6.1125725993178381],[106.75203759993798,-6.1124884999100635],[106.75211859986297,-6.1124792995036641],[106.75213939914227,-6.1124765995293791],[106.7522841994811,-6.1124566995088099],[106.75260799992623,-6.1124169994173565],[106.75265969979318,-6.1124112997471753],[106.75316409988091,-6.1123561993362614],[106.75327549983984,-6.1123353998306191],[106.75331849932525,-6.1123232995403844],[106.75360389956825,-6.112242899920723],[106.75364099937576,-6.112211999507049],[106.75368469951701,-6.1121911992939388],[106.7537578995998,-6.1121816994989313],[106.75382949971782,-6.1121999000080169],[106.75388899950354,-6.1122433991399747],[106.75392799945189,-6.1123057998856822],[106.75394039970536,-6.1123636994737476],[106.75393469927002,-6.1124226997828215],[106.75401229939331,-6.1125550997431883],[106.75411819946748,-6.1126897998522676],[106.75434869940358,-6.1129495000170069],[106.75469019955369,-6.1133189993914865],[106.75522889927976,-6.1139126998080533],[106.75548129952125,-6.1142657000258467],[106.75565049973704,-6.1145963992261096],[106.75579059992663,-6.1150726998570875],[106.75581889926855,-6.1152436993356236],[106.75583999944809,-6.1155117992697052],[106.75585989996523,-6.115938799999121],[106.75586059980736,-6.1159544993219006],[106.75586860004091,-6.116378899549721],[106.75629419940981,-6.1163595991695887],[106.75632099931539,-6.1163583993503039],[106.75660939983112,-6.1163493996458529],[106.75747259945047,-6.1163222000013731],[106.75874049922123,-6.1162984996639622],[106.75911989977755,-6.116291399664183],[106.75924589922028,-6.1162868999329083],[106.76004519957826,-6.1162582996466801],[106.76235039981179,-6.1161707000102226],[106.76249059937112,-6.1161665996185155],[106.76492599970072,-6.11609369918233],[106.7649772998119,-6.1160911995607501],[106.76518099983144,-6.1160814998269251],[106.76541319928378,-6.1160701999377247],[106.76850739946434,-6.1160143998059269],[106.76911049929288,-6.1160612994348185],[106.76947789984604,-6.116125599622757],[106.76979169959793,-6.1161739994202549],[106.77019389913954,-6.1162760994625947],[106.77057269961244,-6.1163566992963796],[106.77114819953908,-6.11648719965212],[106.771289999381,-6.1165179993366294],[106.77203629950742,-6.1166799992021215],[106.77225969966713,-6.1167523993431088],[106.77249989920296,-6.1168539993923927],[106.77270989937915,-6.1169648992545822],[106.7729152993391,-6.1170871999110616],[106.77293129943121,-6.1171043992637282],[106.77300999924461,-6.1170807992627445],[106.77313649925509,-6.1170055995581309],[106.77317449920071,-6.1169825995847864],[106.77328509979606,-6.1168653997322675],[106.77332589999463,-6.1168143991238191],[106.77379089990416,-6.1162999993184206],[106.77394669969323,-6.1161254991558893],[106.77412739971703,-6.1159230998674676],[106.77416359925871,-6.1158825995571489],[106.77424079984399,-6.1157947997548856],[106.77433329991919,-6.1156867992748323],[106.77445609992367,-6.1155287994316101],[106.77447739931824,-6.115498399439101],[106.7744875991695,-6.1154753999326799],[106.77449329959489,-6.1154551993217927],[106.77449259937049,-6.1154189992185994]],[[106.77448290002962,-6.1153927000116877],[106.77445869990714,-6.1153460996513331],[106.77442830003395,-6.1152846999069084],[106.77435599974251,-6.115139999752782],[106.77425989938035,-6.1149436994478492],[106.77418109934524,-6.1147739996426305],[106.77408319926451,-6.1145646991753386],[106.77399849935944,-6.11437739951913],[106.77395009964249,-6.1142746991533325],[106.77393100001518,-6.1142228999174737],[106.77391109929448,-6.1141187997774811],[106.7737839997526,-6.1138670999146196],[106.77315839925831,-6.1124773997701087],[106.77314139923828,-6.1124395996252456],[106.77313169923445,-6.112394399820281],[106.77312700003415,-6.1123496998129641],[106.77312239917472,-6.1122393996150821],[106.77313429962476,-6.1121602996248683],[106.77320209979734,-6.1120650994390129],[106.77325479920785,-6.1120221993012427],[106.77335849952959,-6.1119357997079158],[106.7741352994301,-6.1112169997733137],[106.77430719974433,-6.1110363000257726],[106.77452989981253,-6.1107080992434275],[106.77466009969487,-6.1104051995591284],[106.7746603995455,-6.1103497999505905],[106.77466939932953,-6.110247999648089],[106.77469249940623,-6.1101713999150968],[106.7747847991929,-6.1099353997337866],[106.77483409977924,-6.1098093992654317],[106.77487409998344,-6.1097084993957091],[106.77504069981251,-6.1092884994209333],[106.77518819962791,-6.1088628995117427],[106.77520409935477,-6.1088403993178391],[106.77522659986198,-6.1088211993737263],[106.77525989925579,-6.1088061999529986],[106.77529499970154,-6.1088020992545404],[106.77532729921768,-6.1088076999378655],[106.77561619997346,-6.1089142998516124],[106.77565249935293,-6.1089277999648139],[106.77606650003577,-6.1090817997106752],[106.77639319955313,-6.1092036999282371],[106.77669149927232,-6.1093122998308242],[106.7768257993111,-6.1093611991619827],[106.7768771994692,-6.1093802996193132],[106.77701579920728,-6.1094345999426345],[106.77733109993363,-6.1095510992794795],[106.77758839966197,-6.1096437999245339],[106.77829399976247,-6.1099037993665712],[106.77833379933253,-6.1099201992055914],[106.77960879935131,-6.1104088999478581],[106.77964839988874,-6.110424099552751],[106.77978409935253,-6.1104783995576852],[106.77979609991553,-6.1104832000021352],[106.77989099967027,-6.1105207997699136],[106.77996809987167,-6.1105531996355449],[106.78087249951005,-6.1109017991666423],[106.78121919971778,-6.1110390000189927],[106.78157109946767,-6.1111692996967211],[106.78184169947406,-6.1112808994407208],[106.7825173998371,-6.1115449995410884],[106.78255779916918,-6.1115585994167514],[106.78261829928221,-6.1115815995713074],[106.7837719996615,-6.1119967000254913],[106.78413549922561,-6.1121558997913326],[106.78417879937916,-6.1121877998770104],[106.78420589921177,-6.1122216995726655],[106.784244299151,-6.1122828992394034],[106.78427619932717,-6.1122837997004869],[106.78476029959353,-6.1122979993981543],[106.78527579931733,-6.1122947997804964],[106.78544049942064,-6.1122822991566714],[106.78551879943103,-6.112278399632598],[106.78561869950039,-6.1122739997370559],[106.78595199950968,-6.1122563996877997],[106.78713659933521,-6.1122292998733272],[106.78806420000706,-6.1122298999555875],[106.78809179991589,-6.1122298994499662],[106.78922629993446,-6.1122153998576865],[106.78936129940172,-6.1122134991609238],[106.78945970004116,-6.1122121995169811],[106.79033740001944,-6.1122003998639265],[106.79092689984208,-6.1121870998583709],[106.79150759963755,-6.1121869999310032],[106.79202599969659,-6.1121815996711932],[106.792789499305,-6.1121718993093763],[106.79400479990778,-6.1121564998626976],[106.794691099327,-6.1121327999259112],[106.79472889974937,-6.1121563996866328],[106.79473979918271,-6.1121741993742882],[106.79474839949609,-6.1121962998429833],[106.79475339980735,-6.1122383994897369],[106.79476169980109,-6.1126310993099722],[106.79476979954154,-6.1130831997584192],[106.7947791996537,-6.113284499299203],[106.79477679949736,-6.1133302991975764],[106.79476569919177,-6.1135391991304564],[106.79475639965608,-6.1136858991292771],[106.79473889918546,-6.1138565993568346],[106.79460209973388,-6.1144592995481668],[106.79446529933637,-6.1150286993055198],[106.79441709966704,-6.1152660994493928],[106.79439159988698,-6.1154353996091757],[106.79437409950685,-6.1155700994660247],[106.79435729918248,-6.1156608993736086],[106.79434459961544,-6.1157940994189035],[106.79427759969354,-6.1165554999652763],[106.79422129940059,-6.1170441994110574],[106.79421239988494,-6.1171501995273694],[106.79418149998173,-6.1175047993261789],[106.794171699316,-6.1176249991704648],[106.7941639000037,-6.1180892997156837],[106.79417559981937,-6.118528999848766],[106.79418100000049,-6.1188330994869435],[106.7941872993901,-6.1190676999299365],[106.79418929933308,-6.1191480994063419],[106.794191299283,-6.119228499787714],[106.79420039932637,-6.1195757992719022],[106.79420779937709,-6.1197037999554071],[106.79422189918108,-6.1202033992469156],[106.79425149923412,-6.1214953993028232],[106.79426649958179,-6.1221219991899165],[106.7942680998363,-6.1221886996742167],[106.79415769954807,-6.1221881999150023],[106.79409389975564,-6.122188999163491],[106.79320869961134,-6.1222000996033827],[106.79228469983718,-6.1222125994964918],[106.79222429932594,-6.122213399823571],[106.79217489983648,-6.1222138993787141],[106.7921122995412,-6.1222143996161034],[106.79207279930949,-6.1222146997250704],[106.79198559971331,-6.1222173997263729],[106.79180449948427,-6.1222249993647404],[106.79176479975172,-6.122226699807463],[106.79174529987728,-6.1196991993748551],[106.79174489976538,-6.1196411994436035],[106.79173560000544,-6.1188223996449036],[106.79171149964253,-6.1177929993530205],[106.79170999934894,-6.1177303998413217],[106.79165169919634,-6.1176949999098671],[106.79160209922935,-6.117675599574854],[106.79115539998372,-6.1176795998933331],[106.79042459978666,-6.1176860997246694],[106.7903611999692,-6.1176840000037425],[106.78984389936932,-6.1176878991769925],[106.78904729969884,-6.1176939998095987],[106.78725149947456,-6.1177075998122561],[106.78661789921699,-6.1177215994616772],[106.78629140002789,-6.1177282998903522],[106.78469069958209,-6.1177661999145032],[106.78463239922752,-6.1177627995074815],[106.78457929954584,-6.1177506997158302],[106.78457219938826,-6.1177169994957064],[106.78457549973973,-6.1175795994833448],[106.78458069938875,-6.1175469000194278],[106.78461269927669,-6.1172871997591747],[106.78464839919985,-6.1170546999022131],[106.78465679958515,-6.1170037991793658],[106.78466749994448,-6.1169155999387446],[106.78481179951854,-6.1160240998937576],[106.78483809914218,-6.1158792994750621],[106.7848543999765,-6.1158481997237644],[106.78487889959888,-6.1158336999918168],[106.78491259963295,-6.1158144995146655],[106.78496059948327,-6.1157973998840056],[106.78506319914055,-6.11577819918364],[106.78518309930519,-6.1157740998190828],[106.78551419932478,-6.1157687992727574],[106.78552529945625,-6.1158002998270113],[106.7855736995761,-6.1157992998339443],[106.78680809962106,-6.115777199513615],[106.78771469977494,-6.1157662991264541],[106.78792059969726,-6.1157640992549904],[106.7901270000358,-6.1157442994735849],[106.79051909949658,-6.1157394996353123],[106.79120909959704,-6.1157309998887985],[106.79141179957952,-6.1157263996810824],[106.79164839916689,-6.115730099839138],[106.7920747992178,-6.115723899593327],[106.79278289930983,-6.1157075993676218],[106.79279799914605,-6.1156729997686119],[106.79411439914907,-6.1156414993665713],[106.79417729979468,-6.115623499284534],[106.79420449920042,-6.115618499571049],[106.79423129920247,-6.1156093997765897],[106.79424779977313,-6.1155963993450051],[106.79425809960327,-6.115580099430411],[106.79428419914308,-6.1155036993577534],[106.79439399996272,-6.1150370996169885],[106.79452079947049,-6.1144470996049476],[106.79454749933927,-6.1143201993328447],[106.79459939984895,-6.1140832995234913],[106.79464739959093,-6.11380409929024],[106.79466679918198,-6.1135698000083005],[106.79468559954449,-6.1129787999921614],[106.79467189935349,-6.1126150993513804],[106.79466989930552,-6.1124597993401206],[106.79466329998655,-6.1123341993026656],[106.79464569939717,-6.1122756999038721],[106.79463829933366,-6.1122610993148134],[106.79462389931649,-6.1122456992853884],[106.79460749994269,-6.1122350999567701],[106.7945846998669,-6.112225699257805],[106.7945487995575,-6.1122219998299041],[106.79400579995189,-6.1122448993854102],[106.79238330001414,-6.1122754994087236],[106.79204160002297,-6.112281899520605],[106.79156819990135,-6.1122823991738606],[106.79092629916505,-6.1122856996506094],[106.79056669958652,-6.1122916991504379],[106.78946029968148,-6.1123118994128083],[106.78907879957211,-6.1123174997609979],[106.78806349997626,-6.112332199288625],[106.78801849943375,-6.1123328996670292],[106.78713539978492,-6.1123302997806999],[106.78560989917071,-6.1123442994840493],[106.78557359949559,-6.1123574992922141],[106.7855496994805,-6.1123677997313184],[106.78553359949854,-6.1123847996714185],[106.78551819932068,-6.1124057992523708],[106.78550849992723,-6.1124348995811539],[106.78542589952923,-6.1126377998659764],[106.78534369975688,-6.1129508995603627],[106.7852803993797,-6.1133188998507499],[106.78526739977332,-6.1133944994908154],[106.78526469964271,-6.1134121999685407],[106.78519299951455,-6.1138903999827736],[106.78514079927101,-6.114337599958386],[106.78504919954992,-6.1147537993835535],[106.78487139982332,-6.1155356999661352],[106.78484939986646,-6.1156430993792679],[106.78483489921638,-6.1157040994475578],[106.78481059975007,-6.1158325995978657],[106.78480139942923,-6.1158868991344679],[106.78477619956766,-6.1160181998636798],[106.78469200001064,-6.1164681998621893],[106.7846524992334,-6.1166874993140263],[106.78462359965414,-6.116842899238633],[106.78460619937437,-6.1169575992364065],[106.78459209916912,-6.117045099980543],[106.78455559994342,-6.1172811993904501],[106.7845495994647,-6.1173251994494029],[106.78454449989096,-6.1173542998763457],[106.78451839953192,-6.1175422994523991],[106.78450489941321,-6.117670999732467],[106.78449689966163,-6.1177282999353206],[106.78447880000328,-6.1177636997059031],[106.78445259917265,-6.1178004998735691],[106.78439719992002,-6.1177925995607518],[106.78437549956578,-6.1177898994091615],[106.78432140000626,-6.1177822000212814],[106.78384349948567,-6.1177125995953405],[106.78377490003493,-6.1176985999529112],[106.7837318000129,-6.1176729997393382],[106.78368239944359,-6.1176564994938696],[106.78354919954234,-6.1176120991982543],[106.78312579933288,-6.1174952996831289],[106.78309769957445,-6.1175053997439406],[106.7830785994089,-6.1174997992774323],[106.78303079921363,-6.1174809997007769],[106.78295559956786,-6.1174570991940493],[106.78276289918688,-6.1173996000081834],[106.78220829958343,-6.1172479995465761],[106.78197289915096,-6.1171835998570208],[106.78150359947506,-6.1170568992018897],[106.78111979998795,-6.1169746994354508],[106.7809727993656,-6.1169422000151084],[106.78061629954857,-6.1168635993396396],[106.78012899982724,-6.1167559994131517],[106.78008549944087,-6.1167463999585081],[106.77951199916157,-6.1166197994648392],[106.77895609934279,-6.1164970994649979],[106.77821579981054,-6.1163335997636112],[106.77818499938661,-6.1163268994450908],[106.77813839967337,-6.1163164999144861],[106.77764789934059,-6.1162054992065533],[106.77760559987746,-6.1161959995364503],[106.77753589975055,-6.1161801996592544],[106.77721299988832,-6.1161070994078814],[106.77620949992468,-6.1158734000047765],[106.77524930000936,-6.1156541998039478],[106.77520969979628,-6.1156435996249394],[106.77497909960454,-6.1155780991279656],[106.77492359991737,-6.1155629997168637],[106.77487649961273,-6.1155760998991591],[106.77482729949588,-6.1155835991585228],[106.77474769967921,-6.115578799547742],[106.77470949980392,-6.1155780993206594],[106.7746707991941,-6.1155816993182235],[106.77461619989924,-6.1156045995770656],[106.77449109984144,-6.1157115992349915],[106.77425489971216,-6.1159567996556845],[106.77388369913979,-6.1163648993311233],[106.77339989990236,-6.1168881998606217],[106.77326849997547,-6.1170526994008529],[106.77323809953867,-6.1171004991535289],[106.77318099959643,-6.1172368994040101],[106.77317859976233,-6.1172731992846314],[106.77316819966751,-6.1173080996556459],[106.77315019988862,-6.1173397998332506],[106.7731054994037,-6.1173818997004874],[106.7730481993604,-6.1174046993770652],[106.77298659922991,-6.1174049995176532],[106.77290879954603,-6.1173675999876238],[106.77287619987055,-6.117329199456317],[106.77285689989242,-6.1172826994791238],[106.77285269948703,-6.1172325997476369],[106.7728286998011,-6.1172004993300151],[106.77280979999813,-6.1171750993912681],[106.77273229984763,-6.1171202992681435],[106.7726170000177,-6.1170535998203919],[106.77243329938608,-6.1169810995968987],[106.77220889929504,-6.1168848997346581],[106.77204509985563,-6.1168296997807339],[106.77198709916212,-6.1168111994897512],[106.77123459947609,-6.1166473998850464],[106.77112529936545,-6.1166235991478333],[106.77056319968148,-6.1164831997189681],[106.76977429953342,-6.1162894991538206],[106.76944899987581,-6.1162289992193415],[106.76932269931331,-6.1162034999227384],[106.76915049968397,-6.1161685997715765],[106.76852409958224,-6.1161170994963658],[106.76745409958659,-6.1161432991561302],[106.76734689984028,-6.1161458997713138],[106.76547869933222,-6.1161915994075571],[106.76533709947341,-6.1161944998736359],[106.76529759983964,-6.11619529971943],[106.7652050993085,-6.1161972991287126],[106.76264009958123,-6.1162839995258746],[106.76248939985561,-6.1162890992112526],[106.7623485992757,-6.1162933996069428],[106.7608584998859,-6.1163334996678644],[106.7607685991407,-6.11633609923559],[106.75951389998835,-6.1163697996487993],[106.75924359933236,-6.1163769992072625],[106.75912789999279,-6.1163800998516598],[106.75896629959999,-6.1163840000240786],[106.7576423000209,-6.116426299678948],[106.75660700004215,-6.1164521998910049],[106.75623329919659,-6.1164656994084163],[106.75587099939452,-6.1164768999650496],[106.75587659998774,-6.1166345994445859],[106.75587289962027,-6.1171518994056004],[106.75583409937747,-6.1178591992030009],[106.75586889993315,-6.1190488995119949],[106.75596229975503,-6.1201879992115691],[106.75598679951884,-6.1208339998082106],[106.75601260003776,-6.1208533993098495],[106.75603379974126,-6.1208777996799268],[106.75604929923219,-6.1209060995669811],[106.75605849985732,-6.1209369997772001],[106.75605849971453,-6.1209919992617197],[106.75603879965371,-6.1210433993474611],[106.75600759973571,-6.1210798995070315],[106.75596659979624,-6.1211049998087219],[106.75591979995454,-6.1211161996688412],[106.75587819978841,-6.1211137994708302],[106.75583879923056,-6.1211002992226318],[106.75580449990309,-6.1210767997997655],[106.75577789971669,-6.1210448994854678],[106.75576089941472,-6.121007099436274],[106.75575479914244,-6.1209617994749177],[106.75576859996193,-6.1209011993655116],[106.75580569969361,-6.1208510995812651],[106.7558119000085,-6.1206680996993397],[106.75579479982059,-6.1202322991831535],[106.75569599944896,-6.1190935995031248],[106.75568739943247,-6.117846799328106],[106.75572609935216,-6.117181499480405],[106.75572349967115,-6.1164808995612834],[106.75572269927852,-6.1163839997569163],[106.7557106999156,-6.1158396997989222],[106.7557036992448,-6.1157144000226831],[106.75568479993177,-6.1152685992502205],[106.7556520999841,-6.1150877998339865],[106.75554429921954,-6.1147176998069934],[106.75552609942213,-6.1146551996646998],[106.75536149964745,-6.114356499862371],[106.75531739969762,-6.1142765996078721],[106.75511669917847,-6.113992900009638],[106.75493589957046,-6.1137957993607825],[106.75451179970713,-6.1133333991813359],[106.75415989982741,-6.1129809996942299],[106.75375229952141,-6.1125679996188254],[106.75369549930514,-6.112561499233955],[106.75364319927559,-6.1125387996820644],[106.75359969962796,-6.1125018996974703],[106.75334209916662,-6.1124673999958583],[106.75332019944,-6.1124644993005299],[106.75323619964723,-6.1124606998721367],[106.75312789932764,-6.1124651998925961],[106.75291319991169,-6.1124851997328689],[106.75277009975491,-6.1125025996539026],[106.75262369941879,-6.1125204994769424],[106.75257579998981,-6.1125261994117182],[106.75252789933035,-6.1125317998860913],[106.75244299949441,-6.1125417997354274],[106.75224119921285,-6.1125599000073416],[106.75205089971314,-6.112577199559726],[106.75204439933299,-6.1125780996459218],[106.75131929928244,-6.1126677992261405],[106.75123920001033,-6.112679799647263],[106.7510735997252,-6.1127066997870525],[106.75095659967036,-6.1127280994425073],[106.75069479973325,-6.1127998996501551],[106.75066069938742,-6.1128092997198538],[106.75037769945106,-6.1128973000196618],[106.75034719917977,-6.1129036999253117],[106.75015559919876,-6.1129428995170629],[106.74984279925656,-6.1130351994156014],[106.74976419937315,-6.113053300006861],[106.74947669980855,-6.1131102991348047],[106.74922499943455,-6.1131449994246063],[106.74919229933272,-6.1131472000278642],[106.74902779955363,-6.113170399596294],[106.74894669989044,-6.1131817998606248],[106.74877459929269,-6.1131763994007411],[106.74823159946266,-6.1131593993241014],[106.7472636997004,-6.1129228998500489],[106.74712519961662,-6.1128756998626903],[106.74705009924094,-6.1128514994898637],[106.74698219985351,-6.1128270993662568],[106.74671129982113,-6.1127297994278296],[106.74656819941742,-6.1126793997398776],[106.74627729958166,-6.112576999664153],[106.74576309992403,-6.1124217998029149],[106.74566609949147,-6.1124165991795971],[106.74552169939284,-6.112416399995479],[106.74535229986964,-6.1124385998058326],[106.74511999987294,-6.1124989998637655],[106.74502369976341,-6.112519799384188],[106.74495979943515,-6.1125337997739839],[106.74491899934986,-6.1125436995893629],[106.74480999944319,-6.1125699999638456],[106.74457219925387,-6.1126263993418251],[106.74434649916896,-6.1126611992295388],[106.74403239963164,-6.1126704994882086],[106.74397639962467,-6.1126692995860541],[106.74388189973035,-6.1126593994574696],[106.7438065992589,-6.1126514995351702],[106.74363039958416,-6.1126144992658737],[106.74352129964831,-6.1125867999266372],[106.74341219971069,-6.1125590996566119],[106.74319309992882,-6.11246569955245],[106.74288999958384,-6.1122890999113224],[106.74272459989379,-6.1121697995399655],[106.74223539984939,-6.1118169994985099],[106.74205759954123,-6.1116771997439008],[106.74197620000558,-6.1116076996057096],[106.74195529995751,-6.1115899000095002],[106.74194359972915,-6.1115798993116588],[106.74144249960085,-6.1111521998009266],[106.74100179947237,-6.1108016995802288],[106.74090379958147,-6.1107236999666794],[106.74029789928659,-6.1103058994830777],[106.7402022993387,-6.110238099634052],[106.74015689950852,-6.1102091994916856],[106.73967189933143,-6.1099278998556823],[106.73951689970727,-6.1098491999986173],[106.73942169952937,-6.1098284993987093],[106.73935600000959,-6.10982609966499],[106.73927859949123,-6.1098360993432781],[106.73921529914674,-6.109850999472882],[106.73913659928996,-6.1098748993683865],[106.73901389949793,-6.1099055993326514],[106.73888739968447,-6.1099037000184362],[106.73879339937349,-6.1100727999510731],[106.7386284000043,-6.1103549994971988],[106.73858549998778,-6.1104282994776922],[106.73842339978944,-6.1107055996262725],[106.73795579981771,-6.1115441995226591],[106.73748089987771,-6.1123960996503088],[106.73726649968467,-6.1126570994014697],[106.73718469957964,-6.1127623997533114],[106.73690349964608,-6.1131382993357937],[106.73625599996041,-6.1140933996326767],[106.73562799947234,-6.1150854998348327],[106.7351867991481,-6.1158405998676786],[106.73461849960057,-6.116736899311312],[106.73335859992795,-6.1187348991417787],[106.73253869960325,-6.120115099625699],[106.73248709951588,-6.120202699852082],[106.73243549997824,-6.1202800995567905],[106.73230669975214,-6.1204746995181791],[106.73166367826769,-6.1216722929481167],[106.73130808163381,-6.1223024631037752],[106.73119555135696,-6.1225410271464416],[106.73083479977601,-6.1233834999113084],[106.73065799957931,-6.1238138000043181],[106.73061499956577,-6.1239864995570237],[106.73044119995785,-6.1246851992729603],[106.73038459924209,-6.1249714994568842],[106.73026799951771,-6.1255615993663382],[106.73020899998517,-6.126271099554736],[106.7302098991866,-6.1263631998183499],[106.7302142991731,-6.1268364997879363],[106.73024799914992,-6.1279168993657409],[106.73025259972252,-6.1280121000041339],[106.73035919997164,-6.1305033992759883],[106.73039160001895,-6.1323064993903893],[106.73042320001497,-6.1330636993906804],[106.73042689967474,-6.1332959992091611],[106.73043780000711,-6.1335135993339183],[106.73044359927894,-6.1338783997357504],[106.7304438993221,-6.1338943998745226],[106.73044419987423,-6.1339113991754139],[106.73044689989524,-6.1340339993133703],[106.73044129939456,-6.1342775993854808],[106.7304397992836,-6.1343429993623362],[106.73043039938176,-6.1347552997148611],[106.7304166998743,-6.1358224992823116],[106.73039649992074,-6.1367944998645427],[106.73039179945084,-6.1370195993580934],[106.73038089943128,-6.1373548992144196],[106.73037199945742,-6.1376321994406418],[106.73036610002163,-6.1377348992186898],[106.73029859985155,-6.1389817995835729],[106.73026779926352,-6.1392251999200136],[106.73021019949215,-6.1396806997871627],[106.73014239971019,-6.140078699739437],[106.72967529970936,-6.142347199276915],[106.72964449960273,-6.1424972993533498],[106.72958939956692,-6.1427546997476785],[106.72953770001436,-6.1430190995885727],[106.72951579995106,-6.1431211992020343],[106.72941119953333,-6.1436083995385466],[106.72930250000252,-6.1440946998898216],[106.72923449963008,-6.1444275993808404],[106.72916310000113,-6.1447539000142752],[106.72912499976758,-6.1449343992672336],[106.72903089987187,-6.1453796993415617],[106.72896679961929,-6.1456826999103065],[106.7289588993259,-6.145715499902173],[106.72890479944738,-6.1459396995334199],[106.72882169936929,-6.1462841993655442],[106.72875019923634,-6.1465147993141089],[106.72866249923493,-6.1467975999743834],[106.72837429945889,-6.1477446994806018],[106.72833739961004,-6.1478652992195668],[106.72828579972975,-6.1480512991813017],[106.72815019929362,-6.1486237000268096],[106.72810230001141,-6.1488978994534662],[106.72801169933331,-6.1494164991410107],[106.72793849987403,-6.1498111993478162],[106.72793029929198,-6.1499090998199764],[106.72787549926898,-6.1505639992710206],[106.72784929943521,-6.1506892998509715],[106.72780899921298,-6.1509025997721629],[106.72779029957985,-6.1511612995510108],[106.72780539960758,-6.1523500998247824],[106.72780639970875,-6.1540573996791812],[106.72774199947958,-6.1554867000053202],[106.72771599941689,-6.1577189999887958],[106.72770579940322,-6.1580425999478612],[106.72768689968751,-6.1582324999221161],[106.72767769995602,-6.1583118996400197],[106.72766559994221,-6.158399899767061],[106.72763759950169,-6.1586198991332202],[106.72762659932721,-6.1587786999277299],[106.72762329928912,-6.1588206999901463],[106.72758949916926,-6.1588485998277038],[106.72757640001299,-6.1588594992472911],[106.72755589953687,-6.1589141996604511],[106.72745699921245,-6.1603511991537534],[106.72740959914529,-6.1616484994941043],[106.7273818993624,-6.1623993994308615],[106.72747359988176,-6.1651585997077527],[106.72747719942481,-6.165234299468926],[106.72751529946777,-6.1652881996204716],[106.72751809980497,-6.1653332994747529],[106.72752229960281,-6.1654037998178035],[106.72753419933576,-6.1656268997684895],[106.72765169940641,-6.1665883995615305],[106.72766759964537,-6.1667156995471801],[106.72773209971501,-6.1672315995326086],[106.72780329975626,-6.1676898995892708],[106.72787059976361,-6.1680778999432242],[106.72789769914147,-6.1682270999839357],[106.72801329993354,-6.168820999463831],[106.72805679933833,-6.1690446993436518],[106.72813119922614,-6.1694264997771633],[106.72820269941911,-6.1698621993821714],[106.72826019979317,-6.1704314997321594],[106.72829009982388,-6.1708333997452707],[106.72830439954356,-6.1710612994720577],[106.72832229996334,-6.1713469998146522],[106.72834859930754,-6.171727799710875],[106.72842540002944,-6.1729545998172091],[106.72846079955434,-6.1734470993176878],[106.72847340002011,-6.1736216997320579],[106.72850529946976,-6.1740662000204889],[106.72853899942601,-6.1746342996935386],[106.72860959920695,-6.1758258992399577],[106.72862879951941,-6.1762977997083315],[106.72865529980493,-6.1767915992807048],[106.72866199925033,-6.1768954996641137],[106.72867249916897,-6.1770579993185528],[106.7287113998355,-6.1775121997725915],[106.72873259994134,-6.1777590999121168],[106.7287685997278,-6.1781795994832081],[106.72884909988505,-6.178747599197945],[106.72901289987288,-6.1796157997220043],[106.72921929955544,-6.1805421999813444],[106.72939349962581,-6.1813182993234399],[106.72943869989035,-6.1814994991614798],[106.72953989958677,-6.1819045998462867],[106.72980069970021,-6.1829488998933444],[106.72987109930477,-6.1832305994562899],[106.7298979996736,-6.1833380996552041],[106.72996489936099,-6.1836061993370164],[106.73003679963233,-6.1838941999718662],[106.73011239916326,-6.1841994998234817],[106.73011879963434,-6.1842225998931264],[106.7301687994555,-6.1844227996448353],[106.73019289940493,-6.1845161994569349],[106.73019949919728,-6.1845402998472991],[106.73020849982242,-6.184574199596347],[106.73023559973956,-6.184691599395304],[106.73024549979277,-6.1847123000195499],[106.73028019922293,-6.1848730993364125],[106.73032959960346,-6.1850744999777536],[106.7304853997428,-6.1852748993354725],[106.73053149977881,-6.1853287998165962],[106.73058249970558,-6.185386099565271],[106.73064619976645,-6.1854407998895971],[106.73075579934368,-6.1854882995339775],[106.73090240002477,-6.1855066992359893],[106.73103709932184,-6.1855054998264407],[106.73117319926081,-6.185494099837233],[106.73128619959857,-6.1854768994868969],[106.73129429915338,-6.1854756994070419],[106.73145169973679,-6.1854400999136487],[106.73178569930241,-6.1853408996366257],[106.73204629923464,-6.1852351993758807],[106.73243389933896,-6.1850341996774825],[106.73252689961333,-6.1849833993380878],[106.73271569941579,-6.184871899144297],[106.73290099974696,-6.1847769991232964],[106.73303339964315,-6.1847267998989457],[106.73318049971732,-6.1846841996709303],[106.73340079936958,-6.1846527998367273],[106.73360629947064,-6.1846434994027959],[106.7339417999151,-6.1846389991617992],[106.73485109999177,-6.1846433998524608],[106.7350626995684,-6.1846468998480217],[106.73540169996556,-6.1846523996628671],[106.73544669933369,-6.1846523991451328],[106.73566839975547,-6.1846588995480305],[106.73595940000246,-6.184662399271355],[106.73610279960349,-6.1846645999053758],[106.73639979950883,-6.1846701992578206],[106.73653119987694,-6.1846726994144205],[106.73669200002723,-6.1846757996710311],[106.73724849989827,-6.1846940998322584],[106.73732089939017,-6.1846962999288744],[106.73739249976899,-6.1846991997826342],[106.73785729940596,-6.1847132998051988],[106.73814429942774,-6.1847219997952765],[106.73840329958512,-6.184719999430687],[106.73864999977781,-6.1847246996534819],[106.73879539948058,-6.1847254996133127],[106.73916569963842,-6.1847347998539721],[106.73925259925301,-6.1847488996236804],[106.7393313994105,-6.1847771994804424],[106.73980499934561,-6.1847762996566775],[106.73989729951847,-6.1848070996713318],[106.73999029939398,-6.1848230998811076],[106.74022959935746,-6.1848281997468462],[106.74026019988332,-6.184848699343549],[106.74027079944437,-6.1848734998028467],[106.74029009986344,-6.1858233991432652],[106.74029839993091,-6.1864584992901603],[106.74029540001345,-6.1865232997818707],[106.74028999996165,-6.186579399639248],[106.74027799962903,-6.1866124997972634],[106.74025449945282,-6.1866460996912958],[106.74022669972794,-6.1866723000102848],[106.74018150003741,-6.1866966991847177],[106.7401056993636,-6.1867120995041134],[106.740019199166,-6.1867227000261709],[106.73905619941547,-6.1867209996690855],[106.73895329961726,-6.1867331999405355],[106.73887729948683,-6.1867450996203877],[106.73883429970618,-6.1867647995139254],[106.73880069950695,-6.1867923995135392],[106.73877059956772,-6.1868473993661794],[106.7387497998738,-6.1869373999135782],[106.73872639957699,-6.1870178993330578],[106.73869679972518,-6.1870793997687121],[106.7386574991416,-6.1871342995394194],[106.73859629979114,-6.1871886995426708],[106.73853459986401,-6.1872300994492031],[106.73845929940552,-6.1872730991372569],[106.73835019957784,-6.1872860999561707],[106.73827479996368,-6.1872854995312432],[106.73813949997486,-6.1872833997608199],[106.73804969941568,-6.1872799999649146],[106.7380127999935,-6.1872786993104665],[106.73796849963065,-6.1872769997015027],[106.73783859976589,-6.1872734996299021],[106.73735949951242,-6.1872608991739133],[106.73693859967813,-6.1872540992498566],[106.73685079954475,-6.1872440991536495],[106.73678309999264,-6.1872300999603418],[106.73671619994428,-6.1872085994614254],[106.73664089991212,-6.1871674000276986],[106.73662309945661,-6.1871516995406113],[106.73659259960243,-6.1871246998899156],[106.73656449951056,-6.1870860994215526],[106.7365416995076,-6.1870433999835175],[106.73651889944551,-6.1869873995052656],[106.7365094000391,-6.1869419999767405],[106.73649069964392,-6.1868700998920252],[106.73646389990762,-6.1868060993123146],[106.73644239966603,-6.1867820993505784],[106.73641719922676,-6.1867684991299887],[106.73589390003292,-6.1867688997042514],[106.73582549936151,-6.186768999405567],[106.73579869984815,-6.1867689992900523],[106.73534679923767,-6.1867690999426355],[106.73507050001473,-6.186769099418763],[106.73505009969881,-6.1868221993640367],[106.73501119931046,-6.1868641998887641],[106.73504639971236,-6.1873746995007028],[106.73504889967722,-6.1874178993898026],[106.73508779971792,-6.1877022998402786],[106.73509539958923,-6.1877393000177632],[106.73511339920577,-6.1878273997377873],[106.73516389973821,-6.1879440994535546],[106.73529029990999,-6.188128999486703],[106.73545749984635,-6.1883200992430751],[106.73552739994096,-6.1883928998999593],[106.73547649993287,-6.1884483998914064],[106.73542429982712,-6.1885052993360476],[106.73510879973526,-6.1888389995438633],[106.73507059966124,-6.18887939916545],[106.73495229964897,-6.1890044991511166],[106.73490459967235,-6.1890549991837176],[106.73488569954719,-6.1890749998621537],[106.73484879985426,-6.189114099482147],[106.73438419970142,-6.1896200999324202],[106.73431819927498,-6.1895542995046604],[106.73473249934085,-6.1890957992974878],[106.73481049924624,-6.1890084998548742],[106.7353518992104,-6.1884267994178188],[106.73510469927612,-6.1880679998764734],[106.73506169972677,-6.1879986991674452],[106.73504629926521,-6.1879661994531689],[106.73501059918573,-6.187871999842061],[106.73497149973048,-6.1877676994667459],[106.73495159967752,-6.1876971993158909],[106.73492849989407,-6.1875683993046042],[106.73490969960102,-6.1874372993822178],[106.73490189996062,-6.1873528998323781],[106.73487549971242,-6.1868927996628793],[106.73483589995163,-6.1868779994867928],[106.73480149922955,-6.1868535994138965],[106.7347745994515,-6.1868211996354692],[106.73475690004437,-6.1867829999835626],[106.73474959964886,-6.1867341996672325],[106.73475659972854,-6.1866850994574065],[106.73477249983677,-6.1866491997906863],[106.73479669917816,-6.186618199192603],[106.73482769963192,-6.1865939996078581],[106.73486289942502,-6.1865777994846711],[106.73490689938353,-6.1865704997669599],[106.73495049963356,-6.1865749995893147],[106.73499209968776,-6.1865908999930683],[106.73501869948143,-6.1866099996956345],[106.73504159983861,-6.186634199515419],[106.73505899985321,-6.1866625993131432],[106.73534539950936,-6.1866673998994255],[106.73580019976617,-6.1866748996897591],[106.73582739934125,-6.1866753994344768],[106.73647799914426,-6.1866793994871117],[106.73650509979802,-6.1866888991936486],[106.73652289934921,-6.1867034992582131],[106.73653969953642,-6.1867307996098502],[106.73657609985008,-6.1868293994108949],[106.73658569948248,-6.1869018998102616],[106.73659869962904,-6.1869507998642304],[106.73662119992719,-6.1870051999515008],[106.73665299954206,-6.1870580993628401],[106.73670049961794,-6.1871077998458714],[106.73677969982896,-6.1871386992409052],[106.73686859943803,-6.1871519997703217],[106.73726649968677,-6.1871689995294394],[106.73795859949519,-6.1871866999588914],[106.73805149963061,-6.1871888996773166],[106.73811029946313,-6.1871900997171627],[106.7382496993219,-6.1871926996751565],[106.7384262999966,-6.1871881999749139],[106.73850709945617,-6.1871593992889808],[106.73856459987309,-6.1871165998412643],[106.73861639978463,-6.1870502000218641],[106.73864439989956,-6.1869677993467525],[106.73866069967761,-6.1868405996035589],[106.73867439982229,-6.1867251993524448],[106.73867999948578,-6.1866388997955193],[106.73870099990762,-6.1862575998842475],[106.73871319924837,-6.1860373995525544],[106.73872259987212,-6.18551789921412],[106.73872339949577,-6.1850387993835039],[106.73872049982486,-6.1850079995113596],[106.73871699954583,-6.1849697996882442],[106.7387078996403,-6.1849242000042217],[106.73869099976787,-6.1848992998548127],[106.73867469939262,-6.184879799523741],[106.73862709995461,-6.1848543994493657],[106.73856269982599,-6.1848479994928818],[106.73802579916838,-6.1848386996061917],[106.73785600004038,-6.1848357992044489],[106.73739179992913,-6.1848276994397766],[106.73733369954812,-6.1848272999084175],[106.73704909943433,-6.184818999444019],[106.7366341992103,-6.184807599264845],[106.736545799152,-6.1848054993070125],[106.73652560001256,-6.1848052994977296],[106.73586349933731,-6.1847871999082091],[106.73561619958792,-6.1847829994741792],[106.73505879997219,-6.1847853999121822],[106.73494829943974,-6.1847854994894149],[106.73481949980015,-6.1847853992934487],[106.73394269968514,-6.1847847996672192],[106.73362129958025,-6.1847888994624398],[106.73341929989425,-6.1847921998574931],[106.73320910002201,-6.1848234998459484],[106.7329829998427,-6.1848978996924862],[106.73245389969486,-6.1851794994557237],[106.73216099950969,-6.1853388992075233],[106.73202399946246,-6.1854031992070304],[106.73179520004004,-6.1854875999931709],[106.73152760000329,-6.1855861995558143],[106.73139919999892,-6.1856212994575772],[106.73126849951717,-6.1856507997682098],[106.73114779968233,-6.1856660992326686],[106.73102979940808,-6.1856736000209525],[106.73081169952167,-6.1856512992645794],[106.73079580000137,-6.1856496999681738],[106.73060499961912,-6.1856088993431602],[106.73044239966521,-6.1855337992134247]]]},"properties":{"FID":17,"ID":"BRT_18","GEOM_ID":"BRT_18_REG","LINE":"18","NAME":"Puri Kembangan - Pluit via PIK","MODE":"BRT","CLASS":"Koridor Utama","STATUS":"Rencana","COLOR":"#37474F","ROUTE_VAR":"REGULAR","SOURCE":"RTRW DKI Jakarta","REMARK":"Trase rinci diinterpretasikan untuk keperluan visualisasi","ALIGNMENT":" ","DIV_ID":" ","DIV_NOTE":" ","DIV_SRC":" ","VALID_FR":" ","VALID_TO":" "}},{"type":"Feature","id":18,"geometry":{"type":"MultiLineString","coordinates":[[[106.83151462970625,-6.3556718138044603],[106.83134309996279,-6.3556938997248205],[106.83116999942138,-6.3557152000035533],[106.83104929992248,-6.3557325000245974],[106.83093539925454,-6.3557497994546504],[106.83086289974131,-6.3557644992835591],[106.83080259999957,-6.3557817997001376],[106.83073689960815,-6.3558044999241528],[106.83067919944688,-6.3558323997107156],[106.83062019934857,-6.3558670998130493],[106.83057319968128,-6.3559016995638418],[106.83052489956128,-6.3559403997910451],[106.83047399963772,-6.3559870993382308],[106.83043779987133,-6.3560283996066547],[106.83040689948706,-6.3560762996201552],[106.8303813997091,-6.3561216000219911],[106.83035599996617,-6.3561749996008006],[106.83033989930368,-6.3562269991579727],[106.83032919925307,-6.3562855999144938],[106.83032579924657,-6.3563422995872498],[106.83032909967403,-6.3564048996438505],[106.83033589994602,-6.3564535993124327],[106.83034849930993,-6.3565029999751905],[106.83036799923389,-6.3565601999668493],[106.83038819995534,-6.3566054995471308],[106.83041289920243,-6.3566547995100029],[106.83050489973601,-6.3567547992547651],[106.83055919941438,-6.3568007999915563],[106.83061279927404,-6.356834700021925],[106.83067519955807,-6.3568600995594045],[106.83072749994756,-6.3568740998500175],[106.830793099554,-6.3568846994985559],[106.83086289924393,-6.3568833998955281],[106.83092529976528,-6.3568753994860527],[106.83099029975631,-6.3568587993841561],[106.83104059983276,-6.3568394999505289],[106.83110030003166,-6.3568046996496683],[106.83115529951772,-6.35676009945717],[106.83119609914343,-6.3567161996448336],[106.83124109979678,-6.3566547992821825],[106.83127459922719,-6.3566027995813696],[106.83130009997467,-6.3565508996352458],[106.83132559994891,-6.3564854995885272],[106.83134499997516,-6.3564275995030348],[106.83136379958114,-6.356357599279022],[106.83139869991851,-6.3562095992876966],[106.83146639949319,-6.3558977992197967],[106.83151462970625,-6.3556718138044603]],[[106.83151462970625,-6.3556718138044603],[106.83155449971434,-6.3554849993604412],[106.83161929969503,-6.3552126999427934],[106.83167289934454,-6.354955399627837],[106.83172519922397,-6.3547075000202575],[106.83177149970834,-6.354438299619801],[106.83189029946499,-6.3536327994939379],[106.83190679972148,-6.3535251995522195],[106.83197909969476,-6.3530653993294708],[106.83200689983028,-6.3526574994036196],[106.83200949982643,-6.3524576993378856],[106.83202099970339,-6.3517925992838373],[106.83203099913987,-6.3516838993975764],[106.83209669971535,-6.3512180999455232],[106.83214500002629,-6.3509807996591769],[106.83223489999142,-6.3506422998005947],[106.83237570000347,-6.3502396997534518],[106.83242529980981,-6.3500690997313427],[106.83247089962532,-6.3498644991560109],[106.83251449976888,-6.3494966991981387],[106.83256339999286,-6.3489161998792811],[106.83259429997764,-6.3484256998588595],[106.83260499978564,-6.3481017997158933],[106.83261839986505,-6.347957799130941],[106.83264389936517,-6.347825899574957],[106.832815599762,-6.3472087999420541],[106.83284239941077,-6.3470780992409397],[106.83286849957364,-6.346858199636018],[106.83287859957449,-6.3466848995025709],[106.83291479926021,-6.3463436992530022],[106.83295099932485,-6.3460412000180177],[106.83296829932897,-6.34591339915539],[106.83298319940889,-6.3458265998560286],[106.83300999936881,-6.3456325994322968],[106.83304019999287,-6.3454073995851585],[106.83312719948123,-6.3446225995414824],[106.83317759978257,-6.3442065999045676],[106.8331913998752,-6.3440854995561757],[106.83322039937116,-6.3438254999344474],[106.83327289957975,-6.3432247998628704],[106.83329639914808,-6.3430560997613306],[106.83334799935312,-6.3426348996787789],[106.83342589941623,-6.3421972999355987],[106.83353909959186,-6.3416241991309308],[106.83380879938414,-6.3402585996803387],[106.83392059925552,-6.3397191994820403],[106.83395349918879,-6.3395839998753436],[106.83402939948053,-6.3392574994396611],[106.83405369987156,-6.3391532997348978],[106.83439089999274,-6.3378133996791899],[106.83449679918277,-6.3373844995532034],[106.83451349976536,-6.3373169996951404],[106.83453019999143,-6.3372493994782566],[106.83484259996453,-6.3358924996296579],[106.83487669923727,-6.3357353996746566],[106.83501589961384,-6.3351637995526149],[106.83511179979479,-6.3347811992479208],[106.835163199237,-6.3345761996521324],[106.83519229965844,-6.3344327992255591],[106.83523209958611,-6.3340406993021379],[106.83524629963892,-6.3339143996136098],[106.83524629949028,-6.3333373000119133],[106.83521749920334,-6.3329946997958988],[106.83515439995233,-6.3326154999876421],[106.83508129973455,-6.332370399684927],[106.83498079949635,-6.3320336993985995],[106.83487889962595,-6.33175099984458],[106.83473469976877,-6.3314040993961349],[106.83472509956226,-6.3313809993530299],[106.83469459937714,-6.3313104999726368],[106.83461269933395,-6.3311295991952665],[106.8343845997627,-6.3306113997742859],[106.83397359963044,-6.3297183994973825],[106.83363469961807,-6.3289900999265045],[106.8336261996335,-6.3289716994189558],[106.8336134992548,-6.3289432992024235],[106.83344189956478,-6.3285586995921754],[106.83339489935059,-6.3283787999335539],[106.83336040002132,-6.3282165994876918],[106.83335469975299,-6.3281894991484933],[106.83334429923752,-6.3281374992934136],[106.83332919980683,-6.3280414994047227],[106.83331709983673,-6.3279321994921309],[106.83329729929989,-6.3277092992942645],[106.83328249930452,-6.3273199000291864],[106.83326119926528,-6.3268079992203035],[106.83325279988259,-6.3264499998324979],[106.83325529929016,-6.3261740991492292],[106.83325579994181,-6.3261177000111424],[106.83325679919898,-6.3260114994482191],[106.83327689968417,-6.325857600005528],[106.83330509994283,-6.3257195997725812],[106.83335519949298,-6.3255831995027751],[106.83336319981498,-6.3255613998560358],[106.83345469973159,-6.3253715999169859],[106.83350739924867,-6.3252882993869504],[106.83373659988121,-6.3249568994205001],[106.83419019975389,-6.3242519994187276],[106.8342665994968,-6.3241359992501271],[106.83437119921979,-6.3239693991778276],[106.83445509976815,-6.3238480994346036],[106.83474699991257,-6.3234211997939838],[106.83482569937996,-6.3232982999476297],[106.83495819931346,-6.3230986996800844],[106.83515839994931,-6.3228110993788906],[106.83516899914673,-6.3227956992835797],[106.835196299649,-6.322755799730662],[106.83571309942869,-6.3219798991982588],[106.83572929925845,-6.3219561998839664],[106.83589723774236,-6.3217124400235836],[106.83600339944348,-6.3215845993097526],[106.83612649932934,-6.3214338995835586],[106.8361628991666,-6.3213840998263411],[106.83627019921636,-6.3212354993056588],[106.83631369996209,-6.3211438993337223],[106.83635119925219,-6.321061999646937],[106.83638139974141,-6.3209962994378586],[106.83640539980411,-6.3209317992555638],[106.83652109971547,-6.3206395994425826],[106.8366503999946,-6.3202833991281304],[106.83676239978178,-6.3198878998322217],[106.83685049958888,-6.3195488994237463],[106.83692469965649,-6.3191334991918824],[106.8369828996382,-6.3187468997849061],[106.83700619967408,-6.318581599494455],[106.83706949914887,-6.3181816999151552],[106.8372109993885,-6.3173159996870281],[106.83731309935575,-6.3167650996712661],[106.83737319970299,-6.3164404994303638],[106.83739269996221,-6.3163228991305695],[106.83739809999889,-6.3162848997264964],[106.83769169988801,-6.3146256995419705],[106.83769599967286,-6.3146013994061798],[106.83778239984952,-6.3140893996836684],[106.83778909968146,-6.3140496994888071],[106.83791579975252,-6.3133803992807298],[106.83800589917894,-6.3128303999037589],[106.83805289923504,-6.3125432992410495],[106.83813369975564,-6.3120526992597057],[106.83815299985065,-6.3119313998748821],[106.83818529978817,-6.3117287991680611],[106.83823089953756,-6.3113902999314115],[106.83824169915101,-6.311278299151132],[106.83824839985164,-6.311114299887385],[106.83823629996061,-6.3109210991924609],[106.83818129981427,-6.3105930997866642],[106.83812499925364,-6.3102811999689754],[106.8380873998085,-6.3100545998979118],[106.83805659937872,-6.3098399993942298],[106.83804319987678,-6.3096853993097923],[106.8380524997342,-6.3094121994444583],[106.83809949936682,-6.3090015999312143],[106.83813219941817,-6.308883499234077],[106.83816109995473,-6.3088195994207634],[106.83844389986353,-6.3082521995303846],[106.83848749925716,-6.3081513995375573],[106.83864289994449,-6.3078142995360684],[106.8387593991697,-6.30758719999573],[106.83882449944633,-6.30745239988949],[106.83891539962315,-6.3071267997471567],[106.83891729982082,-6.3071146998464078],[106.83895179989139,-6.3068981998905054],[106.83896869986933,-6.3068027997707121],[106.83897209950192,-6.3067835996045609],[106.83902279949683,-6.3067247992070721],[106.83911469967319,-6.306143299983205],[106.83945539920296,-6.3040707992909066],[106.83946439986539,-6.3039708999223247],[106.83946269930641,-6.3038875998803956],[106.83945449930127,-6.303822899723178],[106.83950339972347,-6.3036255995759296],[106.83953619952621,-6.3034699993106571],[106.83965069938944,-6.3028565993869794],[106.83966119940311,-6.3027964996445567],[106.83968509981742,-6.3026497997368534],[106.83970009991276,-6.3025424994296451],[106.83983569937209,-6.3016304991889971],[106.83986899958001,-6.3013273991581498],[106.8399260998878,-6.300951199432796],[106.8399285993263,-6.3009316995565978],[106.83997419974168,-6.3004638998000866],[106.84000819933482,-6.2999991997634215],[106.84004989931981,-6.2995022997172327],[106.84008499945594,-6.2990890996928162],[106.84009259952069,-6.2990150996368488],[106.84010179999626,-6.2988851994454631],[106.84014819942638,-6.2983347997581527],[106.84015679935459,-6.2982226992461356],[106.84016179994279,-6.2981633992140509],[106.84020699967283,-6.2977279998335094],[106.84022380001119,-6.2975660998129204],[106.84023519915417,-6.297476499490025],[106.84038009962245,-6.2965353997556157],[106.84053029943345,-6.2958268991943687],[106.84060669950856,-6.2954942999685928],[106.8406777999711,-6.295289799631866],[106.84082459945535,-6.2948330998923474],[106.84150749914784,-6.2930111997229154],[106.84331309952836,-6.2886098997567466],[106.84344849938287,-6.2882199994104493],[106.84346930004114,-6.2881279998536659],[106.84349379981671,-6.2879540999772985],[106.84350419966461,-6.28789949980961],[106.84353759996509,-6.287702999746549],[106.84362270001759,-6.2872946999471591],[106.84365569923483,-6.2871361996352606],[106.84369509925193,-6.2869544994556543],[106.84373659962665,-6.2867628994281324],[106.84374079996434,-6.2867434993779581],[106.84380319958399,-6.2865509992347484],[106.84411889995351,-6.285374999312185],[106.84419089993423,-6.2849694999145465],[106.84442729936831,-6.2835907991532771],[106.84459939961738,-6.2825827993546008]],[[106.83202933165984,-6.3556055417719843],[106.83151462970625,-6.3556718138044603]],[[106.83202933165984,-6.3556055417719843],[106.83203739994542,-6.3557269996352872],[106.8320477997562,-6.3558570993953403],[106.83206379949218,-6.3560163992431171],[106.83207859946799,-6.3561369996114099],[106.83209339983125,-6.3562262995599212],[106.83210749978406,-6.3562869996029505],[106.83212409937562,-6.3563468996464421],[106.83214369922894,-6.356404199528237],[106.8321732996497,-6.3564672994561935],[106.83220399915683,-6.3565214993976102],[106.83222859975183,-6.356555399824634],[106.83227239978686,-6.3566041997752833],[106.83231000002803,-6.3566401997114781],[106.83234739997039,-6.3566693992216825],[106.83239849929089,-6.3566999995558744],[106.83244239955508,-6.3567211994727577],[106.83248749985444,-6.3567369999694376],[106.83253789948344,-6.3567483991915905],[106.8326009994741,-6.3567542000134916],[106.83264539956855,-6.3567526999622181],[106.83269499984777,-6.3567455991559472],[106.83276139923686,-6.3567265996562625],[106.83280449993572,-6.3567077993749308],[106.8328584998805,-6.3566800996345636],[106.83290279930242,-6.3566488998921535],[106.83294289940358,-6.3566149998233623],[106.83298719968298,-6.3565694997956808],[106.83301669939817,-6.3565308994726522],[106.83305959969908,-6.3564641999179301],[106.83307979972562,-6.3564081993515122],[106.83309579960331,-6.3563535997585623],[106.8331065993475,-6.3562989996128252],[106.83311189946875,-6.3562442996151223],[106.83311259975017,-6.3561842994328135],[106.8331071999238,-6.3561222991571098],[106.83309649972648,-6.3560569993816722],[106.83307909994704,-6.3560010995547014],[106.83305959998381,-6.3559510996121817],[106.83303009958098,-6.3558937996186318],[106.83299259982465,-6.3558363995858222],[106.83295769937052,-6.3557917996505537],[106.83291609913971,-6.355747099582012],[106.8328785995576,-6.3557144998882782],[106.83283409933313,-6.3556830995166296],[106.83278339948384,-6.3556511994059992],[106.83273369943481,-6.3556231999269865],[106.83269389943842,-6.3556057992566917],[106.83264159979149,-6.3555837999847427],[106.83260229930914,-6.3555698993648155],[106.83251819936987,-6.3555454991840721],[106.83209489983471,-6.3555970996671869],[106.83202933165984,-6.3556055417719843]],[[106.84447099977729,-6.2829273997115855],[106.84451669977273,-6.2827590996855038],[106.8445375993158,-6.282714199442287],[106.84455889994888,-6.2826684994078059],[106.84459939961738,-6.2825827993546008]],[[106.84459939961738,-6.2825827993546008],[106.84461019936407,-6.2825239997878342],[106.84468789980076,-6.2820996991489917],[106.84479729964301,-6.2814952997613966],[106.84483429925842,-6.2812819995659259],[106.84503439983598,-6.2802066994441939],[106.84535209931693,-6.2787746998846421],[106.84537769982921,-6.2786593995317084],[106.84548559997228,-6.2782147999519031],[106.84550709993351,-6.2781207998365804],[106.84562379952644,-6.2776554992195814],[106.84563629958507,-6.2775968998380964],[106.84564869969319,-6.2775383993589404],[106.84568579942999,-6.2773717997485567],[106.84572629958325,-6.2771895995064773],[106.84586379954243,-6.2765350994349056],[106.84593759990929,-6.2761511999104886],[106.84601809993069,-6.2757432993226976],[106.8460402000224,-6.2756372998047087],[106.84607709931635,-6.2754699993081386],[106.84618499945793,-6.2749387993184786],[106.84640969964408,-6.2738562992941018],[106.8464230994947,-6.2737642997566985],[106.84645589957648,-6.2734030991760532],[106.84645939931545,-6.2732919997724279],[106.84646130003932,-6.2732330996225842],[106.84648279916945,-6.2723518996539296],[106.84648879915039,-6.2719886995047816],[106.84650149949726,-6.2717112996372695],[106.84649859956579,-6.271146899796177],[106.84648799992107,-6.2709171996875703],[106.84647899964551,-6.2707236992783422],[106.84642639934293,-6.2702355994769654],[106.84640909999518,-6.2701507994490857],[106.84629429921438,-6.2696303996335061],[106.84625489987371,-6.2695231999780976],[106.8462118995659,-6.2694143999782534],[106.84608069938309,-6.2691259996283257],[106.84592829916545,-6.2687909992202426],[106.84583869986733,-6.2686257997802413],[106.84572829957278,-6.2684259998445064],[106.84571799983678,-6.2684090993492996],[106.8456505998335,-6.2682980994194981],[106.84552919971668,-6.2681106998289309],[106.84535099927689,-6.2678663995657766],[106.84530799948112,-6.2678074991845909],[106.84526939984886,-6.2677569992547353],[106.84513309950307,-6.2675650994733614],[106.84497739941025,-6.2673474992681086],[106.84466159973567,-6.2668802994954902],[106.8445908998778,-6.2667719998936473],[106.84447949929535,-6.2665857997445773],[106.84442649953309,-6.2664956992057377],[106.84435099934279,-6.2663686993525962],[106.84428509971252,-6.2662578999557512],[106.84414829986588,-6.2659893998780385],[106.84405059996277,-6.2657903999570346],[106.84401659979335,-6.2657210996964015],[106.84392919919952,-6.2655429994022125],[106.84391309972045,-6.2655101996303468],[106.8438984998777,-6.2654804000251847],[106.84376969922897,-6.2652183996610233],[106.84372319918231,-6.2651233999727047],[106.84362879991545,-6.2649311993331409],[106.84338609995359,-6.2644366993450893],[106.84334769950527,-6.2643508999150344],[106.84332579966497,-6.2642700994760547],[106.84331149936799,-6.2641677993602149],[106.84328619983575,-6.2639400997185755],[106.84327559982847,-6.2638264999245674],[106.84326779992819,-6.2637496996804325],[106.84325830000557,-6.2636132993523521],[106.843250399807,-6.2635007000183069],[106.84324749933745,-6.2634594993539299],[106.84323589934343,-6.2632923992060867],[106.84323289924481,-6.2632500994267204],[106.84322999959431,-6.2632080994789581],[106.84321699954614,-6.2630231000056247],[106.84320769982838,-6.2628893996967401],[106.8431865997465,-6.2625875999230507],[106.84317559922835,-6.2623718997805939],[106.84315729934104,-6.2620370999491186],[106.84315589962637,-6.2619597998062853],[106.84315289929572,-6.2617911992600153],[106.84314779956441,-6.2614995991833178],[106.84317559989728,-6.2608426992215964],[106.84323289974304,-6.260065099278961],[106.84324469998631,-6.2599474994295345],[106.84325709952464,-6.2598193992371334],[106.8432675993617,-6.2597269993760234],[106.84329809978379,-6.2594070996573192],[106.84330299978365,-6.2593655994410833],[106.84332449979166,-6.2592149997454927],[106.84334629934301,-6.2590768999646711],[106.84336599972175,-6.2589286999111042],[106.84339939983181,-6.2586345993719963],[106.8434424995815,-6.2582097996282187],[106.84344569941851,-6.2581433993021793],[106.84344889926035,-6.2580769998772832],[106.84344649949162,-6.2579991996277649],[106.84343579940207,-6.2578911996229225],[106.84341699921595,-6.2577698997840159],[106.84322779926941,-6.2568672992663235],[106.84313599985637,-6.2563820992153927],[106.84299749937543,-6.2557264997312272],[106.8429998998094,-6.2556688997029202],[106.84298799943184,-6.2555944998634851],[106.84296239920678,-6.2554795999617445],[106.84293939941324,-6.2553976992340941],[106.84273369948289,-6.2547480992828417],[106.8426839993333,-6.2545969997739315],[106.84257829982124,-6.2542873996249497],[106.84252509967649,-6.2540870996149414],[106.84250169924468,-6.2539923999840443],[106.84248559924191,-6.2539055997470996],[106.842470299848,-6.25381519993255],[106.84244519953666,-6.2535273994424205],[106.84245259950279,-6.2532754996469189],[106.84246449995481,-6.2530490995784529],[106.84250629986911,-6.2524659996656675],[106.84251579969293,-6.252042699197891],[106.8425228999904,-6.2519647995690137],[106.84252999938417,-6.2518868999478583],[106.84253719924425,-6.2518074999647411],[106.84257479954471,-6.2514274999593313],[106.84259229920366,-6.2511142995213094],[106.84262029978902,-6.2507648993426344],[106.84262239989715,-6.2507388999806102],[106.84264159929336,-6.2504677996042206],[106.84266059991739,-6.2502127000110494],[106.84267539931983,-6.2500136995279174],[106.84268819960562,-6.2497285998130634],[106.84269079998421,-6.2496704999766814],[106.84269649973879,-6.2493751999538123],[106.84270039973967,-6.2491738995054158],[106.84270739936295,-6.248812899281071],[106.84272079939905,-6.2482273998434099],[106.8427377996012,-6.2474828995967124],[106.84275379977623,-6.2468997997340754],[106.84275979944778,-6.2466568000174947],[106.84279899969135,-6.2461760995470277],[106.84280339928779,-6.2461226995799333],[106.84283029918396,-6.2458869992095689],[106.84283469978504,-6.2458529998859751],[106.84284429922241,-6.2457783998608578],[106.84287119918486,-6.2456183997169941],[106.84289869950919,-6.2454796995792243],[106.84295229993353,-6.2452232997978925],[106.84299049915865,-6.2450437997665107],[106.84303859973727,-6.2448785996727496],[106.84317959963613,-6.2444451993644625],[106.84328149933657,-6.244083299875518],[106.84329159998862,-6.2440292994827526],[106.84329299929522,-6.243977299735211],[106.84326609926512,-6.2437812998132376],[106.84322199925953,-6.2435327992752185],[106.84322019967431,-6.2434576993977675],[106.84323329946244,-6.2433719993656434],[106.84326259979383,-6.2432919994084903],[106.84357039937964,-6.2427769992083322],[106.84363540002397,-6.2427025993728211],[106.84402249973465,-6.2422590992834355],[106.84418029977951,-6.2420146999211781],[106.8443043994809,-6.2418270997190524],[106.84436009935405,-6.2417425000232418],[106.84444379928385,-6.241607899647077],[106.84449899972486,-6.2415256995410644],[106.84458239981228,-6.2413815992668527],[106.84471260003244,-6.2411570995717485],[106.84481439944386,-6.2409816996035907],[106.84486719915265,-6.2408878993568306],[106.84488949920421,-6.2408480995250653],[106.84507679939486,-6.2405149996319533],[106.845117399206,-6.2404378995299323],[106.84525679984495,-6.240191999506739],[106.84532889922707,-6.2400339993471974],[106.84536819995225,-6.239907399976123],[106.84537799958144,-6.239871999303551],[106.84540119965953,-6.2397880993912587],[106.84542879953375,-6.2396557995921205],[106.84543839995149,-6.2395626995627813],[106.84543419914183,-6.2394737998123411],[106.84542989982805,-6.2394039999433106],[106.84540429951522,-6.2393139997658329],[106.84536179974634,-6.2391891997028273],[106.84528719991425,-6.2390495997460729],[106.84518019971341,-6.2389030996883932],[106.84487879932641,-6.2384879999852387],[106.8447443992219,-6.2382950991457777],[106.84470609914604,-6.238226299875401],[106.84456989999279,-6.237947799968703],[106.84451509997564,-6.2378118999049006],[106.8444455996771,-6.2376333992024735],[106.84438909945447,-6.237488499587533],[106.84424969991227,-6.237012899427719],[106.8442135993094,-6.2368670992305031],[106.84419139992218,-6.2366448991778007],[106.84418979977585,-6.2366311994674755],[106.84418620001361,-6.2364235998347803],[106.84418579914086,-6.2362173994997727],[106.84418269990158,-6.2360438995473242],[106.84418679948874,-6.235929199277674],[106.84419039940536,-6.2356130992238334],[106.84416899932705,-6.2345661996497466],[106.84416259966827,-6.2342527991410215],[106.84416259933823,-6.2342314997587724],[106.84415709968488,-6.2340711999321954],[106.84416529971236,-6.2339448993604902],[106.84420609918959,-6.233748599209429],[106.84424179921012,-6.2335804996859592],[106.8442752995561,-6.2334719994764161],[106.84432009952639,-6.2333275997031592],[106.84433949935556,-6.2332831997817966],[106.84440079965776,-6.2331429999873631],[106.84444029914965,-6.2330527998595411],[106.84448589999488,-6.2329486000162362],[106.84453709971274,-6.2328313995132563],[106.84455259917775,-6.2327960991797156],[106.84473449940367,-6.2325378999908523],[106.84489459962424,-6.2323433994287116],[106.84491419948461,-6.2323135992388705],[106.84500179919308,-6.2322087994468154],[106.84505089917707,-6.2321593995472391],[106.84531199929035,-6.2318627999967466],[106.84559919915404,-6.2315899997457267],[106.84580679916428,-6.2314121999827998],[106.84584569985765,-6.2313828991275377],[106.84613809990208,-6.231120199923736],[106.84646829954693,-6.2308239992580647],[106.84662059989796,-6.2306874998104664],[106.84675469923809,-6.2305673995797495],[106.8467801997852,-6.2305300994739303],[106.84684819983136,-6.2304260996619476],[106.84692969929205,-6.2302680993919921],[106.84701559913924,-6.2300858991781585],[106.84705269998665,-6.2299674993889793],[106.84710719985861,-6.2297020996279642],[106.84712129931052,-6.2296333999183213],[106.84717739967363,-6.2292936995502846],[106.84719359937674,-6.229189999598022],[106.84722859947021,-6.2289808998074783],[106.84724219962197,-6.2289029992891685],[106.84725419986211,-6.2287770996866199],[106.84726589946905,-6.2286429994800354],[106.84730940001748,-6.2281243995999551],[106.84734629945439,-6.2277372997955309],[106.84735589946831,-6.2276357992850588],[106.84739809930181,-6.2270218998581814],[106.84741359929973,-6.2268327997285802],[106.84740569917722,-6.2265513996508819],[106.84740359955629,-6.2265012992307875],[106.84739809929863,-6.2263245999677732],[106.84738479925772,-6.2258550996777942],[106.84737179996239,-6.2254136996793319],[106.8473671998089,-6.2252589991401841],[106.84736239915856,-6.2250931998033252],[106.84735769952442,-6.2249213991890953],[106.84735939920216,-6.2247789994234015],[106.84736039990975,-6.2247351991990705],[106.84736179931679,-6.2246862999134622],[106.8473627998199,-6.2246426995138195],[106.84739059937294,-6.2242787998432654],[106.84746719924783,-6.2239045991677324],[106.84748570000858,-6.2236655995873207],[106.8474929000094,-6.2235450992823163],[106.84749719956119,-6.2234790993728062],[106.84748929927918,-6.2233541998159616],[106.84746539951664,-6.2232824992855686],[106.84739199966316,-6.2231143992741558],[106.84729519914924,-6.2229144994407157],[106.84702299924362,-6.2224143991558014],[106.84686399956723,-6.2221312995674296],[106.84669010002858,-6.2218159995956031],[106.84660789984736,-6.2216851996972258],[106.84624029954267,-6.2211391995944032],[106.84616279998261,-6.2210229998333855],[106.84611339972719,-6.2209591993535538],[106.84598919977236,-6.220734699363681],[106.84594499969762,-6.2206466997400778],[106.84567709919406,-6.2199283993273253],[106.84565639926518,-6.2198636991990348],[106.84554189944117,-6.2195574992268297],[106.84552319962825,-6.2195035995582133],[106.84535339983574,-6.2190163992038894],[106.84534770002494,-6.2190006993226978],[106.8453394993237,-6.2189792992912727],[106.84532129989009,-6.2189356998986245],[106.84523279940174,-6.21873979916574],[106.84519159965947,-6.2186461993670665],[106.84488389984801,-6.2179938997931536],[106.84446119940293,-6.2171294991298396],[106.84427679925778,-6.216752399173453],[106.84426069964638,-6.21671940001624],[106.84423759941404,-6.2166722995274863],[106.84413559956442,-6.216463600013304],[106.8438178997481,-6.2158642998535871]],[[106.8438178997481,-6.2158642998535871],[106.84386599940837,-6.2158324998823593],[106.84392440002534,-6.2158209995332694],[106.84398029918674,-6.2159563993424136],[106.84403129929342,-6.2160916995919084],[106.84417769987681,-6.2164371998059593],[106.84421509973691,-6.2165117993837464],[106.84432359985885,-6.2167278993752575],[106.84441419941413,-6.2169082993884741],[106.8446049995008,-6.2172885993565528],[106.84481809994583,-6.2177131994867034],[106.84485449976427,-6.21778569936754],[106.84494289921292,-6.2179617994235095],[106.84506049959407,-6.2182015997953499],[106.84518820003183,-6.2184648993078264],[106.84535829955456,-6.2188715992892778],[106.84536839949999,-6.2188950993864323],[106.84539389951135,-6.2189576995942906],[106.845472200004,-6.2191461991537329],[106.84559729963547,-6.2194842999162958],[106.84572079967569,-6.2198387995712805],[106.84573479975057,-6.2198691992588158],[106.84582169953126,-6.2201012999424758],[106.84593519927904,-6.2203993992438944],[106.84611359970057,-6.2208093996266012],[106.84620199938439,-6.2209929992122888],[106.84620650001239,-6.2209979997771336],[106.84633079952403,-6.2211740994752658],[106.84648540000364,-6.22139319914504],[106.84666109922148,-6.2216505994336941],[106.84676109981064,-6.2218112992131935],[106.8469775995859,-6.2222124993106203],[106.8472964992618,-6.2227662999571844],[106.84737259939243,-6.2228983994674492],[106.84739449927702,-6.2229387000251126],[106.84740429942099,-6.2229595998073837],[106.847410999521,-6.2229739995633437],[106.84742839967117,-6.2230136992221778],[106.84750169982641,-6.2231842995851743],[106.84753409983779,-6.2232673998856942],[106.84755579936336,-6.2233317997615307],[106.84756639952428,-6.2234128000244482],[106.84756589968413,-6.2234778996502227],[106.84756559986869,-6.2235536993347322],[106.84756429952125,-6.2236611997386797],[106.84756049983662,-6.2237344999118092],[106.84754809953574,-6.2239708994633745],[106.8475418997109,-6.2240008995692673],[106.84750439965615,-6.2241828994346484],[106.84748639950521,-6.2242703994484696],[106.84748359936697,-6.2243111996241387],[106.84747789985573,-6.2243930996061723],[106.8474661994311,-6.2245401998414955],[106.84746189963238,-6.2246554992013277],[106.84746109956461,-6.2246881992238619],[106.84745859942922,-6.2247514993353521],[106.84745899972575,-6.2247814998445463],[106.84746029995551,-6.2248171997607686],[106.84746419944247,-6.2249192994915967],[106.84747979928727,-6.2252317993238169],[106.84748289987215,-6.2253221992701882],[106.8474871997222,-6.2254312994257877],[106.84751739976468,-6.2259260995760455],[106.84752279972832,-6.2263260992205005],[106.84752209924636,-6.2265226999933798],[106.84752079994951,-6.2267053995622694],[106.8475166994088,-6.2268866993448446],[106.84751739948859,-6.2269553996568439],[106.84751409989479,-6.2270579992617794],[106.84751069932554,-6.2272032991841684],[106.84750869973249,-6.2272626996974045],[106.84749999945734,-6.2273625993996209],[106.84748589970701,-6.2274939991248246],[106.84747889986397,-6.2275752996797609],[106.84747179945339,-6.2276435996381565],[106.84746549929213,-6.2277417992467567],[106.84744749950363,-6.2279820999831346],[106.84742629953791,-6.2282249996408714],[106.84741699928173,-6.2283408996959801],[106.84740929998452,-6.2284280996470844],[106.84739449976178,-6.2285849992091427],[106.84737379969738,-6.228787399696615],[106.84736429992182,-6.2289190997825523],[106.84729369995574,-6.2293553991631887],[106.84724929929592,-6.2295759993643882],[106.84719489969501,-6.2298467993271096],[106.84717779988864,-6.2299090999391078],[106.84702889959846,-6.2302870992472723],[106.84686399977386,-6.2305716000112232],[106.84685209997605,-6.2305879997941824],[106.84680429967955,-6.230642599577088],[106.84671579929955,-6.23072839987117],[106.84658139927353,-6.2308588999300154],[106.84633999928906,-6.2310692993483485],[106.84616699952915,-6.2312208993295215],[106.84613129944819,-6.2312520994894456],[106.84598749980205,-6.2313781992726298],[106.84589169966068,-6.2314621995516317],[106.84565099962373,-6.2316731994366652],[106.8455653994273,-6.2317507995758161],[106.84538809963487,-6.2319303992310386],[106.84532989972382,-6.2319834991880061],[106.84511649930772,-6.2322048998367423],[106.84499239955505,-6.2323684994384445],[106.84478869918308,-6.23266879956038],[106.84468989992843,-6.2328166993297565],[106.8446711999855,-6.2328446997942644],[106.84463899922667,-6.2328999998957855],[106.84460639947974,-6.2329566992269694],[106.84458589919774,-6.232990499874635],[106.84449579918908,-6.2331906994695077],[106.84446209954172,-6.2332873992295355],[106.84444159919701,-6.2333517000274643],[106.84438969946984,-6.233519399623904],[106.84435759914317,-6.2336512992060849],[106.84434450000913,-6.2337252992949104],[106.84431169927649,-6.2339067992281159],[106.84430229988908,-6.2340003994850139],[106.8442974994494,-6.2340471995155999],[106.84428949950097,-6.2341779994042179],[106.84428979970562,-6.234222799659336],[106.84428979985734,-6.2342380999124876],[106.84429049976484,-6.2348962996211954],[106.84429329997039,-6.2355674992612649],[106.84429309924172,-6.2356612996977141],[106.84429229943936,-6.235998599805038],[106.84429219989164,-6.2360698997753232],[106.84429179995607,-6.2362131993419396],[106.84429339918898,-6.2364584996398751],[106.84429349920254,-6.2366620997339064],[106.84430069941948,-6.2367429998781212],[106.84430409915439,-6.2367816997364089],[106.84433959919141,-6.236993999632042],[106.84447279929958,-6.2373668994516098],[106.84452069973645,-6.2374900994017892],[106.84461050002437,-6.2377469995410548],[106.8446712993171,-6.237902999830629],[106.8447454999785,-6.2380468997648162],[106.84481309980771,-6.2381740993933441],[106.8449545993526,-6.2384006997343189],[106.84505959979117,-6.2385538995092187],[106.84530529991275,-6.238912599944797],[106.84538439985641,-6.2390285999518422],[106.84545549989605,-6.2391765991702091],[106.84549699943568,-6.2392938999803436],[106.84552400002354,-6.2394692997465357],[106.84553019983332,-6.2395817992725213],[106.84551919930232,-6.2396860995513128],[106.84549839949887,-6.2397721999233786],[106.84546799934003,-6.2398799000292868],[106.84545559962214,-6.239923899359276],[106.8453442992369,-6.2401886991891127],[106.84516399917328,-6.2405579998545644],[106.84505949942309,-6.2407540992561428],[106.84495379951596,-6.2409330997186867],[106.84473189973369,-6.2413032993285995],[106.84464339939132,-6.2414334996981893],[106.84453699945908,-6.2416023000254262],[106.84450519920028,-6.241653099741777],[106.8444724998991,-6.2417087995539831],[106.84442689929119,-6.241786799647576],[106.8443781994859,-6.2418683992206683],[106.84437260003915,-6.2418765997079531],[106.84429209951452,-6.2420031996905374],[106.84424849945566,-6.2420641999251512],[106.84419079972764,-6.2421574992570186],[106.84411969942562,-6.2422788999123835],[106.84402320003369,-6.2424801991564953],[106.84399499956703,-6.2425294998135961],[106.84395069927416,-6.2426147991806147],[106.84387649929022,-6.2427618997920202],[106.84383509917757,-6.242843799287753],[106.84369829954142,-6.2431947992226382],[106.84357819945438,-6.2435187993026489],[106.84356039945607,-6.2435628998533188],[106.84341429961114,-6.2439105996423816],[106.84336999990325,-6.2440252997077446],[106.84331639943343,-6.2441932993516485],[106.84324829920075,-6.2444145996166824],[106.84321989948955,-6.244510299952938],[106.84317439924723,-6.244654799142614],[106.84314309923326,-6.2447543993505388],[106.84312959938046,-6.2447995996793644],[106.84311769996339,-6.2448471994720762],[106.84309109915205,-6.2449291999536127],[106.84305489929363,-6.2450512993653975],[106.84301399957326,-6.2452323992787901],[106.84299079984879,-6.2453642995045549],[106.84295759960196,-6.2455529999788206],[106.84292849993278,-6.2457063992875499],[106.84290069962515,-6.2458623998510436],[106.84288459992155,-6.2459929994348107],[106.84287049948301,-6.2461323000230218],[106.84286709993643,-6.2461809993513375],[106.84285999957632,-6.2463301995218874],[106.84284939955944,-6.2465531998643096],[106.84283759935244,-6.2468021991297178],[106.84282830003889,-6.2472184997420701],[106.84282559923918,-6.2473759991867706],[106.84282419976273,-6.2474658996836672],[106.84282149987013,-6.2476313991707526],[106.84281559951063,-6.2478213991502747],[106.84280609942067,-6.2481293997074081],[106.84280139939113,-6.2482830996300436],[106.84278750003693,-6.2488128997755972],[106.8427872995689,-6.2488291998410581],[106.84278429974574,-6.248952599792748],[106.84277420002962,-6.2493269997266312],[106.8427716994093,-6.2494419991477317],[106.84276909940752,-6.2495569998267841],[106.84276659923444,-6.2496697994157637],[106.84273549914269,-6.2501055996784771],[106.84272199991182,-6.2502575998731285],[106.84268729919484,-6.250763599392025],[106.84267479991144,-6.2509469995046105],[106.84266379924264,-6.251106799303443],[106.84265719971728,-6.251203599617889],[106.84263449969694,-6.2514314995625533],[106.84262499930122,-6.2515291997457965],[106.84258999953659,-6.2518895992090551],[106.84258759963228,-6.2519140996128044],[106.84258259944266,-6.2520090995610706],[106.84257409957843,-6.2521713996557748],[106.842570799773,-6.2523873997031929],[106.84256809942588,-6.2526127991458775],[106.84256699999065,-6.2527023993115485],[106.8425456991485,-6.2529925993958955],[106.84251939962451,-6.2533216996682182],[106.842519899953,-6.2535326999279777],[106.84252929922212,-6.2536460997526371],[106.84254529968138,-6.2538161991514025],[106.84259819988858,-6.2540946995392153],[106.84265219986429,-6.2543081993308078],[106.84282779934608,-6.2548443999006658],[106.84293659926254,-6.255164299217717],[106.84300929954816,-6.2553792992944803],[106.8430280991891,-6.2554664995914155],[106.84305339957598,-6.2555835000028459],[106.84307009970132,-6.2556609996520924],[106.8430971993858,-6.2558379000037192],[106.84313729920666,-6.256026299991678],[106.84319299931451,-6.2562885000077699],[106.84319609965598,-6.2563029991406944],[106.8432700997808,-6.2566507998701644],[106.84329440004177,-6.256774999978572],[106.84331139979287,-6.2568618991312439],[106.84331329980284,-6.2568718997436079],[106.84339649999765,-6.2572971992088329],[106.84347199979624,-6.2576831999751921],[106.84349879968119,-6.2578138994338159],[106.84351619976064,-6.2579164997554226],[106.84352229965617,-6.2579924994803937],[106.84352559924946,-6.2581150996660373],[106.84352349973778,-6.2581383991898187],[106.84351289951042,-6.2582567995125968],[106.84349049916165,-6.2584546991340604],[106.84342909944809,-6.2589389992023756],[106.84340759963175,-6.2591215999413601],[106.84337539925269,-6.2593609998190782],[106.84334729938854,-6.2595841998748343],[106.84331299941181,-6.2600413992703343],[106.84325289978165,-6.260846899745907],[106.84322389918168,-6.2614992993582597],[106.84323359937861,-6.2619354996596677],[106.84323729943094,-6.2621010995362099],[106.84326399942853,-6.2625835992636167],[106.84328639963985,-6.2629432997763468],[106.84328750000867,-6.2629586992344395],[106.84329279935082,-6.2630299992045977],[106.84329979980419,-6.2631248999896965],[106.84335099918366,-6.2638188995167043],[106.84336589930302,-6.2639602998720534],[106.84338209972447,-6.2640926992284065],[106.84340499945654,-6.2642441998937697],[106.84341429997585,-6.2642786999140219],[106.84342559927973,-6.2643193999900211],[106.84351889924926,-6.2645127998927181],[106.84381749927985,-6.2651202999350621],[106.84399109935373,-6.2654733999323113],[106.84407669987382,-6.2656475996576591],[106.84411219932571,-6.2657197997169165],[106.84423390001541,-6.2659673998613785],[106.84436089933206,-6.2662177995848083],[106.84441439936563,-6.2663139996711328],[106.84465779991513,-6.2667199994437457],[106.84504189983909,-6.2672834999332236],[106.84541639914318,-6.2677947993365208],[106.84553729940114,-6.267958799232014],[106.84569589962103,-6.2681717994120172],[106.84579069987012,-6.2683305999332823],[106.84580809969179,-6.2683630993408848],[106.84586809979731,-6.2684754996194485],[106.84600569955541,-6.2687522997841212],[106.84603359965382,-6.2688175995431283],[106.84621309944873,-6.2692373997956574],[106.84632589920972,-6.2694931993518743],[106.84634359930391,-6.2695480991720247],[106.84635929979726,-6.2695970991447334],[106.84648079956412,-6.2701294997688741],[106.8465028992336,-6.2702282991879228],[106.84655729997939,-6.2707308998885223],[106.84656250001569,-6.2709372997864037],[106.84656469941422,-6.2710240996626698],[106.84656789951538,-6.2711520995461507],[106.84656719915705,-6.2713987997167404],[106.84656569951608,-6.2715423993826631],[106.8465638996401,-6.2717192994584323],[106.8465631999033,-6.2718033997750871],[106.84653939919701,-6.2726578998155045],[106.84653869965223,-6.2727268997306229],[106.84652259933296,-6.2731785995113079],[106.84651359993757,-6.2734309998275064],[106.84649479965964,-6.2737722992823777],[106.84648949921757,-6.2738125992530085],[106.84639889921095,-6.2742828998807978],[106.84638689918847,-6.274346200020771],[106.84613000002253,-6.2755812995275706],[106.84588599956305,-6.2767689991747568],[106.84581979968459,-6.2770872994184437],[106.8457509996702,-6.277391099760286],[106.84543049973712,-6.2787919994512968],[106.84510409924684,-6.2802189998266229],[106.84458249981634,-6.2831023994510815],[106.84456919986144,-6.2831760993925068],[106.84450189946239,-6.2835822991362464],[106.84425689982618,-6.2849807997118248],[106.84417969924601,-6.2853961999431291],[106.84387759954768,-6.286561999960151],[106.84381329935979,-6.2868169997820553],[106.84359269932395,-6.2878333998800793],[106.84356149996438,-6.288003399319062],[106.84355779914432,-6.2881119995523145],[106.84356019959392,-6.2882459996916413],[106.84357429938262,-6.2884197995666735],[106.84357929949351,-6.288492999178624],[106.84357389966505,-6.2885504994405368],[106.84355649930711,-6.2886011993410884],[106.84283089927209,-6.2904074997655988],[106.84260429940184,-6.2909552993781332],[106.84252189923927,-6.2911587996927665],[106.84228509941579,-6.2917431996664783],[106.84208119938449,-6.2922403991868183],[106.8417405992185,-6.2930548995752273],[106.84149789985156,-6.2936999997559147],[106.84121629992967,-6.294546799575353],[106.84113289992297,-6.2947975993671417],[106.84104059984907,-6.2950716991939508],[106.84097479938498,-6.2953169992981106],[106.8409516995664,-6.2954161996719886],[106.84088890001539,-6.2957145997577877],[106.84081519984733,-6.2960647998497237],[106.84069329962051,-6.2967709998534289],[106.84065969956657,-6.2969858996773338],[106.84063040001178,-6.2971956993193379],[106.84061679968931,-6.2972811997755755],[106.84057039946094,-6.297750499512242],[106.84049589964167,-6.2983438998768992],[106.84048219943821,-6.2984643999604444],[106.84041519999715,-6.2990898997334783],[106.8403035999844,-6.3003570997917766],[106.84028429925712,-6.3005750993291443],[106.84026199926507,-6.3008440997557003],[106.84023139979456,-6.3011039992258073],[106.84012819922719,-6.3019541993675645],[106.84008789999427,-6.3022550998335261],[106.84004749977169,-6.3025575992222072],[106.84000089961046,-6.3028423997992586],[106.83999589970989,-6.3028728995091079],[106.83992889922916,-6.3032841994752919],[106.83989509946156,-6.3034913993574238],[106.83987019942737,-6.3036210999918616],[106.83986089933421,-6.3036708997882984],[106.83978859927618,-6.3040822998664172],[106.83941709984214,-6.3060449998649242],[106.83926669949182,-6.3070496995932244],[106.83918599956098,-6.3075145999018769],[106.83914059933232,-6.3077683998311684],[106.83913139933514,-6.3078201993059224],[106.83862289978066,-6.3108768996100366],[106.83803209915783,-6.3142305992660672],[106.83797629914841,-6.3146687997010567],[106.83791749985943,-6.3150385998671918],[106.83784209915882,-6.3155594993262953],[106.83782589966444,-6.315642399686233],[106.83767829925381,-6.3164813995808329],[106.83767079971909,-6.3165269995688016],[106.83754929962771,-6.3172631996998874],[106.83747549932707,-6.3177100995023867],[106.83736499972701,-6.3183794991634805],[106.8373553000298,-6.3184384994172564],[106.8373196995002,-6.3186537991335214],[106.83717029927413,-6.319559299698831],[106.83702019996991,-6.3200971993414852],[106.83695239991494,-6.3203335994062932],[106.83692339961783,-6.3204348995716932],[106.83689529928404,-6.3205225997326151],[106.83678309969952,-6.320869899648982],[106.83662659989062,-6.3212527993293932],[106.83661559920426,-6.3212803998409335],[106.83654939945313,-6.3214463996381438],[106.83648849969023,-6.3215900993864045],[106.83641689935178,-6.3217388993475705],[106.83640249997427,-6.3217677993987484],[106.83630539979072,-6.3219619998525971],[106.83628620003356,-6.3219931998725665],[106.8358743999172,-6.3226624995455234],[106.83572219996591,-6.3228896995095782],[106.83550139928775,-6.3232192997376826],[106.83525549974718,-6.3235909997136961],[106.835183799486,-6.3237005999395626],[106.83501999929371,-6.323942399700675],[106.83483189914955,-6.3242016994717574],[106.83470649944491,-6.3243559995382874],[106.83455670000643,-6.3245673997059777],[106.83452229922057,-6.3246267991598231],[106.83440209949572,-6.3248344998597723],[106.83431759997029,-6.325003799391312],[106.83424509960781,-6.325180799841803],[106.83417679959007,-6.3253449996576521],[106.83412309977075,-6.3255002997742631],[106.83407179985386,-6.3256708998495172],[106.83403369941482,-6.325810299394397],[106.83396669915896,-6.3261175996831325],[106.8339043994846,-6.3264393997748769],[106.83386259926016,-6.3266753999222898],[106.83384279929794,-6.3269018991866215],[106.83384279925338,-6.3269351996189078],[106.83384069949705,-6.3271743996093122],[106.83385959992268,-6.3274876996100664],[106.83388430003021,-6.3277588992397735],[106.83392129971315,-6.3279527998831213],[106.83398629965387,-6.3282540997212813],[106.83403799976833,-6.3284320992959735],[106.83408019974956,-6.3285353994891196],[106.83410339952377,-6.3285917998874179],[106.83414459981691,-6.3286852997286998],[106.83419559984816,-6.3287905995737219],[106.83424179958087,-6.328877999417279],[106.83429949994536,-6.3289692998847125],[106.83450739978548,-6.3292951998087625],[106.83473529986685,-6.3296623998909958],[106.83490499935294,-6.3299388997763728],[106.83496199941681,-6.3300175994199952],[106.83503579959364,-6.3301301992129311],[106.83506729977353,-6.3301808992530981],[106.83511759929792,-6.330268899277721],[106.83516919971004,-6.330368799840989],[106.8352234996438,-6.3304840996268013],[106.83528049944533,-6.3306020996405445],[106.83534899962433,-6.3307819997178809],[106.83537069999795,-6.3308438998979044],[106.83538269951987,-6.3308779996528965],[106.83550509954063,-6.3312652999726433],[106.83557419981707,-6.3314824991687679],[106.83560929956934,-6.3316147999489631],[106.83563929918137,-6.3317476992301591],[106.8356566999708,-6.3318589991635026],[106.83566469919145,-6.3319289993482943],[106.83566339968536,-6.3320082992030455],[106.83564329919398,-6.3321903000142399],[106.83563319989548,-6.3322975995221151],[106.83563179924187,-6.3323341996449436],[106.83562919956438,-6.3323994994919959],[106.8356304995441,-6.3325287995095394],[106.83563589925961,-6.3327533993766068],[106.83563919973329,-6.3328866995800066],[106.83564389961464,-6.3330786995401223],[106.83564599957504,-6.3335624998673037],[106.83565399946946,-6.3339893992115348],[106.83564659986922,-6.33434429922516],[106.8355868992241,-6.3345648997034205],[106.83552249929585,-6.335090799937344],[106.83541229999111,-6.3354211991471008],[106.83528189977545,-6.3357711997997459],[106.83488629927928,-6.3374279998785772],[106.83474139931457,-6.3380517996699766],[106.83462339929537,-6.3385462991256514],[106.83457859919253,-6.3387143999883024],[106.83457339932022,-6.3387358995442415],[106.83456789953613,-6.3387581994424034],[106.83435279946997,-6.3397469997394236],[106.83434929925545,-6.3397599995536185],[106.83402389994671,-6.3409661998786646],[106.83388669981247,-6.3415723993230078],[106.8337830997117,-6.3420297998466753],[106.8337272994076,-6.3424067992273798],[106.83362759959579,-6.3430801992778365],[106.83355629960465,-6.343889199644372],[106.83351260003963,-6.3441784992085175],[106.83350809920006,-6.3442279992178277],[106.83349079930542,-6.3444284000212932],[106.8334519992448,-6.3448082995398627],[106.83342109938417,-6.3450894995186271],[106.83341439927722,-6.3451707995807762],[106.83339629920306,-6.3453306993241734],[106.83337819931387,-6.3455386997694108],[106.83329699949525,-6.3461897992547813],[106.83322659931338,-6.3468674999718901],[106.83319709940224,-6.3471693995179583],[106.83313909952568,-6.3477451993987319],[106.83309389922124,-6.3481303992675224],[106.83300399948183,-6.3486336000298129],[106.83283369979017,-6.3494945998405727],[106.8327725994094,-6.3498238999588352],[106.83270419981,-6.3503343999594239],[106.83268829987657,-6.3504422997286181],[106.83250239934119,-6.3518439999996303],[106.83238099956372,-6.3527016993954764],[106.83231849946776,-6.3532468994882771],[106.83229269996463,-6.3534142995251273],[106.83224729940201,-6.3535755998674368],[106.83220399983986,-6.3538596992906298],[106.83207399946582,-6.3544643993636747],[106.8320138999012,-6.3549000992518385],[106.83200449977892,-6.3550940996561192],[106.83200869936718,-6.3552140992489425],[106.83202639914305,-6.3555613999277476],[106.83202933165984,-6.3556055417719843]],[[106.8438178997481,-6.2158642998535871],[106.84366689970807,-6.2156237998040131],[106.84353029980798,-6.2154180995707904],[106.84342139939378,-6.2152541998609117],[106.84338879917027,-6.2151764993213963],[106.84336939996376,-6.2150886993452978],[106.84336669932532,-6.2150224994975964],[106.84337529937454,-6.2149577991331117],[106.84344939937159,-6.2147208991758616],[106.84345369919163,-6.2147050992770643]],[[106.84345369919163,-6.2147050992770643],[106.84343339992984,-6.2146911998074694],[106.84341479936677,-6.2146762998357357],[106.84340319949905,-6.214664899888187],[106.84339419973935,-6.2146531997302619],[106.84338749921869,-6.2146398993234513],[106.84337199920054,-6.2145981999482309],[106.84351919943668,-6.2141413991295096],[106.84382199973265,-6.2132019996007006],[106.84426279933922,-6.2119084994394012],[106.84453419951768,-6.2111829992807062],[106.84527559997389,-6.2093463994822269],[106.84537929951989,-6.2090961992926692],[106.84538709949157,-6.2089327996338302],[106.84537509972756,-6.2088129999877895],[106.84534559997081,-6.2087036999397407],[106.84526689927009,-6.2085966998459918],[106.84513909941865,-6.2085175998232698],[106.84498559992909,-6.2084451996988168],[106.8430387991433,-6.2077872998538073],[106.84165129969159,-6.2073194996013337],[106.84148169954204,-6.2072802991455642],[106.84113089965496,-6.2071558991594928],[106.84101909997503,-6.2071159992852385],[106.840924700031,-6.2070699999386036],[106.83973729932842,-6.2066698996791327],[106.83975019960479,-6.2066319991940295],[106.84008789919221,-6.2067458996304969],[106.84092480000612,-6.2070248997861235],[106.84096799918086,-6.2070363997241866],[106.84103029930964,-6.207050899255079],[106.84108509978137,-6.2070682992036792],[106.84115249948582,-6.207091999856682],[106.84143609962371,-6.2071914996183741],[106.84156089935777,-6.2072336995710176],[106.84164489934324,-6.2072697999891453],[106.84173629918365,-6.2073033999391809],[106.84209369946973,-6.2074213993992631],[106.84255009956451,-6.2075749999415883],[106.84297189935518,-6.2077184998055994],[106.84451209927937,-6.2082457993673801],[106.84521759956584,-6.2084753991312098],[106.84530479933255,-6.2085081992353253],[106.84541049964503,-6.2085575994480617],[106.84578204603605,-6.2086447815203742]],[[106.84345369919163,-6.2147050992770643],[106.84352359920842,-6.2145375995601251],[106.84363519995253,-6.2142857993288754],[106.8441674999122,-6.2130648998396429],[106.84420909983305,-6.212963099576478],[106.84428209931576,-6.2127864995185265],[106.84437689981269,-6.2125654994946427],[106.84452869955771,-6.2121776994023286],[106.84464469915144,-6.2118782995323656],[106.84534539939983,-6.2098761995001199],[106.84550839987503,-6.2094059992826915],[106.84553219957485,-6.2093385994755241],[106.84561899914536,-6.2092138991720214],[106.84568499997044,-6.2091307996522538],[106.84574429974015,-6.2090676991912819],[106.84581949997255,-6.2090009998467526],[106.8459114000313,-6.2089404999552418],[106.84602040003801,-6.2088967994401338],[106.84614559939695,-6.2088740994501537],[106.84626429980841,-6.2088930995228608],[106.84635087443888,-6.2089087785481603],[106.84647649948153,-6.2089354000136661],[106.8467561996967,-6.2089687993402478],[106.84687579934865,-6.2089660998271974],[106.84692559989634,-6.2089745996505066],[106.84701559923855,-6.2089867991379579],[106.84710749975511,-6.2089956999155964],[106.84717879956452,-6.208995399498118],[106.84724559996812,-6.2089815993458037],[106.84735509991287,-6.208945299219522],[106.84739499949944,-6.2089289998241988],[106.8474906992825,-6.2088899991949837],[106.84783739976234,-6.2087733994323395],[106.84787059933007,-6.2087638992001617],[106.84790149961617,-6.2087551999448518],[106.84793849979951,-6.2087424992647575],[106.8480409994616,-6.2086720000104307],[106.84812249953939,-6.20861989965164],[106.84815389968907,-6.2086034996960446],[106.84828959944008,-6.2085171999607454],[106.84831669950626,-6.2085011992860988],[106.84861569931661,-6.2082731993438731],[106.84873479917349,-6.2081835000069532],[106.84885139966775,-6.2080659991681841],[106.84888919986787,-6.2079930992467158],[106.84890790002999,-6.2079443999484178],[106.84891860000442,-6.2078775992376869],[106.84891099945025,-6.2077494996911451],[106.84886139934173,-6.2074564992927295],[106.84885999997255,-6.2074111993312604],[106.84884889954532,-6.2072890993620113],[106.84884569972485,-6.2071694998335882],[106.84885059952893,-6.2070687997439222],[106.84886069946901,-6.2069731999547404],[106.84887429940619,-6.2068837995333936],[106.84888579953241,-6.2068111994485022],[106.84890909937354,-6.206664599501031],[106.8489367996263,-6.2063499999016969],[106.84890569963795,-6.2063202992005087],[106.84888249965292,-6.2063089995381242],[106.84884329929207,-6.2062992991554236],[106.84881189990961,-6.2062979992243257],[106.8487705995534,-6.2063078993671814],[106.84876699979094,-6.2063331995483484],[106.84874999932435,-6.2064553000191101],[106.84871279952711,-6.2067736995556961],[106.84870419996361,-6.2068472000041179],[106.8487034997118,-6.206961699224963],[106.84871179937517,-6.2070674997132809],[106.84873579955445,-6.2072040998979272],[106.84878099987759,-6.2074261995559903],[106.84885559935827,-6.2077778000032087],[106.84885659966943,-6.2078381999649617],[106.84884789998557,-6.2079050000137412],[106.84883819999175,-6.2079386000128753],[106.8488168997315,-6.2079963997466034],[106.84876659950493,-6.2080652999197232],[106.84858129971803,-6.2082289992802044],[106.84826769955976,-6.208429499459152],[106.84790369952646,-6.2086193997031973],[106.84779579995023,-6.2086712992691044],[106.84762470000697,-6.2087285994284693],[106.84735339960935,-6.2088208995810392],[106.84721039991797,-6.2088655996753426],[106.84713999958279,-6.2088732993372],[106.84704689953355,-6.2088833992089043],[106.84691368737327,-6.2088739699038369],[106.84673038945084,-6.2088540480386261],[106.8465277433275,-6.2088382270899869],[106.84633672219792,-6.2087951537984596],[106.84578204603605,-6.2086447815203742]],[[106.84574667209881,-6.2086351914713358],[106.84578204603605,-6.2086447815203742]]]},"properties":{"FID":18,"ID":"BRT_19","GEOM_ID":"BRT_19_REG","LINE":"19","NAME":"Manggarai - Universitas Indonesia","MODE":"BRT","CLASS":"Koridor Utama","STATUS":"Rencana","COLOR":"#993355","ROUTE_VAR":"REGULAR","SOURCE":"RTRW DKI Jakarta","REMARK":"Trase rinci diinterpretasikan untuk keperluan visualisasi","ALIGNMENT":" ","DIV_ID":" ","DIV_NOTE":" ","DIV_SRC":" ","VALID_FR":" ","VALID_TO":" "}},{"type":"Feature","id":19,"geometry":{"type":"MultiLineString","coordinates":[[[106.90874909935377,-6.1816279996371577],[106.90882189983461,-6.1817523999383184],[106.90886259981062,-6.1819203997728209],[106.90884999982507,-6.1820074994154197],[106.90882390000195,-6.1821574992162027],[106.90878669919402,-6.1822996991598984],[106.90874569970435,-6.1823839994557943],[106.90872119977655,-6.1824359991250049],[106.90870269993684,-6.1824533996025934],[106.90861019916696,-6.1825119995666],[106.90861169924864,-6.1825813999108163],[106.90862229978114,-6.1826604996430206],[106.90869330000271,-6.1831818991848877],[106.90872279935587,-6.1833789998617021],[106.90872979969856,-6.1834043998193806],[106.9087568994342,-6.1834341994057809],[106.9088051992394,-6.1834694995163204],[106.90885459962914,-6.1834826995756771],[106.90890659937497,-6.1834586997129577],[106.90914249959366,-6.1832600994112568],[106.90938439992999,-6.1830727999391115],[106.90952519942618,-6.1829479993124892],[106.90988639945516,-6.1826554992637739],[106.90991759966596,-6.1826089997358054],[106.90993670002388,-6.1825703996977381],[106.90995069995091,-6.1825101992978375],[106.90994599916627,-6.182467799754761],[106.90993709969683,-6.1824191994007265],[106.90992569951845,-6.1823959996639246],[106.90988709937903,-6.1823419998910936],[106.90982359995922,-6.1822900994808379],[106.9095423995953,-6.1821417998540937],[106.9093522994346,-6.1820254999662438],[106.90926749941872,-6.1819694998068258],[106.90919109965324,-6.1819188996660159],[106.90892859990066,-6.1817551992378981],[106.90874909935377,-6.1816279996371577]],[[106.90874909935377,-6.1816279996371577],[106.90869919933027,-6.1815975992815879],[106.90858819926763,-6.1815179993659513],[106.90845809956346,-6.1814426993454958],[106.90813929999894,-6.1812670996247903],[106.90793459971468,-6.1811462991439043],[106.90732469962086,-6.1807950995680585],[106.9069934996661,-6.1806426991785202],[106.90664239955925,-6.1805121993056673],[106.90583979949855,-6.1802176997573497],[106.90493719978429,-6.1798683994430803],[106.9037361996659,-6.1794064997965279],[106.90296689967755,-6.1791024997735349],[106.90217839944233,-6.1787974992736281],[106.90166799934502,-6.1786081996575604],[106.901489099505,-6.1785516998536991],[106.90126469947933,-6.1784841992983388],[106.9009603995064,-6.178423900023347],[106.90074999980891,-6.1784027991811286],[106.90014669957941,-6.1783460997116322],[106.89961729929064,-6.1783050998661793],[106.89886370003882,-6.1782544998368394],[106.89855409964906,-6.1782303997736676],[106.89824439986234,-6.1782062998721017],[106.89752789982333,-6.1781722992196819],[106.89716119974537,-6.1781694992293978],[106.89688049956067,-6.1781698993694363],[106.89672639931081,-6.1781595993869587],[106.89657709934301,-6.1781156998125084],[106.89638689917274,-6.1780363998283292],[106.89624309974084,-6.1779545998125514],[106.8961245999227,-6.1778597993362041],[106.89542239939294,-6.1772219992446367],[106.89447229949286,-6.1763493000079279],[106.89435909967784,-6.1762511998314835],[106.89419779984621,-6.1761148992042081],[106.89406889961919,-6.1760128992294767],[106.89385319930381,-6.175816199373287],[106.8935129996421,-6.1755075994734057],[106.89291609953267,-6.1749497992847751],[106.8925113998971,-6.1745861993214817],[106.89223879976356,-6.1743412994475193],[106.89191419982069,-6.174046899870973],[106.89169279938335,-6.1738215992159553],[106.89142579969024,-6.1735449994656619],[106.89129739973004,-6.1734354995423928],[106.89111749923376,-6.1733051992627566],[106.89068219923166,-6.1730041992670976],[106.89024609970096,-6.1727445995589392],[106.88918199989058,-6.1720941997672298],[106.88864519958219,-6.1717701991481135],[106.88831149996849,-6.1715687998012072],[106.88657329970368,-6.1705210997689051],[106.8863690995301,-6.170391499954178],[106.88632069986045,-6.1703622994016314],[106.88551649994645,-6.169864399213111],[106.88344479977206,-6.1685948993489887],[106.88251709922173,-6.1680312995275131],[106.88156769981958,-6.1674545998126291],[106.88144059996432,-6.1673777993528347],[106.88132259992756,-6.167314299266593],[106.88122000003665,-6.1672548993085456],[106.88109459936658,-6.167188299652139],[106.88075029954928,-6.166994299131602],[106.88007599951709,-6.1666811996582283],[106.87985619999984,-6.1666132998647072],[106.87976589960886,-6.1665901992614636],[106.87964459992037,-6.166570599473971],[106.87954699922057,-6.1665515995783835],[106.87911049935639,-6.1665015993329462],[106.87895729981835,-6.1664839997508807],[106.87893849975961,-6.1664812993608962],[106.87889179997461,-6.1664756992138905],[106.87882569972771,-6.1664674993381254],[106.87876989940906,-6.1664593996611643],[106.87871969967296,-6.1664521997408883],[106.87869209963759,-6.1664517997897974],[106.87852859967438,-6.1664431992228401],[106.87841369991264,-6.166437799720029],[106.87786299920361,-6.1663884993991473],[106.87730799960678,-6.1663649999532026],[106.87680579972027,-6.1663941994160609],[106.87654009947306,-6.1664417994140308],[106.87587599954372,-6.1666277999260046],[106.87516509959892,-6.1668397996666044],[106.87438899974075,-6.1670713000131627],[106.87404949966668,-6.1671724998757895],[106.87351859974729,-6.1673359996974568],[106.87305379974129,-6.1674790995685953],[106.87282069996661,-6.1675606996684564],[106.87277059937821,-6.1675781993604346],[106.87267999954838,-6.1676108991666752],[106.87244599933808,-6.167704199311288],[106.87230079943299,-6.1677709993999201],[106.87168799924052,-6.1680600992524433],[106.87083539964038,-6.1684621992699249],[106.87063079990639,-6.1685583991368276],[106.87045459935894,-6.168641200027082],[106.87039069981938,-6.1686704992789601],[106.87017959931575,-6.1687672996041556],[106.86859089984154,-6.1694955994848897],[106.86836319982109,-6.1695999999830065],[106.86769759916524,-6.1699173991265184],[106.86703689947848,-6.1702324993093498],[106.86678719983655,-6.1703515993417],[106.86676419997605,-6.1703618996390901],[106.8666006997712,-6.1704353992481629],[106.86652049958604,-6.1704708999398576],[106.866233599846,-6.1706004999444986],[106.86562869925291,-6.1708857994341884],[106.86539819959671,-6.1709944999361142],[106.86531779977554,-6.1710279993969266],[106.86512429929587,-6.1711137999324137],[106.86501489934972,-6.1711643999776129],[106.86487629989375,-6.17122829934425],[106.86418419934495,-6.1715501995126942],[106.86347469930348,-6.1718801996851198],[106.86323929945894,-6.1719896996626744],[106.86303389985602,-6.1720891000143752],[106.86264519958263,-6.1722772997384254],[106.86257859920909,-6.1723095996120492],[106.86253839926133,-6.172327699542393],[106.86230949940102,-6.1724305996398243],[106.86204009985551,-6.1725516991647851],[106.86187489965693,-6.1726259993165513],[106.86164779988718,-6.1727280999580785],[106.86134879914141,-6.1728624998411874],[106.8609886993637,-6.1730366999602211],[106.86093239973525,-6.1730607991228226],[106.86039339961729,-6.1732911994062079],[106.86038209993541,-6.1732953998428002],[106.86015899981288,-6.1733780999949772],[106.8600049996333,-6.1734350992911118],[106.85977500001803,-6.1735102999363676],[106.85944519972713,-6.1736179992783491],[106.85923319993594,-6.1736782996048305],[106.8588703999917,-6.1737814991284381],[106.85834169915552,-6.173901199166778],[106.85832389963173,-6.1739046998426943],[106.8582227999438,-6.173924299719431],[106.85797219975109,-6.1739729993436754],[106.85773409932233,-6.1740131995341585],[106.85757939979231,-6.1740337992665673],[106.85711869976325,-6.1740950999194979],[106.85707129960304,-6.1741013991643285],[106.85640789975633,-6.1742046995921669],[106.85551609951716,-6.174343599619931],[106.85529139967389,-6.174378599275542],[106.8552229995089,-6.1743874996249133],[106.85484559952687,-6.1744367991540798],[106.85470539920743,-6.1744519000089326],[106.85448349998808,-6.1744770993425959],[106.85267639997534,-6.1746021996568743],[106.85229309994344,-6.1746343995427537],[106.85224219915284,-6.1746381997143658],[106.85218989993723,-6.1746414993266399],[106.85190069943224,-6.1746615991777389],[106.85185299916594,-6.1746647995715307],[106.8517977993987,-6.1746720993066901],[106.85131659964293,-6.1747120000237032],[106.85089029982703,-6.1747542997692904],[106.84955379954482,-6.1748474993507898],[106.84934779948964,-6.1748450996861948],[106.84917479954527,-6.1748491991966148],[106.8475501996308,-6.1749631999525718],[106.84735149927326,-6.1749819994208792],[106.84722299916564,-6.1750189991267348],[106.84692789971018,-6.1750405996964446],[106.84631729994584,-6.1750867997494652],[106.84577799972857,-6.1751180997840152],[106.84563319961802,-6.1751406999144365],[106.84547489916008,-6.1751975993105361],[106.84536309922885,-6.1752454991665218],[106.84523719953961,-6.1753340991663208],[106.84518729936582,-6.1753837996855054],[106.8448860993899,-6.1757727998158316],[106.84467289952397,-6.1760413998994181],[106.84457129997122,-6.1761816998155155],[106.84416369980124,-6.1767256991308273],[106.84392439958481,-6.1771128995069375],[106.84387720000348,-6.1772266995735663],[106.84378469939753,-6.1773716994113101],[106.84369039952423,-6.1774867993021303],[106.84348149919822,-6.1776771993457942],[106.84321579935545,-6.1778678993040899],[106.84293689977949,-6.1780966000022204],[106.84267819918699,-6.1783065993869286],[106.84258119946196,-6.1783853999531289],[106.84254599933377,-6.1784154995527274],[106.84250369981095,-6.1784517992065844],[106.84244029947479,-6.1784840996085677],[106.8423748999943,-6.1785106998358401],[106.84230389998913,-6.1785288998645456],[106.84226359986036,-6.178530499719102],[106.84225319949184,-6.1785262997319137]],[[106.84225319949184,-6.1785262997319137],[106.84229619926089,-6.1784860998051272],[106.84240949945695,-6.1783886992502062],[106.84247369969052,-6.1783329998762042],[106.84250739927694,-6.1783036993392102],[106.84261689995304,-6.1782131998630803],[106.84280289973304,-6.1780595993580505],[106.84282769986618,-6.1780308992726418],[106.84284919996122,-6.1779844998201838],[106.8428706994921,-6.1779522993909382],[106.84287739990657,-6.1779461992747997],[106.84297079985032,-6.177861799909067],[106.84308249933287,-6.1777686996226748],[106.84325980002876,-6.1776164999027401],[106.8435618999776,-6.1772720994375163],[106.8438036997228,-6.1770201997502454],[106.84412339969401,-6.1766820998541903],[106.84453219977917,-6.1761323992582788],[106.84462679984739,-6.1759999998079707],[106.84485849988306,-6.1757122992904101],[106.84513629947833,-6.1753381996014127],[106.84519529929185,-6.1752765994602328],[106.84531929970359,-6.1751766994761397],[106.8453739992537,-6.175144599960106],[106.84560069936327,-6.1750562994745337],[106.84582289991454,-6.1750249994985893],[106.84637869946278,-6.174998199177935],[106.8469237998973,-6.1749641994027229],[106.8476081995949,-6.1749194992224261],[106.84781789946766,-6.1749015999860148],[106.84847249981067,-6.1748546993255786],[106.84912049943654,-6.1748038994773538],[106.84945449944036,-6.1747746995753801]],[[106.84225319949184,-6.1785262997319137],[106.84218649974866,-6.1785261998896885],[106.84213939972739,-6.1785087996359493],[106.84208040003955,-6.1784671998930776],[106.84203629941686,-6.178436999800681],[106.84202409969475,-6.1784239994603354],[106.84199250001274,-6.1783880995936897],[106.8419548992959,-6.1783329997348915],[106.84193069933315,-6.1782977993727854],[106.84190939999093,-6.1782679994861383],[106.84188099992144,-6.1782238994870227],[106.84181829958516,-6.1781352000207903],[106.84177259924991,-6.1780629996629841],[106.84169479969393,-6.1779710992706214],[106.84088159996969,-6.1770031994266219],[106.84076610001676,-6.1768765998685922],[106.84073069970867,-6.1768377997973403],[106.84068829958528,-6.1767914000072892],[106.8405081000281,-6.1765939992137078],[106.84043069947796,-6.1765091993582359],[106.84029439995982,-6.1763597997839952],[106.84025679972029,-6.1763185994718697],[106.84019629929855,-6.1762451996050345],[106.84009849947466,-6.1761263994023921],[106.84001829974636,-6.1760288992490473],[106.83999749983934,-6.1760036997131351],[106.83997429932811,-6.1759841993076634],[106.83993229915893,-6.1759661997490412],[106.83987279933712,-6.175940799516809],[106.83980759999503,-6.1759062995560612],[106.83974079933614,-6.1758543998980713],[106.83916149967087,-6.1752093994376196],[106.83862629949107,-6.1746117993548637],[106.8384711995468,-6.1744253994017413],[106.83834429949167,-6.174278099450305],[106.83830920001373,-6.1742700994735173],[106.8382785991509,-6.1742658995468105],[106.83825769922464,-6.1742663994212421],[106.83819329976006,-6.1742698995084879],[106.83812799939119,-6.1743073994422275],[106.83776299991609,-6.1746311997798671],[106.83713789982176,-6.1751756998596647],[106.83709519969585,-6.175212499604811],[106.83689659943514,-6.1753658995046976],[106.83675989947182,-6.1754692993839058],[106.83663169934164,-6.1755743995777834],[106.8364572994862,-6.1757061993200182],[106.8364180994563,-6.1757173998682333],[106.8363762994706,-6.1757246997588027],[106.8363528991926,-6.1757247995234366],[106.83629129993608,-6.1757001999441172],[106.8362567994813,-6.1756793992634584],[106.83620679949604,-6.1756377992227272],[106.83599619959688,-6.1753774995843287],[106.8355508000393,-6.1748415998197856],[106.83548619930457,-6.1747213999253745],[106.83539119927843,-6.1745707999974684],[106.83539009992955,-6.1745689999701199],[106.83532319927815,-6.1744692991719603],[106.83503669963119,-6.1739963991514628],[106.83477619936804,-6.173521399209676],[106.83473729953766,-6.1734504999040496],[106.83459249961771,-6.173227199783355],[106.83449659959967,-6.1730894997213568],[106.83441319990715,-6.1730222999195234],[106.83431539914682,-6.1729819999758888],[106.83419599989543,-6.1729935996918357],[106.83413249950434,-6.1730283994390902],[106.83406919996878,-6.173101099511257],[106.83345439953848,-6.1737744996490278],[106.8334000999514,-6.1738419995379559],[106.83338199973588,-6.1738671996581616],[106.83281669947417,-6.1745927000230836],[106.83280019986699,-6.1746201993568093],[106.83275469974365,-6.174716399861893],[106.83272939952394,-6.1748417997083038],[106.83272199999658,-6.1752012992430991],[106.83272319955898,-6.1752810999666394],[106.83271669990307,-6.1754033997541455],[106.83270469959848,-6.1756657999183631],[106.83269239946617,-6.1757855997616957],[106.83265769926527,-6.1758931999407878],[106.83260250002934,-6.1759602996792751],[106.83257629933172,-6.1759919997645625],[106.83247629973715,-6.1760729999475075],[106.83241059966383,-6.1761205994201305],[106.83231799993274,-6.1761555996955053],[106.83123009952391,-6.1763347996130733],[106.83119589945215,-6.1763403993439852],[106.83112479949068,-6.1763372995775967],[106.83106889994451,-6.1763189998786743],[106.8310118994666,-6.1762568995480933],[106.83096449981065,-6.1762302992135574],[106.83094719956426,-6.1762030997840043],[106.83089999984583,-6.1760934993789647],[106.83087659930385,-6.176031499466319],[106.83054999976889,-6.1749272991353905],[106.83052999950183,-6.1748501995591596],[106.83048749934557,-6.1747112994524969],[106.8304416995631,-6.1745651999156621],[106.83041289951507,-6.1744621998363414],[106.83037489948566,-6.1743682993496805],[106.83028909937696,-6.1740913996480913],[106.83010769955376,-6.1734892994662687],[106.83002489921029,-6.1731744999671037],[106.83001579918948,-6.1730863997503889],[106.83002939929059,-6.1729689995220838],[106.83005669970339,-6.1728804992740152],[106.83010469916843,-6.172763499761345],[106.83014619975575,-6.1727102993080507],[106.83020509993753,-6.1726532993648675],[106.83024019936954,-6.1726320996963864],[106.83055579983846,-6.1724589991621883],[106.83080289916774,-6.172342599675062],[106.83093649921557,-6.1722732991668181],[106.83108339995283,-6.1721951995888844],[106.83122349977788,-6.1721294996879124],[106.83142309916542,-6.1721000991735195],[106.83148979993905,-6.1720829996347675],[106.83186339941551,-6.1718893994147379],[106.83211279989501,-6.1717571993004867],[106.83225559937267,-6.1716813993501773],[106.8324425993693,-6.1715820997072797],[106.83252479945799,-6.1715366994935721],[106.83261569960194,-6.171488699668032],[106.83312979994292,-6.1711982991839136],[106.83318879916834,-6.1711678994198564],[106.83325499961757,-6.1711227992551017],[106.83329669958846,-6.1710643999194303],[106.83330879969094,-6.1710395993378597],[106.83331899940828,-6.1710185991979074],[106.83333389948854,-6.1709788999914963],[106.83333519987553,-6.1709140999054739],[106.83332569935249,-6.170857299147201],[106.83331029963153,-6.1708191997759627],[106.83315529948635,-6.1705074997194629],[106.83276179980908,-6.1697156999946401],[106.83268939940427,-6.1695646994005529],[106.83254609924751,-6.1692702997789866],[106.83249389939397,-6.1691652998566155],[106.83218389934456,-6.1685477991917992],[106.83213119985641,-6.1684429998248334],[106.8321155998089,-6.1684177999723602],[106.83206779964189,-6.1683629998044012],[106.83189649984871,-6.1682306992832423],[106.83178229943582,-6.1681574997022608],[106.83167119944864,-6.1680489995970333],[106.83163339980598,-6.1680253995961607],[106.8315879993155,-6.1680079994132484],[106.83139509941407,-6.1679981996321658],[106.83119579986192,-6.1680202992779414],[106.83082829924604,-6.1681029996215671],[106.83061339921869,-6.1681484993271738],[106.83044989936593,-6.168182999366195],[106.83031309965548,-6.1682086995215855],[106.83013869941124,-6.1682482993957137],[106.83006409935746,-6.1682463992800081],[106.82817129951633,-6.167851299146264],[106.82781179950717,-6.1677762993147667],[106.82675359970898,-6.1675531996571067],[106.82660109964092,-6.1675193992560366],[106.8263852998499,-6.1674750995704812],[106.82569609992737,-6.1673473993309926],[106.82549259958813,-6.1673205998883986],[106.82539499945074,-6.1673123998415917],[106.82540059963895,-6.1673973993247841],[106.82542359978987,-6.1676368997599411],[106.82543079987948,-6.1677598998485337],[106.82546429950071,-6.1681817996710606],[106.82546579946012,-6.1682000995523367],[106.82547419917074,-6.1683277999437678],[106.82550919944242,-6.1687456999463279],[106.8255405999202,-6.1691398993739313],[106.82554849960604,-6.169239199522849],[106.82555849986676,-6.1693643997923573],[106.82556219989817,-6.1694117993264399],[106.82557819940729,-6.1696128998773929],[106.82570429998276,-6.1711972996820919],[106.82569649940888,-6.171243099376909],[106.82568829954499,-6.1712706994032374],[106.82567869947457,-6.1712949000135495],[106.825650699363,-6.1713615993605799],[106.82560439997093,-6.1714149995684693],[106.82556269962907,-6.1714603992355137],[106.82393750001245,-6.1714557999242743],[106.82372649919029,-6.1714584993557082],[106.82346959919801,-6.1715735994148986],[106.82335399938523,-6.171653699394426],[106.82324019970321,-6.1717793998286083],[106.82322459937188,-6.1718068995230055],[106.82309279917695,-6.1721202998247122],[106.82304020003198,-6.174260699867375],[106.82303509927908,-6.1745139996382932],[106.82302639961995,-6.1748085991306425],[106.82299499936585,-6.1756677995746827],[106.82298589926774,-6.17617749938006],[106.82289859964794,-6.1796194999702152],[106.8229130998044,-6.1798466994913497],[106.82294229916465,-6.1800208991544991],[106.82299589951066,-6.1801939997480417],[106.82306359962854,-6.1802955000164843],[106.82309339949796,-6.1803241994335281],[106.82317779935556,-6.1803508996180199],[106.82322389941623,-6.1803648999970733],[106.82331179946362,-6.1803950999703829],[106.82351159930965,-6.180415599457433],[106.82373669937158,-6.1804139999165955],[106.82417229976312,-6.1804550991715246],[106.82437699917534,-6.1804492998475666],[106.82489139984233,-6.1804540993846899],[106.82504139986628,-6.1804589995180663],[106.82520309961905,-6.1804649996013268],[106.82621219956258,-6.1804117997253343],[106.8263631992134,-6.1804078993413327],[106.82660649981688,-6.1803994999543761],[106.82724099996494,-6.1803711995527806],[106.82760389998396,-6.1803396992689272],[106.8279784997423,-6.1802795992991832],[106.8296206991493,-6.1801986999776659],[106.83090689940747,-6.180136799774175],[106.83097189924371,-6.1801186995210742],[106.8310286994415,-6.1800913995228939],[106.83106829988014,-6.1800335995652063],[106.83108819952105,-6.1799212997906352],[106.83108169932797,-6.1797176999709791],[106.83106909932991,-6.1796336996935111],[106.83102829947325,-6.179532899366734],[106.8309589993064,-6.1794224999460994],[106.83088069956409,-6.1793434999300416],[106.83055379979442,-6.1790144996612639],[106.83047149934617,-6.1788927993285938],[106.83045779930205,-6.1788332995201358],[106.83045249940665,-6.1787943000235259],[106.83047099963073,-6.1787247995317784],[106.83050749976309,-6.1786725998887846],[106.83056439997171,-6.1786370996964592],[106.8305777999517,-6.1786297993919561],[106.8306125996117,-6.1786195998761855],[106.83063269962207,-6.1786175993678967],[106.83067559915793,-6.1786143991855624],[106.83072209928946,-6.1786283993296252],[106.83073289999629,-6.1786399997400281],[106.83074889948659,-6.1786574991556336],[106.83106349962219,-6.1789496994043702],[106.83126449972622,-6.1791374998568926],[106.83131309975812,-6.1791633997340796],[106.83136399951456,-6.179174199250383],[106.83150470001289,-6.1791623997903571],[106.83175669954454,-6.1791571997791834],[106.83177989937968,-6.1791575999625366],[106.8318158997962,-6.1791581992723081],[106.83184399927092,-6.1791578999224157],[106.83190209933275,-6.1791930998664384],[106.83197120001898,-6.1792657000166287],[106.83210199918977,-6.1796696996158857],[106.83216079977643,-6.1798535998201487],[106.83229729956156,-6.1802970991472534],[106.83254189990259,-6.1809694999765838],[106.8327773994132,-6.1815606993519054],[106.83289499997232,-6.1817880996551935],[106.83302309932623,-6.1820114998022859],[106.83310169950022,-6.1821386995931107],[106.83317479963665,-6.1822409993837937],[106.83332529990901,-6.1824110999190225],[106.83334749998187,-6.1824314991761753],[106.83346699968661,-6.1825404996683346],[106.83349839987943,-6.1825651999570823],[106.83359390002198,-6.1826304996570229],[106.83364569997599,-6.1826497000021163],[106.83384389978988,-6.1827023991664305],[106.83398839977451,-6.1826860991866397],[106.83414389987388,-6.1826492998296771],[106.83426799985233,-6.1826074993587667],[106.83464130002676,-6.1824717000095575],[106.83483859934978,-6.1824041997494987],[106.83498399971671,-6.1823453995369846],[106.83505989998059,-6.1823234997614804],[106.8352034000136,-6.1822721998204884],[106.83551989948575,-6.1821573992698404],[106.83581479963232,-6.182060499788065],[106.83620589924976,-6.1819178993059722],[106.83651629985934,-6.181758299697151],[106.83675839934023,-6.1816397999241985],[106.83691019991289,-6.1815450997660264],[106.83706799952199,-6.1814975999647004],[106.8372629999767,-6.1814377996058738],[106.83747400001602,-6.1813794999541756],[106.83778069985914,-6.1813045997314475],[106.83820539930116,-6.1811838993094739],[106.83838969985641,-6.1811305995144039],[106.83852759977333,-6.1810832992860014],[106.83860119922036,-6.1810581999676515],[106.83866509983426,-6.1810334994801224],[106.83876499930909,-6.180977299822132],[106.83878659982122,-6.1809655993055799],[106.83887119990391,-6.1809196994991566],[106.83911409953816,-6.1807446992207815],[106.83952699951368,-6.180468799532207],[106.83962090001353,-6.1803916999012358],[106.83982319989826,-6.1802253996896184],[106.84019339921872,-6.1799213000275017],[106.84050509953795,-6.1796651997395884],[106.84068129949907,-6.1795210993104206],[106.84116339985513,-6.1791971993761763],[106.84125069944884,-6.1791323992239313],[106.84134859947096,-6.1790598995403343],[106.84181559955812,-6.1787460995452648],[106.84190249919243,-6.1786889996932359],[106.84194329931859,-6.1786639992048435],[106.84200689919129,-6.1786305995937028],[106.84208539953852,-6.1785935995050068],[106.84225319949184,-6.1785262997319137]],[[106.8494551992473,-6.1747745994942989],[106.84952319940766,-6.1747692998052344],[106.85003419957604,-6.1747276993825153],[106.85114509922994,-6.1746389997611573],[106.85225939922549,-6.17457239916547],[106.85330619939344,-6.174497499768222],[106.85427389989633,-6.1744186995499604]],[[106.85429569977447,-6.1744156995233084],[106.8544353995153,-6.1744177000014133],[106.85466189929303,-6.1743855994795922],[106.85469620001436,-6.1743805992597345],[106.85498959967805,-6.1743383992128997],[106.85521549946122,-6.174307599845406],[106.85528989920374,-6.174297399194586],[106.85569329950607,-6.1742491994937154],[106.85607509952717,-6.1741938994483689],[106.85672489940009,-6.1740998991390938],[106.85702899943112,-6.1740558994203525],[106.85712039960032,-6.1740407992422774],[106.85756619915122,-6.1739671998074641],[106.85787229954445,-6.1739165995379608],[106.85820669965187,-6.1738603993920265],[106.85835389937006,-6.1738318998355908],[106.85862499972467,-6.1737800995329621],[106.85882579917086,-6.1737311992861805],[106.85910459936787,-6.1736633999157107],[106.85921209926784,-6.1736335994238516],[106.85942829986055,-6.173573799803421],[106.85982399986136,-6.173439499509243],[106.85986909998479,-6.1734241999641313],[106.86021169945946,-6.1733011998290976],[106.86036769959617,-6.1732451998268516],[106.86054649968736,-6.1731683995029698],[106.86095099970589,-6.1729946998782452],[106.8616235998058,-6.1726808999187028],[106.86175689952779,-6.1726186996375532],[106.86185189926334,-6.1725730998127233],[106.86201279923188,-6.1724956999003098],[106.86228249986578,-6.1723663995435345],[106.86249669962808,-6.1722632995467279],[106.8625791994603,-6.1722235995870847],[106.86258429986003,-6.172221199289595],[106.86260739932709,-6.172212199857313],[106.86275899946827,-6.1721531993530903],[106.86283179920764,-6.1721206996546698],[106.86296070003687,-6.1720631998850308],[106.86300439929261,-6.1720428996263763],[106.86345099928036,-6.1718359998135384],[106.86443639914609,-6.1713793992364572],[106.86449219920416,-6.1713530999304567],[106.86485599927971,-6.1711814999594026],[106.86499599915754,-6.1711209998400136],[106.86510379968536,-6.1710689994393988],[106.86529329972944,-6.1709797997461919],[106.86533299975741,-6.1709608994324867],[106.86537399949952,-6.1709413996269973],[106.86571929934672,-6.1707786994518301],[106.86606259958472,-6.1706169997843858],[106.86611029925172,-6.1705944999796998],[106.86633129935933,-6.1704829998451487],[106.86648539920583,-6.1704059998272101],[106.86649039919166,-6.1704027996732975],[106.86656739925382,-6.1703679991732088],[106.86673239932753,-6.1702924997549644],[106.86700139945975,-6.1701718998952515],[106.8675841998998,-6.1699084994691589],[106.86848219924991,-6.1694920993871847],[106.86919019993201,-6.1691638998028111],[106.86953269934338,-6.1689968993721322],[106.8701359993434,-6.1687025996545799],[106.87016309933745,-6.1686893997033962],[106.87035639917883,-6.1685997992883017],[106.87059339927413,-6.1684898999130269],[106.8708083992999,-6.1683901997258772],[106.87120639979292,-6.1682126998392732],[106.87170870001086,-6.1679885994184929],[106.87180049940542,-6.167948599924614],[106.8721858998365,-6.167780499939056],[106.87228269984575,-6.1677382992814955],[106.87242869976649,-6.1676682993120266],[106.87244670003673,-6.1676605995704676],[106.87265489972714,-6.1675779994490654],[106.87273569945404,-6.1675457997400258],[106.87280239977719,-6.1675212996166806],[106.87297759960427,-6.1674570991696669],[106.87344289988363,-6.1673038991435192],[106.8736764992953,-6.1672331993218563],[106.87404949917089,-6.167120400004535],[106.87447589960516,-6.1669965998314638],[106.87488719960771,-6.1668771996811529],[106.87516569985564,-6.1667848993706684],[106.87551549925348,-6.1666688997116239],[106.87573169988917,-6.1665895995517985],[106.87584939962181,-6.1665564992133],[106.87625899952815,-6.1664450995680795],[106.87656909974993,-6.1663663997027811],[106.87680299972487,-6.166330899843615],[106.87707599939216,-6.1663025993008205],[106.87755209955179,-6.1663037995712671],[106.87789779919035,-6.1663382995548659],[106.87840169959065,-6.1663762993603086],[106.87846809967857,-6.1663795995562509],[106.87856859929968,-6.1663836999332489],[106.87859379932451,-6.1663846996687539],[106.87866899954457,-6.1663877997357872],[106.87871889973576,-6.1663928000214128],[106.87875089969401,-6.1663945994467326],[106.87885839986131,-6.166408499553313],[106.87888679958553,-6.1664145991441615],[106.87892229941718,-6.1664207993632658],[106.87894499947663,-6.1664247997262578],[106.87896759925951,-6.1664287995366749],[106.87911309925022,-6.1664494994775509],[106.87913479969683,-6.1664525992060248],[106.87923029996085,-6.166466199790591],[106.87943689939283,-6.166492899222078],[106.87956439938256,-6.1665166995645677],[106.87964969977565,-6.1665326994927909],[106.87993099999164,-6.1665945994391222],[106.88015969968052,-6.1666688998963082],[106.88062369969884,-6.1668621998958315],[106.8812554992694,-6.1671942991633841],[106.88136219915725,-6.1672509993206859],[106.88148009982672,-6.1673080992961218],[106.88204699995197,-6.1676092994854912],[106.8822516996122,-6.1677480995383576],[106.88257159936904,-6.1679450999824326],[106.882892899936,-6.168142199185354],[106.88395169947631,-6.1687901993306014],[106.88562159967967,-6.1698167999371663],[106.88619490001628,-6.1701782996337897],[106.88636419980202,-6.1702837993750563],[106.88641129940373,-6.1703139999924588],[106.88662739992168,-6.1704440992084528],[106.88707039950094,-6.1707116992114379],[106.88779929929478,-6.1711534998411821],[106.88868889914369,-6.1716871992788356],[106.8892552999597,-6.1720200991642287],[106.88955879948213,-6.1722094993695578],[106.89074709954559,-6.1729214991949561],[106.8912742997523,-6.1732826994192465],[106.89136549975649,-6.173358899130335],[106.89150329984091,-6.1734750996740217],[106.8916463998529,-6.1736135991515084],[106.89191579939558,-6.173905299324133],[106.89213989946848,-6.1741135996209096],[106.89238659916219,-6.1743213998743158],[106.89258749958884,-6.1745093994322815],[106.89272659934079,-6.174639600000944],[106.89295859916228,-6.1748508996254827],[106.89329839954956,-6.1751703991371301],[106.89345469938894,-6.1753287998200221],[106.89364549940331,-6.1755601999818168],[106.89392389986654,-6.1758081991815743],[106.89410779930461,-6.1759699994075845],[106.89423919950252,-6.1760796991705433],[106.89441489978992,-6.1762114992284296],[106.89453559998037,-6.1763223997131149],[106.89594169969973,-6.1775744993679496],[106.89626200001311,-6.1778665994777384],[106.89646519986331,-6.1780008998551921],[106.89663309971803,-6.1780662995584521],[106.89681339972958,-6.1780933999512513],[106.89714039990531,-6.1781012992247497],[106.897520999562,-6.1780995000204939],[106.89818349915049,-6.1781234993248972],[106.89855579961687,-6.1781504995668683],[106.89880969938531,-6.1781688999496964],[106.89960649915866,-6.1782275996408202],[106.9007143992086,-6.1783244998190412],[106.90093399917345,-6.1783440994706211],[106.90111669961897,-6.1783742999576248],[106.90148139917915,-6.1784664998872358],[106.90171139957903,-6.1785375995723939],[106.90263819969107,-6.1789041994151717],[106.90333419921393,-6.179184200003931],[106.90376159974636,-6.1793488995222106],[106.90520019999485,-6.1799075996181614],[106.90586609918984,-6.1801527998577512],[106.90667219971021,-6.1804396993475166],[106.90701749991752,-6.180587599270325],[106.90733059945097,-6.1807402996789733],[106.90833699949485,-6.1812826994652141],[106.90855599989504,-6.1814014999857818],[106.90866129941242,-6.1814762995528554],[106.90869429939045,-6.1815290999144281],[106.90874909935377,-6.1816279996371577]]]},"properties":{"FID":19,"ID":"BRT_02","GEOM_ID":"BRT_02_MRT2A","LINE":"2","NAME":"Pulo Gadung - Monumen Nasional","MODE":"BRT","CLASS":"Koridor Utama","STATUS":"Eksisting","COLOR":"#294a99","ROUTE_VAR":"DIVERSION","SOURCE":"TransJakarta","REMARK":"Tidak Ada","ALIGNMENT":" ","DIV_ID":"MRT2A_2026","DIV_NOTE":"Pengalihan sementara akibat pembangunan MRT Jakarta Fase 2A","DIV_SRC":"MRT Jakarta; TransJakarta","VALID_FR":"2023-03-04","VALID_TO":" "}},{"type":"Feature","id":20,"geometry":{"type":"MultiLineString","coordinates":[[[106.82098569929212,-6.1676069994240379],[106.82102609962465,-6.1676943992227962],[106.82105899980729,-6.1678238996362325],[106.82110099987119,-6.1679893000247148],[106.82123099953054,-6.168624099593103],[106.82146479925984,-6.1696989993097304],[106.8215350998309,-6.1700461996393301],[106.82157129920472,-6.1701638999882675],[106.8218439998451,-6.1706045994253031],[106.82204399958715,-6.1708160999424422],[106.82218829963909,-6.1709305992446275],[106.82237969973949,-6.1710296991773248],[106.82272479984636,-6.1711725991386288],[106.82289459992757,-6.1712425995429498],[106.82296129967017,-6.1713008993702942],[106.82301959960608,-6.1713782997359772],[106.82307639923295,-6.1714932999640837],[106.82309459918878,-6.171636099257455],[106.82309279917763,-6.1721202998235754],[106.82304020003306,-6.1742606998674319],[106.8230350992805,-6.1745139996400553],[106.82302639961802,-6.1748085991306425],[106.82299499936494,-6.1756677995764448],[106.82298589926882,-6.1761774993778431],[106.82289859964794,-6.1796194999713521],[106.82291309980491,-6.1798466994897012],[106.82294229916641,-6.1800208991551244],[106.82299589951191,-6.1801939997458817],[106.82301379921944,-6.1802825991305212],[106.82306149973726,-6.1803721994062357],[106.82307909986395,-6.1804199997828846],[106.82309859967393,-6.1804948999280782],[106.82311309994651,-6.1805510998753448],[106.8231187992958,-6.1806126999057369],[106.82311870003224,-6.1806501991271716],[106.82311359932874,-6.1807037998846113],[106.82309309932992,-6.1807549995253908],[106.82303949927217,-6.1808215995901605],[106.82297789915782,-6.1808588992439013],[106.82288949931092,-6.1808787995200305],[106.8227983993666,-6.1808694996402096],[106.82272879942036,-6.1808268993607385],[106.82268189914487,-6.1807762997465261],[106.8226297996278,-6.1806958991330703],[106.82262519987398,-6.180654899673641],[106.82262689917906,-6.1805888998495107],[106.82265029988321,-6.1804908991621232],[106.82266499953499,-6.1803804995067821],[106.82267009986015,-6.1802921991804283],[106.82269309972935,-6.1797587993522143],[106.82276379999314,-6.1772098991253301],[106.82278829977344,-6.1761777994844351],[106.82280029949254,-6.1756636999213583],[106.8228379999174,-6.1744661993215004],[106.8228402995685,-6.1743006991914626],[106.82288919956295,-6.1721120991246039],[106.82289069938582,-6.1718581995236264],[106.82286659980781,-6.1717435999671011],[106.82280679982932,-6.1715566999503153],[106.82271919992797,-6.1713875997737659],[106.82264279948555,-6.171268599604673],[106.82248829924185,-6.1711436993979873],[106.82243319957212,-6.1711194996723862],[106.82238309948696,-6.1711108997601514],[106.8220095992985,-6.1710972999529758],[106.8219427994182,-6.1710836991863403],[106.82185439998983,-6.1710564993679213],[106.82177429951213,-6.1710271996647634],[106.82170059935163,-6.1709810992383609],[106.821647899391,-6.1709349992765397],[106.82159949962926,-6.1708721998189731],[106.82153899961997,-6.1707578991533296],[106.82150279931273,-6.1706700999458803],[106.82146699956593,-6.1705778996372374],[106.8213701995673,-6.1700904996770305],[106.82130099949779,-6.1697321994726053],[106.82121159916267,-6.1692008997864605],[106.82093369978804,-6.1678792992687477],[106.82092489944256,-6.1678482998003119],[106.82089589982417,-6.1677461997853129],[106.82086559968684,-6.16767809946748],[106.82074799915557,-6.1678000997497975],[106.82073699997181,-6.1678135996439778],[106.82071569924761,-6.1678395997399207],[106.82030229991256,-6.1682441999013804],[106.81990619945577,-6.1686317992281374],[106.81973059980879,-6.1688494995688643],[106.81959939974871,-6.1690406995421085],[106.81950849948078,-6.1691613995988064],[106.81941819972252,-6.1692671994599664],[106.81931449939492,-6.1693676995982401],[106.81919309979895,-6.1694646995397875],[106.8190277000121,-6.169558099242181],[106.81874529996793,-6.1696453993063187],[106.81822800001112,-6.1697815991620928],[106.81775219998559,-6.1698839997708887],[106.81733209938062,-6.1699552996437319],[106.81717579952311,-6.1699885996203534],[106.81699069929783,-6.1700197997771511],[106.81682899957542,-6.1700469995096796],[106.81641439923385,-6.1701099994873516],[106.81608899948134,-6.170158599675915],[106.81596019983022,-6.1701812998728656],[106.81583269938199,-6.1702026999215036],[106.814977799963,-6.1703359993169329],[106.81482989919454,-6.1703547995481927],[106.81478209956578,-6.1703608993203147],[106.81474439939763,-6.1703677992239818],[106.81467239933659,-6.1703809997180201],[106.8144972994541,-6.1704126993747082],[106.81246749991851,-6.1707970996218933],[106.81126049953588,-6.1710165997034778],[106.81113699964322,-6.1710323999951129],[106.81112509929056,-6.1710338998294105],[106.81108089986492,-6.1710389996840149],[106.81089319972631,-6.1710583999607707],[106.81083199915969,-6.171066599294079],[106.81082829948468,-6.1710090995678684],[106.8108237997248,-6.1709391998967362],[106.81082239925644,-6.1709207991293624],[106.81081510000723,-6.1708240999799386],[106.81079839924666,-6.170602499249469],[106.81079179923631,-6.1705150999438274],[106.81064139942498,-6.1688477994005666],[106.81063179969738,-6.1687410996519816],[106.81059589922171,-6.1682600999814667],[106.8105890995846,-6.168168399227568],[106.81054909979497,-6.1677060992885231],[106.81048059986176,-6.1670632993149184],[106.8103984997079,-6.1661465999038683],[106.81037149957763,-6.1658252999883985],[106.81036319928046,-6.1657518995309601],[106.81036100000182,-6.1656955999433762]],[[106.82094534457201,-6.167482080652178],[106.82095499998911,-6.1675174995060615],[106.82098569929212,-6.1676069994240379]],[[106.82094534457201,-6.167482080652178],[106.82098569929212,-6.1676069994240379]],[[106.82092466156155,-6.1674180560165155],[106.82094534457201,-6.167482080652178]],[[106.82092466156155,-6.1674180560165155],[106.82093509960646,-6.1674444991651853],[106.82094534457201,-6.167482080652178]],[[106.81036100000182,-6.1656955999433762],[106.81029739925509,-6.1657012998965115],[106.81022589952414,-6.1657076993922715],[106.80914189978085,-6.1657767995952781],[106.80849649937022,-6.1658214998578842],[106.80820709961046,-6.1658441996391389],[106.80803359999823,-6.1658603991395466],[106.80566159980856,-6.1660358996956575],[106.80540970003977,-6.1660471993644137],[106.80480879927723,-6.1660623992195838],[106.80445999938513,-6.1660661991473376],[106.804383699185,-6.1660712000023636],[106.80427839993644,-6.1660601991274575],[106.80336099993758,-6.1660548997024875],[106.80250659954754,-6.1660635993756614],[106.80166029928512,-6.1660576993224936],[106.80080989982849,-6.1660410998670727],[106.79989329989456,-6.1660701996959233],[106.79866059952082,-6.1661860993984874],[106.79850220000367,-6.166210499263002],[106.79807949965175,-6.1662506993835677],[106.79735949923179,-6.166299399754962],[106.79675509930809,-6.1663296997068642],[106.79631699949351,-6.1663516993648386],[106.79363039983537,-6.1665411991523342],[106.79203359961537,-6.1666697994559172],[106.79189949949534,-6.1666822997715371],[106.79177119925379,-6.1666925996347004],[106.79119650004259,-6.1667336999593658],[106.79054069933585,-6.1667947999417834],[106.78998719948066,-6.1668355999067899],[106.78949449981206,-6.1668755992342881],[106.78934179985623,-6.1668857996637598],[106.78914309945611,-6.1668991998596425],[106.78891389978179,-6.1669122991313543],[106.78879009917114,-6.1669152999276662],[106.78807349980764,-6.1668489995852269],[106.78803539992452,-6.1668459998564913],[106.7879328998095,-6.1668406998948626],[106.78789329987745,-6.166837599397752],[106.78782889993573,-6.166830799886668],[106.78773289939005,-6.1668190998922796],[106.78764579924751,-6.1668083998874863],[106.78748439981251,-6.1667800000198554],[106.78688209979856,-6.1666586993416672],[106.78648949987837,-6.1665714999158467],[106.7863266996398,-6.1665335000047889],[106.78614179955008,-6.1664641994908607],[106.78594589914451,-6.1663451996598724],[106.78566149954162,-6.1661397000030433],[106.78536489954956,-6.1659369997090607],[106.78522329980967,-6.1658590994684346],[106.7851000992701,-6.165804899778152],[106.7849120999079,-6.1657358993491584],[106.78477829956216,-6.1656930998991015],[106.78464679975468,-6.1656595995810335],[106.78404319949317,-6.1655389993423455],[106.78332889927668,-6.1653926999670716],[106.78308909920639,-6.1653394993591633],[106.78284619945276,-6.1652889998852061],[106.78237929923432,-6.1651969992057047],[106.78163359961849,-6.1650382999847579],[106.78120249968106,-6.1649516000245512],[106.7810777997571,-6.1649249994167121],[106.78096819917192,-6.1649146998065021],[106.78081909918285,-6.164903799771821],[106.78049789984163,-6.1649091996190464],[106.77983289979636,-6.1649427994067878],[106.77956409998853,-6.1649593993930694],[106.77940399971521,-6.1649636999903237],[106.77927339937543,-6.1649519999222662],[106.77916849916835,-6.1649337996377085],[106.7789957992905,-6.1648868000166885],[106.77880239955334,-6.1648163991632714],[106.77863419917048,-6.1647553991563768],[106.77744789956046,-6.1642896992660781],[106.77720919927037,-6.1641897992076338],[106.77708020000046,-6.1641384992368558],[106.77673649922912,-6.1640034998980582],[106.77566729926997,-6.1636010992556294],[106.77509719972016,-6.1633705998437449],[106.77263339983108,-6.1623973992493006],[106.77240979914222,-6.1623056998794254],[106.77235749919794,-6.162299999154925],[106.77229519940221,-6.1623128994383478],[106.77218189997211,-6.1622591994206459],[106.77212329972724,-6.1621895998301284],[106.77206909925275,-6.1621504996781482],[106.77181879930703,-6.1620475997921176],[106.77021549990923,-6.1614181992775343],[106.77009679976351,-6.1613635997670144],[106.7700223996618,-6.1613288993359561],[106.7699016993962,-6.1612475998929881],[106.7698224997277,-6.1611881998924787],[106.76975949971074,-6.1611181994898629],[106.76967769917513,-6.1610121991681694],[106.76960389951029,-6.160906199397175],[106.76953289974495,-6.1607655991508068],[106.76948989958294,-6.1606588994642948],[106.76894139961729,-6.1591594994200136],[106.76885959951386,-6.1589614998123352],[106.76876779920269,-6.1588021997594637],[106.76867719932682,-6.1586741991982876],[106.76860079920846,-6.1585981992641337],[106.76848409998729,-6.1584807992518336],[106.76829099985287,-6.1583307991372749],[106.76732669947728,-6.157698799764546],[106.76727579995821,-6.1576727998117917],[106.7671738999727,-6.1576194999830705],[106.76704840003441,-6.1575807997990069],[106.76688219919112,-6.1575621991907497],[106.76676619965684,-6.1575660997808086],[106.76664549940261,-6.1575827995441728],[106.76652879933545,-6.157610099579415],[106.7663685997,-6.1576654997969626],[106.76513389936156,-6.1581847992457597],[106.76477119992614,-6.1582959993213535],[106.76457259998307,-6.1583485992235865],[106.76410479948021,-6.1584152997899082],[106.76252259970721,-6.1584653999390753],[106.76229289928619,-6.1584661994998555],[106.76202129919125,-6.1584592997020309],[106.76178169931512,-6.1584215998938703],[106.7614800000174,-6.1583523999334489],[106.76018219919064,-6.1578890992015545],[106.760043399984,-6.1578490992779962],[106.7599230995811,-6.1578241991318805],[106.75986709985943,-6.157823299715858],[106.75982839925587,-6.1578292992931551],[106.75979809973813,-6.1577968993204877],[106.7597494994655,-6.1577724995469225],[106.75785849987585,-6.1571783998563774],[106.75742029983343,-6.1570414994648672],[106.75600549915839,-6.1566303994170539],[106.75560929929492,-6.1565159995568024],[106.7552177993739,-6.1563922994756126],[106.75456349962099,-6.1561668995663581],[106.75433459981878,-6.1561214994223974],[106.75386749971921,-6.1560464996962878],[106.75347189993465,-6.1560027998413602],[106.75231039924364,-6.1558936997788578],[106.75223159930584,-6.1558841993623332],[106.7512321994912,-6.1557279994860892],[106.75111939958759,-6.1557137991467812],[106.75029579945937,-6.155597299517126],[106.74982609955589,-6.155550799823061],[106.7494153996326,-6.15551069982223],[106.74929539945316,-6.15549929950555],[106.74822769970768,-6.1553902993946394],[106.7477843000122,-6.1553452994502891],[106.74699789962722,-6.1552519994400541],[106.74668429960343,-6.1552180996577022],[106.74627189985068,-6.1551886995076757],[106.74550699962379,-6.1551546993168813],[106.74478999938538,-6.1551034996890053],[106.74422809970429,-6.1550528998998288],[106.74290550001996,-6.1548501993454465],[106.74237890000376,-6.1548019995540812],[106.73905849943611,-6.1546075995479441],[106.73873139933335,-6.1546243994042129],[106.73823499990567,-6.1546353991795968],[106.73811159928937,-6.1546393997922451],[106.73801099980773,-6.1546425991502929],[106.73779579984534,-6.1546335993478465],[106.737583799216,-6.1546079993611897],[106.73754009971833,-6.1546027000263734],[106.73746539939185,-6.1545992991762546],[106.73743339948334,-6.1545978996206827],[106.73727109935038,-6.1545904996812624],[106.73570829936261,-6.1545732991834257],[106.73544739966525,-6.1545726998178907],[106.73461279984753,-6.15454429929963],[106.73435189969751,-6.154559199523078],[106.73404169987879,-6.1546067999183265],[106.73306249963434,-6.1547795998951642],[106.73267129915735,-6.1548566996041814],[106.7323715999932,-6.1548893996528591],[106.73205469985828,-6.1549105994202478],[106.73175339969566,-6.1549117994832159],[106.73135609948213,-6.1549076991848324],[106.73066279980952,-6.1548719992097745],[106.73037789961171,-6.1548326995011848],[106.73017399914755,-6.1547968995487849],[106.72981449989692,-6.1547045998547674],[106.72907930002634,-6.1545358994991943],[106.72791699924323,-6.1542868995492768],[106.72713519936474,-6.1541296995370658],[106.72656849956013,-6.1540134999534644],[106.72621529973287,-6.1539382995031247],[106.72575259933558,-6.1538321992032365],[106.72548959963962,-6.1537740993617263],[106.72482109991313,-6.1536396991806441],[106.72437449981379,-6.1535452995245237],[106.72367049987974,-6.1533490992508177],[106.72337219968733,-6.1532577996665623],[106.72295599994408,-6.1531134994565377],[106.72259949983373,-6.1530100996566262],[106.72240969955976,-6.1529727996231713],[106.72222629994019,-6.1529457996973065],[106.72192380001161,-6.1529100999578077],[106.7216252991808,-6.1528823994844402],[106.72137940003904,-6.1528696994463417],[106.7213360998461,-6.1528674998099291],[106.72100239925447,-6.1528676993021918],[106.72089699998298,-6.1528736994663973],[106.72078909956633,-6.152880699608545],[106.72063699931306,-6.1528967994239565],[106.71989189975255,-6.1529952993535062],[106.71955059997674,-6.1530429997425813],[106.71941199967625,-6.1530601996055339],[106.71885679994114,-6.1531349999155509],[106.71857099986494,-6.1532218992265939],[106.71823099991889,-6.1533576998167518],[106.71774429921675,-6.1535771991258912],[106.71718699996694,-6.1538352996984713],[106.71695739930885,-6.1539357997772868],[106.71685019982237,-6.1539822999294529],[106.71673809947595,-6.1540367992485585],[106.71650769975656,-6.1541454000158637],[106.71619169972013,-6.1543037995666623],[106.71603789921852,-6.1543916993805965],[106.71525669941059,-6.1548427995588781],[106.71448989924642,-6.1553392992218505],[106.71438699957628,-6.1553996000063194],[106.71421580001652,-6.1554923992991917],[106.7140605993514,-6.1555557995289405],[106.71388949933726,-6.1556097997732309],[106.71362819925275,-6.1556524991943888],[106.71337599978182,-6.1556743991365011],[106.71325129935923,-6.1556776993177209],[106.7128977992831,-6.1556739999635397],[106.71242619940432,-6.1556583998860788],[106.71226719949539,-6.1556518995300848],[106.71214359997282,-6.1556502995117626],[106.71205169959234,-6.1556451996916053],[106.71056529919099,-6.1556335991933793],[106.71034899984028,-6.155652399617054],[106.70991349964868,-6.1557282991579427],[106.70930809933566,-6.1558438993754407],[106.70902189995911,-6.1558857993115907],[106.70874179996309,-6.1558881999343953],[106.70827639959543,-6.1558570995254627],[106.70715939989367,-6.155772299529815],[106.70699209987339,-6.1557726999203055],[106.70686549945509,-6.15578179992184],[106.70672799977854,-6.1557945996083845],[106.70664169961776,-6.1557956993376024],[106.70659409925412,-6.1557928992332904],[106.70655259934233,-6.1557867999674727],[106.70650919946735,-6.1557690991438108],[106.70647069945312,-6.1557452998745248],[106.70644529981536,-6.1557127997895122],[106.70643109938732,-6.1556833997712488],[106.70639369975851,-6.1555607996525623],[106.70627959958443,-6.1551647995945018],[106.70621349952563,-6.155085099355631],[106.70599249929796,-6.1549252999682267],[106.70593029947685,-6.154900799648658],[106.70585039980455,-6.1548883993613686],[106.70559709946826,-6.1548979997568836],[106.70552549995671,-6.1548405999769216],[106.70549119958258,-6.1547692995994225],[106.70545699976844,-6.1544946993276426],[106.70542409994988,-6.1542412991505557],[106.70545549999179,-6.1541861997764045],[106.70556219987481,-6.1541405993292528],[106.7057139000014,-6.1541139994934042],[106.70594449933236,-6.1541121992596004],[106.70598219948909,-6.1541772992702022],[106.70602259967933,-6.1544993997559914],[106.70606539971362,-6.1548492995146376],[106.70621239958598,-6.1549719996728527],[106.70635199954069,-6.1551193999262068],[106.70638429986735,-6.155179399180895],[106.70641779979553,-6.1552967997884593],[106.70652339974191,-6.1556574995047981],[106.70654489981189,-6.155725299720018],[106.70659299915843,-6.1557462995244805],[106.70664029973739,-6.1557516993541981],[106.70671179950364,-6.1557491992775226],[106.70688809916277,-6.1557270993654356],[106.70699309951021,-6.1557201997243851],[106.70720679986931,-6.1557247996097431],[106.70731939953401,-6.1557264992529213],[106.70759439988649,-6.1557501991825916],[106.70828649981991,-6.155802399168806],[106.70874099999185,-6.1558337994230783],[106.70895689999901,-6.1558408998848222],[106.70920109992545,-6.1558126997733211],[106.70942759971024,-6.1557721999319028],[106.71022569989458,-6.1556156995840183],[106.71040449998276,-6.1555944993006051],[106.71065039920728,-6.1555804994918617],[106.7113494000277,-6.1555839995635324],[106.71204839932096,-6.1555980999099233],[106.71214419982363,-6.1556011997288351],[106.71226899957975,-6.1556051993374581],[106.71242709999001,-6.1556103995863509],[106.71316679940804,-6.1556314995156072],[106.71334729925115,-6.1556296993817909],[106.7135879995663,-6.155615699552925],[106.71380559926598,-6.155582199954722],[106.71400909948608,-6.155517099357894],[106.71419489929502,-6.1554308993053723],[106.71428099947536,-6.1553869991574857],[106.71444269921034,-6.1552989992681546],[106.71474169930457,-6.1550754999850028],[106.71495229940086,-6.1549382993505333],[106.71521479960677,-6.154779299136294],[106.71536459964688,-6.1546884998283531],[106.71558759974937,-6.1545705997124855],[106.71596279996959,-6.1543647000247574],[106.71614879914921,-6.1542645999542174],[106.71671689942519,-6.1539867994386555],[106.71682639933067,-6.1539352996700245],[106.71693029981748,-6.1538877992106791],[106.71715899949959,-6.1537815999834606],[106.71758639990674,-6.1535937996705456],[106.71821039963936,-6.1533149997973169],[106.71852619914978,-6.1531817999118061],[106.71873880003636,-6.1530959998035542],[106.71887280004034,-6.153060800013975],[106.71940369985072,-6.1529882996447327],[106.71954599990477,-6.1529688996495793],[106.72032399940622,-6.1528815997321544],[106.72062879984514,-6.1528420993884652],[106.72078489971415,-6.1528248998089907],[106.72089299973214,-6.1528161999868303],[106.72100779931799,-6.1528129997557812],[106.72121959932201,-6.1528121000291094],[106.72135439960192,-6.1528114999996433],[106.72163779951848,-6.1528313997533246],[106.72193359990973,-6.1528604996347553],[106.72220399936492,-6.1528868998769326],[106.72239859961729,-6.1529140996892693],[106.7226437995605,-6.1529663993158579],[106.72287149950364,-6.1530359997572646],[106.72318779917686,-6.1531357991717073],[106.72341319969377,-6.1532170992891793],[106.7239385000085,-6.1533760994416866],[106.72421169970352,-6.1534538991830914],[106.72436819944505,-6.1534898999805705],[106.72540179994888,-6.1536919993210972],[106.72549289980117,-6.153710499174565],[106.7257671993018,-6.1537650993209354],[106.72584779920066,-6.1537801997154702],[106.72623150002164,-6.1538659996904244],[106.72667789943029,-6.1539658995653781],[106.72683659919829,-6.1540088992570645],[106.72706779988511,-6.1540575996618827],[106.72713609939751,-6.1540712992075441],[106.72791179961621,-6.154222499578168],[106.72799589934465,-6.1542450996574871],[106.7294136999069,-6.1545427995783939],[106.73015159969617,-6.1546959995693555],[106.73038579973991,-6.1547339998489292],[106.73069559976057,-6.1547841996974739],[106.73111829961664,-6.1548329996813322],[106.73144049932642,-6.1548468995908365],[106.73166529982569,-6.1548485999810509],[106.73207469966366,-6.1548456992062484],[106.73238449926703,-6.1548243995059124],[106.73259369971635,-6.1547950992166989],[106.73299339943378,-6.1547256994434747],[106.73351369918885,-6.1546310995841509],[106.73408559941527,-6.1545302995943985],[106.73441289949261,-6.1544877000139309],[106.73468509959827,-6.154472999957818],[106.73525369986913,-6.1544913991572798],[106.73570169938466,-6.1545127994772315],[106.73661089937104,-6.1545317000204136],[106.73728819923861,-6.1545302999733735],[106.73747059989643,-6.1545384998217401],[106.73753839951405,-6.1545409999259277],[106.73758619930521,-6.154541999923083],[106.73789029940588,-6.1545690000041304],[106.73810559934856,-6.154564299649337],[106.73832349969308,-6.1545596992428955],[106.73866950002423,-6.1545462994280342],[106.73893509959163,-6.1545356994539588],[106.73918579950737,-6.1545422999906236],[106.73943929955533,-6.1545542994020366],[106.74240539954997,-6.1547417998956462],[106.74290799917748,-6.1547892995186544],[106.74332999981704,-6.1548457993168313],[106.74372559923535,-6.1549141994777301],[106.74424229950904,-6.1549898993612828],[106.74471120002761,-6.1550390996158626],[106.74561369992767,-6.1550989998034424],[106.74648609973605,-6.1551516999023193],[106.74779209977663,-6.1552906992332055],[106.74822569987714,-6.1553276991566008],[106.74942819979083,-6.155433199432025],[106.74984189925772,-6.1554774996164383],[106.75029909916265,-6.155529799232454],[106.75112829966668,-6.1556465996997076],[106.75123899993372,-6.1556640991639142],[106.75150429968249,-6.1557071994469084],[106.75223639933876,-6.1558312999233635],[106.75231689928484,-6.1558410000182562],[106.75346889931211,-6.1559365998079443],[106.75387279979623,-6.155983599892636],[106.75437139956495,-6.1560672994643255],[106.75460689924159,-6.1561215997363661],[106.75477419940182,-6.1561811000173066],[106.75541629918831,-6.1564097994435656],[106.75613199920241,-6.15661749961032],[106.7571962993656,-6.1569120999001825],[106.75771119992623,-6.1570571994918168],[106.75787879957755,-6.157110399821704],[106.759582199492,-6.1576484995034093],[106.75973859957583,-6.1576934996543287],[106.75978719951269,-6.15769639918949],[106.75983739921998,-6.1576824996050732],[106.75987159989182,-6.1577099994673858],[106.75990599927491,-6.1577308997737532],[106.76020479937085,-6.1578393999515697],[106.76149940002097,-6.1583108997137401],[106.76181849990832,-6.1583826996644575],[106.76197559976356,-6.1584096994155288],[106.76214029914604,-6.1584223993068576],[106.76247079974519,-6.1584213997165307],[106.76410269993795,-6.1583821992585968],[106.76458279934707,-6.1583046997971564],[106.76473169941568,-6.1582682000078535],[106.76510849942861,-6.1581542000042759],[106.76640270003037,-6.1576007996028466],[106.76661599950552,-6.1575321994118326],[106.76678830003743,-6.1575047993366638],[106.76691099994633,-6.1575067999939961],[106.76708739957917,-6.1575354993281053],[106.76718049994395,-6.1575728998794261],[106.76734749993432,-6.1576574991784696],[106.76744609956427,-6.157719499300299],[106.76832589975538,-6.1583054995874704],[106.76851899935656,-6.1584607992257361],[106.76867390003105,-6.1586127993890614],[106.76873959998608,-6.1587021998137175],[106.76881669959789,-6.1588060992912119],[106.76886899919049,-6.1588941995693745],[106.76891999929524,-6.1590001992219072],[106.76899439943656,-6.1591801998808933],[106.76953619938604,-6.1606595993969222],[106.76961399960754,-6.1608381996954904],[106.76971659916006,-6.1609995993094344],[106.76981049981765,-6.1611048993957525],[106.76990299956879,-6.161194199724946],[106.77004649918115,-6.1612921991459757],[106.77025639965575,-6.1613901995977471],[106.77183369951234,-6.1620115992276965],[106.77208739979943,-6.1621040994453438],[106.77214259955673,-6.1621110998444237],[106.77222129915612,-6.1621169000110854],[106.77228149930517,-6.1621420998063172],[106.77234340004014,-6.1621692994605723],[106.7723622998559,-6.1621983998294354],[106.77239309993735,-6.1622329997649103],[106.77243469976617,-6.1622570000155861],[106.77512419967411,-6.1633093995973809],[106.77554889928041,-6.1634728993309977],[106.77596569979738,-6.1636318994511043],[106.7763392998782,-6.1637908993852193],[106.7768903992216,-6.1640021992857328],[106.77709959961692,-6.1640893998582555],[106.7772306999891,-6.1641435998179759],[106.77764219916389,-6.1643004992852752],[106.77825049946313,-6.1645407996147696],[106.77871870001184,-6.1647275996689359],[106.77896619941362,-6.1648204999690392],[106.77914129990131,-6.1648680992103664],[106.77925479916269,-6.1648960994256186],[106.77937830003992,-6.1649098992446625],[106.77957209985811,-6.1649086996438882],[106.78020139930618,-6.1648784998743622],[106.78059899961158,-6.1648597991879228],[106.78077029951652,-6.1648541000034243],[106.78092670001354,-6.1648570992003897],[106.78110849965037,-6.1648708999859991],[106.78133719983146,-6.16491459943461],[106.78184249915068,-6.1650218992520536],[106.78285669918768,-6.1652348992654424],[106.78310159967657,-6.165283399200348],[106.78373849993443,-6.1654170994772244],[106.78396659990318,-6.1654611993296271],[106.78459629954108,-6.165582899482672],[106.7847893997718,-6.1656232995540563],[106.78500489980348,-6.1656979992845322],[106.78518579982716,-6.1657828993204475],[106.78546829916058,-6.1659324993552787],[106.78588709962173,-6.1662052999751609],[106.78610359971498,-6.1663265997786993],[106.78623539962302,-6.1663905998367454],[106.78636050000551,-6.1664376994214081],[106.78651449932852,-6.1664795996975954],[106.78684749957989,-6.1665619997330623],[106.78748869999885,-6.1667019997988177],[106.78764319917303,-6.1667363995430264],[106.78774389937178,-6.1667515992933772],[106.78785309951616,-6.1667679992968942],[106.78791309936855,-6.1667719997271888],[106.78794349961601,-6.1667742992369199],[106.7880572997903,-6.1667827991938111],[106.78810719990724,-6.1667861996568831],[106.7888003997079,-6.1668458992746196],[106.78896649981186,-6.1668392997096362],[106.7894880999396,-6.1667947994740757],[106.7899616991844,-6.1667550994393423],[106.79053659923409,-6.166693199706458],[106.79127350001824,-6.1666459993956551],[106.79284229999615,-6.1665157993001003],[106.79350479982162,-6.1664677993383066],[106.79475469934505,-6.1663770999351186],[106.79675339930117,-6.1662482000226078],[106.79727989998673,-6.1662141998240259],[106.79829569994502,-6.1661490993446932],[106.79851459950834,-6.1661211995568124],[106.79865359952055,-6.1661149995848064],[106.79916049998189,-6.1660714992656267],[106.79988259952171,-6.1659988999613802],[106.80029379946939,-6.1659747993440419],[106.80081769973691,-6.1659804992922886],[106.8016602995603,-6.1659972996450279],[106.80337649984205,-6.1660034994295643],[106.80427029921685,-6.1660153997548832],[106.80433939930373,-6.1660125996779129],[106.80441159942768,-6.16600509998392],[106.80449009959636,-6.1660142991416933],[106.80479979964434,-6.1660111994735303],[106.80514800001691,-6.1660053995013868],[106.80535589978911,-6.166001999721459],[106.8055953992112,-6.165989399388252],[106.80652750003333,-6.1659227995529022],[106.80744359956805,-6.1658561999910262],[106.80783999994406,-6.1658322993972661],[106.808391799285,-6.1657816995272015],[106.80951939920868,-6.1657070999967232],[106.81029529940753,-6.1656569993746189],[106.81035749928122,-6.1656529995266851],[106.81038979964893,-6.1656519991602181],[106.81063939987229,-6.1656328992223166],[106.81067469959646,-6.16563030000151],[106.81067589929887,-6.1656451995621069],[106.81067819976909,-6.1656721996714623]],[[106.81067819976909,-6.1656721996714623],[106.81064429956234,-6.1656742995515401],[106.81039239987632,-6.1656935998996119],[106.81036100000182,-6.1656955999433762]],[[106.81067819976909,-6.1656721996714623],[106.81068059917487,-6.1657248999218268],[106.81068469992897,-6.1657962992106263],[106.81071540000966,-6.1662563992607602],[106.81072569949555,-6.1664287999566909],[106.81073299947394,-6.1665510992541499],[106.81074339965846,-6.1667520997917222],[106.81078379967227,-6.1672809995014859],[106.81078859941869,-6.167350699252097],[106.81082029921185,-6.1676909998181486],[106.81082089969118,-6.1676972999266582],[106.8108366999291,-6.1678568000097584],[106.81085020002308,-6.1679925993481106],[106.81086449915728,-6.1681364992472254],[106.81087459946468,-6.1682378996783882],[106.81087799960369,-6.1682683997448748],[106.81088309982761,-6.1683251994020907],[106.81089669979423,-6.1684581999468833],[106.8109066999242,-6.1685707999133115],[106.8109225998403,-6.1687558997435303],[106.81093669944619,-6.1689202999207282],[106.8109498997436,-6.1690733999719782],[106.81095659978553,-6.1691500997508228],[106.81099099986562,-6.1695452993047866],[106.81100449997336,-6.1697001994534162],[106.8110093994776,-6.169756399404605],[106.81101269988716,-6.1697944994527916],[106.81102779977897,-6.1699934992499834],[106.81105549959261,-6.1703570995907171],[106.8111016998842,-6.1708142993828119],[106.81111249955114,-6.1708988995010827],[106.81111379956246,-6.1709089993120188],[106.81111439949734,-6.1709153997835529],[106.81112139988284,-6.1709849997878337],[106.81113259940111,-6.1709841000024426],[106.81124759980253,-6.1709706993964346],[106.81176709930281,-6.1708765994122246],[106.81331099985277,-6.1705907993460869],[106.8147359999748,-6.1703294996539171],[106.81477189972105,-6.1703228997467932],[106.81482189952806,-6.1703160998752082],[106.81499769949141,-6.1702920995456338],[106.8156293998739,-6.1701947998807327],[106.81595279971771,-6.1701411994290538],[106.81648369997941,-6.1700493991535836],[106.81698379964081,-6.1699629992820064],[106.81732259928907,-6.1699044991280516],[106.81734069975863,-6.1699013993097651],[106.8178555995778,-6.169810699449954],[106.8180943999933,-6.1697613993796949],[106.81832770001387,-6.1697053999516811],[106.81884269941662,-6.1695706997793991],[106.81898610000866,-6.1695273998303719],[106.81910399958019,-6.1694660997859501],[106.81928079923421,-6.1693489996918061],[106.81941999927398,-6.1692051992566235],[106.81969859968268,-6.1688203994465312],[106.81983119966787,-6.1686592992878104],[106.82003739954195,-6.1684448995065964],[106.82045659963046,-6.1680427995664786],[106.82068759930104,-6.1678083995010979],[106.82070989975659,-6.1677814999493421],[106.82073109941513,-6.167755799482336],[106.82083619932985,-6.1676038992023337],[106.82086360002438,-6.1675397997327082],[106.82088299984088,-6.1674782999976969],[106.8208991996193,-6.1674487991846263],[106.82091439952978,-6.1674280994340052],[106.82092466156155,-6.1674180560165155]]]},"properties":{"FID":20,"ID":"BRT_03","GEOM_ID":"BRT_03_MRT2A","LINE":"3","NAME":"Kalideres - Monumen Nasional","MODE":"BRT","CLASS":"Koridor Utama","STATUS":"Eksisting","COLOR":"#fbc71f","ROUTE_VAR":"DIVERSION","SOURCE":"TransJakarta","REMARK":"Tidak Ada","ALIGNMENT":" ","DIV_ID":"MRT2A_2026","DIV_NOTE":"Pengalihan sementara akibat pembangunan MRT Jakarta Fase 2A","DIV_SRC":"MRT Jakarta; TransJakarta","VALID_FR":"2023-03-04","VALID_TO":" "}},{"type":"Feature","id":21,"geometry":{"type":"MultiLineString","coordinates":[[[106.77218189997213,-6.1622591994206468],[106.77208179958632,-6.1622342995183317],[106.77198669982323,-6.1622047995751359],[106.77188769964113,-6.1621664993255081],[106.77139160000831,-6.1619917996505364],[106.77031889992185,-6.1615497998574824],[106.77012179990857,-6.1614598992999845],[106.77003100004231,-6.1614113991291788],[106.76989629983291,-6.1613381998925547],[106.76972329949513,-6.1612235995272613],[106.76966159971187,-6.1611541997090171],[106.76954229992157,-6.1609861996769837],[106.76950379950699,-6.1609096998987525],[106.76948609970447,-6.1608767995478502],[106.76943690000041,-6.1607855994734564],[106.7694000994378,-6.1607075993927651],[106.76931289934231,-6.1604968993842135],[106.7690741998249,-6.1598194994870141],[106.76904739923418,-6.1597394995335435],[106.76898969914521,-6.159558199341518],[106.76890239957959,-6.1593063998581101],[106.76875159975151,-6.1589634999739928],[106.76870939988214,-6.1588781999624871],[106.76858849980016,-6.158698899532169],[106.76846659975121,-6.1585651995149533],[106.76832319988409,-6.1584527996028555],[106.76799609938791,-6.158229999447542],[106.76790059970932,-6.1581683997099503],[106.76783149996015,-6.1581233995398179],[106.76740559957921,-6.1578456993319719],[106.76733779954662,-6.157801399141988],[106.76727859942679,-6.1577666993207458],[106.76725119984462,-6.1577534991912444],[106.76712069952561,-6.1576907999514674],[106.7669573997988,-6.1576361997460367],[106.7667831998375,-6.1576284995580863],[106.76663149959671,-6.1576485996085353],[106.76649719946266,-6.1576943991615281],[106.76632769981865,-6.1577557997237591],[106.76628779942115,-6.1577701992570724],[106.76604199946286,-6.1578780996695741],[106.76582639937499,-6.1579788996933758],[106.76572699918006,-6.1580253991692189],[106.76523739972487,-6.1582217995271549],[106.76508469927063,-6.1582736997722236],[106.76478980003191,-6.1583690997119902],[106.76467809956068,-6.1584028000195872],[106.76457589988047,-6.1584250994128524],[106.76442209948317,-6.1584541999940257],[106.76429049932574,-6.1584734996806674],[106.76411419996629,-6.1584919995447081],[106.76401290003975,-6.1584986992332347],[106.76378479994025,-6.1585156993163537],[106.76325989950692,-6.1585156993938881],[106.76317761808542,-6.1585167534976222],[106.76317399955826,-6.1586187996286412],[106.76315989987205,-6.1589862999950356],[106.7631512992977,-6.1592091997204079],[106.76310789987127,-6.1592504998983486],[106.76309319978992,-6.1592944992100911],[106.76308189994268,-6.1599562992949473],[106.76308109938145,-6.1599923996345751],[106.76308109936298,-6.1600131999814494],[106.76308149973624,-6.1602795993122754],[106.76309149954324,-6.1618395992579735],[106.76309359999993,-6.1621178995272885],[106.76309809976601,-6.1623692998826414],[106.76307009950898,-6.164299899155651],[106.76307499973569,-6.164452799455546],[106.76307749922358,-6.164532299777477],[106.76309319975246,-6.1648718999329617],[106.76310179946114,-6.1649631998467953],[106.76317689953413,-6.1654541998083801],[106.7632406993863,-6.1658343996237477],[106.76325949960386,-6.1659211998875207],[106.76328899955587,-6.1660580993087706],[106.76335899957036,-6.1663995993528147],[106.76345829923963,-6.1667278995375341],[106.76358109964968,-6.1670829993622078],[106.76366079974434,-6.1672629996382966],[106.76373549989302,-6.1674111992725784],[106.76382709996079,-6.1675836994925248],[106.7647756991559,-6.1692949998457607],[106.76485089924972,-6.1694692991590045],[106.76494609925152,-6.169699599161504],[106.76499629927542,-6.1698460992379296],[106.76507659978478,-6.1700908995523491],[106.76514349975622,-6.1703245999432283],[106.76521059968553,-6.1705599995457874],[106.76532499925929,-6.1709588996262141],[106.76541279949424,-6.1713304994977989],[106.76545729952443,-6.1715799999523142],[106.7656016994905,-6.1723298991298634],[106.76562510000389,-6.1724594997273812],[106.76566439953194,-6.1727011996076726],[106.76576909949603,-6.1732188995981119],[106.76580199994072,-6.1735472994457723],[106.76584199997353,-6.1739179996932307],[106.76588729941346,-6.1743501998313377],[106.76590479962931,-6.1744914995435352],[106.76593319956714,-6.1747206996056434],[106.7659877992599,-6.1750870997473726],[106.76604289946448,-6.175493799461151],[106.76617889916508,-6.1766825999266075],[106.7663338997321,-6.1778344997862291],[106.76635519999712,-6.178002100003539],[106.76637099987943,-6.1781742991790907],[106.76639839956817,-6.1784230991963796],[106.76643649957293,-6.1788264996139901],[106.76647819932094,-6.1792225992609247],[106.76651519967908,-6.1794531991808412],[106.76658130004,-6.1797273998238893],[106.76669349928881,-6.1801189999859503],[106.76690979964388,-6.1808781996228959],[106.7669875993052,-6.1811620994720329],[106.76704479974086,-6.1813631993703666],[106.76721289950609,-6.1818763995350423],[106.76732539988666,-6.1821952994659455],[106.76796499973614,-6.1838859992074049],[106.76803039921435,-6.1840685995617264],[106.76814919918263,-6.1843415997336137],[106.76828149991405,-6.1846694996658584],[106.76835989915406,-6.1848866993389038],[106.76839069975932,-6.1850019992327816],[106.76843219969578,-6.1851491999283326],[106.76845869995037,-6.1852601992722498],[106.76849169925111,-6.185398199962151],[106.76855329946545,-6.1857077998366208],[106.76856489947335,-6.185890499558468],[106.76856979965919,-6.1861743999982082],[106.7685675998743,-6.1863336997066654],[106.76856709987817,-6.186393099312113],[106.76856489962717,-6.1865671999095753],[106.76856559921902,-6.1868612992586236],[106.7685956999411,-6.1878174994037636],[106.76861749970044,-6.1879936991673503],[106.76870099931637,-6.1883529995531035],[106.76874019989657,-6.1885700998661264],[106.76878789973944,-6.1887063000243074],[106.76881000001248,-6.1889553991240405],[106.76885239918641,-6.1894736991894206],[106.76891739990145,-6.1901502098481842],[106.76896079945209,-6.1906018993698808],[106.76896689957994,-6.190759299667377],[106.76896689923535,-6.1909152997945966],[106.76895219951979,-6.1910952994147124],[106.76891749969133,-6.1913231997894513],[106.76886989992028,-6.1914989996554937],[106.76886199914924,-6.1916966998805947],[106.76888859982944,-6.1922713996287371],[106.76890909975708,-6.1931354995091965],[106.76890999956441,-6.1941732000092884],[106.76891109932717,-6.1942893998249247],[106.76891499946129,-6.1946908993921284],[106.76891109920211,-6.1952804998219335],[106.76895519993246,-6.19651509973977],[106.76896509964553,-6.1967708997066779],[106.76896699968995,-6.196822699601114],[106.76897299937298,-6.1969475995538801],[106.76898089950475,-6.1971056999689722],[106.76901449965425,-6.1981415993970472],[106.76902349952832,-6.1987855995627683],[106.76905069993967,-6.1995575991981013],[106.76911439941807,-6.2004647997282518],[106.76914319996865,-6.2008020999945757],[106.76917610001487,-6.2011773991866335],[106.76920209990726,-6.2014455997648383],[106.76927379995033,-6.2018616998272478],[106.76933979966498,-6.2021966993673345],[106.76939839980236,-6.2024869999883094],[106.76942759963924,-6.2027373996443771],[106.76944990001266,-6.2029727999399711],[106.76946389956458,-6.2032145998590522],[106.76947629952031,-6.2036306998361965],[106.76950879958002,-6.2048563995277277],[106.76952339980721,-6.2051273000194556],[106.76954299973846,-6.2053858993224367],[106.76956949996185,-6.2055494991764135],[106.76961289950532,-6.2058175998254796],[106.76962769926553,-6.2059264993475836],[106.76969149966015,-6.2061973999089446],[106.76984389953668,-6.2068268996570168],[106.77006819935576,-6.2076174998719011],[106.77034419931556,-6.2084518999262173],[106.7704858997273,-6.2088697994753943],[106.77058149918935,-6.2091472997334449],[106.77070979933796,-6.209415999348721],[106.77086199987531,-6.2097112991372683],[106.77097129929979,-6.2099861999073482],[106.77118179988634,-6.210558299744946],[106.77124089974677,-6.2107246998426717],[106.77136410003305,-6.2110448994989724],[106.77150109985485,-6.2113301995734673],[106.77155359976734,-6.2114395992205687],[106.7717923991915,-6.2119116995336299],[106.77209550001311,-6.2125430994482258],[106.7722298000354,-6.2128099995505295],[106.77227869977139,-6.2129139994688671],[106.77245189923576,-6.2132863994739296],[106.77267409969306,-6.2137318996440172],[106.77276299970947,-6.213905299195801],[106.77309319970306,-6.2144299992023662],[106.77317389949872,-6.2145377993398938],[106.77417279914511,-6.2156560994189931],[106.77428919924688,-6.2157753993046754],[106.77441639958624,-6.2158920994866662],[106.77467879992287,-6.2161067993594088],[106.7747749995761,-6.2161760996303315],[106.77482419999035,-6.2162131991535148],[106.77490259930494,-6.2162719999338378],[106.77520629949117,-6.2165063997524044],[106.77596479927081,-6.2171382991379573],[106.77638199978833,-6.2175077996993195],[106.77702319958627,-6.2179706996849404],[106.77722139993625,-6.2180955998734362],[106.7775393992531,-6.2183274992798943],[106.7775898992054,-6.218364299288055],[106.77777279997053,-6.218497699473744],[106.77791859933723,-6.2186238995107033],[106.77830509927452,-6.2188852995570301],[106.77845159934139,-6.2189526998450333],[106.77854539942109,-6.2189940991975163],[106.77870529971301,-6.2190689998045059],[106.77949179947649,-6.2194414995313991],[106.78024269963237,-6.2198221994346454],[106.78030599998044,-6.2198540995186136],[106.78041729990031,-6.2199150993924945],[106.7814057995277,-6.2204369992749093],[106.78196299958057,-6.2207306992649478],[106.78274069994478,-6.2211232991922429],[106.78323720003414,-6.2213893992430371],[106.78335279925983,-6.2214513992044544],[106.7838181995923,-6.221723199601854],[106.78429779960373,-6.2220164993073581],[106.78439939917035,-6.2220761998816556],[106.78442960002445,-6.2220984992231365],[106.78450959918786,-6.2221574996721074],[106.78456239914533,-6.22219449986585],[106.78479429965176,-6.222352599157432],[106.78495629979375,-6.2224715000205606],[106.78516329956187,-6.222639099521075],[106.78526679971588,-6.2227325994048783],[106.78539819937913,-6.2228710997378016],[106.78551089935399,-6.2229883993474573],[106.78596659976495,-6.2235212992782181],[106.78670979924573,-6.2243921991292268],[106.78685679937814,-6.2245464992619759],[106.78760439959541,-6.22523069995583],[106.78798039967666,-6.2255831000255739],[106.78837689989581,-6.2259472995324359],[106.78881189962675,-6.2263488992514908],[106.79005780003718,-6.2274759995851809],[106.79036089998039,-6.2277205999299667],[106.79059939952032,-6.227957400003902],[106.79068809932494,-6.2280981996407263],[106.79075649933134,-6.2282389994367691],[106.79079779994476,-6.2283977995950863],[106.79081499978292,-6.2285723999923448],[106.79081739946372,-6.228710699474334],[106.79079539990727,-6.2288489995044642],[106.79074969947607,-6.2290221994535955],[106.79067359963426,-6.2291674998345457],[106.79060989973254,-6.2292993996140353],[106.79045129914334,-6.2295563997898284],[106.79031079999027,-6.229786999457076],[106.7901487995731,-6.2300531995441588],[106.78993029940295,-6.2304046992150006],[106.78969749947248,-6.2307561994800267],[106.78937179923435,-6.2312281999969628],[106.78902789988535,-6.2317131993851831],[106.78864239978293,-6.2322288996972475],[106.7885004996424,-6.2324199999252414],[106.78833189917265,-6.2326141998652815],[106.78804459922009,-6.232881499362577],[106.78773689963998,-6.2331370999133355],[106.78757379965151,-6.2332528994437553],[106.78715779974038,-6.2335217996847518],[106.78666079926637,-6.2338538997067303],[106.78656199970993,-6.2339241991562631],[106.78639819981379,-6.2340407992324458],[106.78616969965083,-6.2342130997721483],[106.78578759937,-6.2345198994084967],[106.78577049988439,-6.2345335998006135],[106.78567619974604,-6.2346062999082505],[106.78548349969441,-6.23478179917646],[106.78536186768486,-6.2348907794424235],[106.78498393518248,-6.2352554845093664],[106.7847180212687,-6.2355220785831875],[106.78459587372487,-6.235645435365484],[106.78443123269341,-6.2358550803052708],[106.7843243451137,-6.2359936445437825],[106.78424774586625,-6.2360999449755923],[106.78421334542821,-6.2361605447426882],[106.78417894554451,-6.236221044144088],[106.78410244527885,-6.2363940447492041],[106.78385814957608,-6.2369539897185291],[106.78376329932382,-6.2371471996961532],[106.78369249956114,-6.2373621997803639],[106.78362720003088,-6.2375053991466984],[106.78359299980957,-6.2375840992859821],[106.78355749987236,-6.2376233999840451],[106.78352939919699,-6.2376920998891023],[106.78336969970013,-6.2381240999513352],[106.78329389921657,-6.2384127997078735],[106.78321949976322,-6.2386286999250729],[106.78317449942642,-6.238747299814861],[106.78314779951393,-6.2388192998122918],[106.78306799982369,-6.2390665992586491],[106.7830182999075,-6.2393791998401298],[106.78292919928589,-6.2400111991494782],[106.782870799558,-6.2404396998124412],[106.78285869918926,-6.2406676997366048],[106.78285199940825,-6.2408376999629809],[106.7828584996783,-6.2409657000063135],[106.78286069975485,-6.2411462997947069],[106.78279699982329,-6.2419103999265531],[106.78277339983094,-6.2422294992303478],[106.78269809916122,-6.2430838998112108],[106.78266139980269,-6.2433921995063884],[106.782600999409,-6.2437238995455004],[106.78249829972702,-6.2440960997426487],[106.78245779943745,-6.2442169992194749],[106.78242299932907,-6.2443366994149869],[106.78162173928092,-6.2466732098810667],[106.78138710239176,-6.2474369019926712],[106.78133819518177,-6.2475832694821065],[106.78131884557064,-6.2477445202741819],[106.78130164496059,-6.2480541230511335],[106.78126294513078,-6.2486109772839882],[106.78127584512725,-6.2489850800554905],[106.78130379464744,-6.2492860829060533],[106.78132556655828,-6.2495096633533649],[106.78133949927798,-6.2495679999582308],[106.78135719987756,-6.2496361994059271],[106.78141109970403,-6.2498857000189219],[106.7814159994989,-6.2499083000202518],[106.78148499961242,-6.2503645991761232],[106.78154979948118,-6.2509469996392681],[106.78161549984884,-6.2516962994185405],[106.78163639938867,-6.2519817992069875],[106.78167289973703,-6.2525390991904715],[106.78167959948587,-6.252662300006989],[106.78169149981107,-6.2528792996179732],[106.78169779993414,-6.2531934991498588],[106.78168779995337,-6.2534109997875476],[106.78169030001663,-6.2535779995095027],[106.78170910002694,-6.2557403999718417],[106.78173259941707,-6.2569666997827653],[106.78173490003991,-6.257085399940479],[106.78175459984806,-6.2581100999930186],[106.78181539975168,-6.260063599956311],[106.78183789996564,-6.2604355991896909],[106.78187599943908,-6.260656299208506],[106.78192959944317,-6.2608708993407163],[106.78195769962934,-6.2609710997850243],[106.78203029988509,-6.2611875992858472],[106.78204819953044,-6.2612206997997646],[106.78207969940746,-6.26125809968471],[106.78211109941645,-6.2612846993170592],[106.78213229966707,-6.2613051995338083],[106.78214999954224,-6.2613499991709318],[106.78218789943787,-6.2614304991943754],[106.78221569972243,-6.2614901999924086],[106.78223919963523,-6.2615423997358448],[106.78226269921635,-6.2615945000196689],[106.78228779929674,-6.2616423994070374],[106.78231289994153,-6.2616901993271767],[106.78239729932693,-6.2618143992804107],[106.78247049921561,-6.2618918995104877],[106.78250739930269,-6.2619511995547441],[106.78267169948447,-6.2621170997626336],[106.78300089922379,-6.2623737992604447],[106.78312559979224,-6.2624897993938475],[106.78326309944885,-6.2626343999011738],[106.78341719952431,-6.2628386993031882],[106.78351169989804,-6.2630219997125209],[106.7835574992796,-6.2631428991378471],[106.78360039992657,-6.2632975998873803],[106.78363979942941,-6.264003799412194],[106.78368279958983,-6.2654124998437055],[106.78375509937996,-6.2657687996155005],[106.7837602991749,-6.2659984992342288],[106.78376439993974,-6.2665786991817072],[106.7837482995775,-6.2668832994880859],[106.78374119989536,-6.2672130997598856],[106.78372919923095,-6.2677697993510151],[106.78372309951266,-6.2680015998524823],[106.7837221992641,-6.2680352994527766],[106.7837171998774,-6.2683068996600468],[106.78371379964904,-6.2685387994835651],[106.78371519933779,-6.2691383998874812],[106.78371889932282,-6.2692427998018161],[106.78369489915718,-6.269709099283034],[106.78367949956646,-6.2698028992498394],[106.78365879976531,-6.2699576995944994],[106.78360869962114,-6.2701950994111257],[106.78359559975206,-6.2702359999201462],[106.7833837000166,-6.2709586996480766],[106.78311929976081,-6.2719432993272903],[106.78306099954068,-6.272171800008266],[106.78295999923887,-6.272562099361437],[106.78292729945002,-6.2726815993235618],[106.78275959921552,-6.2732582998567636],[106.78256469998314,-6.2739921991769165],[106.78251519973423,-6.2741913994345282],[106.78248819989864,-6.2742999998740174],[106.78244550001375,-6.2744719996777576],[106.78217639999383,-6.2754993994385586],[106.78159509958084,-6.2777327993497352],[106.78143039922065,-6.2783186992130027],[106.78126269954572,-6.2789077993157321],[106.78095860002094,-6.2797957998813558],[106.78095269930157,-6.2798946998262295],[106.78098559976848,-6.2800262998790117],[106.7810107999432,-6.2800743000116199],[106.78102709980709,-6.2801258992857925],[106.78103389967708,-6.2801795996851979],[106.78103109944038,-6.2802335994963983],[106.78100119951341,-6.2803280999439721],[106.78097269934443,-6.2803736995692816],[106.78093669950277,-6.2804135993667956],[106.78089419950459,-6.2804464993225224],[106.78084649967525,-6.2804715993165132],[106.78079509935765,-6.2804878996346929],[106.7806893999612,-6.2805861997711077],[106.78062089951374,-6.2806865994316468],[106.78052479945802,-6.2810810996452346],[106.78043089970942,-6.2814989992473329],[106.78040709971049,-6.2816196996540725],[106.78034199995767,-6.2820139994671536],[106.78030349995362,-6.2822812997836195],[106.78027619997869,-6.2825789998545929],[106.78026399950818,-6.2829815991784699],[106.78026499988738,-6.2830384993849293],[106.78029899916294,-6.283733499580137],[106.780312699641,-6.2840333992255069],[106.78031779974623,-6.2841465995457497],[106.78037169957184,-6.2850437999709925],[106.78039689931171,-6.2853702997716141],[106.78040489946693,-6.2856131994494149],[106.78040189922297,-6.2859069992667287],[106.78037779931634,-6.2861097996826061],[106.78034929970624,-6.2862533994589285],[106.78027959921815,-6.2864208999416746],[106.78020249970365,-6.2865846994395156],[106.78006480002199,-6.286793999973213],[106.77996119970823,-6.2869212997165391],[106.7799343999277,-6.2869506995005509],[106.77988709971646,-6.2870025994234879],[106.77977119961827,-6.2870511993290847],[106.77968899971466,-6.2871126994413657],[106.77913149979128,-6.287598099608374],[106.7785269000301,-6.2880868000109444],[106.77765919991651,-6.288789799445226],[106.77746409946502,-6.2889157998432665],[106.77723659915733,-6.2890435994206655],[106.77704559930748,-6.2891187998588975],[106.77684249976903,-6.2891735993430302],[106.77658709927465,-6.289217700019492],[106.77643179953856,-6.2893172997580677],[106.7762696997147,-6.2893774996740035],[106.77620499924518,-6.2893905998735704],[106.77606889967979,-6.2894077991538779],[106.7757989998795,-6.289409599875512],[106.77566369964717,-6.2894045992404131],[106.77446199928039,-6.2893907992470872],[106.77401539969429,-6.2893832999396864],[106.77367859922055,-6.2893767992147218],[106.77358269942863,-6.2893566998384358],[106.77349109955105,-6.2893286994415121],[106.77343109935015,-6.2893008992105024],[106.77338839996088,-6.2892803995073336],[106.77324679971258,-6.289172599789481],[106.77289879958323,-6.2891610992474511],[106.77232079985731,-6.2891659995217424],[106.7721156991438,-6.2891603991994316],[106.77178629989231,-6.2890987992576584],[106.7715833993783,-6.2890757999187485],[106.77114549968383,-6.2890711999839368],[106.77106639957356,-6.2890416991767779],[106.77097890003614,-6.2889427998081828],[106.77098259991033,-6.2887997992366422],[106.77097459994786,-6.2885728998304558],[106.7710026993974,-6.2884071998746549],[106.77101349996866,-6.2883257999379794],[106.77113799971733,-6.287433199783834],[106.77116709968988,-6.2872202991396762],[106.77123489936741,-6.2867926994394452],[106.77127979990991,-6.286501899272082],[106.77128889943936,-6.2864526999772465],[106.77135009940588,-6.2861464994511493],[106.77139329993952,-6.2859036998742681],[106.77146609968833,-6.2854718995614007],[106.77148489985831,-6.2853545994018987],[106.77154709976787,-6.2849972993165579],[106.77157539940748,-6.2848346992266784],[106.77164079975091,-6.2844377998299592],[106.77165099954038,-6.2843713998846056],[106.77168919992846,-6.2841247997629353],[106.77171299960503,-6.2839643994768153],[106.77179460001787,-6.2834567994740951],[106.77186459994567,-6.2830657998045467],[106.77188659945438,-6.2829237997202654],[106.77189649955022,-6.2828590997821152],[106.77198069926851,-6.2821368996358729],[106.77200179941502,-6.2819560998764246],[106.77202059979959,-6.2817947996964563],[106.77203089917924,-6.2817126998424442],[106.77204209938606,-6.2815499000247996],[106.77206569921782,-6.281492299566537],[106.77210159982656,-6.2814414995018524],[106.77214799967493,-6.2813999997141536],[106.77220259943095,-6.2813697999338842],[106.77226259960753,-6.2813524992228054],[106.77232499989566,-6.2813490996397832],[106.7723865995938,-6.2813595993711715],[106.77244419937171,-6.2813835996531111],[106.77249499953155,-6.2814196994219742],[106.77262139971339,-6.2815720994913704],[106.77308469997149,-6.2820986999029174],[106.77334899954161,-6.28239349989326],[106.77385449992914,-6.2829561999417933],[106.77423319947127,-6.2833572991758615],[106.77467059993853,-6.2838475993677889],[106.77492249971198,-6.2841327995930669],[106.77498269948956,-6.2842009995055719],[106.77527809984031,-6.2845353991942829],[106.77537869993108,-6.2846680992179813],[106.7754893997091,-6.284813999630444],[106.77558929979449,-6.284939299310679],[106.77569789952742,-6.2850912992424242],[106.77582529973284,-6.2853178992316998],[106.77603809992007,-6.2856911996055942],[106.7761571999676,-6.285857199512634],[106.77638889934587,-6.2861643993066991],[106.77742949928876,-6.2873498993042745],[106.77786159975938,-6.2878445992670322],[106.7779713991979,-6.2879694991853512],[106.77803999938919,-6.2880004994014485],[106.77813869998766,-6.2880239999796004],[106.77825569951455,-6.2880373999103654],[106.77826749927658,-6.288038699778042],[106.77837339951787,-6.2880199996664601],[106.77858059945044,-6.2879139993701187],[106.77866439950373,-6.287870699863447],[106.77925509983845,-6.287377999547175],[106.7793310992264,-6.2873154997527081],[106.77939949925781,-6.2872538992696718],[106.7794677995372,-6.2871921996632523],[106.77958849965182,-6.2870848000237629],[106.77967849956332,-6.2869992995771327],[106.77978509976043,-6.2869021996678498],[106.77990909935306,-6.2867632993092002],[106.77995569924752,-6.2867036998547405],[106.78001209969733,-6.2866314996440451],[106.78010309979845,-6.2865002996317685],[106.78017929961436,-6.2863519992690158],[106.78024049972777,-6.286208199523287],[106.78026309924451,-6.2860918993535506],[106.78028159958802,-6.2859571992410679],[106.78028960002615,-6.2858491995512509],[106.78029289967861,-6.2857023997490842],[106.78028319939148,-6.285379399734893],[106.78026829962312,-6.2850486992209653],[106.78021459927373,-6.2841457998259784],[106.78020959939357,-6.2840633996108863],[106.78020449921286,-6.2839809997322504],[106.78015309962586,-6.2830390999637302],[106.78015149934771,-6.2829816999677632],[106.7801810994269,-6.2825734996026199],[106.78018789962215,-6.282407699804935],[106.78020309916195,-6.2822535997186151],[106.78023099980282,-6.2820453991959084],[106.78028849959014,-6.2816506993593748],[106.78042599951613,-6.2810345995436023],[106.78049049979109,-6.2807818993997557],[106.78053289935565,-6.2806183999109635],[106.78053509935319,-6.2804927999551978],[106.78049939978843,-6.2803939999547538],[106.78047149968438,-6.2803579994847496],[106.78044939919403,-6.2803182992104212],[106.78043339957691,-6.2802757995928005],[106.78042389968346,-6.2802313998465138],[106.78042119929563,-6.2801860998959],[106.78042530000914,-6.2801408997783028],[106.78044009944176,-6.2800854992180462],[106.78046509959108,-6.2800336997137265],[106.78049699917932,-6.2799901998336622],[106.78053619986042,-6.2799529999450669],[106.78058129986522,-6.2799230994298796],[106.78063099934548,-6.2799016998575325],[106.78068379995204,-6.2798893000164639],[106.78081049937612,-6.279813499831846],[106.780881100003,-6.2797152992738461],[106.78093869917876,-6.279578299716718],[106.78121799968272,-6.2787142994828855],[106.78148709952256,-6.2777056993276688],[106.78210189943576,-6.2753938000263361],[106.78237149947671,-6.2743488997314216],[106.78243869919731,-6.2740736997004092],[106.782570499717,-6.2735341995149838],[106.78263750003305,-6.2732529999697135],[106.78266019970431,-6.2731643995500121],[106.78282999968746,-6.272538399820462],[106.78319509988859,-6.2711706991552774],[106.78339039954255,-6.2704689997088394],[106.78348169981814,-6.2701729991274533],[106.7835167995965,-6.2700646993980058],[106.78354989971433,-6.2699276992763657],[106.78358619993958,-6.2696849999334177],[106.78360909953949,-6.2691771999392927],[106.78359989941225,-6.2684340999755932],[106.78359589932433,-6.267766099882806],[106.78358699924348,-6.2677212993987723],[106.78356419968571,-6.267662899219431],[106.78355219990709,-6.2675820998147742],[106.78354749935534,-6.267195899962303],[106.78354249928634,-6.2667214998606937],[106.78353989997572,-6.2665619992104098],[106.7835239991681,-6.265727699751551],[106.78359659921784,-6.2654295992136326],[106.78355659969571,-6.2640039999998294],[106.78352310001748,-6.263380599895072],[106.78351559983571,-6.2633224993758176],[106.7835014996997,-6.2632595992284905],[106.78345829998938,-6.2631402995228314],[106.78340049940408,-6.2630189996285139],[106.78329119977735,-6.2628449993793538],[106.78317259921221,-6.2626703995596245],[106.78311019948433,-6.2626036995400796],[106.783024399765,-6.2625243995273649],[106.78283129947283,-6.2623610992472436],[106.78258049947567,-6.2621670994997771],[106.78244839916169,-6.2620557998999971],[106.78233339947832,-6.2619798992022879],[106.78227559915291,-6.2619104997610862],[106.78218550000383,-6.2617644991466932],[106.78213859962847,-6.2616848995332361],[106.78210469978092,-6.2616205999209456],[106.78207819989615,-6.2615619996242344],[106.78206039972076,-6.2615203993602222],[106.78204949948844,-6.2614923991465048],[106.78201349965173,-6.2614096999895423],[106.78198979969363,-6.2613413999342242],[106.78198439938217,-6.2613220992750485],[106.78198829928652,-6.2613044994753864],[106.78199409943022,-6.2612732995782494],[106.78199549981366,-6.2612369995975428],[106.78199369991069,-6.2612196994477358],[106.78192589967608,-6.2609914996548355],[106.78188129995857,-6.2608321992781271],[106.78185819922709,-6.2607434000075841],[106.78180119982477,-6.2604615999817383],[106.78178729943869,-6.260343699646171],[106.78176319998931,-6.26003889915944],[106.78174929994429,-6.2595763998214125],[106.7817245991688,-6.2586805996451744],[106.78170149951933,-6.2578352995305409],[106.78166759950886,-6.2573467991667258],[106.78165529951605,-6.2571354991974317],[106.78165459936639,-6.2570853992984894],[106.78165289920656,-6.2569686998907628],[106.78165069949733,-6.2568138994502078],[106.78165529969027,-6.2566591998203194],[106.7816691993948,-6.2563008993907943],[106.78167539976619,-6.2560359993476595],[106.78167379927419,-6.2557296992238207],[106.78166329932236,-6.2551389997789784],[106.78164459972191,-6.254204699243644],[106.78163879922954,-6.2534189998631859],[106.78163409920734,-6.2531172998980651],[106.78161659960699,-6.2528050995208559],[106.78161019921299,-6.2526704994178885],[106.78160379973258,-6.2525358993144664],[106.78159209954811,-6.2521713996788435],[106.78158079991965,-6.2519518997167438],[106.78156069925524,-6.2516455998476204],[106.78152379920459,-6.2511953992901681],[106.78145749969417,-6.2506026997145341],[106.78140049981431,-6.2501126994744709],[106.78136969978425,-6.2499135999460123],[106.78131599947426,-6.249656299977346],[106.78130139947717,-6.2495745994466461],[106.78128946059724,-6.2495105442908994],[106.78128153462217,-6.2494550635748283],[106.7812577567621,-6.2493035921565365],[106.78121994468933,-6.2489959162995774],[106.78120205614925,-6.2486739300743466],[106.78122682429893,-6.2480822455302132],[106.78125572036333,-6.2477217304612509],[106.781273608341,-6.2475827531136474],[106.7813097149014,-6.2474172464944786],[106.781569599764,-6.2466615993919845],[106.7818767649901,-6.245838999414616],[106.7821955360439,-6.2448954043902631],[106.78228497652719,-6.2446518507304631],[106.78238219929761,-6.2443184996565151],[106.78243709940682,-6.2441378999418475],[106.78254729919865,-6.2437147998838327],[106.78260929985345,-6.2433822996381991],[106.7826434997138,-6.2430781993412552],[106.78273779940309,-6.2419246994988384],[106.78279869920652,-6.2410552992126895],[106.78280309950424,-6.2408243993868382],[106.78280849988039,-6.240651700015178],[106.78281519934876,-6.2405443992820437],[106.78283859972316,-6.2402110993972997],[106.78285669923758,-6.24003049958975],[106.78289089924948,-6.2396258991332161],[106.78292649996899,-6.2393645995774705],[106.78296199992633,-6.2391485995626113],[106.78298819929165,-6.2390332994282858],[106.78303689945375,-6.2387945992596769],[106.78305189986679,-6.2387326998322123],[106.78307869934139,-6.2386406996411097],[106.78318929975808,-6.2383773993105933],[106.7832623996012,-6.2382006993831283],[106.78350849965551,-6.2376254999527987],[106.78360099920718,-6.2374221998988446],[106.7836398992809,-6.2373144999322108],[106.78378316754072,-6.2369926898919061],[106.78400811286213,-6.2364629788559114],[106.78412673655504,-6.2362003159817618],[106.78425960323767,-6.2359909179147053],[106.78446687585773,-6.2357368765216279],[106.78473520042951,-6.235422380158127],[106.78534943159769,-6.2348455034405106],[106.78544199970196,-6.2347508997465866],[106.78563149979419,-6.2345822000077646],[106.78573709927537,-6.2344975995268328],[106.78588489959031,-6.2343791992911974],[106.78613369981304,-6.234163299512602],[106.78633239926563,-6.2340070996647796],[106.78642409954182,-6.2339396996355845],[106.78652269988038,-6.2338721993575064],[106.78660739956462,-6.2338141995090268],[106.78685389961964,-6.2336425991826445],[106.78717199926302,-6.2334465996488575],[106.78754689923807,-6.2332024997050439],[106.78769129941077,-6.233104599680189],[106.78798660002354,-6.2328621999020584],[106.78827359946786,-6.2325901996518951],[106.78840369922119,-6.2324475996020965],[106.78853249951146,-6.2322782995669286],[106.78872289998003,-6.2320422999536618],[106.7889697000054,-6.2317156998219616],[106.78914669959175,-6.231475699376972],[106.78938409941657,-6.231118399454374],[106.7896725000337,-6.2307102998991581],[106.78979239974518,-6.23052449957504],[106.79011149943926,-6.2300339999792413],[106.79030539952919,-6.2297096995687298],[106.79049339929196,-6.2293893994275891],[106.79062299928103,-6.22913519942324],[106.79066619988481,-6.2289657992270691],[106.79069879947042,-6.2287324997338942],[106.79068949918724,-6.2285455999348187],[106.79064049989637,-6.2283343991416018],[106.79056109957821,-6.2281312999791112],[106.7904664997713,-6.227957200019091],[106.79030309915845,-6.2277761994236585],[106.7900438992628,-6.2275405996161908],[106.78833699972495,-6.2259806999368834],[106.7875757994895,-6.2252807995245121],[106.78707159951085,-6.2248356000287686],[106.78689769942201,-6.2246730996141082],[106.7867236997821,-6.224502499697337],[106.78653929914566,-6.2242993993345976],[106.78633029978863,-6.2240590995405114],[106.78590879935018,-6.2235449992880945],[106.78554549944056,-6.2231042993216192],[106.78531909976959,-6.2228454991380886],[106.78522769945386,-6.2227636993071087],[106.78512159961667,-6.2226695996793637],[106.78499089957086,-6.2225621993136429],[106.78468589959999,-6.2223232998528601],[106.78437369969248,-6.2221194999304998],[106.78397729947494,-6.221879199797911],[106.78340259943002,-6.2215529998734951],[106.78330559971334,-6.221499399481047],[106.78320859997655,-6.2214481997008875],[106.78273409921451,-6.2211976995869236],[106.78204079939087,-6.2208224991655925],[106.78193709925603,-6.2207653992100518],[106.78149559939249,-6.2205382998911887],[106.78028349918935,-6.2198894995480032],[106.78023139982525,-6.2198615998523792],[106.77947559916748,-6.2194774995004423],[106.77854339940154,-6.2190339999745561],[106.77844819931551,-6.2189913991385879],[106.77829619989251,-6.2189243998392385],[106.77819150001903,-6.2188607993070377],[106.77793929940202,-6.2186935994798773],[106.77756159930539,-6.2184176996098586],[106.77735319984714,-6.2182653996742374],[106.77643369941865,-6.2176037999668665],[106.77630659967923,-6.2175078994313253],[106.77570709918763,-6.2170065997139545],[106.77505539959378,-6.2164425999794162],[106.77484649927044,-6.2162870994453669],[106.7747661991981,-6.216227299566242],[106.77466509946345,-6.2161519992122294],[106.77441830002817,-6.2159452997613585],[106.77433649923307,-6.2158746996527157],[106.77421979980483,-6.2157706998337403],[106.77398509969959,-6.2155253999229672],[106.77367669930976,-6.2151773995638564],[106.77330659956442,-6.2147800991587587],[106.77318990002976,-6.2146440993798251],[106.77308389937048,-6.2145040996674084],[106.7729645994018,-6.2143280995215946],[106.77286749948541,-6.2141746000300486],[106.77271849968537,-6.2139234998186907],[106.77261439962029,-6.213731999411948],[106.77246799929907,-6.2134540998220018],[106.77231559999115,-6.2131408995050492],[106.77221909992863,-6.2129415991506107],[106.77212959994131,-6.2127569992901499],[106.77195479993446,-6.2123972993843495],[106.77179829924722,-6.212063799627856],[106.77164889938797,-6.2117758991957999],[106.77144729916949,-6.2113567995587005],[106.77131529943836,-6.2110641993905347],[106.77114669948355,-6.2106005999970648],[106.77099269921308,-6.2101959994802201],[106.77082929950456,-6.2097717992146499],[106.7707956998741,-6.209687299306097],[106.77073549962824,-6.2095694999154603],[106.77055319937637,-6.2092246999467875],[106.7705142999103,-6.2091331993268568],[106.77045409992792,-6.2089607997146459],[106.77029489967276,-6.2084945993360634],[106.77003999996469,-6.207704699450403],[106.76986129933528,-6.2070801994706812],[106.76970909954582,-6.2064995991790397],[106.76959769987411,-6.2060474994337937],[106.76955519970949,-6.2058750991302531],[106.76951979926315,-6.2057272991979744],[106.76949639989095,-6.2055525998521261],[106.76948089929351,-6.205436999817266],[106.76945609974939,-6.2051220997148562],[106.76944189914605,-6.2047526996326496],[106.76942599983056,-6.203878399282587],[106.76941359995692,-6.2032133998368408],[106.76940049918079,-6.2029717994478233],[106.76938459977902,-6.2027481992916478],[106.76932789954697,-6.2023857994596483],[106.76922349936012,-6.2018579996353651],[106.7691916992012,-6.2016925999134287],[106.76915099916869,-6.2013671998201971],[106.76909259997137,-6.2008147993630587],[106.7690695996327,-6.2004399996618531],[106.76902179962144,-6.1998576997764303],[106.76899169968573,-6.1994917993717991],[106.76898459946915,-6.1990800994330471],[106.76897759922736,-6.1985364996515955],[106.76894569983062,-6.1974052998349975],[106.76892289997562,-6.1968283994345938],[106.76892299969995,-6.1967728992059961],[106.76889620000043,-6.1962072992664048],[106.76887169923759,-6.1952084994526331],[106.76885539999171,-6.1946912997968866],[106.76885369931603,-6.1945530991416149],[106.76885219925305,-6.1942908992014623],[106.76885139924212,-6.1941398992751147],[106.76885839956674,-6.1932554997079592],[106.76885139980311,-6.1927377997126882],[106.76883269962252,-6.1922131998673535],[106.76880699953722,-6.1917860999078584],[106.76880299985419,-6.1916606995408188],[106.7687976994427,-6.1915399999338092],[106.76877749941434,-6.1914243999543146],[106.76881069977117,-6.1912878000240994],[106.76885759967945,-6.1910072995360679],[106.76886229947451,-6.1907905991344023],[106.7688488000324,-6.190607199655517],[106.76873919941119,-6.1894766000166328],[106.76869199964142,-6.1890284991580984],[106.76867669931789,-6.1888606995049145],[106.76866240000811,-6.1887433998078336],[106.76868019966832,-6.1886920993823082],[106.76868229959263,-6.1885970996366382],[106.7686557997468,-6.188409199799537],[106.76861519951746,-6.1882009996718921],[106.76857689965925,-6.1880245998827377],[106.76856810001487,-6.1879295993655887],[106.76855389982825,-6.1877765996136986],[106.76853089993983,-6.1873630996078077],[106.76852309997008,-6.1865638995220706],[106.76852109965358,-6.1863945997581595],[106.76852379930989,-6.1861051999704841],[106.76851849920092,-6.1860031992025597],[106.76850439916262,-6.185800899272067],[106.76848489920633,-6.1856741995736684],[106.7684405997677,-6.1854542995164365],[106.76840139935712,-6.1852701997289046],[106.76837159964367,-6.185132299589327],[106.76832519987732,-6.1849667996783069],[106.76825239967343,-6.1847221994015626],[106.76810449988591,-6.1843606996797575],[106.7679739996845,-6.1840394992261736],[106.76792739933512,-6.1839165995714325],[106.76734199967183,-6.1824263991977659],[106.76725569964015,-6.1821797999307933],[106.76715709917266,-6.1818948997100733],[106.76705079924909,-6.1815701994119081],[106.76695689922201,-6.1812469994997628],[106.76679199960091,-6.1806573995889948],[106.76665489987204,-6.1801381997144631],[106.76651159989677,-6.179648099504675],[106.76646849967915,-6.1794611992101522],[106.76642229919622,-6.1792084994717698],[106.76636379916278,-6.1787964991368085],[106.76633599947951,-6.178496299198116],[106.76630789928248,-6.1781830996075655],[106.76628479988403,-6.1780183997165068],[106.76621710001467,-6.177448799135334],[106.76614469930809,-6.1768867000035357],[106.76607849978507,-6.176463999376324],[106.76603229953912,-6.176041299218241],[106.76598449943691,-6.175621599969304],[106.76592289919023,-6.1750456991871374],[106.76587979931458,-6.1747148991418044],[106.76585379957373,-6.1744975994719198],[106.76583659998232,-6.1743534993428284],[106.76580779984437,-6.1740770993396836],[106.76576779946004,-6.1737722992732529],[106.76569689924349,-6.1732469000111223],[106.7656475995293,-6.1729681998507431],[106.76556629952933,-6.1725132996053844],[106.76555759940231,-6.1724636994212005],[106.7655362993446,-6.1723427993318865],[106.76551829946015,-6.1722403991586816],[106.76545899999581,-6.1719153997634635],[106.76538999921422,-6.171575899239599],[106.76534839971504,-6.1713488993096917],[106.76529379994184,-6.1710818997937054],[106.76520909988278,-6.1707403995895902],[106.76504579984686,-6.170195099979594],[106.76489789955826,-6.1697295000038821],[106.76478239989507,-6.1694292999234221],[106.76473330002528,-6.1693129992942204],[106.76367469984712,-6.167424699622984],[106.76357769965631,-6.167179399785141],[106.76349449914335,-6.1669863995591072],[106.76338969967009,-6.1667060992605798],[106.76328039916348,-6.1663890994495887],[106.76321719960072,-6.166099599422239],[106.76316609936288,-6.1658594000089693],[106.76314400002576,-6.1657321999071542],[106.76310779916287,-6.1654379999392859],[106.76303699926609,-6.164967699261183],[106.76302309999073,-6.1648175992212373],[106.76300149917682,-6.1645526996027229],[106.7629980998027,-6.1644553993554041],[106.76299229921528,-6.1642891993562898],[106.76298919976836,-6.1639721996951948],[106.76299379993003,-6.1636596992030377],[106.76301139969951,-6.1621176993604649],[106.76301419957559,-6.1612328996681072],[106.76304249923209,-6.1600074999782919],[106.7630429999254,-6.1599872992742348],[106.7630430998405,-6.1599516000073322],[106.76305419988034,-6.1592984999323335],[106.7630451998055,-6.159256599856235],[106.76302239982527,-6.1592264991659249],[106.76303069990985,-6.159001499952808],[106.76303059929307,-6.1589783996402048],[106.76304609146308,-6.1584488236409811]],[[106.77222129915613,-6.1621169000110854],[106.77228149930517,-6.1621420998063172],[106.77234340004014,-6.1621692994605723],[106.7723622998559,-6.1621983998294354],[106.77239309993735,-6.1622329997649103],[106.77243469976617,-6.1622570000155861],[106.77512419967411,-6.1633093995973809],[106.77554889928041,-6.1634728993309977],[106.77596569979738,-6.1636318994511043],[106.7763392998782,-6.1637908993852193],[106.7768903992216,-6.1640021992857328],[106.77709959961692,-6.1640893998582555],[106.7772306999891,-6.1641435998179759],[106.77764219916389,-6.1643004992852752],[106.77825049946313,-6.1645407996147696],[106.77871870001184,-6.1647275996689359],[106.77896619941362,-6.1648204999690392],[106.77914129990131,-6.1648680992103664],[106.77925479916269,-6.1648960994256186],[106.77937830003992,-6.1649098992446625],[106.77957209985811,-6.1649086996438882],[106.78020139930618,-6.1648784998743622],[106.78059899961158,-6.1648597991879228],[106.78077029951652,-6.1648541000034243],[106.78092670001354,-6.1648570992003897],[106.78110849965037,-6.1648708999859991],[106.78133719983146,-6.16491459943461],[106.78184249915068,-6.1650218992520536],[106.78285669918768,-6.1652348992654424],[106.78310159967657,-6.165283399200348],[106.78373849993443,-6.1654170994772244],[106.78396659990318,-6.1654611993296271],[106.78459629954108,-6.165582899482672],[106.7847893997718,-6.1656232995540563],[106.78500489980348,-6.1656979992845322],[106.78518579982716,-6.1657828993204475],[106.78546829916058,-6.1659324993552787],[106.78588709962173,-6.1662052999751609],[106.78610359971498,-6.1663265997786993],[106.78623539962302,-6.1663905998367454],[106.78636050000551,-6.1664376994214081],[106.78651449932852,-6.1664795996975954],[106.78684749957989,-6.1665619997330623],[106.78748869999885,-6.1667019997988177],[106.78764319917303,-6.1667363995430264],[106.78774389937178,-6.1667515992933772],[106.78785309951616,-6.1667679992968942],[106.78791309936855,-6.1667719997271888],[106.78794349961601,-6.1667742992369199],[106.7880572997903,-6.1667827991938111],[106.78810719990724,-6.1667861996568831],[106.7888003997079,-6.1668458992746196],[106.78879009917114,-6.1669152999276662],[106.78877439983029,-6.1669744995209044],[106.78874849964996,-6.1670465991302876],[106.78872959941231,-6.1670871993732135],[106.7886983996305,-6.1671379995219127],[106.788672899414,-6.1671916992694946],[106.78865459961571,-6.1672480991702514],[106.78863559941891,-6.167332999784719],[106.78860559921071,-6.1674769992203551],[106.78858379938265,-6.1675675993209325],[106.78854580003178,-6.1676697994597589],[106.78848249958867,-6.1678268994475616],[106.78845919924197,-6.1679080991717683],[106.78844020002504,-6.1680153993626163],[106.78842509982411,-6.1682554997717602],[106.78841139921616,-6.1685198992897767],[106.78841009955835,-6.1687568999001883],[106.78842129963391,-6.1689417996144016],[106.78843379961381,-6.1690546994863666],[106.78845629919215,-6.1692072996391971],[106.78852989957841,-6.1695485996172579],[106.78859869924412,-6.1699286992242719],[106.78861729918009,-6.1700312997210744],[106.78865709914254,-6.1705028997506588],[106.78875029985937,-6.1707462991744819],[106.7888839996084,-6.1711254997205742],[106.78893749940465,-6.1712594994394294],[106.78917039984458,-6.171721699557736],[106.7893785996522,-6.1720562996526382],[106.78939399992703,-6.1720767992750893],[106.78960499986755,-6.1723451992851892],[106.7897675997977,-6.1725258997244623],[106.78991000002725,-6.1726840993759424],[106.79006569981755,-6.1728479000107654],[106.79018779949831,-6.1729696999369139],[106.79022599960683,-6.1730077997816579],[106.79042319971518,-6.1732044998273068],[106.79072579926202,-6.1735771995874984],[106.79075519950726,-6.1736081994304755],[106.79133299980305,-6.1741687993544474],[106.79168179926046,-6.1744930995528762],[106.79176129985694,-6.1745784994488417],[106.7919723994554,-6.1747836999985566],[106.79222619961189,-6.17503019926977],[106.79300199984397,-6.1757272996350139],[106.79309729931396,-6.1758096992109017],[106.79320609921871,-6.1759009993133418],[106.79370139977698,-6.1763612992950812],[106.79478379951036,-6.1773869995865311],[106.79497289951928,-6.1775213994165483],[106.79512719983916,-6.1776826996161844],[106.79538329956745,-6.1779766994111469],[106.7954529997325,-6.1780679997038987],[106.79560359931816,-6.1782387998258628],[106.79569309940706,-6.1783511993771185],[106.79575609956822,-6.1784279991399558],[106.7958848996613,-6.1786013999512761],[106.79592629992499,-6.1786751992892732],[106.79597069971072,-6.1787540998702752],[106.79611819993556,-6.1788948992704036],[106.79626109973793,-6.1790061996142072],[106.79634369988082,-6.179042099869605],[106.79642999965046,-6.179079599781403],[106.79658169918093,-6.1791059994931743],[106.79680599952297,-6.1790030998649286],[106.7968350997524,-6.178988899799208],[106.79750959999524,-6.1786707996454311],[106.79764569953664,-6.1786278996577835],[106.79779269914184,-6.1785541995978406],[106.79807889986841,-6.1783934998299515],[106.79812829946502,-6.1783877991571217],[106.79826379915613,-6.1783181995002678],[106.79860119918266,-6.178097599355965],[106.79909739915263,-6.1777586995708589],[106.79928329924263,-6.1776288993199273],[106.79972429954381,-6.1773210991958081],[106.80027069974284,-6.1769310996121476],[106.80040699992537,-6.1768349996858092],[106.80057190000667,-6.1767186992250913],[106.80098519962291,-6.1764412996778333],[106.80131549927131,-6.1762002996381966],[106.80175019922007,-6.1758831994758907],[106.80249929963003,-6.1753393997522608],[106.80272479971813,-6.175182699787058],[106.80303399980255,-6.1750039993877976],[106.80340549956895,-6.1748186996345567],[106.80411629926539,-6.1744386994338925],[106.80423559917489,-6.1743653995050067],[106.80448369921214,-6.1741906996689977],[106.80680109999008,-6.1725306991552316],[106.80718599936961,-6.172266699892873],[106.80757089932865,-6.1720013993378302],[106.80776539969042,-6.1718759994645325],[106.8081033999552,-6.1716799999505838],[106.80852579970269,-6.1714639996632172],[106.80858939920103,-6.1714379999037305],[106.80866309978302,-6.1714145997078163],[106.80879579926477,-6.1713794996416595],[106.80884659970508,-6.1713659993733927],[106.80931599981693,-6.1712766993838386],[106.80960969961313,-6.1712272993082706],[106.80970219945118,-6.1712072999119982],[106.80983369966418,-6.1711739994026971],[106.80995709971296,-6.1711486994877305],[106.81011649977341,-6.1711217997091694],[106.81037679937305,-6.1710779993968004],[106.81042749991138,-6.1710696992887506],[106.81075609972345,-6.1710159999220195],[106.81081649986027,-6.1710101994023034],[106.81082829948519,-6.1710090995669589],[106.81088939977889,-6.1710032993740924],[106.81107739978131,-6.1709899995008186],[106.8111213998846,-6.1709849997872084],[106.81113259940093,-6.1709841000043753],[106.81124759980338,-6.1709706993954114],[106.81176709930281,-6.1708765994114287],[106.81331099985226,-6.1705907993452342],[106.81473599997406,-6.1703294996519844],[106.81477189972122,-6.1703228997477595],[106.81482189952999,-6.1703160998754925],[106.8149976994909,-6.1702920995463728],[106.81562939987566,-6.1701947998804485],[106.81595279971981,-6.1701411994297928],[106.81648369997833,-6.1700493991543226],[106.81698379963922,-6.1699629992829728],[106.81732259928839,-6.1699044991277674],[106.81734069975954,-6.1699013993097651],[106.81785559957581,-6.1698106994489876],[106.81809439999262,-6.1697613993795244],[106.81832770001563,-6.1697053999520222],[106.81884269941486,-6.169570699779058],[106.81898610001008,-6.169527399832532],[106.81910399958178,-6.1694660997856658],[106.81928079923546,-6.169348999690726],[106.8194199992738,-6.1692051992563961],[106.81969859968251,-6.1688203994451101],[106.81983119966628,-6.1686592992863893],[106.82003739954052,-6.1684448995086427],[106.82045659962989,-6.1680427995678997],[106.82068759929928,-6.1678083995017232],[106.82070989975495,-6.1677814999504221],[106.82073109941672,-6.1677557994818244],[106.82083619933002,-6.1676038992027884],[106.82086360002438,-6.1675397997327082],[106.82088299984088,-6.1674782999976969],[106.8208991996193,-6.1674487991846263],[106.82091439952978,-6.1674280994340052],[106.82092466156297,-6.1674180560165155],[106.82093309935669,-6.1674097991612484],[106.82095649970876,-6.1673922992906114],[106.82097019983178,-6.1673810994312817],[106.82100469997175,-6.1673636999522614],[106.82104729928943,-6.1673462999114577],[106.82110999920917,-6.1673432997906161],[106.82122309975159,-6.1673378000014623],[106.82128759974449,-6.1673396997720147],[106.82188549921614,-6.1673799995999161],[106.82229229974274,-6.1673729995062558],[106.82251099948621,-6.167355899267875],[106.82282159967974,-6.1673125997194234],[106.82294139954274,-6.1672958992219833],[106.82355630001376,-6.167210099554552],[106.82509099976289,-6.1670966998428867],[106.82539059931236,-6.1670795997916912],[106.8255172995257,-6.1670864993884038],[106.82553820001999,-6.167086199914138],[106.82557749920028,-6.1670887000042853],[106.82576179948569,-6.1671179992859493],[106.82665329956194,-6.1672745994828801],[106.82685769969839,-6.1673161994297061],[106.82746619932919,-6.1674313998851176],[106.82786569943681,-6.1675025999679178],[106.82819440000583,-6.1675691999668061],[106.82883879996945,-6.1677128997788486],[106.82929149965679,-6.1678132998318347],[106.82996240003274,-6.1679991997769434],[106.8301430997729,-6.1680314998413337],[106.83035359958603,-6.1680426998330518],[106.83057259996849,-6.1680481995570062],[106.83070509941598,-6.1680477993132286],[106.83096649947811,-6.1679920998082594],[106.83122369972943,-6.1679248999980132],[106.8314301999863,-6.1678660996666963],[106.83158619934784,-6.1678099991807471],[106.8316180997416,-6.1677930999151158],[106.83165049991715,-6.1677730994312014],[106.83168300003035,-6.1677429999068067],[106.83176119966055,-6.1676960992281238],[106.83182839968265,-6.167635899836057],[106.831996199245,-6.167501099352819],[106.83209709975836,-6.1674196996605133],[106.8321931993201,-6.1673592995797435],[106.8323066995444,-6.1672959996294026],[106.83251779924035,-6.1671823994086026],[106.83286349944854,-6.1669963992556518],[106.83314679981572,-6.1668393997742328],[106.8331624994189,-6.1668309993467574],[106.83322449974611,-6.1667964998225671],[106.83332389948151,-6.1667395991461262],[106.83380639975729,-6.1664635000229282],[106.83393909938849,-6.1663942991352201],[106.83437709956615,-6.1661657992061123],[106.83442639986652,-6.1661405993087328],[106.83458599970191,-6.1661238000185108],[106.83471989991551,-6.1661347992956621],[106.83483069997158,-6.1661707997390067],[106.83497139923855,-6.1662882000003947],[106.83506119999242,-6.1664275994731952],[106.8351186996918,-6.1665405999174823],[106.83514369998181,-6.1665936998052189],[106.83517649926353,-6.1666695995057239],[106.83520879956779,-6.1667482993289013],[106.83524579921345,-6.1668355996960145],[106.83529399917535,-6.1669490995859633],[106.83540979959173,-6.1672439998569075],[106.83542199985953,-6.1672719997498007],[106.83561529974372,-6.1677474994259001],[106.83570689962943,-6.1679603996725518],[106.83571589944512,-6.1679813996441908],[106.83575539982655,-6.1680725991299141],[106.83578049982918,-6.1681456997432065],[106.83578069917138,-6.1682353999364636],[106.83576489937116,-6.1682957995983543],[106.83573519921896,-6.168334299347066],[106.83566669988386,-6.1683934999770713],[106.83494420003245,-6.168767199490901],[106.83481139990886,-6.1688358992859094],[106.83464749943448,-6.1689239993914953],[106.83458210000782,-6.1689554999451275],[106.83447689984155,-6.1690101993650615],[106.83428589940422,-6.1691074995515578],[106.83395819957161,-6.169267000020568],[106.83320929948019,-6.1696363999400887],[106.83308819967567,-6.1696931991385213],[106.83301629989995,-6.1697175997727527],[106.83293179974748,-6.1697184991577387],[106.83292249937938,-6.1697185998871191],[106.83284799986825,-6.169679999562959],[106.83283789988911,-6.169671399492529],[106.83277739926041,-6.1696194994357256],[106.83268939940427,-6.1695646994005529],[106.83254609924751,-6.1692702997789866],[106.83249389939397,-6.1691652998566155],[106.83218389934456,-6.1685477991917992],[106.83213119985641,-6.1684429998248334],[106.8321155998089,-6.1684177999723602],[106.83206779964189,-6.1683629998044012],[106.83189649984871,-6.1682306992832423],[106.83178229943582,-6.1681574997022608],[106.83167119944864,-6.1680489995970333],[106.83163339980598,-6.1680253995961607],[106.8315879993155,-6.1680079994132484],[106.83139509941407,-6.1679981996321658],[106.83119579986192,-6.1680202992779414],[106.83082829924604,-6.1681029996215671],[106.83061339921869,-6.1681484993271738],[106.83044989936593,-6.168182999366195],[106.83031309965548,-6.1682086995215855],[106.83013869941124,-6.1682482993957137],[106.83006409935746,-6.1682463992800081],[106.82817129951633,-6.167851299146264],[106.82781179950717,-6.1677762993147667],[106.82675359970898,-6.1675531996571067],[106.82660109964092,-6.1675193992560366],[106.8263852998499,-6.1674750995704812],[106.82569609992737,-6.1673473993309926],[106.82549259958813,-6.1673205998883986],[106.82539499945267,-6.167312399843297],[106.82512809949526,-6.167321699690433],[106.82427969958798,-6.1674100992578929],[106.82322299958969,-6.1675134992537437],[106.82296199998126,-6.1675419997432641],[106.82284119942472,-6.1675550996422999],[106.82243439924946,-6.167599499645803],[106.82206159940512,-6.1676174995442921],[106.82165249933468,-6.1676167992732189],[106.82122759937005,-6.167604499676429],[106.82114259959911,-6.1676043996852741],[106.82102859995098,-6.1676042993665305],[106.82098569929178,-6.1676069994224463],[106.82094819979278,-6.1676206993212759],[106.82090699931189,-6.1676479998408809],[106.82086559968474,-6.1676780994655473],[106.82074799915682,-6.1678000997492859],[106.82073699997324,-6.1678135996450578],[106.82071569924938,-6.1678395997394659],[106.82030229991256,-6.1682441999004141],[106.81990619945344,-6.1686317992297859],[106.8197305998068,-6.1688494995693759],[106.81959939974797,-6.1690406995400622],[106.81950849948186,-6.1691613995990906],[106.81941819972252,-6.1692671994597958],[106.81931449939492,-6.1693676995987516],[106.81919309979963,-6.1694646995388212],[106.8190277000142,-6.1695580992422947],[106.81874529996668,-6.169645399306944],[106.81822800000987,-6.1697815991630591],[106.81775219998434,-6.169883999770434],[106.81733209938136,-6.1699552996453235],[106.8171757995226,-6.1699885996214334],[106.81699069929641,-6.1700197997761848],[106.81682899957417,-6.1700469995113281],[106.81641439923419,-6.1701099994859874],[106.81608899948066,-6.170158599676995],[106.81596019983147,-6.1701812998729224],[106.81583269938056,-6.1702026999201962],[106.81497779996124,-6.170335999318695],[106.81482989919351,-6.1703547995496137],[106.81478209956452,-6.1703608993217358],[106.81474439939586,-6.1703677992248913],[106.81467239933642,-6.1703809997172243],[106.8144972994541,-6.1704126993731165],[106.81246749991817,-6.1707970996210406],[106.81126049953428,-6.1710165997047284],[106.81113699964465,-6.171032399993976],[106.81112509929198,-6.1710338998311158],[106.81108089986617,-6.1710389996857771],[106.81089319972466,-6.1710583999607707],[106.81083199915918,-6.17106659929442],[106.81082089970164,-6.171068499661942],[106.81059859994082,-6.1711054998905865],[106.81044039926854,-6.1711343993949868],[106.81012909941597,-6.1711910995264248],[106.81000299933322,-6.1712140993780622],[106.8097519998056,-6.1712451994200705],[106.80885819986753,-6.1714048995056601],[106.80866749922433,-6.1714541997363881],[106.80859709945247,-6.1714790996096553],[106.80798299924299,-6.1717932998172387],[106.80762589990587,-6.1720083999193776],[106.8068293993245,-6.1725602992069071],[106.80575999935149,-6.1733177995034225],[106.80533409950078,-6.1736295995310115],[106.80451299967535,-6.1742277993838002],[106.80427719991837,-6.1743958000109842],[106.80351849998436,-6.1748051995908781],[106.80276429933258,-6.1752056995441649],[106.80268049970488,-6.1752599995605806],[106.80234919944547,-6.1755025993884374],[106.8017435994181,-6.1759544997468083],[106.80134739924716,-6.1762406991730359],[106.80105479964999,-6.1764557995531959],[106.80044969967076,-6.1768817996306211],[106.7993145999975,-6.1776809993989446],[106.79863859978417,-6.1781415999371347],[106.79823489990855,-6.1784009996882219],[106.797819199213,-6.1786269993253313],[106.79772369961665,-6.1786713995755917],[106.7975861993404,-6.1787090998063263],[106.79746959979883,-6.1787516996795944],[106.79737699939881,-6.1787896992777291],[106.79665759969328,-6.1791320992197711],[106.79645149970344,-6.1792342998573417],[106.79643659914706,-6.1792412997984911],[106.79637849983288,-6.1792688993540423],[106.79633659964628,-6.1792911998753652],[106.79629459916731,-6.1793134998321193],[106.79624039962624,-6.1793390996950279],[106.79618139945495,-6.1793572996185731],[106.79606150002536,-6.1793794992388484],[106.79595429918743,-6.1793956991407981],[106.79583379953363,-6.1793794998308158],[106.79574919950335,-6.1793605995862322],[106.79562849947206,-6.1793047992178458],[106.79546059984898,-6.1791574996299232],[106.7953711993394,-6.179017599719316],[106.79520379943301,-6.178768699966156],[106.795185000012,-6.1787425998089134],[106.7950784994635,-6.178549199674535],[106.79500429938008,-6.1783946999156001],[106.79492699976572,-6.178249899891],[106.79488699959529,-6.1781740992491336],[106.79483169942887,-6.1780939992776212],[106.79466239946424,-6.1779011997306839],[106.79463009927969,-6.1778491993696889],[106.79460349929684,-6.1777929997014098],[106.79457679935928,-6.1777553995536323],[106.79409329949516,-6.1772870997985478],[106.79378269982669,-6.1769959999734851],[106.79307459967481,-6.1763115997038085],[106.79269939961836,-6.175958399826925],[106.79250509932677,-6.1758056992827619],[106.79225049939066,-6.1755960994053112],[106.79216959936139,-6.1755225999026493],[106.7920745995246,-6.1754362993166296],[106.79143839944885,-6.174856799145914],[106.79131099953406,-6.1747457991396573],[106.79117959917113,-6.1746355992043505],[106.79040399916147,-6.1740214991625066],[106.78985689949405,-6.1736442995582479],[106.78966649924308,-6.1735066997516128],[106.78958989935256,-6.1734409992287738],[106.78942969928266,-6.1732655992440186],[106.78928069998602,-6.1731024992348011],[106.78872559968465,-6.1721876999372398],[106.78845050002246,-6.1716774994081334],[106.78823539931955,-6.1711741994857903],[106.78803629960203,-6.1706316994688564],[106.7879664995657,-6.1703872998697307],[106.78793079932899,-6.1702722996763555],[106.78790199971758,-6.1701796993889388],[106.78784829914258,-6.1699969993702553],[106.78777119995686,-6.1695847995793542],[106.78776039977993,-6.1694781997919108],[106.78774019996689,-6.1690528997655179],[106.78772219937622,-6.1683609999462305],[106.7877221995052,-6.1679522999868368],[106.78772910003579,-6.1676656999443935],[106.78772749935428,-6.167533099922025],[106.78773109977539,-6.1674608997469704],[106.78774259984772,-6.1673468993192841],[106.78775289922368,-6.1672789996102324],[106.78776239955289,-6.1672339000114107],[106.78777989992881,-6.1671650999732037],[106.78780489917699,-6.1670901994954761],[106.78784559954414,-6.1669778995139382],[106.78787469979528,-6.1668976993602769],[106.78789329987745,-6.166837599397752],[106.78782889993573,-6.166830799886668],[106.78773289939005,-6.1668190998922796],[106.78764579924751,-6.1668083998874863],[106.78748439981251,-6.1667800000198554],[106.78688209979856,-6.1666586993416672],[106.78648949987837,-6.1665714999158467],[106.7863266996398,-6.1665335000047889],[106.78614179955008,-6.1664641994908607],[106.78594589914451,-6.1663451996598724],[106.78566149954179,-6.1661397000030433],[106.78536489954956,-6.1659369997090607],[106.78522329980967,-6.1658590994684346],[106.7851000992701,-6.165804899778152],[106.7849120999079,-6.1657358993491584],[106.78477829956216,-6.1656930998991015],[106.78464679975468,-6.1656595995810335],[106.78404319949317,-6.1655389993423455],[106.78332889927668,-6.1653926999670716],[106.78308909920639,-6.1653394993591633],[106.78284619945276,-6.1652889998852061],[106.78237929923432,-6.1651969992057047],[106.78163359961849,-6.1650382999847579],[106.78120249968106,-6.1649516000245512],[106.7810777997571,-6.1649249994167121],[106.78096819917192,-6.1649146998065021],[106.78081909918285,-6.164903799771821],[106.78049789984163,-6.1649091996190464],[106.77983289979636,-6.1649427994067878],[106.77956409998853,-6.1649593993930694],[106.77940399971521,-6.1649636999903237],[106.77927339937543,-6.1649519999222662],[106.77916849916835,-6.1649337996377085],[106.7789957992905,-6.1648868000166885],[106.77880239955334,-6.1648163991632714],[106.77863419917048,-6.1647553991563768],[106.77744789956046,-6.1642896992660781],[106.77720919927037,-6.1641897992076338],[106.77708020000046,-6.1641384992368558],[106.77673649922912,-6.1640034998980582],[106.77566729926997,-6.1636010992556294],[106.77509719972016,-6.1633705998437449],[106.77263339983108,-6.1623973992493006],[106.77240979914222,-6.1623056998794254],[106.77235749919794,-6.162299999154925],[106.77229519940221,-6.1623128994383478],[106.77218189997214,-6.1622591994206477]],[[106.76304729883685,-6.1584075514257393],[106.76304609146308,-6.1584488236409811],[106.76304729883685,-6.1584075514257393]],[[106.76304729883685,-6.1584075514257393],[106.76304904008259,-6.1583480296193898],[106.76312679937263,-6.1583462996774188],[106.76329159914309,-6.1583387998358603],[106.76352659960378,-6.1583277991766749],[106.76377719977387,-6.158330800000158],[106.76407859981498,-6.1583194999939792],[106.76438919972986,-6.1582841998246067],[106.76453489920613,-6.1582578992551475],[106.76459019983389,-6.1582440999179084],[106.76471569942004,-6.1582054993137945],[106.76505969921402,-6.1580941993058218],[106.76512309982962,-6.1580715996233266],[106.76569229934989,-6.1578405997015579],[106.7658930992672,-6.1577547997502506],[106.76635699993761,-6.1575526998637429],[106.76653209927565,-6.1575014991819899],[106.76674739957343,-6.1574587995793877],[106.76690029957666,-6.1574654997550056],[106.76699749980531,-6.1574807997837979],[106.76711749969519,-6.1575074995263321],[106.7672515997736,-6.1575607994151937],[106.7673966991976,-6.1576345999996533],[106.76742559918472,-6.1576542999916342],[106.76746799977195,-6.1576831998324337],[106.76749999972503,-6.15770489959408],[106.76780609981466,-6.1579045995836736],[106.76788379918395,-6.1579552993981679],[106.76796039921408,-6.1580043996879681],[106.76801649974328,-6.1580401992509906],[106.7680890993089,-6.1580889999207216],[106.76839629976405,-6.1582994992143654],[106.76853239982808,-6.1584107993949715],[106.76865299974583,-6.1585220993703729],[106.76878179930122,-6.158670799787842],[106.76888669994776,-6.1588370992350292],[106.76893579937149,-6.1589163995666922],[106.76904339919798,-6.1591376998869691],[106.76925729997913,-6.1597556992060731],[106.7693602993491,-6.1600422998689055],[106.76954869977396,-6.1605560999804538],[106.76956839973951,-6.1606148999973698],[106.76961599960794,-6.1607325994014559],[106.76965989941101,-6.16082259998268],[106.76970359928794,-6.1608996991566869],[106.76973409953951,-6.160946399447937],[106.76974889949992,-6.1609708994242283],[106.7698270996284,-6.1610721998843019],[106.76987179936316,-6.1611153998810551],[106.76993789941037,-6.1611565992718056],[106.77005839947009,-6.1612281999987317],[106.7701404998362,-6.1612757995346783],[106.77022919976258,-6.1613211998216002],[106.7702993996927,-6.161352599360157],[106.77039939965658,-6.1613894996694967],[106.77130659931913,-6.1617395991452213],[106.77133039953765,-6.1617496995783654],[106.77135429970252,-6.1617596993090729],[106.77195719989379,-6.1619945994063983],[106.77207349975299,-6.1620390992223406],[106.77215029947547,-6.1620764994062824],[106.77222129915612,-6.1621169000110854]]]},"properties":{"FID":21,"ID":"BRT_08","GEOM_ID":"BRT_08_MRT2A","LINE":"8","NAME":"Lebak Bulus - Pasar Baru","MODE":"BRT","CLASS":"Koridor Utama","STATUS":"Eksisting","COLOR":"#d73492","ROUTE_VAR":"DIVERSION","SOURCE":"TransJakarta","REMARK":"Tidak Ada","ALIGNMENT":" ","DIV_ID":"MRT2A_2026","DIV_NOTE":"Pengalihan sementara akibat pembangunan MRT Jakarta Fase 2A","DIV_SRC":"MRT Jakarta; TransJakarta","VALID_FR":"2023-03-04","VALID_TO":" "}}]}