{"type":"FeatureCollection","features":[{"type":"Feature","id":4,"geometry":{"type":"MultiLineString","coordinates":[[[106.7984583001105,-6.2336672999059033],[106.79845829921118,-6.2336651568214734],[106.79845829741254,-6.2336630128377237],[106.79845829651322,-6.2336608697532938],[106.79845829471458,-6.2336587257695442],[106.79845829381526,-6.2336565826851142],[106.79845829201662,-6.2336544387013646],[106.7984582911173,-6.2336522956168778],[106.79845828931866,-6.2336501516331282],[106.79845828841934,-6.2336480085486983],[106.7984582866207,-6.2336458645649486],[106.79845828572138,-6.2336437214805187],[106.79845828392274,-6.2336415774967691],[106.79845828302342,-6.2336394344123391],[106.79845828122478,-6.2336372913279092],[106.79845828032546,-6.2336351473441027],[106.79845827852677,-6.2336330042596728],[106.79845827762745,-6.2336308602759232],[106.79845827582881,-6.2336287171914933],[106.79845827492949,-6.2336265732077436],[106.79845827313085,-6.2336244301233137],[106.79845827223153,-6.233622286139564],[106.79845827043289,-6.2336201430551341],[106.79845826953357,-6.2336179990713276],[106.79845826773493,-6.2336158559868977],[106.79845826683561,-6.2336137120031481],[106.79845826503697,-6.2336115689187181],[106.79845826413765,-6.2336094258342882],[106.79845826323833,-6.2336072818505386],[106.79845826143969,-6.2336051387661087],[106.79845826054037,-6.233602994782359],[106.79845825874173,-6.2336008516978723],[106.79845825784241,-6.2335987077141226],[106.79845825604372,-6.2335965646296927],[106.7984582551444,-6.233594420645943],[106.79845825334576,-6.2335922775615131],[106.79845825244644,-6.2335901335777635],[106.7984582506478,-6.2335879904933336],[106.79845824974848,-6.2335858465095839],[106.79845824794984,-6.233583703425154],[106.79845824705052,-6.2335815603406672],[106.79845824525188,-6.2335794163569176],[106.79845824435256,-6.2335772732724877],[106.79845824255392,-6.233575129288738],[106.7984582416546,-6.2335729862043081],[106.79845823985596,-6.2335708422205585],[106.79845823895664,-6.2335686991361285],[106.798458237158,-6.2335665551523789],[106.79845823625868,-6.2335644120678921],[106.79845823445999,-6.2335622680841425],[106.79845823356067,-6.2335601249997126],[106.79845823176203,-6.2335579810159629],[106.79845823086271,-6.233555837931533],[106.79845822906407,-6.2335536948471031],[106.79845822816475,-6.2335515508633534],[106.79845822726543,-6.2335494077789235],[106.79845822546679,-6.233547263795117],[106.79845822456747,-6.2335451207106871],[106.79845822276883,-6.2335429767269375],[106.79845822186951,-6.2335408336425076],[106.79845822007087,-6.2335386896587579],[106.79845821917155,-6.233536546574328],[106.79845821737291,-6.2335344025905783],[106.79845821647359,-6.2335322595061484],[106.79845821467495,-6.2335301155223419],[106.79845821377563,-6.233527972437912],[106.79845821197694,-6.2335258293534821],[106.79845821107762,-6.2335236853697324],[106.79845820927898,-6.2335215422853025],[106.79845820837966,-6.2335193983015529],[106.79845820658102,-6.233517255217123],[106.7984582056817,-6.2335151112333733],[106.79845820388306,-6.2335129681488866],[106.79845820298374,-6.2335108241651369],[106.7984582011851,-6.233508681080707],[106.79845820028578,-6.2335065370969573],[106.79845819848714,-6.2335043940125274],[106.79845819758782,-6.2335022500287778],[106.79845819578918,-6.2335001069443479],[106.79845819488986,-6.2334979638599179],[106.79845819309122,-6.2334958198761115],[106.7984581921919,-6.2334936767916815],[106.79845819129258,-6.2334915328079319],[106.79845818949389,-6.233489389723502],[106.79845818859457,-6.2334872457397523],[106.79845818679593,-6.2334851026553224],[106.79845818589661,-6.2334829586715728],[106.79845818409797,-6.2334808155871428],[106.79845818319865,-6.2334786716033932],[106.79845818140001,-6.2334765285189064],[106.79845818050069,-6.2334743845351568],[106.79845817870205,-6.2334722414507269],[106.79845817780273,-6.233470098366297],[106.79845817600409,-6.2334679543825473],[106.79845817510477,-6.2334658112981174],[106.79845817330613,-6.2334636673143677],[106.79845817240681,-6.2334615242299378],[106.79845817060817,-6.2334593802461313],[106.79845816970885,-6.2334572371617014],[106.79845816791016,-6.2334550931779518],[106.79845816701084,-6.2334529500935218],[106.7984581652122,-6.2334508061097722],[106.79845816431288,-6.2334486630253423],[106.79845816251424,-6.2334465190415926],[106.79845816161492,-6.2334443759571627],[106.79845815981628,-6.233442232872676],[106.79845815891696,-6.2334400888889263],[106.79845815711832,-6.2334379458044964],[106.798458156219,-6.2334358018207467],[106.79845815442036,-6.2334336587363168],[106.79845815352104,-6.2334315147525672],[106.79845815262172,-6.2334293716681373],[106.79845815082308,-6.2334272276843876],[106.79845814992376,-6.2334250845999009],[106.79845814812512,-6.2334229406161512],[106.7984581472258,-6.2334207975317213],[106.79845814542711,-6.2334186535479716],[106.79845814452779,-6.2334165104635417],[106.79845814272915,-6.2334143673791118],[106.79845814182983,-6.2334122233953622],[106.79845814003119,-6.2334100803109322],[106.79845813913187,-6.2334079363271258],[106.79845813733323,-6.2334057932426958],[106.79845813643391,-6.2334036492589462],[106.79845813463527,-6.2334015061745163],[106.79845813373595,-6.2333993621907666],[106.79845813193731,-6.2333972191063367],[106.79845813103799,-6.2333950751225871],[106.79845812923935,-6.2333929320381571],[106.79845812834003,-6.2333907880543507],[106.79845812654139,-6.2333886449699207],[106.79845812564207,-6.2333865018854908],[106.79845812384337,-6.2333843579017412],[106.79845812294406,-6.2333822148173113],[106.79845812114542,-6.2333800708335616],[106.7984581202461,-6.2333779277491317],[106.79845811844746,-6.233375783765382],[106.79845811754814,-6.2333736406809521],[106.79845811664882,-6.2333714966971456],[106.79845811485018,-6.2333693536127157],[106.79845811395086,-6.2333672096289661],[106.79845811215222,-6.2333650665445361],[106.7984581112529,-6.2333629225607865],[106.79845810945426,-6.2333607794763566],[106.79845810855494,-6.2333586363919267],[106.7984581067563,-6.233356492408177],[106.79845810585698,-6.2333543493236903],[106.79845810405834,-6.2333522053399406],[106.79845810315902,-6.2333500622555107],[106.79845810136032,-6.233347918271761],[106.798458100461,-6.2333457751873311],[106.79845809866237,-6.2333436312035815],[106.79845809776305,-6.2333414881191516],[106.79845809596441,-6.2333393441354019],[106.79845809506509,-6.2333372010509152],[106.79845809326645,-6.2333350570671655],[106.79845809236713,-6.2333329139827356],[106.79845809056849,-6.2333307708983057],[106.79845808966917,-6.233328626914556],[106.79845808787053,-6.2333264838301261],[106.79845808697121,-6.2333243398463765],[106.79845808517257,-6.2333221967619465],[106.79845808427325,-6.2333200527781401],[106.79845808247461,-6.2333179096937101],[106.79845808157529,-6.2333157657099605],[106.79845808067597,-6.2333136226255306],[106.79845807887727,-6.2333114786417809],[106.79845807797795,-6.233309335557351],[106.79845807617932,-6.2333071915736014],[106.79845807528,-6.2333050484891714],[106.79845807348136,-6.2333029054047415],[106.79845807258204,-6.233300761420935],[106.7984580707834,-6.2332986183365051],[106.79845806988408,-6.2332964743527555],[106.79845806808544,-6.2332943312683255],[106.79845806718612,-6.2332921872845759],[106.79845806538748,-6.233290044200146],[106.79845806448816,-6.2332879002163963],[106.79845806268952,-6.2332857571319664],[106.7984580617902,-6.2332836131481599],[106.79845805999156,-6.23328147006373],[106.79845805909224,-6.2332793260799804],[106.79845805729354,-6.2332771829955504],[106.79845805639422,-6.2332750399111205],[106.79845805459559,-6.2332728959273709],[106.79845805369627,-6.233270752842941],[106.79845805189763,-6.2332686088591913],[106.79845805099831,-6.2332664657747046],[106.79845804919967,-6.2332643217909549],[106.79845804830035,-6.233262178706525],[106.79845804650171,-6.2332600347227753],[106.79845804560239,-6.2332578916383454],[106.79845804470307,-6.2332557476545958],[106.79845804290443,-6.2332536045701659],[106.79845804200511,-6.2332514605864162],[106.79845804020647,-6.2332493175019295],[106.79845803930715,-6.2332471744174995],[106.79845803750851,-6.2332450304337499],[106.79845803660919,-6.23324288734932],[106.79845803481049,-6.2332407433655703],[106.79845803391117,-6.2332386002811404],[106.79845803211253,-6.2332364562973908],[106.79845803121322,-6.2332343132129608],[106.79845802941458,-6.2332321692291544],[106.79845802851526,-6.2332300261447244],[106.79845802671662,-6.2332278821609748],[106.7984580258173,-6.2332257390765449],[106.79845802401866,-6.2332235950927952],[106.79845802311934,-6.2332214520083653],[106.7984580213207,-6.2332193089239354],[106.79845802042138,-6.2332171649401857],[106.79845801862274,-6.233215021855699],[106.79845801772342,-6.2332128778719493],[106.79845801592478,-6.2332107347875194],[106.79845801502546,-6.2332085908037698],[106.79845801322676,-6.2332064477193398],[106.79845801232744,-6.2332043037355902],[106.7984580105288,-6.2332021606511603],[106.79845800962948,-6.2332000166674106],[106.79845800873017,-6.2331978735829807],[106.79845800693153,-6.2331957295991742],[106.79845800603221,-6.2331935865147443],[106.79845800423357,-6.2331914434303144],[106.79845800333425,-6.2331892994465647],[106.79845800153561,-6.2331871563621348],[106.79845800063629,-6.2331850123783852],[106.79845799883765,-6.2331828692939553],[106.79845799793833,-6.2331807253102056],[106.79845799613969,-6.2331785822257189],[106.79845799524037,-6.2331764382419692],[106.79845799344173,-6.2331742951575393],[106.79845799254241,-6.2331721511737896],[106.79845799074371,-6.2331700080893597],[106.79845798984439,-6.2331678641056101],[106.79845798804575,-6.2331657210211802],[106.79845798714643,-6.2331635779367502],[106.7984579853478,-6.2331614339529438],[106.79845798444848,-6.2331592908685138],[106.79845798264984,-6.2331571468847642],[106.79845798175052,-6.2331550038003343],[106.79845797995188,-6.2331528598165846],[106.79845797905256,-6.2331507167321547],[106.79845797725392,-6.2331485727484051],[106.7984579763546,-6.2331464296639751],[106.79845797455596,-6.2331442856801687],[106.79845797365664,-6.2331421425957387],[106.79845797275732,-6.2331399986119891],[106.79845797095868,-6.2331378555275592],[106.7984579700593,-6.2331357124431293],[106.79845796826066,-6.2331335684593796],[106.79845796736134,-6.2331314253749497],[106.7984579655627,-6.2331292813912],[106.79845796466338,-6.2331271383067133],[106.79845796286475,-6.2331249943229636],[106.79845796196543,-6.2331228512385337],[106.79845796016679,-6.2331207072547841],[106.79845795926747,-6.2331185641703541],[106.79845795746883,-6.2331164201866045],[106.79845795656951,-6.2331142771021746],[106.79845795477087,-6.2331121331184249],[106.79845795387155,-6.2331099900339382],[106.79845795207291,-6.2331078469495083],[106.79845795117359,-6.2331057029657586],[106.79845794937495,-6.2331035598813287],[106.79845794847563,-6.233101415897579],[106.79845794667693,-6.2330992728131491],[106.79845794577761,-6.2330971288293995],[106.79845794397897,-6.2330949857449696],[106.79845794307965,-6.2330928417611631],[106.79845794128101,-6.2330906986767332],[106.7984579403817,-6.2330885546929835],[106.79845793858306,-6.2330864116085536],[106.79845793768374,-6.2330842676248039],[106.79845793678442,-6.233082124540374],[106.79845793498578,-6.2330799814559441],[106.79845793408646,-6.2330778374721945],[106.79845793228782,-6.2330756943877645],[106.7984579313885,-6.2330735504039581],[106.79845792958986,-6.2330714073195281],[106.79845792869054,-6.2330692633357785],[106.7984579268919,-6.2330671202513486],[106.79845792599252,-6.2330649762675989],[106.79845792419388,-6.233062833183169],[106.79845792329456,-6.2330606891994194],[106.79845792149592,-6.2330585461149894],[106.7984579205966,-6.2330564021311829],[106.79845791879796,-6.233054259046753],[106.79845791789865,-6.2330521159623231],[106.79845791610001,-6.2330499719785735],[106.79845791520069,-6.2330478288941435],[106.79845791340205,-6.2330456849103939],[106.79845791250273,-6.233043541825964],[106.79845791070409,-6.2330413978422143],[106.79845790980477,-6.2330392547577276],[106.79845790800613,-6.2330371107739779],[106.79845790710681,-6.233034967689548],[106.79845790530817,-6.2330328237057984],[106.79845790440885,-6.2330306806213684],[106.79845790261015,-6.2330285366376188],[106.79845790171083,-6.2330263935531889],[106.79845790081151,-6.2330242495694392],[106.79845790171083,-6.2330263935531889],[106.79845790261015,-6.2330285366376188],[106.79845790440885,-6.2330306806213684],[106.79845790530817,-6.2330328237057984],[106.79845790710681,-6.233034967689548],[106.79845790800613,-6.2330371107739779],[106.79845790980477,-6.2330392547577276],[106.79845791070409,-6.2330413978422143],[106.79845791250273,-6.233043541825964],[106.79845791340205,-6.2330456849103939],[106.79845791520069,-6.2330478288941435],[106.79845791610001,-6.2330499719785735],[106.79845791789865,-6.2330521159623231],[106.79845791879796,-6.233054259046753],[106.7984579205966,-6.2330564021311829],[106.79845792149592,-6.2330585461149894],[106.79845792329456,-6.2330606891994194],[106.79845792419388,-6.233062833183169],[106.79845792599252,-6.2330649762675989],[106.7984579268919,-6.2330671202513486],[106.79845792869054,-6.2330692633357785],[106.79845792958986,-6.2330714073195281],[106.7984579313885,-6.2330735504039581],[106.79845793228782,-6.2330756943877645],[106.79845793408646,-6.2330778374721945],[106.79845793498578,-6.2330799814559441],[106.79845793678442,-6.233082124540374],[106.79845793768374,-6.2330842676248039],[106.79845793858306,-6.2330864116085536],[106.7984579403817,-6.2330885546929835],[106.79845794128101,-6.2330906986767332],[106.79845794307965,-6.2330928417611631],[106.79845794397897,-6.2330949857449696],[106.79845794577761,-6.2330971288293995],[106.79845794667693,-6.2330992728131491],[106.79845794847563,-6.233101415897579],[106.79845794937495,-6.2331035598813287],[106.79845795117359,-6.2331057029657586],[106.79845795207291,-6.2331078469495083],[106.79845795387155,-6.2331099900339382],[106.79845795477087,-6.2331121331184249],[106.79845795656951,-6.2331142771021746],[106.79845795746883,-6.2331164201866045],[106.79845795926747,-6.2331185641703541],[106.79845796016679,-6.2331207072547841],[106.79845796196543,-6.2331228512385337],[106.79845796286475,-6.2331249943229636],[106.79845796466338,-6.2331271383067133],[106.7984579655627,-6.2331292813912],[106.79845796736134,-6.2331314253749497],[106.79845796826066,-6.2331335684593796],[106.7984579700593,-6.2331357124431293],[106.79845797095868,-6.2331378555275592],[106.79845797275732,-6.2331399986119891],[106.79845797365664,-6.2331421425957387],[106.79845797455596,-6.2331442856801687],[106.7984579763546,-6.2331464296639751],[106.79845797725392,-6.2331485727484051],[106.79845797905256,-6.2331507167321547],[106.79845797995188,-6.2331528598165846],[106.79845798175052,-6.2331550038003343],[106.79845798264984,-6.2331571468847642],[106.79845798444848,-6.2331592908685138],[106.7984579853478,-6.2331614339529438],[106.79845798714643,-6.2331635779367502],[106.79845798804575,-6.2331657210211802],[106.79845798984439,-6.2331678641056101],[106.79845799074371,-6.2331700080893597],[106.79845799254241,-6.2331721511737896],[106.79845799344173,-6.2331742951575393],[106.79845799524037,-6.2331764382419692],[106.79845799613969,-6.2331785822257189],[106.79845799793833,-6.2331807253102056],[106.79845799883765,-6.2331828692939553],[106.79845800063629,-6.2331850123783852],[106.79845800153561,-6.2331871563621348],[106.79845800333425,-6.2331892994465647],[106.79845800423357,-6.2331914434303144],[106.79845800603221,-6.2331935865147443],[106.79845800693153,-6.2331957295991742],[106.79845800873017,-6.2331978735829807],[106.79845800962948,-6.2332000166674106],[106.7984580105288,-6.2332021606511603],[106.79845801232744,-6.2332043037355902],[106.79845801322676,-6.2332064477193398],[106.79845801502546,-6.2332085908037698],[106.79845801592478,-6.2332107347875194],[106.79845801772342,-6.2332128778719493],[106.79845801862274,-6.233215021855699],[106.79845802042138,-6.2332171649401857],[106.7984580213207,-6.2332193089239354],[106.79845802311934,-6.2332214520083653],[106.79845802401866,-6.2332235950927952],[106.7984580258173,-6.2332257390765449],[106.79845802671662,-6.2332278821609748],[106.79845802851526,-6.2332300261447244],[106.79845802941458,-6.2332321692291544],[106.79845803121322,-6.2332343132129608],[106.79845803211253,-6.2332364562973908],[106.79845803391117,-6.2332386002811404],[106.79845803481049,-6.2332407433655703],[106.79845803660919,-6.23324288734932],[106.79845803750851,-6.2332450304337499],[106.79845803930715,-6.2332471744174995],[106.79845804020647,-6.2332493175019295],[106.79845804200511,-6.2332514605864162],[106.79845804290443,-6.2332536045701659],[106.79845804470307,-6.2332557476545958],[106.79845804560239,-6.2332578916383454],[106.79845804650171,-6.2332600347227753],[106.79845804830035,-6.233262178706525],[106.79845804919967,-6.2332643217909549],[106.79845805099831,-6.2332664657747046],[106.79845805189763,-6.2332686088591913],[106.79845805369627,-6.233270752842941],[106.79845805459559,-6.2332728959273709],[106.79845805639422,-6.2332750399111205],[106.79845805729354,-6.2332771829955504],[106.79845805909224,-6.2332793260799804],[106.79845805999156,-6.23328147006373],[106.7984580617902,-6.2332836131481599],[106.79845806268952,-6.2332857571319664],[106.79845806448816,-6.2332879002163963],[106.79845806538748,-6.233290044200146],[106.79845806718612,-6.2332921872845759],[106.79845806808544,-6.2332943312683255],[106.79845806988408,-6.2332964743527555],[106.7984580707834,-6.2332986183365051],[106.79845807258204,-6.233300761420935],[106.79845807348136,-6.2333029054047415],[106.79845807528,-6.2333050484891714],[106.79845807617932,-6.2333071915736014],[106.79845807797795,-6.233309335557351],[106.79845807887727,-6.2333114786417809],[106.79845808067597,-6.2333136226255306],[106.79845808157529,-6.2333157657099605],[106.79845808247461,-6.2333179096937101],[106.79845808427325,-6.2333200527781401],[106.79845808517257,-6.2333221967619465],[106.79845808697121,-6.2333243398463765],[106.79845808787053,-6.2333264838301261],[106.79845808966917,-6.233328626914556],[106.79845809056849,-6.2333307708983057],[106.79845809236713,-6.2333329139827356],[106.79845809326645,-6.2333350570671655],[106.79845809506509,-6.2333372010509152],[106.79845809596441,-6.2333393441354019],[106.79845809776305,-6.2333414881191516],[106.79845809866237,-6.2333436312035815],[106.798458100461,-6.2333457751873311],[106.79845810136032,-6.233347918271761],[106.79845810315902,-6.2333500622555107],[106.79845810405834,-6.2333522053399406],[106.79845810585698,-6.2333543493236903],[106.7984581067563,-6.233356492408177],[106.79845810855494,-6.2333586363919267],[106.79845810945426,-6.2333607794763566],[106.7984581112529,-6.2333629225607865],[106.79845811215222,-6.2333650665445361],[106.79845811395086,-6.2333672096289661],[106.79845811485018,-6.2333693536127157],[106.79845811664882,-6.2333714966971456],[106.79845811754814,-6.2333736406809521],[106.79845811844746,-6.233375783765382],[106.7984581202461,-6.2333779277491317],[106.79845812114542,-6.2333800708335616],[106.79845812294406,-6.2333822148173113],[106.79845812384337,-6.2333843579017412],[106.79845812564207,-6.2333865018854908],[106.79845812654139,-6.2333886449699207],[106.79845812834003,-6.2333907880543507],[106.79845812923935,-6.2333929320381571],[106.79845813103799,-6.2333950751225871],[106.79845813193731,-6.2333972191063367],[106.79845813373595,-6.2333993621907666],[106.79845813463527,-6.2334015061745163],[106.79845813643391,-6.2334036492589462],[106.79845813733323,-6.2334057932426958],[106.79845813913187,-6.2334079363271258],[106.79845814003119,-6.2334100803109322],[106.79845814182983,-6.2334122233953622],[106.79845814272915,-6.2334143673791118],[106.79845814452779,-6.2334165104635417],[106.79845814542711,-6.2334186535479716],[106.7984581472258,-6.2334207975317213],[106.79845814812512,-6.2334229406161512],[106.79845814992376,-6.2334250845999009],[106.79845815082308,-6.2334272276843876],[106.79845815262172,-6.2334293716681373],[106.79845815352104,-6.2334315147525672],[106.79845815442036,-6.2334336587363168],[106.798458156219,-6.2334358018207467],[106.79845815711832,-6.2334379458044964],[106.79845815891696,-6.2334400888889263],[106.79845815981628,-6.233442232872676],[106.79845816161492,-6.2334443759571627],[106.79845816251424,-6.2334465190415926],[106.79845816431288,-6.2334486630253423],[106.7984581652122,-6.2334508061097722],[106.79845816701084,-6.2334529500935218],[106.79845816791016,-6.2334550931779518],[106.79845816970885,-6.2334572371617014],[106.79845817060817,-6.2334593802461313],[106.79845817240681,-6.2334615242299378],[106.79845817330613,-6.2334636673143677],[106.79845817510477,-6.2334658112981174],[106.79845817600409,-6.2334679543825473],[106.79845817780273,-6.233470098366297],[106.79845817870205,-6.2334722414507269],[106.79845818050069,-6.2334743845351568],[106.79845818140001,-6.2334765285189064],[106.79845818319865,-6.2334786716033932],[106.79845818409797,-6.2334808155871428],[106.79845818589661,-6.2334829586715728],[106.79845818679593,-6.2334851026553224],[106.79845818859457,-6.2334872457397523],[106.79845818949389,-6.233489389723502],[106.79845819129258,-6.2334915328079319],[106.7984581921919,-6.2334936767916815],[106.79845819309122,-6.2334958198761115],[106.79845819488986,-6.2334979638599179],[106.79845819578918,-6.2335001069443479],[106.79845819758782,-6.2335022500287778],[106.79845819848714,-6.2335043940125274],[106.79845820028578,-6.2335065370969573],[106.7984582011851,-6.233508681080707],[106.79845820298374,-6.2335108241651369],[106.79845820388306,-6.2335129681488866],[106.7984582056817,-6.2335151112333733],[106.79845820658102,-6.233517255217123],[106.79845820837966,-6.2335193983015529],[106.79845820927898,-6.2335215422853025],[106.79845821107762,-6.2335236853697324],[106.79845821197694,-6.2335258293534821],[106.79845821377563,-6.233527972437912],[106.79845821467495,-6.2335301155223419],[106.79845821647359,-6.2335322595061484],[106.79845821737291,-6.2335344025905783],[106.79845821917155,-6.233536546574328],[106.79845822007087,-6.2335386896587579],[106.79845822186951,-6.2335408336425076],[106.79845822276883,-6.2335429767269375],[106.79845822456747,-6.2335451207106871],[106.79845822546679,-6.233547263795117],[106.79845822726543,-6.2335494077789235],[106.79845822816475,-6.2335515508633534],[106.79845822906407,-6.2335536948471031],[106.79845823086271,-6.233555837931533],[106.79845823176203,-6.2335579810159629],[106.79845823356067,-6.2335601249997126],[106.79845823445999,-6.2335622680841425],[106.79845823625868,-6.2335644120678921],[106.798458237158,-6.2335665551523789],[106.79845823895664,-6.2335686991361285],[106.79845823985596,-6.2335708422205585],[106.7984582416546,-6.2335729862043081],[106.79845824255392,-6.233575129288738],[106.79845824435256,-6.2335772732724877],[106.79845824525188,-6.2335794163569176],[106.79845824705052,-6.2335815603406672],[106.79845824794984,-6.233583703425154],[106.79845824974848,-6.2335858465095839],[106.7984582506478,-6.2335879904933336],[106.79845825244644,-6.2335901335777635],[106.79845825334576,-6.2335922775615131],[106.7984582551444,-6.233594420645943],[106.79845825604372,-6.2335965646296927],[106.79845825784241,-6.2335987077141226],[106.79845825874173,-6.2336008516978723],[106.79845826054037,-6.233602994782359],[106.79845826143969,-6.2336051387661087],[106.79845826323833,-6.2336072818505386],[106.79845826413765,-6.2336094258342882],[106.79845826503697,-6.2336115689187181],[106.79845826683561,-6.2336137120031481],[106.79845826773493,-6.2336158559868977],[106.79845826953357,-6.2336179990713276],[106.79845827043289,-6.2336201430551341],[106.79845827223153,-6.233622286139564],[106.79845827313085,-6.2336244301233137],[106.79845827492949,-6.2336265732077436],[106.79845827582881,-6.2336287171914933],[106.79845827762745,-6.2336308602759232],[106.79845827852677,-6.2336330042596728],[106.79845828032546,-6.2336351473441027],[106.79845828122478,-6.2336372913279092],[106.79845828302342,-6.2336394344123391],[106.79845828392274,-6.2336415774967691],[106.79845828572138,-6.2336437214805187],[106.7984582866207,-6.2336458645649486],[106.79845828841934,-6.2336480085486983],[106.79845828931866,-6.2336501516331282],[106.7984582911173,-6.2336522956168778],[106.79845829201662,-6.2336544387013646],[106.79845829381526,-6.2336565826851142],[106.79845829471458,-6.2336587257695442],[106.79845829651322,-6.2336608697532938],[106.79845829741254,-6.2336630128377237],[106.79845829921118,-6.2336651568214734],[106.7984583001105,-6.2336672999059033]],[[106.79709235043168,-6.279186699306706],[106.79705575252103,-6.2793056103655545],[106.7970187984788,-6.2794243928213973],[106.79697193120973,-6.2795396391429676],[106.79692326889381,-6.2796541174434992],[106.79687187983347,-6.2797674311220248],[106.79682049077309,-6.2798807439011739],[106.79676910171275,-6.279994056680323],[106.79671771265237,-6.2801073703587917],[106.79666632359204,-6.2802206831379976],[106.79661493453165,-6.2803339968164664],[106.79656493672252,-6.280447925631222],[106.79652096437104,-6.28056421696499],[106.79648047329528,-6.2806818653757546],[106.79644099395676,-6.2807998420390163],[106.79640482861998,-6.280918891593501],[106.79636866328326,-6.2810379411480426],[106.79633452501838,-6.2811575842550837],[106.79630072759659,-6.2812773271868423],[106.79626693017474,-6.2813970710179774],[106.79623313275295,-6.2815168139497359],[106.7961993353311,-6.2816365568815513],[106.7961655379093,-6.2817563007126864],[106.79613613997094,-6.2818771201329469],[106.79611079437774,-6.2819989306061075],[106.79608765931806,-6.2821210774257565],[106.79607586560877,-6.2822449383531875],[106.7960640727988,-6.2823687992806185],[106.79605653288274,-6.2824929857626444],[106.79604933201114,-6.2826171983249992],[106.79604213203885,-6.2827414117866738],[106.79603493116718,-6.2828656243490286],[106.7960277311949,-6.2829898378107032],[106.79602053122261,-6.283114050373058],[106.796013330351,-6.2832382638347894],[106.79600613037866,-6.2833624763971443],[106.79599892950705,-6.2834866898588189],[106.79599172953476,-6.2836109024211737],[106.79598452866315,-6.2837351158828483],[106.79597732869081,-6.2838593284452031],[106.7959701278192,-6.283983541007558],[106.79596292784692,-6.2841077544692325],[106.7959535335288,-6.2842318150461551],[106.79594358253036,-6.2843558378515922],[106.79593363153191,-6.2844798597576528],[106.79592368143284,-6.2846038825630899],[106.79591373043439,-6.2847279044691504],[106.79590048162197,-6.2848515963240743],[106.7958854908228,-6.2849751110124998],[106.79587050002363,-6.2850986266003019],[106.79585550922445,-6.2852221412887275],[106.79584051842522,-6.2853456568765296],[106.79582540172095,-6.2854691562765197],[106.79580942976145,-6.2855925486571209],[106.79579345870121,-6.2857159401384592],[106.79577748764098,-6.2858393325191173],[106.7957615165808,-6.2859627240004556],[106.79574240418867,-6.2860856415391027],[106.79572128091246,-6.2862082569054678],[106.79570015853557,-6.2863308722718898],[106.79567903525935,-6.2864534876383118],[106.79565791288246,-6.286576103004677],[106.7956330817014,-6.2866979989134961],[106.79560684757803,-6.2868196232269611],[106.79558061435392,-6.2869412484398026],[106.7955543802305,-6.2870628727533244],[106.79552814700645,-6.2871844970668462],[106.79550191288303,-6.287306121380368],[106.79547610323965,-6.2874278338273939],[106.79545188089963,-6.2875498754263504],[106.79542844276847,-6.2876720663127799],[106.79540925753128,-6.2877949505764832],[106.79539531084498,-6.2879185417073131],[106.79538592372148,-6.2880426004855963],[106.79537090864056,-6.2881660774024795],[106.79535580272818,-6.2882895444269025],[106.79534980514944,-6.2884134224414652],[106.79535401037936,-6.2885377681034811],[106.79535821650853,-6.2886621146648167],[106.79536242173845,-6.2887864603268326],[106.79536493084692,-6.2889108329684973],[106.79536418980558,-6.2890352514756387],[106.79536344876419,-6.289159670882043],[106.79536270772286,-6.2892840893891844],[106.79535681266685,-6.2894083118440562],[106.79534808024977,-6.2895324254810134],[106.79533934783268,-6.2896565400172335],[106.7953297772475,-6.2897805826077615],[106.79531700147851,-6.2899043464084343],[106.79530422570951,-6.2900281102090503],[106.79529144994052,-6.2901518749090428],[106.79527867507085,-6.2902756387097156],[106.79526589930185,-6.2903994025103884],[106.79525312353286,-6.2905231663110044],[106.79524034866324,-6.2906469301116772],[106.79522757289425,-6.29077069391235],[106.79521394726589,-6.290894359686888],[106.79519796631314,-6.2910177493695869],[106.7951758348969,-6.2911399852221166],[106.79514595312332,-6.2912607650721952],[106.7951043900556,-6.2913778496080113],[106.79505935920213,-6.2914938351723322],[106.7950021497295,-6.2916042701208994],[106.7949426586768,-6.2917133668783549],[106.79486665247407,-6.2918118741186504],[106.79478809759269,-6.2919082202880645],[106.79470330771153,-6.2919992766452424],[106.79461070362112,-6.2920816050819894],[106.79451085009572,-6.2921558351236513],[106.79440633988077,-6.2922232285191058],[106.79429944916029,-6.2922865048183212],[106.79418465160046,-6.2923344854481229],[106.79406820018733,-6.2923778309721001],[106.79394897976169,-6.2924134261386371],[106.79382736534069,-6.2924376322908415],[106.7937038929204,-6.292452974724938],[106.79358007875771,-6.2924622683189568],[106.79345566474717,-6.2924608797657697],[106.79333125073668,-6.2924594921118455],[106.7932068367262,-6.2924581044579213],[106.79308242361503,-6.2924567168039971],[106.79295800960455,-6.2924553282507532],[106.792833595594,-6.2924539405968289],[106.79270918158352,-6.2924525529429047],[106.79258476847235,-6.2924511652889805],[106.79246035356255,-6.2924498576747396],[106.79233593415609,-6.2924492866052333],[106.79221151295104,-6.2924487847835167],[106.79208709264526,-6.2924482838611766],[106.79196267233954,-6.29244778203946],[106.79183825113444,-6.2924472802177434],[106.79171383082871,-6.2924467783960836],[106.79158941052293,-6.2924462765743669],[106.79146499021721,-6.2924457747526503],[106.79134056901211,-6.2924452729309337],[106.79121614870638,-6.2924447720085936],[106.7910917284006,-6.292444270186877],[106.79096730719556,-6.2924437683651604],[106.79084288688978,-6.2924432665434438],[106.79071846658405,-6.292442764721784],[106.79059404627827,-6.2924422629000674],[106.79046962687187,-6.2924415353485301],[106.79034520836473,-6.2924406036509026],[106.79022079075696,-6.2924396728525949],[106.79009637314914,-6.2924387411549105],[106.78997195464206,-6.292437809457283],[106.78984753703429,-6.2924368786589753],[106.78972311942647,-6.2924359469613478],[106.78959870091938,-6.2924350152637203],[106.78947428331156,-6.292434083566036],[106.78934986480448,-6.2924331527677282],[106.78922544719671,-6.2924322210701007],[106.78910102958889,-6.2924312893724732],[106.78897661108181,-6.2924303585741654],[106.78885219347399,-6.2924294268764811],[106.78872777586622,-6.2924284951788536],[106.78860335735914,-6.2924275643805458],[106.78847893975131,-6.2924266326829184],[106.78835452124423,-6.2924257009852909],[106.78823010363641,-6.2924247701869263],[106.78810568602864,-6.2924238384892988],[106.78798126752156,-6.2924229067916713],[106.78785684991374,-6.2924219750940438],[106.78773243230597,-6.292421044295736],[106.78760801379883,-6.2924201125980517],[106.78748359619107,-6.2924191809004242],[106.78735919117378,-6.2924173705651469],[106.78723480054566,-6.2924146177403486],[106.78711040991755,-6.2924118649156071],[106.78698601839011,-6.2924091120908088],[106.78686162776199,-6.2924063592660104],[106.78673723713382,-6.2924036064412121],[106.7866128465057,-6.2924008536164706],[106.78648868340605,-6.2923952382495827],[106.78636532969625,-6.2923789955941061],[106.78624197598646,-6.2923627538379492],[106.78611862227666,-6.2923465120817923],[106.78599649614142,-6.2923231135208084],[106.78587477020454,-6.2922973569374108],[106.78575304516698,-6.2922716003540131],[106.78563131923005,-6.2922458437706155],[106.78551100792674,-6.292214513189208],[106.78539174523291,-6.2921790583168331],[106.78527248253909,-6.2921436034445151],[106.78515321984526,-6.2921081476728205],[106.78503395715148,-6.2920726928005024],[106.78491479068509,-6.2920369294606644],[106.78479638234722,-6.2919987208642283],[106.78467800278764,-6.2919604196376326],[106.78455962322806,-6.2919221193102999],[106.78444124366854,-6.2918838180837042],[106.78432286410896,-6.2918455168570517],[106.78420448365006,-6.2918072156304561],[106.78408610409048,-6.2917689144038036],[106.78396691604041,-6.2917332356003044],[106.78384754093133,-6.2916981593425589],[106.78372816582225,-6.2916630830847566],[106.78360879071317,-6.2916280077263309],[106.78348941560409,-6.2915929314685854],[106.78337004049502,-6.2915578552107831],[106.78325066538594,-6.2915227789530377],[106.78313104116467,-6.2914885660444497],[106.78301138366851,-6.2914544673497517],[106.78289172527298,-6.2914203695543733],[106.78277206777676,-6.291386271758995],[106.78265240938123,-6.2913521739636167],[106.78253275188507,-6.2913180761682383],[106.78241328684379,-6.2912833263643506],[106.78229442704622,-6.2912465413947416],[106.78217556814803,-6.2912097564250757],[106.78205670835047,-6.2911729714554099],[106.78193784855296,-6.2911361855864243],[106.78181898965471,-6.2910994006168153],[106.78170012985714,-6.2910626156471494],[106.78158186001491,-6.2910239897652787],[106.78146377093634,-6.2909848054043778],[106.78134568095845,-6.2909456210435337],[106.78122759187994,-6.2909064357833131],[106.78110961251866,-6.2908669447536454],[106.78099313772321,-6.2908232233130548],[106.78087675555787,-6.2907792392704209],[106.7807603742919,-6.2907352543284674],[106.78064449304895,-6.2906901560258461],[106.78053309672509,-6.2906349277596405],[106.78042232183276,-6.2905782740680252],[106.78031154694042,-6.2905216194770901],[106.78020077204803,-6.2904649657854748],[106.78009028493875,-6.2904077958830271],[106.77998408130037,-6.2903429943336846],[106.77987795860099,-6.2902780479934677],[106.77977183590156,-6.2902131025525705],[106.77966571320218,-6.2901481562124104],[106.77956007703597,-6.290082427462039],[106.77945518281052,-6.2900155125058745],[106.7793502876857,-6.28994859754971],[106.7792453934602,-6.2898816825935455],[106.77913988589705,-6.28981573980451],[106.77903435315295,-6.2897498383842958],[106.77892882040879,-6.2896839369640816],[106.77882428861011,-6.2896165111930031],[106.77872176679614,-6.2895460133378265],[106.77861924498222,-6.2894755163819127],[106.77850996925974,-6.2894170685428321],[106.77839634351648,-6.2893663755577336],[106.77828271777327,-6.2893156825726351],[106.77816468984861,-6.289277116046037],[106.77804505033885,-6.2892429543987873],[106.77792524355522,-6.2892094798335734],[106.77780337372678,-6.2891844517010327],[106.77768085188984,-6.2891637915756746],[106.77755693070787,-6.2891526462775573],[106.77743289980856,-6.2891441009194864],[106.77730848220074,-6.2891446953713626],[106.77718414822994,-6.2891476406510378],[106.77706000941197,-6.289156012440003],[106.77693587239264,-6.2891644004167233],[106.7768128559286,-6.2891829336454066],[106.77668988353133,-6.2892018616765313],[106.77656691023481,-6.2892207906069757],[106.77644393783754,-6.2892397186380435],[106.77632096544028,-6.289258647568488],[106.77619751820095,-6.2892741365920983],[106.77607404578066,-6.2892893684095839],[106.77594967403826,-6.2892908549889057],[106.77582525553117,-6.289291403575362],[106.77570085501048,-6.2892891040089012],[106.77557645538917,-6.2892868044424404],[106.77545205486848,-6.2892845057752993],[106.77532765434785,-6.2892822062087816],[106.77520325382716,-6.2892799066423208],[106.77507885420584,-6.28927760707586],[106.77495445368515,-6.2892753075093992],[106.77483005316446,-6.2892730142381765],[106.77470565264383,-6.2892707227655933],[106.77458125212314,-6.2892684303936903],[106.77445685160245,-6.2892661389211071],[106.77433245108182,-6.2892638474485807],[106.77420805056113,-6.2892615550766777],[106.7740836500405,-6.2892592636040945],[106.77395925041913,-6.2892569721315112],[106.77383484989849,-6.2892546797596083],[106.7737104493778,-6.289252388287025],[106.77358604885711,-6.2892500968144418],[106.77346164833648,-6.2892478044425957],[106.77333724781579,-6.2892455129700124],[106.7732128490938,-6.2892431135787774],[106.77308845396902,-6.2892405801885616],[106.77296405794499,-6.2892380467983457],[106.7728396619209,-6.2892355134081868],[106.77271526589686,-6.2892329809172907],[106.77259087077215,-6.2892304475270748],[106.77246647474806,-6.289227914136859],[106.77234207872402,-6.2892253807467],[106.77221775824302,-6.2892285733399262],[106.77209347013758,-6.289234306517983],[106.77196937808441,-6.2892422862025228],[106.77184599559627,-6.2892583121213761],[106.77172261310818,-6.2892743389395491],[106.77159910381567,-6.2892883908465365],[106.77147525188144,-6.2892970450225789],[106.77135139994721,-6.2893057000979411],[106.7705653996735,-6.2893150998119722],[106.76987220044174,-6.2893217997611828],[106.76954430042917,-6.2893637000746594],[106.76927600028722,-6.2894297004202713],[106.76913099989576,-6.289462200120397],[106.76890589958765,-6.2895265996727971],[106.76858020021615,-6.2896557000504458],[106.76754859958828,-6.2901915997624656],[106.76702959993617,-6.2905713996503323]],[[106.7975353501763,-6.2776242000966818],[106.79753385280515,-6.2776294026747337],[106.79753235543393,-6.2776346052527856],[106.79753085806271,-6.2776398078308375],[106.7975293606915,-6.2776450104088326],[106.79752786332028,-6.2776502120875648],[106.79752636594907,-6.2776554146656167],[106.79752486857791,-6.2776606172436686],[106.79752337120669,-6.2776658198216637],[106.79752187383548,-6.2776710223997156],[106.79752037646426,-6.2776762249777676],[106.79751887909305,-6.2776814275557626],[106.79751738172183,-6.2776866301338146],[106.79751588435062,-6.2776918318125468],[106.79751438697946,-6.2776970343905987],[106.79751288960824,-6.2777022369685938],[106.79751139223703,-6.2777074395466457],[106.79750989486581,-6.2777126421246976],[106.7975083974946,-6.2777178447027495],[106.79750690012338,-6.2777230472807446],[106.79750540275222,-6.2777282498587965],[106.79750390538101,-6.2777334515375287],[106.79750240800979,-6.2777386541155238],[106.79750091063858,-6.2777438566935757],[106.79749941326736,-6.2777490592716276],[106.79749791589614,-6.2777542618496796],[106.79749641852493,-6.2777594644276746],[106.79749492115377,-6.2777646670057266],[106.79749342378256,-6.2777698695837785],[106.79749192641134,-6.2777750712624538],[106.79749042904012,-6.2777802738405057],[106.79748893166891,-6.2777854764185577],[106.79748743429769,-6.2777906789966096],[106.79748593692653,-6.2777958815746047],[106.79748443955532,-6.2778010841526566],[106.7974829421841,-6.2778062867307085],[106.79748144481289,-6.2778114893087604],[106.79747994744167,-6.2778166909874358],[106.79747845007046,-6.2778218935654877],[106.79747695269924,-6.2778270961435396],[106.79747545532808,-6.2778322987215347],[106.79747395795687,-6.2778375012995866],[106.79747246058565,-6.2778427038776385],[106.79747096321444,-6.2778479064556905],[106.79746946584322,-6.2778531090336855],[106.79746796847201,-6.2778583107124177],[106.79746647110085,-6.2778635132904697],[106.79746497372963,-6.2778687158685216],[106.79746347635842,-6.2778739184465167],[106.7974619789872,-6.2778791210245686],[106.79746048161599,-6.2778843236026205],[106.79745898424477,-6.2778895261806156],[106.79745748687355,-6.2778947287586675],[106.7974559895024,-6.2778999313367194],[106.79745449213118,-6.2779051330154516],[106.79745299475996,-6.2779103355934467],[106.79745149738875,-6.2779155381714986],[106.79745000001753,-6.2779207407495505],[106.79744850264632,-6.2779259433276025],[106.79744700527516,-6.2779311459055975],[106.79744550790394,-6.2779363484836495],[106.79744401053273,-6.2779415510617014],[106.79744251316151,-6.2779467527403767],[106.7974410157903,-6.2779519553184286],[106.79743951841908,-6.2779571578964806],[106.79743802104787,-6.2779623604745325],[106.79743652367671,-6.2779675630525276],[106.79743502630549,-6.2779727656305795],[106.79743352893428,-6.2779779682086314],[106.79743203156306,-6.2779831707866833],[106.79743053419185,-6.2779883724653587],[106.79742903682063,-6.2779935750434106],[106.79742753944947,-6.2779987776214625],[106.79742604207826,-6.2780039801994576],[106.79742454470704,-6.2780091827775095],[106.79742304733583,-6.2780143853555614],[106.79742154996461,-6.2780195879336134],[106.7974200525934,-6.2780247905116084],[106.79741855522218,-6.2780299921903406],[106.79741705785102,-6.2780351947683926],[106.79741556047981,-6.2780403973463876],[106.79741406310859,-6.2780455999244396],[106.79741256573737,-6.2780508025024915],[106.79741106836616,-6.2780560050805434],[106.79740957099494,-6.2780612076585385],[106.79740807362379,-6.2780664102365904],[106.79740657625257,-6.2780716119153226],[106.79740507888135,-6.2780768144933745],[106.79740358151014,-6.2780820170713696],[106.79740208413892,-6.2780872196494215],[106.79740058676771,-6.2780924222274734],[106.79739908939649,-6.2780976248054685],[106.79739759202533,-6.2781028273835204],[106.79739609465412,-6.2781080299615724],[106.7973945972829,-6.2781132316403045],[106.79739309991169,-6.2781184342182996],[106.79739160254047,-6.2781236367963515],[106.79739010516926,-6.2781288393744035],[106.7973886077981,-6.2781340419524554],[106.79738711042688,-6.2781392445304505],[106.79738561305567,-6.2781444471085024],[106.79738411568445,-6.2781496496865543],[106.79738261831324,-6.2781548513652297],[106.79738112094202,-6.2781600539432816],[106.79737962357081,-6.2781652565213335],[106.79737812619965,-6.2781704590993854],[106.79737662882843,-6.2781756616773805],[106.79737513145722,-6.2781808642554324],[106.797373634086,-6.2781860668334843],[106.79737213671478,-6.2781912694114794],[106.79737063934357,-6.2781964719895313],[106.79736914197241,-6.2782016736682635],[106.7973676446012,-6.2782068762463155],[106.79736614722998,-6.2782120788243105],[106.79736464985876,-6.2782172814023625],[106.79736315248755,-6.2782224839804144],[106.79736165511633,-6.2782276865584663],[106.79736015774512,-6.2782328891364614],[106.79735866037396,-6.2782380917145133],[106.79735716300274,-6.2782432933932455],[106.79735566563153,-6.2782484959712406],[106.79735416826031,-6.2782536985492925],[106.7973526708891,-6.2782589011273444],[106.79735117351788,-6.2782641037053963],[106.79734967614672,-6.2782693062833914],[106.79734817877551,-6.2782745088614433],[106.79734668140429,-6.2782797114394953],[106.79734518403308,-6.2782849131181706],[106.79734368666186,-6.2782901156962225],[106.79734218929065,-6.2782953182742745],[106.79734069191943,-6.2783005208523264],[106.79733919454827,-6.2783057234303214],[106.79733769717706,-6.2783109260083734],[106.79733619980584,-6.2783161285864253],[106.79733470243463,-6.2783213311644772],[106.79733320506341,-6.2783265328431526],[106.79733170769219,-6.2783317354212045],[106.79733021032104,-6.2783369379992564],[106.79732871294982,-6.2783421405772515],[106.7973272155786,-6.2783473431553034],[106.79732571820739,-6.2783525457333553],[106.79732422083617,-6.2783577483114072],[106.79732272346496,-6.2783629508894023],[106.79732123418768,-6.2783681552660937],[106.79731976289679,-6.2783733650387035],[106.79731829520324,-6.278378575710633],[106.79731682750963,-6.2783837872818822],[106.79731535981608,-6.2783889979538685],[106.79731389212247,-6.278394208625798],[106.7973124235296,-6.2783994192977275],[106.797310955836,-6.2784046308689767],[106.79730948814245,-6.2784098415409062],[106.79730802044884,-6.2784150522128357],[106.79730655275529,-6.2784202628847652],[106.79730508416236,-6.2784254735566947],[106.79730361646881,-6.2784306851279439],[106.7973021487752,-6.2784358957999302],[106.79730068108165,-6.2784411064718597],[106.79729921338804,-6.2784463171437892],[106.79729774479517,-6.2784515287150384],[106.79729627710157,-6.2784567393869679],[106.79729480940802,-6.2784619500588974],[106.79729334171441,-6.2784671607308269],[106.79729187402086,-6.2784723714027564],[106.79729040542793,-6.2784775829740056],[106.79728893773432,-6.2784827936459351],[106.79728747004077,-6.2784880043179214],[106.79728600234716,-6.2784932149898509],[106.79728453465361,-6.2784984256617804],[106.79728306606069,-6.2785036372330296],[106.79728159836714,-6.2785088479049591],[106.79728013067353,-6.2785140585768886],[106.79727866297998,-6.2785192692488181],[106.79727719528637,-6.2785244808200673],[106.7972757266935,-6.2785296914919968],[106.79727425899989,-6.2785349021639831],[106.79727279130634,-6.2785401128359126],[106.79727132361273,-6.2785453235078421],[106.79726985591918,-6.2785505350790913],[106.79726838732626,-6.2785557457510208],[106.7972669196327,-6.2785609564229503],[106.7972654519391,-6.2785661670948798],[106.79726398424555,-6.2785713777668093],[106.79726251655194,-6.2785765893380585],[106.79726104885839,-6.278581800009988],[106.79725958026546,-6.2785870106819743],[106.79725811257191,-6.2785922213539038],[106.7972566448783,-6.278597432925153],[106.79725517718475,-6.2786026435970825],[106.79725370949114,-6.278607854269012],[106.79725224089827,-6.2786130649409415],[106.79725077320467,-6.278618275612871],[106.79724930551112,-6.2786234871841202],[106.79724783781751,-6.2786286978560497],[106.79724637012396,-6.278633908528036],[106.79724490153103,-6.2786391191999655],[106.79724343383748,-6.2786443307712148],[106.79724196614387,-6.2786495414431442],[106.79724049845032,-6.2786547521150737],[106.79723903075671,-6.2786599627870032],[106.79723756216384,-6.2786651734589327],[106.79723609447024,-6.2786703850301819],[106.79723462677669,-6.2786755957021114],[106.79723315908308,-6.2786808063740409],[106.79723169138953,-6.2786860170460272],[106.7972302227966,-6.2786912277179567],[106.79722875510305,-6.278696439289206],[106.79722728740944,-6.2787016499611354],[106.79722581971589,-6.2787068606330649],[106.79722435202228,-6.2787120713049944],[106.79722288342941,-6.2787172828762436],[106.79722141573581,-6.2787224935481731],[106.79721994804225,-6.2787277042201026],[106.79721848034865,-6.278732914892089],[106.7972170126551,-6.2787381255640184],[106.79721554406217,-6.2787433371352677],[106.79721407636856,-6.2787485478071972],[106.79721260867501,-6.2787537584791266],[106.7972111409814,-6.2787589691510561],[106.79720967328785,-6.2787641798229856],[106.79720820469493,-6.2787693913942348],[106.79720673700137,-6.2787746020661643],[106.79720526930777,-6.2787798127380938],[106.79720380161422,-6.2787850234100802],[106.79720233392061,-6.2787902349813294],[106.79720086532774,-6.2787954456532589],[106.79719939763413,-6.2788006563251884],[106.79719792994058,-6.2788058669971178],[106.79719646224697,-6.2788110776690473],[106.79719499455342,-6.2788162892402966],[106.79719352596049,-6.278821499912226],[106.79719205826694,-6.2788267105841555],[106.79719059057334,-6.2788319212561419],[106.79718912287979,-6.2788371328273911],[106.79718765518618,-6.2788423434993206],[106.7971862063784,-6.2788475595671684],[106.79718476206716,-6.2788527774337126],[106.7971833186553,-6.2788579944008802],[106.79718187434406,-6.2788632122673675],[106.7971804309322,-6.278868429234592],[106.79717898662102,-6.2788736471010793],[106.79717754230978,-6.2788788649676235],[106.79717609889792,-6.2788840819347911],[106.79717465458668,-6.2788892998012784],[106.79717321117482,-6.2788945176678226],[106.79717176686358,-6.2788997346349902],[106.7971703225524,-6.2789049525015344],[106.79716887914054,-6.2789101703680217],[106.7971674348293,-6.2789153873351893],[106.79716599141744,-6.2789206052017335],[106.79716454710621,-6.278925822168901],[106.79716310279503,-6.2789310400354452],[106.79716165938311,-6.2789362579019325],[106.79716021507193,-6.2789414748691001],[106.79715877166007,-6.2789466927356443],[106.79715732734883,-6.2789519106021316],[106.79715588303765,-6.2789571275693561],[106.79715443962573,-6.2789623454358434],[106.79715299531455,-6.2789675633023307],[106.79715155190269,-6.2789727802695552],[106.79715010759145,-6.2789779981360425],[106.79714866417959,-6.2789832160025867],[106.79714721986835,-6.2789884329697543],[106.79714577555717,-6.2789936508362985],[106.79714433214525,-6.2789988678034661],[106.79714288783407,-6.2790040856699534],[106.79714144442221,-6.2790093035364976],[106.79714000011097,-6.2790145205036652],[106.79713855579979,-6.2790197383702093],[106.79713711238787,-6.2790249562366967],[106.79713566807669,-6.2790301732038643],[106.79713422466477,-6.2790353910704084],[106.79713278035359,-6.2790406089368958],[106.79713133604241,-6.2790458259041202],[106.79712989263049,-6.2790510437706075],[106.79712844831931,-6.2790562607377751],[106.7971270049074,-6.2790614786043193],[106.79712556059621,-6.2790666964708066],[106.79712411628498,-6.2790719134380311],[106.79712267287312,-6.2790771313045184],[106.79712122856193,-6.2790823491710057],[106.79711978515002,-6.2790875661382302],[106.79711834083884,-6.2790927840047175],[106.79711689742692,-6.2790980018712617],[106.79711545311574,-6.2791032188384293],[106.7971140088045,-6.2791084367049166],[106.79711256539264,-6.2791136545714608],[106.79711112108146,-6.2791188715386284],[106.79710967766954,-6.2791240894051725],[106.79710823335836,-6.2791293063723401],[106.79710678904712,-6.2791345242388275],[106.79710534563526,-6.2791397421053716],[106.79710390132402,-6.2791449590725392],[106.79710245791216,-6.2791501769390834],[106.79710101360098,-6.2791553948055707],[106.79709956928974,-6.2791606117727952],[106.79709812587788,-6.2791658296392825],[106.79709668156664,-6.2791710475057698],[106.79709523815478,-6.2791762644729943],[106.79709379384354,-6.2791814823394816],[106.79709235043168,-6.279186699306706]],[[106.7975353501763,-6.2776242000966818],[106.79753385280515,-6.2776294026747337],[106.79753235543393,-6.2776346052527856],[106.79753085806271,-6.2776398078308375],[106.7975293606915,-6.2776450104088326],[106.79752786332028,-6.2776502120875648],[106.79752636594907,-6.2776554146656167],[106.79752486857791,-6.2776606172436686],[106.79752337120669,-6.2776658198216637],[106.79752187383548,-6.2776710223997156],[106.79752037646426,-6.2776762249777676],[106.79751887909305,-6.2776814275557626],[106.79751738172183,-6.2776866301338146],[106.79751588435062,-6.2776918318125468],[106.79751438697946,-6.2776970343905987],[106.79751288960824,-6.2777022369685938],[106.79751139223703,-6.2777074395466457],[106.79750989486581,-6.2777126421246976],[106.7975083974946,-6.2777178447027495],[106.79750690012338,-6.2777230472807446],[106.79750540275222,-6.2777282498587965],[106.79750390538101,-6.2777334515375287],[106.79750240800979,-6.2777386541155238],[106.79750091063858,-6.2777438566935757],[106.79749941326736,-6.2777490592716276],[106.79749791589614,-6.2777542618496796],[106.79749641852493,-6.2777594644276746],[106.79749492115377,-6.2777646670057266],[106.79749342378256,-6.2777698695837785],[106.79749192641134,-6.2777750712624538],[106.79749042904012,-6.2777802738405057],[106.79748893166891,-6.2777854764185577],[106.79748743429769,-6.2777906789966096],[106.79748593692653,-6.2777958815746047],[106.79748443955532,-6.2778010841526566],[106.7974829421841,-6.2778062867307085],[106.79748144481289,-6.2778114893087604],[106.79747994744167,-6.2778166909874358],[106.79747845007046,-6.2778218935654877],[106.79747695269924,-6.2778270961435396],[106.79747545532808,-6.2778322987215347],[106.79747395795687,-6.2778375012995866],[106.79747246058565,-6.2778427038776385],[106.79747096321444,-6.2778479064556905],[106.79746946584322,-6.2778531090336855],[106.79746796847201,-6.2778583107124177],[106.79746647110085,-6.2778635132904697],[106.79746497372963,-6.2778687158685216],[106.79746347635842,-6.2778739184465167],[106.7974619789872,-6.2778791210245686],[106.79746048161599,-6.2778843236026205],[106.79745898424477,-6.2778895261806156],[106.79745748687355,-6.2778947287586675],[106.7974559895024,-6.2778999313367194],[106.79745449213118,-6.2779051330154516],[106.79745299475996,-6.2779103355934467],[106.79745149738875,-6.2779155381714986],[106.79745000001753,-6.2779207407495505],[106.79744850264632,-6.2779259433276025],[106.79744700527516,-6.2779311459055975],[106.79744550790394,-6.2779363484836495],[106.79744401053273,-6.2779415510617014],[106.79744251316151,-6.2779467527403767],[106.7974410157903,-6.2779519553184286],[106.79743951841908,-6.2779571578964806],[106.79743802104787,-6.2779623604745325],[106.79743652367671,-6.2779675630525276],[106.79743502630549,-6.2779727656305795],[106.79743352893428,-6.2779779682086314],[106.79743203156306,-6.2779831707866833],[106.79743053419185,-6.2779883724653587],[106.79742903682063,-6.2779935750434106],[106.79742753944947,-6.2779987776214625],[106.79742604207826,-6.2780039801994576],[106.79742454470704,-6.2780091827775095],[106.79742304733583,-6.2780143853555614],[106.79742154996461,-6.2780195879336134],[106.7974200525934,-6.2780247905116084],[106.79741855522218,-6.2780299921903406],[106.79741705785102,-6.2780351947683926],[106.79741556047981,-6.2780403973463876],[106.79741406310859,-6.2780455999244396],[106.79741256573737,-6.2780508025024915],[106.79741106836616,-6.2780560050805434],[106.79740957099494,-6.2780612076585385],[106.79740807362379,-6.2780664102365904],[106.79740657625257,-6.2780716119153226],[106.79740507888135,-6.2780768144933745],[106.79740358151014,-6.2780820170713696],[106.79740208413892,-6.2780872196494215],[106.79740058676771,-6.2780924222274734],[106.79739908939649,-6.2780976248054685],[106.79739759202533,-6.2781028273835204],[106.79739609465412,-6.2781080299615724],[106.7973945972829,-6.2781132316403045],[106.79739309991169,-6.2781184342182996],[106.79739160254047,-6.2781236367963515],[106.79739010516926,-6.2781288393744035],[106.7973886077981,-6.2781340419524554],[106.79738711042688,-6.2781392445304505],[106.79738561305567,-6.2781444471085024],[106.79738411568445,-6.2781496496865543],[106.79738261831324,-6.2781548513652297],[106.79738112094202,-6.2781600539432816],[106.79737962357081,-6.2781652565213335],[106.79737812619965,-6.2781704590993854],[106.79737662882843,-6.2781756616773805],[106.79737513145722,-6.2781808642554324],[106.797373634086,-6.2781860668334843],[106.79737213671478,-6.2781912694114794],[106.79737063934357,-6.2781964719895313],[106.79736914197241,-6.2782016736682635],[106.7973676446012,-6.2782068762463155],[106.79736614722998,-6.2782120788243105],[106.79736464985876,-6.2782172814023625],[106.79736315248755,-6.2782224839804144],[106.79736165511633,-6.2782276865584663],[106.79736015774512,-6.2782328891364614],[106.79735866037396,-6.2782380917145133],[106.79735716300274,-6.2782432933932455],[106.79735566563153,-6.2782484959712406],[106.79735416826031,-6.2782536985492925],[106.7973526708891,-6.2782589011273444],[106.79735117351788,-6.2782641037053963],[106.79734967614672,-6.2782693062833914],[106.79734817877551,-6.2782745088614433],[106.79734668140429,-6.2782797114394953],[106.79734518403308,-6.2782849131181706],[106.79734368666186,-6.2782901156962225],[106.79734218929065,-6.2782953182742745],[106.79734069191943,-6.2783005208523264],[106.79733919454827,-6.2783057234303214],[106.79733769717706,-6.2783109260083734],[106.79733619980584,-6.2783161285864253],[106.79733470243463,-6.2783213311644772],[106.79733320506341,-6.2783265328431526],[106.79733170769219,-6.2783317354212045],[106.79733021032104,-6.2783369379992564],[106.79732871294982,-6.2783421405772515],[106.7973272155786,-6.2783473431553034],[106.79732571820739,-6.2783525457333553],[106.79732422083617,-6.2783577483114072],[106.79732272346496,-6.2783629508894023],[106.79732123418768,-6.2783681552660937],[106.79731976289679,-6.2783733650387035],[106.79731829520324,-6.278378575710633],[106.79731682750963,-6.2783837872818822],[106.79731535981608,-6.2783889979538685],[106.79731389212247,-6.278394208625798],[106.7973124235296,-6.2783994192977275],[106.797310955836,-6.2784046308689767],[106.79730948814245,-6.2784098415409062],[106.79730802044884,-6.2784150522128357],[106.79730655275529,-6.2784202628847652],[106.79730508416236,-6.2784254735566947],[106.79730361646881,-6.2784306851279439],[106.7973021487752,-6.2784358957999302],[106.79730068108165,-6.2784411064718597],[106.79729921338804,-6.2784463171437892],[106.79729774479517,-6.2784515287150384],[106.79729627710157,-6.2784567393869679],[106.79729480940802,-6.2784619500588974],[106.79729334171441,-6.2784671607308269],[106.79729187402086,-6.2784723714027564],[106.79729040542793,-6.2784775829740056],[106.79728893773432,-6.2784827936459351],[106.79728747004077,-6.2784880043179214],[106.79728600234716,-6.2784932149898509],[106.79728453465361,-6.2784984256617804],[106.79728306606069,-6.2785036372330296],[106.79728159836714,-6.2785088479049591],[106.79728013067353,-6.2785140585768886],[106.79727866297998,-6.2785192692488181],[106.79727719528637,-6.2785244808200673],[106.7972757266935,-6.2785296914919968],[106.79727425899989,-6.2785349021639831],[106.79727279130634,-6.2785401128359126],[106.79727132361273,-6.2785453235078421],[106.79726985591918,-6.2785505350790913],[106.79726838732626,-6.2785557457510208],[106.7972669196327,-6.2785609564229503],[106.7972654519391,-6.2785661670948798],[106.79726398424555,-6.2785713777668093],[106.79726251655194,-6.2785765893380585],[106.79726104885839,-6.278581800009988],[106.79725958026546,-6.2785870106819743],[106.79725811257191,-6.2785922213539038],[106.7972566448783,-6.278597432925153],[106.79725517718475,-6.2786026435970825],[106.79725370949114,-6.278607854269012],[106.79725224089827,-6.2786130649409415],[106.79725077320467,-6.278618275612871],[106.79724930551112,-6.2786234871841202],[106.79724783781751,-6.2786286978560497],[106.79724637012396,-6.278633908528036],[106.79724490153103,-6.2786391191999655],[106.79724343383748,-6.2786443307712148],[106.79724196614387,-6.2786495414431442],[106.79724049845032,-6.2786547521150737],[106.79723903075671,-6.2786599627870032],[106.79723756216384,-6.2786651734589327],[106.79723609447024,-6.2786703850301819],[106.79723462677669,-6.2786755957021114],[106.79723315908308,-6.2786808063740409],[106.79723169138953,-6.2786860170460272],[106.7972302227966,-6.2786912277179567],[106.79722875510305,-6.278696439289206],[106.79722728740944,-6.2787016499611354],[106.79722581971589,-6.2787068606330649],[106.79722435202228,-6.2787120713049944],[106.79722288342941,-6.2787172828762436],[106.79722141573581,-6.2787224935481731],[106.79721994804225,-6.2787277042201026],[106.79721848034865,-6.278732914892089],[106.7972170126551,-6.2787381255640184],[106.79721554406217,-6.2787433371352677],[106.79721407636856,-6.2787485478071972],[106.79721260867501,-6.2787537584791266],[106.7972111409814,-6.2787589691510561],[106.79720967328785,-6.2787641798229856],[106.79720820469493,-6.2787693913942348],[106.79720673700137,-6.2787746020661643],[106.79720526930777,-6.2787798127380938],[106.79720380161422,-6.2787850234100802],[106.79720233392061,-6.2787902349813294],[106.79720086532774,-6.2787954456532589],[106.79719939763413,-6.2788006563251884],[106.79719792994058,-6.2788058669971178],[106.79719646224697,-6.2788110776690473],[106.79719499455342,-6.2788162892402966],[106.79719352596049,-6.278821499912226],[106.79719205826694,-6.2788267105841555],[106.79719059057334,-6.2788319212561419],[106.79718912287979,-6.2788371328273911],[106.79718765518618,-6.2788423434993206],[106.7971862063784,-6.2788475595671684],[106.79718476206716,-6.2788527774337126],[106.7971833186553,-6.2788579944008802],[106.79718187434406,-6.2788632122673675],[106.7971804309322,-6.278868429234592],[106.79717898662102,-6.2788736471010793],[106.79717754230978,-6.2788788649676235],[106.79717609889792,-6.2788840819347911],[106.79717465458668,-6.2788892998012784],[106.79717321117482,-6.2788945176678226],[106.79717176686358,-6.2788997346349902],[106.7971703225524,-6.2789049525015344],[106.79716887914054,-6.2789101703680217],[106.7971674348293,-6.2789153873351893],[106.79716599141744,-6.2789206052017335],[106.79716454710621,-6.278925822168901],[106.79716310279503,-6.2789310400354452],[106.79716165938311,-6.2789362579019325],[106.79716021507193,-6.2789414748691001],[106.79715877166007,-6.2789466927356443],[106.79715732734883,-6.2789519106021316],[106.79715588303765,-6.2789571275693561],[106.79715443962573,-6.2789623454358434],[106.79715299531455,-6.2789675633023307],[106.79715155190269,-6.2789727802695552],[106.79715010759145,-6.2789779981360425],[106.79714866417959,-6.2789832160025867],[106.79714721986835,-6.2789884329697543],[106.79714577555717,-6.2789936508362985],[106.79714433214525,-6.2789988678034661],[106.79714288783407,-6.2790040856699534],[106.79714144442221,-6.2790093035364976],[106.79714000011097,-6.2790145205036652],[106.79713855579979,-6.2790197383702093],[106.79713711238787,-6.2790249562366967],[106.79713566807669,-6.2790301732038643],[106.79713422466477,-6.2790353910704084],[106.79713278035359,-6.2790406089368958],[106.79713133604241,-6.2790458259041202],[106.79712989263049,-6.2790510437706075],[106.79712844831931,-6.2790562607377751],[106.7971270049074,-6.2790614786043193],[106.79712556059621,-6.2790666964708066],[106.79712411628498,-6.2790719134380311],[106.79712267287312,-6.2790771313045184],[106.79712122856193,-6.2790823491710057],[106.79711978515002,-6.2790875661382302],[106.79711834083884,-6.2790927840047175],[106.79711689742692,-6.2790980018712617],[106.79711545311574,-6.2791032188384293],[106.7971140088045,-6.2791084367049166],[106.79711256539264,-6.2791136545714608],[106.79711112108146,-6.2791188715386284],[106.79710967766954,-6.2791240894051725],[106.79710823335836,-6.2791293063723401],[106.79710678904712,-6.2791345242388275],[106.79710534563526,-6.2791397421053716],[106.79710390132402,-6.2791449590725392],[106.79710245791216,-6.2791501769390834],[106.79710101360098,-6.2791553948055707],[106.79709956928974,-6.2791606117727952],[106.79709812587788,-6.2791658296392825],[106.79709668156664,-6.2791710475057698],[106.79709523815478,-6.2791762644729943],[106.79709379384354,-6.2791814823394816],[106.79709235043168,-6.279186699306706]],[[106.7984583001105,-6.2336672999059033],[106.79845825424508,-6.2338146664136502],[106.79845820837966,-6.233962032921454],[106.79845816161492,-6.2341093994292009],[106.7984581157495,-6.2342567659369479],[106.79845806988408,-6.2344041333440146],[106.79845802401866,-6.2345514998517615],[106.79845797815324,-6.2346988663595653],[106.79845793228782,-6.2348462328673122],[106.79845788552308,-6.2349935993750591],[106.79845783965766,-6.2351409658828061],[106.79845769756474,-6.235288332390553],[106.79845710491151,-6.2354356979990371],[106.79845651315759,-6.2355830627081446],[106.79845592050441,-6.2357304283165718],[106.79845532785117,-6.235877793924999],[106.79845473519794,-6.2360251586341064],[106.79845414344402,-6.2361725242425337],[106.79845355079078,-6.2363198898509609],[106.79845295813755,-6.2364672545601252],[106.79845236548437,-6.2366146201685524],[106.79845226835755,-6.2367619866762993],[106.79845218292195,-6.236909354083366],[106.79845209838567,-6.2370567205911129],[106.79845201384944,-6.2372040870989167],[106.79845192841384,-6.2373514536066637],[106.79845184387756,-6.2374988210137303],[106.79845175934128,-6.2376461875214773],[106.79845167480499,-6.2377935540292242],[106.79845149494059,-6.237940920537028],[106.79845065137653,-6.2380882843468157],[106.79844980871178,-6.2382356481566035],[106.79844896604703,-6.2383830119663912],[106.79844812338223,-6.238530375776179],[106.79844728071748,-6.2386777395859667],[106.79844668806425,-6.2388251042950742],[106.79844652258902,-6.2389724708028211],[106.79844635711373,-6.2391198364112483],[106.7984461916385,-6.2392672029190521],[106.79844602616322,-6.2394145685274793],[106.79844586068799,-6.2395619350352263],[106.79844569521271,-6.2397093015429732],[106.79844552973748,-6.2398566671514004],[106.79844583370834,-6.2400040327598845],[106.7984462860673,-6.2401513992676314],[106.79844673932564,-6.2402987648760586],[106.7984471916846,-6.2404461304844858],[106.79844764494294,-6.240593496092913],[106.7984480973019,-6.24074086260066],[106.79844854966092,-6.240888228209144],[106.7984490029192,-6.2410355938175712],[106.79844945527822,-6.2411829594259984],[106.7984499085365,-6.2413303259337454],[106.79845036089552,-6.2414776915421726],[106.7984508141538,-6.2416250571505998],[106.79844589935885,-6.2417721547610654],[106.79843137710645,-6.2419187802274791],[106.79841386280958,-6.2420649254559066],[106.79838237214881,-6.242208879935788],[106.79834747035954,-6.2423519189059107],[106.79831085626108,-6.2424944983224009],[106.79827237786799,-6.2426366631514156],[106.79823805973871,-6.2427795429414914],[106.79820429649118,-6.2429224847847991],[106.79817458379006,-6.2430664887274361],[106.79815079852062,-6.243211579051092],[106.79813889059739,-6.2433579185330927],[106.79813273024138,-6.2435050260360754],[106.7981303335481,-6.2436523008129825],[106.79812963207689,-6.2437996583275321],[106.79812842069015,-6.2439470176407212],[106.79812719131689,-6.2440943760545906],[106.79812596194364,-6.2442417344684031],[106.79812473257039,-6.2443890928822725],[106.79812350769379,-6.2445364512961419],[106.79812228461583,-6.2446838097100112],[106.79812106063849,-6.2448311690232003],[106.79811724931164,-6.2449784357061731],[106.79811109704957,-6.2451256205508798],[106.79810494478744,-6.2452728053955866],[106.79809811623511,-6.2454199030060522],[106.79807975207893,-6.2455658296992169],[106.79806106326754,-6.2457117438019054],[106.79804209386759,-6.2458575634757381],[106.79802315234667,-6.2460033813509312],[106.79800421172507,-6.2461492001254442],[106.79798527020409,-6.2462950180006374],[106.79796624594553,-6.2464408295805924],[106.79794452551948,-6.2465864289205228],[106.79792617035656,-6.246732614618395],[106.79790622069561,-6.2468786177539641],[106.79788656691159,-6.2470246640569371],[106.79786691402694,-6.247170710359967],[106.79784726024292,-6.24731675666294],[106.79782760735827,-6.2474628029659129],[106.79780795357425,-6.2476088492689428],[106.7977883006896,-6.2477548955719158],[106.7977687440324,-6.2479009580627007],[106.79774920805954,-6.2480470241508215],[106.79772967298607,-6.2481930902388854],[106.79771013791259,-6.2483391563269493],[106.79769060283911,-6.2484852224150131],[106.79767106686631,-6.2486312885031339],[106.79765153179284,-6.2487773554905175],[106.79763199671936,-6.2489234215785814],[106.79761246164583,-6.2490694876667021],[106.79759476568597,-6.2492157821825458],[106.79757779907624,-6.2493621666306467],[106.79756105819632,-6.2495085753604371],[106.79754751530567,-6.2496553186380197],[106.79753535737092,-6.2498021581430407],[106.79752831477998,-6.2499493564776003],[106.79752127128972,-6.2500965539127833],[106.79751422779941,-6.2502437522473429],[106.79750718520847,-6.2503909496825258],[106.79750014171822,-6.2505381480170854],[106.79749309822796,-6.2506853454522684],[106.79748605563702,-6.250832543786828],[106.79747901214677,-6.2509797412220109],[106.79747180947646,-6.2511269314626929],[106.79746394310655,-6.2512740875290547],[106.79745607763596,-6.251421244494793],[106.79744821216531,-6.2515684005612115],[106.79744034579539,-6.251715557526893],[106.79743248032474,-6.2518627135933116],[106.79742461395483,-6.2520098705590499],[106.79741674848424,-6.2521570266254116],[106.79740888211427,-6.2523041835911499],[106.79740101664368,-6.2524513396575685],[106.79739315117303,-6.25259849662325],[106.79738528480311,-6.2527456526896685],[106.79737741933252,-6.2528928096554068],[106.79736955296255,-6.2530399657217686],[106.79736168749196,-6.2531871226875069],[106.79735382112199,-6.2533342787539254],[106.79734489625002,-6.2534813691697764],[106.79733444342986,-6.2536283642575654],[106.79732399060975,-6.2537753593452976],[106.79731353778959,-6.2539223544330866],[106.7973030858688,-6.2540693495208188],[106.79729263304864,-6.254216344608551],[106.79728218022848,-6.2543633396963401],[106.79727088024697,-6.2545102628383233],[106.79725644612813,-6.2546569197809845],[106.79724201200929,-6.2548035776229653],[106.79722757789045,-6.2549502345656265],[106.79721314377161,-6.2550968915082876],[106.79719870965278,-6.2552435484509488],[106.79718427553394,-6.2553902053936099],[106.7971698414151,-6.2555368632355908],[106.79715540729626,-6.2556835201782519],[106.7971405271137,-6.2558301312554931],[106.79712473771656,-6.2559766488032551],[106.79710894831936,-6.2561231672503368],[106.79709315982154,-6.2562696847980419],[106.79707737042435,-6.2564162023458039],[106.79706158102721,-6.2565627198935658],[106.79704579252939,-6.2567092383406475],[106.79703051034983,-6.2568558089483872],[106.79701566524079,-6.2570024263208666],[106.79700082103113,-6.2571490436933459],[106.7969859759221,-6.2572956601665624],[106.79697165961448,-6.25744232880038],[106.79695775429701,-6.257589037903756],[106.7969438498788,-6.2577357461077554],[106.79693024043831,-6.2578824830900999],[106.79691690888831,-6.2580292452533968],[106.7969035773383,-6.2581760083160702],[106.79689024578829,-6.258322770479424],[106.79687691423828,-6.2584695326427777],[106.79686358268827,-6.2586162957054512],[106.79685025113827,-6.2587630578688049],[106.7968369195882,-6.2589098209314216],[106.79682358803819,-6.2590565830947753],[106.79681025648819,-6.259203345258129],[106.79679692493818,-6.2593501083208025],[106.79678359338817,-6.2594968704841563],[106.79677026183816,-6.2596436335468297],[106.79675692938883,-6.2597903957101266],[106.79674359783883,-6.2599371578734804],[106.79673026628882,-6.2600839209361538],[106.79671661997611,-6.2602306534218428],[106.79670252400234,-6.2603773445387674],[106.79668842712925,-6.2605240356556919],[106.79667433025622,-6.2606707267725596],[106.79666023428246,-6.2608174169901645],[106.79664613740937,-6.2609641081070322],[106.79663204053628,-6.2611107992239567],[106.79661970633447,-6.2612576036554515],[106.79661479603607,-6.2614048883248756],[106.79661039295536,-6.2615521756923158],[106.79661412873912,-6.2616994909387245],[106.79662694497756,-6.2618461424854672],[106.79664484148628,-6.2619924190148595],[106.79667425561246,-6.2621365344734272],[106.79671053696177,-6.2622793648008042],[106.79675138596775,-6.262420924386106],[106.79679398325578,-6.2625620001361426],[106.79683657964449,-6.2627030749868595],[106.79687917693252,-6.2628441507368962],[106.79692177422055,-6.2629852255876699],[106.79696437060926,-6.2631263013377065],[106.79700779437428,-6.2632671225795775],[106.79705185575858,-6.2634077477692927],[106.79709591714294,-6.2635483738583275],[106.79713997762792,-6.2636889990480427],[106.79718403901228,-6.2638296251370207],[106.79722667587043,-6.2639706550216374],[106.79726383585739,-6.2641132542232754],[106.79730099584435,-6.2642558534248565],[106.79733013837523,-6.2644001721301947],[106.79735074004469,-6.2645459630257392],[106.79736197707365,-6.264692900556895],[106.79736609237131,-6.2648401861256389],[106.79736919683103,-6.2649875202578187],[106.79737230039143,-6.2651348543899985],[106.79737465121923,-6.2652822011126545],[106.79737672505587,-6.2654295523319092],[106.79737565486266,-6.2655768873634088],[106.79737203239347,-6.2657242098043753],[106.7973683056029,-6.2658715268494234],[106.7973604689106,-6.2660186847144814],[106.79735263131892,-6.2661658425795395],[106.79734479462661,-6.2663130004445406],[106.79733695703499,-6.2664601583095987],[106.79732912034268,-6.2666073161746567],[106.79732169553989,-6.2667544947241254],[106.797314834612,-6.2669017020518822],[106.79730797458342,-6.2670489093796391],[106.79730111455484,-6.2671961158080762],[106.79729425452626,-6.2673433231358331],[106.79729033078422,-6.2674906024093389],[106.79728999353841,-6.2676379662191266],[106.79729456569169,-6.2677852571838457],[106.79729927544128,-6.2679325463498685],[106.79730398519081,-6.2680798364152679],[106.79730869404108,-6.2682271255813475],[106.79731883209848,-6.2683741152731614],[106.79733038478946,-6.2685210285226276],[106.79734193658118,-6.2686679408727173],[106.79735348927215,-6.2688148541221835],[106.79736504196319,-6.2689617673715929],[106.79737659375485,-6.2691086797217395],[106.79738814644588,-6.2692555929712057],[106.79739969913686,-6.2694025053212954],[106.79741125092858,-6.2695494185707616],[106.79742287646462,-6.2696963255249329],[106.79743531318923,-6.2698431668286503],[106.79744774901445,-6.269990007232991],[106.79745958679058,-6.2701368979994072],[106.79747017091171,-6.2702838813959829],[106.79748014529252,-6.2704309106579785],[106.79749011967334,-6.2705779399199173],[106.79750009405416,-6.2707249682825932],[106.79751006843497,-6.2708719975445888],[106.79752004281579,-6.2710190259072647],[106.79753001809593,-6.2711660551692603],[106.79753999247674,-6.2713130835319362],[106.79754996685756,-6.2714601127939318],[106.79755994123838,-6.2716071411566077],[106.79756991561919,-6.2717541704186033],[106.79757923979014,-6.2719012401500436],[106.79758787418109,-6.2720483539483212],[106.7975965085721,-6.2721954677465988],[106.79760514296305,-6.2723425806455566],[106.797613777354,-6.2724896944437774],[106.79762241174495,-6.2726368073427352],[106.7976310461359,-6.2727839211410128],[106.79763835132889,-6.2729311023884406],[106.79764463489204,-6.2730783339978871],[106.797650772765,-6.2732255719025716],[106.79765597174577,-6.273372845780159],[106.7976611716258,-6.2735201196577464],[106.79766637060658,-6.2736673935353338],[106.79767156958735,-6.2738146665136014],[106.79767676946739,-6.2739619403911888],[106.79768215190984,-6.2741092079735381],[106.79768775198824,-6.274256467461953],[106.79769335296595,-6.2744037278496876],[106.79769895304429,-6.2745509873381593],[106.797704554022,-6.2746982468265742],[106.7977101541004,-6.2748455063150459],[106.79771369832855,-6.2749928242593569],[106.79771637830828,-6.2751401664854711],[106.79771905918727,-6.2752875087115285],[106.797721739167,-6.2754348509375859],[106.79772441914668,-6.275582194062963],[106.7977270991264,-6.2757295362890204],[106.7977297800054,-6.2758768785150778],[106.79773245998513,-6.2760242207411352],[106.7977351399648,-6.2761715629671926],[106.79773782084379,-6.2763189060925697],[106.79773709239294,-6.2764662510166431],[106.79773176301052,-6.2766134538477445],[106.79771826238795,-6.2767601548571861],[106.79769704738089,-6.2769059808263137],[106.79767331966804,-6.2770513751208341],[106.79764439477304,-6.2771958736905731],[106.79761083387297,-6.2773392966711299],[106.79757309202466,-6.2774817483839342],[106.7975353501763,-6.2776242000966818]],[[106.7984583001105,-6.2336672999059033],[106.79845825424508,-6.2338146664136502],[106.79845820837966,-6.233962032921454],[106.79845816161492,-6.2341093994292009],[106.7984581157495,-6.2342567659369479],[106.79845806988408,-6.2344041333440146],[106.79845802401866,-6.2345514998517615],[106.79845797815324,-6.2346988663595653],[106.79845793228782,-6.2348462328673122],[106.79845788552308,-6.2349935993750591],[106.79845783965766,-6.2351409658828061],[106.79845769756474,-6.235288332390553],[106.79845710491151,-6.2354356979990371],[106.79845651315759,-6.2355830627081446],[106.79845592050441,-6.2357304283165718],[106.79845532785117,-6.235877793924999],[106.79845473519794,-6.2360251586341064],[106.79845414344402,-6.2361725242425337],[106.79845355079078,-6.2363198898509609],[106.79845295813755,-6.2364672545601252],[106.79845236548437,-6.2366146201685524],[106.79845226835755,-6.2367619866762993],[106.79845218292195,-6.236909354083366],[106.79845209838567,-6.2370567205911129],[106.79845201384944,-6.2372040870989167],[106.79845192841384,-6.2373514536066637],[106.79845184387756,-6.2374988210137303],[106.79845175934128,-6.2376461875214773],[106.79845167480499,-6.2377935540292242],[106.79845149494059,-6.237940920537028],[106.79845065137653,-6.2380882843468157],[106.79844980871178,-6.2382356481566035],[106.79844896604703,-6.2383830119663912],[106.79844812338223,-6.238530375776179],[106.79844728071748,-6.2386777395859667],[106.79844668806425,-6.2388251042950742],[106.79844652258902,-6.2389724708028211],[106.79844635711373,-6.2391198364112483],[106.7984461916385,-6.2392672029190521],[106.79844602616322,-6.2394145685274793],[106.79844586068799,-6.2395619350352263],[106.79844569521271,-6.2397093015429732],[106.79844552973748,-6.2398566671514004],[106.79844583370834,-6.2400040327598845],[106.7984462860673,-6.2401513992676314],[106.79844673932564,-6.2402987648760586],[106.7984471916846,-6.2404461304844858],[106.79844764494294,-6.240593496092913],[106.7984480973019,-6.24074086260066],[106.79844854966092,-6.240888228209144],[106.7984490029192,-6.2410355938175712],[106.79844945527822,-6.2411829594259984],[106.7984499085365,-6.2413303259337454],[106.79845036089552,-6.2414776915421726],[106.7984508141538,-6.2416250571505998],[106.79844589935885,-6.2417721547610654],[106.79843137710645,-6.2419187802274791],[106.79841386280958,-6.2420649254559066],[106.79838237214881,-6.242208879935788],[106.79834747035954,-6.2423519189059107],[106.79831085626108,-6.2424944983224009],[106.79827237786799,-6.2426366631514156],[106.79823805973871,-6.2427795429414914],[106.79820429649118,-6.2429224847847991],[106.79817458379006,-6.2430664887274361],[106.79815079852062,-6.243211579051092],[106.79813889059739,-6.2433579185330927],[106.79813273024138,-6.2435050260360754],[106.7981303335481,-6.2436523008129825],[106.79812963207689,-6.2437996583275321],[106.79812842069015,-6.2439470176407212],[106.79812719131689,-6.2440943760545906],[106.79812596194364,-6.2442417344684031],[106.79812473257039,-6.2443890928822725],[106.79812350769379,-6.2445364512961419],[106.79812228461583,-6.2446838097100112],[106.79812106063849,-6.2448311690232003],[106.79811724931164,-6.2449784357061731],[106.79811109704957,-6.2451256205508798],[106.79810494478744,-6.2452728053955866],[106.79809811623511,-6.2454199030060522],[106.79807975207893,-6.2455658296992169],[106.79806106326754,-6.2457117438019054],[106.79804209386759,-6.2458575634757381],[106.79802315234667,-6.2460033813509312],[106.79800421172507,-6.2461492001254442],[106.79798527020409,-6.2462950180006374],[106.79796624594553,-6.2464408295805924],[106.79794452551948,-6.2465864289205228],[106.79792617035656,-6.246732614618395],[106.79790622069561,-6.2468786177539641],[106.79788656691159,-6.2470246640569371],[106.79786691402694,-6.247170710359967],[106.79784726024292,-6.24731675666294],[106.79782760735827,-6.2474628029659129],[106.79780795357425,-6.2476088492689428],[106.7977883006896,-6.2477548955719158],[106.7977687440324,-6.2479009580627007],[106.79774920805954,-6.2480470241508215],[106.79772967298607,-6.2481930902388854],[106.79771013791259,-6.2483391563269493],[106.79769060283911,-6.2484852224150131],[106.79767106686631,-6.2486312885031339],[106.79765153179284,-6.2487773554905175],[106.79763199671936,-6.2489234215785814],[106.79761246164583,-6.2490694876667021],[106.79759476568597,-6.2492157821825458],[106.79757779907624,-6.2493621666306467],[106.79756105819632,-6.2495085753604371],[106.79754751530567,-6.2496553186380197],[106.79753535737092,-6.2498021581430407],[106.79752831477998,-6.2499493564776003],[106.79752127128972,-6.2500965539127833],[106.79751422779941,-6.2502437522473429],[106.79750718520847,-6.2503909496825258],[106.79750014171822,-6.2505381480170854],[106.79749309822796,-6.2506853454522684],[106.79748605563702,-6.250832543786828],[106.79747901214677,-6.2509797412220109],[106.79747180947646,-6.2511269314626929],[106.79746394310655,-6.2512740875290547],[106.79745607763596,-6.251421244494793],[106.79744821216531,-6.2515684005612115],[106.79744034579539,-6.251715557526893],[106.79743248032474,-6.2518627135933116],[106.79742461395483,-6.2520098705590499],[106.79741674848424,-6.2521570266254116],[106.79740888211427,-6.2523041835911499],[106.79740101664368,-6.2524513396575685],[106.79739315117303,-6.25259849662325],[106.79738528480311,-6.2527456526896685],[106.79737741933252,-6.2528928096554068],[106.79736955296255,-6.2530399657217686],[106.79736168749196,-6.2531871226875069],[106.79735382112199,-6.2533342787539254],[106.79734489625002,-6.2534813691697764],[106.79733444342986,-6.2536283642575654],[106.79732399060975,-6.2537753593452976],[106.79731353778959,-6.2539223544330866],[106.7973030858688,-6.2540693495208188],[106.79729263304864,-6.254216344608551],[106.79728218022848,-6.2543633396963401],[106.79727088024697,-6.2545102628383233],[106.79725644612813,-6.2546569197809845],[106.79724201200929,-6.2548035776229653],[106.79722757789045,-6.2549502345656265],[106.79721314377161,-6.2550968915082876],[106.79719870965278,-6.2552435484509488],[106.79718427553394,-6.2553902053936099],[106.7971698414151,-6.2555368632355908],[106.79715540729626,-6.2556835201782519],[106.7971405271137,-6.2558301312554931],[106.79712473771656,-6.2559766488032551],[106.79710894831936,-6.2561231672503368],[106.79709315982154,-6.2562696847980419],[106.79707737042435,-6.2564162023458039],[106.79706158102721,-6.2565627198935658],[106.79704579252939,-6.2567092383406475],[106.79703051034983,-6.2568558089483872],[106.79701566524079,-6.2570024263208666],[106.79700082103113,-6.2571490436933459],[106.7969859759221,-6.2572956601665624],[106.79697165961448,-6.25744232880038],[106.79695775429701,-6.257589037903756],[106.7969438498788,-6.2577357461077554],[106.79693024043831,-6.2578824830900999],[106.79691690888831,-6.2580292452533968],[106.7969035773383,-6.2581760083160702],[106.79689024578829,-6.258322770479424],[106.79687691423828,-6.2584695326427777],[106.79686358268827,-6.2586162957054512],[106.79685025113827,-6.2587630578688049],[106.7968369195882,-6.2589098209314216],[106.79682358803819,-6.2590565830947753],[106.79681025648819,-6.259203345258129],[106.79679692493818,-6.2593501083208025],[106.79678359338817,-6.2594968704841563],[106.79677026183816,-6.2596436335468297],[106.79675692938883,-6.2597903957101266],[106.79674359783883,-6.2599371578734804],[106.79673026628882,-6.2600839209361538],[106.79671661997611,-6.2602306534218428],[106.79670252400234,-6.2603773445387674],[106.79668842712925,-6.2605240356556919],[106.79667433025622,-6.2606707267725596],[106.79666023428246,-6.2608174169901645],[106.79664613740937,-6.2609641081070322],[106.79663204053628,-6.2611107992239567],[106.79661970633447,-6.2612576036554515],[106.79661479603607,-6.2614048883248756],[106.79661039295536,-6.2615521756923158],[106.79661412873912,-6.2616994909387245],[106.79662694497756,-6.2618461424854672],[106.79664484148628,-6.2619924190148595],[106.79667425561246,-6.2621365344734272],[106.79671053696177,-6.2622793648008042],[106.79675138596775,-6.262420924386106],[106.79679398325578,-6.2625620001361426],[106.79683657964449,-6.2627030749868595],[106.79687917693252,-6.2628441507368962],[106.79692177422055,-6.2629852255876699],[106.79696437060926,-6.2631263013377065],[106.79700779437428,-6.2632671225795775],[106.79705185575858,-6.2634077477692927],[106.79709591714294,-6.2635483738583275],[106.79713997762792,-6.2636889990480427],[106.79718403901228,-6.2638296251370207],[106.79722667587043,-6.2639706550216374],[106.79726383585739,-6.2641132542232754],[106.79730099584435,-6.2642558534248565],[106.79733013837523,-6.2644001721301947],[106.79735074004469,-6.2645459630257392],[106.79736197707365,-6.264692900556895],[106.79736609237131,-6.2648401861256389],[106.79736919683103,-6.2649875202578187],[106.79737230039143,-6.2651348543899985],[106.79737465121923,-6.2652822011126545],[106.79737672505587,-6.2654295523319092],[106.79737565486266,-6.2655768873634088],[106.79737203239347,-6.2657242098043753],[106.7973683056029,-6.2658715268494234],[106.7973604689106,-6.2660186847144814],[106.79735263131892,-6.2661658425795395],[106.79734479462661,-6.2663130004445406],[106.79733695703499,-6.2664601583095987],[106.79732912034268,-6.2666073161746567],[106.79732169553989,-6.2667544947241254],[106.797314834612,-6.2669017020518822],[106.79730797458342,-6.2670489093796391],[106.79730111455484,-6.2671961158080762],[106.79729425452626,-6.2673433231358331],[106.79729033078422,-6.2674906024093389],[106.79728999353841,-6.2676379662191266],[106.79729456569169,-6.2677852571838457],[106.79729927544128,-6.2679325463498685],[106.79730398519081,-6.2680798364152679],[106.79730869404108,-6.2682271255813475],[106.79731883209848,-6.2683741152731614],[106.79733038478946,-6.2685210285226276],[106.79734193658118,-6.2686679408727173],[106.79735348927215,-6.2688148541221835],[106.79736504196319,-6.2689617673715929],[106.79737659375485,-6.2691086797217395],[106.79738814644588,-6.2692555929712057],[106.79739969913686,-6.2694025053212954],[106.79741125092858,-6.2695494185707616],[106.79742287646462,-6.2696963255249329],[106.79743531318923,-6.2698431668286503],[106.79744774901445,-6.269990007232991],[106.79745958679058,-6.2701368979994072],[106.79747017091171,-6.2702838813959829],[106.79748014529252,-6.2704309106579785],[106.79749011967334,-6.2705779399199173],[106.79750009405416,-6.2707249682825932],[106.79751006843497,-6.2708719975445888],[106.79752004281579,-6.2710190259072647],[106.79753001809593,-6.2711660551692603],[106.79753999247674,-6.2713130835319362],[106.79754996685756,-6.2714601127939318],[106.79755994123838,-6.2716071411566077],[106.79756991561919,-6.2717541704186033],[106.79757923979014,-6.2719012401500436],[106.79758787418109,-6.2720483539483212],[106.7975965085721,-6.2721954677465988],[106.79760514296305,-6.2723425806455566],[106.797613777354,-6.2724896944437774],[106.79762241174495,-6.2726368073427352],[106.7976310461359,-6.2727839211410128],[106.79763835132889,-6.2729311023884406],[106.79764463489204,-6.2730783339978871],[106.797650772765,-6.2732255719025716],[106.79765597174577,-6.273372845780159],[106.7976611716258,-6.2735201196577464],[106.79766637060658,-6.2736673935353338],[106.79767156958735,-6.2738146665136014],[106.79767676946739,-6.2739619403911888],[106.79768215190984,-6.2741092079735381],[106.79768775198824,-6.274256467461953],[106.79769335296595,-6.2744037278496876],[106.79769895304429,-6.2745509873381593],[106.797704554022,-6.2746982468265742],[106.7977101541004,-6.2748455063150459],[106.79771369832855,-6.2749928242593569],[106.79771637830828,-6.2751401664854711],[106.79771905918727,-6.2752875087115285],[106.797721739167,-6.2754348509375859],[106.79772441914668,-6.275582194062963],[106.7977270991264,-6.2757295362890204],[106.7977297800054,-6.2758768785150778],[106.79773245998513,-6.2760242207411352],[106.7977351399648,-6.2761715629671926],[106.79773782084379,-6.2763189060925697],[106.79773709239294,-6.2764662510166431],[106.79773176301052,-6.2766134538477445],[106.79771826238795,-6.2767601548571861],[106.79769704738089,-6.2769059808263137],[106.79767331966804,-6.2770513751208341],[106.79764439477304,-6.2771958736905731],[106.79761083387297,-6.2773392966711299],[106.79757309202466,-6.2774817483839342],[106.7975353501763,-6.2776242000966818]]]},"properties":{"OBJECTID":4,"LINE_ID":"MRT_NS","GEOM_ID":"MRT_NS_EL_01","LINE_NAME":"Lin Utara–Selatan","MODE":"MRT","OPERATOR":"MRT Jakarta","STATUS":"Eksisting","STRUCTURE":"ELEVATED","COLOR":"#CA2047","SOURCE":"MRT Jakarta","SRC_URL":null,"REMARK":null,"Shape_Length":0.13488529781709518}},{"type":"Feature","id":5,"geometry":{"type":"MultiLineString","coordinates":[[[106.79882845027282,-6.2304196501467004],[106.7988256021199,-6.2304280138417312],[106.79882275486631,-6.2304363775367619],[106.79881990761271,-6.230444740332473],[106.79881706035911,-6.2304531040275037],[106.79881421310552,-6.2304614677225345],[106.79881136585192,-6.2304698314175653],[106.79880851859832,-6.2304781942132195],[106.79880567134472,-6.2304865579082502],[106.79880282319181,-6.230494921603281],[106.79879997593821,-6.2305032852983118],[106.79879712868461,-6.2305116489933425],[106.79879428143101,-6.2305200117890536],[106.79879143417742,-6.2305283754840843],[106.79878858692382,-6.2305367391791151],[106.79878573967022,-6.2305451028741459],[106.79878289241663,-6.2305534656698569],[106.79878004426371,-6.2305618293648877],[106.79877719701011,-6.2305701930599184],[106.79877434975651,-6.2305785567549492],[106.79877150250292,-6.23058692044998],[106.79876865524932,-6.230595283245691],[106.79876580799572,-6.2306036469407218],[106.79876296074212,-6.2306120106357525],[106.79876011348853,-6.2306203743307833],[106.79875726623493,-6.2306287380258141],[106.79875441808201,-6.2306371008215251],[106.79875157082841,-6.230645464516499],[106.79874872357482,-6.2306538282115298],[106.79874587632122,-6.2306621919065606],[106.79874302906762,-6.2306705547022716],[106.79874018181403,-6.2306789183973024],[106.79873733456043,-6.2306872820923331],[106.79873448730683,-6.2306956457873639],[106.79873163915386,-6.2307040094823947],[106.79872879190026,-6.2307123722781057],[106.79872594464666,-6.2307207359731365],[106.79872309739307,-6.2307290996681672],[106.79872025013947,-6.230737463363198],[106.79871740288587,-6.230745826158909],[106.79871455563227,-6.2307541898539398],[106.79871170837868,-6.2307625535489706],[106.79870886112508,-6.2307709172440013],[106.79870601297216,-6.2307792809390321],[106.79870316571856,-6.2307876437347431],[106.79870031846497,-6.2307960074297739],[106.79869747121137,-6.2308043711248047],[106.79869462395777,-6.2308127348198354],[106.79869177670417,-6.2308210976154896],[106.79868892945058,-6.2308294613105204],[106.79868608219698,-6.2308378250055512],[106.79868323404406,-6.2308461887005819],[106.79868038679047,-6.2308545523956127],[106.79867816186771,-6.2308630995523799],[106.79867599540091,-6.2308716646955418],[106.79867382893411,-6.2308802298387036],[106.79867166246731,-6.2308887949818654],[106.79866949600051,-6.2308973601250273],[106.79866732863439,-6.2309059252681891],[106.79866516216754,-6.2309144904113509],[106.79866299570074,-6.2309230555545128],[106.79866082923394,-6.2309316206976746],[106.79865866276714,-6.2309401858408364],[106.79865649630034,-6.2309487509839983],[106.79865432983354,-6.2309573152278404],[106.79865216246736,-6.230965880371059],[106.79864999600056,-6.2309744455142209],[106.79864782953376,-6.2309830106573827],[106.79864566306696,-6.2309915758005445],[106.79864349660016,-6.2310001409437064],[106.79864133013336,-6.2310087060868682],[106.79863916366651,-6.23101727123003],[106.79863699630039,-6.2310258363731919],[106.79863482983359,-6.2310344015163537],[106.79863266336679,-6.2310429666595155],[106.79863049689999,-6.2310515309033576],[106.79862833043319,-6.2310600960465763],[106.79862616396633,-6.2310686611897381],[106.79862399749953,-6.2310772263329],[106.79862183013341,-6.2310857914760618],[106.79861966366661,-6.2310943566192236],[106.79861749719981,-6.2311029217623854],[106.79861533073301,-6.2311114869055473],[106.79861316426616,-6.2311200520487091],[106.79861099779936,-6.2311286171918709],[106.79860883133256,-6.2311371823350328],[106.79860666396644,-6.2311457465788749],[106.79860449749964,-6.2311543117220367],[106.79860233103284,-6.2311628768652554],[106.79860016456598,-6.2311714420084172],[106.79859799809918,-6.231180007151579],[106.79859583163238,-6.2311885722947409],[106.79859366516558,-6.2311971374379027],[106.79859149779946,-6.2312057025810645],[106.79858933133261,-6.2312142677242264],[106.79858716486581,-6.2312228328673882],[106.79858499839901,-6.23123139801055],[106.79858283193221,-6.2312399622543921],[106.79858066546541,-6.231248527397554],[106.79857849899861,-6.2312570925407158],[106.79857633163243,-6.2312656576839345],[106.79857416516563,-6.2312742228270963],[106.79857199869883,-6.2312827879702581],[106.79856984482257,-6.2312913558113792],[106.79856815769438,-6.2313000216786349],[106.79856669899402,-6.2313087352098933],[106.79856524119299,-6.2313174496405281],[106.79856378339196,-6.2313261631718433],[106.79856232559092,-6.2313348767031584],[106.79856086778989,-6.2313435911337933],[106.79855940908953,-6.2313523046651085],[106.7985579512885,-6.2313610181963668],[106.79855649348747,-6.2313697317276819],[106.79855503568643,-6.2313784461583168],[106.79855357698602,-6.231387159689632],[106.79855211918499,-6.2313958732209471],[106.79855066138396,-6.2314045867522054],[106.79854920358292,-6.2314133011828403],[106.79854774578189,-6.2314220147141555],[106.79854628708154,-6.2314307282454706],[106.7985448292805,-6.2314394426761055],[106.79854337147947,-6.2314481562074207],[106.79854191367843,-6.231456869738679],[106.79854045497808,-6.2314655832699941],[106.79853899717705,-6.231474297700629],[106.79853753937601,-6.2314830112319441],[106.79853608157498,-6.2314917247632593],[106.79853462377395,-6.2315004382945176],[106.79853316507359,-6.2315091527251525],[106.79853170727256,-6.2315178662564676],[106.79853024947147,-6.2315265797877828],[106.79852879167044,-6.2315352942184177],[106.7985273338694,-6.2315440077497328],[106.79852587516905,-6.2315527212809911],[106.79852441736801,-6.2315614348123063],[106.79852295956698,-6.2315701492429412],[106.79852150176595,-6.2315788627742563],[106.79852004306559,-6.2315875763055715],[106.79851858526456,-6.2315962898368866],[106.79851712746353,-6.2316050042674647],[106.79851566966249,-6.2316137177987798],[106.79851421186146,-6.231622431330095],[106.79851275316111,-6.2316311448614101],[106.79851129536007,-6.231639859292045],[106.79850983755904,-6.2316485728233033],[106.798508379758,-6.2316572863546185],[106.79850692105759,-6.2316660007852533],[106.79850546325656,-6.2316747143165685],[106.79850400545553,-6.2316834278478836],[106.79850254765449,-6.2316921413791988],[106.79850108985346,-6.2317008558097768],[106.79849963115311,-6.231709569341092],[106.79849817335207,-6.2317182828724071],[106.79849671555104,-6.2317269964037223],[106.79849525775001,-6.2317357108343572],[106.79849379904965,-6.2317444243656723],[106.79849234124862,-6.2317531378969306],[106.7984911244659,-6.2317618793072143],[106.79849051202757,-6.2317706926633036],[106.79848991667637,-6.2317795069186559],[106.79848932042586,-6.2317883220733847],[106.79848872507466,-6.231797136328737],[106.79848812882415,-6.231805951483409],[106.79848753347295,-6.2318147666381378],[106.79848693722244,-6.2318235808934901],[106.79848634097192,-6.2318323960482189],[106.79848574562072,-6.2318412103035712],[106.79848514937021,-6.2318500254582432],[106.79848455401901,-6.2318588397136523],[106.7984839577685,-6.2318676548683243],[106.7984833624173,-6.2318764691236765],[106.79848276616679,-6.2318852842784054],[106.79848217081559,-6.2318940985337576],[106.79848157456507,-6.2319029136884865],[106.79848097831456,-6.2319117288431585],[106.79848038296336,-6.2319205430985107],[106.79847978671285,-6.2319293582532396],[106.79847919136165,-6.2319381725085918],[106.79847859511113,-6.2319469876633207],[106.79847799975994,-6.2319558019186729],[106.79847740350942,-6.2319646170733449],[106.79847680815823,-6.231973431328754],[106.79847621190771,-6.231982246483426],[106.79847561655652,-6.2319910616381549],[106.798475020306,-6.2319998758935071],[106.79847442405548,-6.2320086910481791],[106.79847382870429,-6.2320175053035882],[106.79847323245377,-6.2320263204582602],[106.79847263710258,-6.2320351347136693],[106.79847204085206,-6.2320439498683413],[106.79847144550087,-6.2320527641236936],[106.79847084925035,-6.2320615792784224],[106.79847025389915,-6.2320703935337747],[106.79846965764864,-6.2320792086885035],[106.79846906139812,-6.2320880238431755],[106.79846846604693,-6.2320968380985278],[106.79846786979641,-6.2321056532532566],[106.79846727444522,-6.2321144675086089],[106.7984666781947,-6.2321232826633377],[106.7984660828435,-6.23213209691869],[106.79846548659299,-6.232140912073362],[106.79846489124179,-6.2321497263287711],[106.79846429499128,-6.2321585414834431],[106.79846369874076,-6.2321673557388522],[106.79846310338957,-6.2321761708935242],[106.79846250713905,-6.2321849860481962],[106.79846191178785,-6.2321938003036053],[106.79846134341631,-6.232202616357597],[106.7984612130146,-6.232211447700081],[106.79846117704176,-6.2322202826399007],[106.79846114106886,-6.2322291175796636],[106.79846110509601,-6.2322379516201067],[106.79846106912311,-6.2322467865599265],[106.7984610331502,-6.2322556214996894],[106.79846099717736,-6.2322644564394523],[106.79846096120446,-6.232273291379272],[106.79846092523155,-6.2322821263190349],[106.79846088835939,-6.2322909612587978],[106.79846085238648,-6.2322997952992409],[106.79846081641358,-6.2323086302390607],[106.79846078044073,-6.2323174651788236],[106.79846074446783,-6.2323263001185865],[106.79846070849499,-6.2323351350584062],[106.79846067252208,-6.2323439699981691],[106.79846063654918,-6.2323528040386122],[106.79846060057633,-6.232361638978432],[106.79846056460343,-6.2323704739181949],[106.79846052863053,-6.2323793088579578],[106.79846049265768,-6.2323881437977775],[106.79846045668478,-6.2323969787375404],[106.79846042071193,-6.2324058136773033],[106.79846038473903,-6.2324146477177464],[106.79846034876613,-6.2324234826575662],[106.79846031279328,-6.2324323175973291],[106.79846027682038,-6.232441152537092],[106.79846024084748,-6.2324499874769117],[106.79846020487463,-6.2324588224166746],[106.79846016890173,-6.2324676573564375],[106.79846013292882,-6.2324764913969375],[106.79846009695598,-6.2324853263367004],[106.79846006098307,-6.2324941612764633],[106.79846002501023,-6.232502996216283],[106.79845998903733,-6.2325118311560459],[106.79845995306442,-6.2325206660958088],[106.79845991709158,-6.2325295010355717],[106.79845988021935,-6.2325383350760717],[106.79845984424645,-6.2325471700158346],[106.79845980827361,-6.2325560049555975],[106.7984597723007,-6.2325648398954172],[106.79845973632786,-6.2325736748351801],[106.79845970035495,-6.232582509774943],[106.79845966438205,-6.2325913447147627],[106.7984596284092,-6.2326001787552059],[106.7984595924363,-6.2326090136949688],[106.7984595564634,-6.2326178486347317],[106.79845952049055,-6.2326266835745514],[106.79845948451765,-6.2326355185143143],[106.79845944854475,-6.2326443534540772],[106.7984594125719,-6.2326531883938969],[106.798459376599,-6.2326620224343401],[106.79845934062615,-6.232670857374103],[106.79845930465325,-6.2326796923139227],[106.79845926868035,-6.2326885272536856],[106.7984592327075,-6.2326973621934485],[106.7984591967346,-6.2327061971332682],[106.79845916076169,-6.2327150320730311],[106.79845912478885,-6.2327238661134743],[106.79845908881595,-6.2327327010532372],[106.7984590528431,-6.2327415359930569],[106.7984590168702,-6.2327503709328198],[106.79845898089729,-6.2327592058725827],[106.79845894492445,-6.2327680408124024],[106.79845890895155,-6.2327768757521653],[106.79845887207932,-6.2327857097926085],[106.79845883610648,-6.2327945447324282],[106.79845880013357,-6.2328033796721911],[106.79845876416067,-6.232812214611954],[106.79845872818782,-6.2328210495517737],[106.79845869221492,-6.2328298844915366],[106.79845865624208,-6.2328387194312995],[106.79845862026917,-6.2328475534717427],[106.79845858429627,-6.2328563884115624],[106.79845854832342,-6.2328652233513253],[106.79845851235052,-6.2328740582910882],[106.79845847637762,-6.2328828932309079],[106.79845844040477,-6.2328917281706708],[106.79845840443187,-6.2329005631104337],[106.79845836845902,-6.2329093971509337],[106.79845833248612,-6.2329182320906966],[106.79845829651322,-6.2329270670304595],[106.79845826054037,-6.2329359019702792],[106.79845822456747,-6.2329447369100421],[106.79845818859457,-6.232953571849805],[106.79845815262172,-6.2329624067895679],[106.79845811664882,-6.2329712408300679],[106.79845808067597,-6.2329800757698308],[106.79845804470307,-6.2329889107095937],[106.79845800873017,-6.2329977456494134],[106.79845797275732,-6.2330065805891763],[106.79845793678442,-6.2330154155289392],[106.79845790081151,-6.2330242495694392],[106.79845793678442,-6.2330154155289392],[106.79845797275732,-6.2330065805891763],[106.79845800873017,-6.2329977456494134],[106.79845804470307,-6.2329889107095937],[106.79845808067597,-6.2329800757698308],[106.79845811664882,-6.2329712408300679],[106.79845815262172,-6.2329624067895679],[106.79845818859457,-6.232953571849805],[106.79845822456747,-6.2329447369100421],[106.79845826054037,-6.2329359019702792],[106.79845829651322,-6.2329270670304595],[106.79845833248612,-6.2329182320906966],[106.79845836845902,-6.2329093971509337],[106.79845840443187,-6.2329005631104337],[106.79845844040477,-6.2328917281706708],[106.79845847637762,-6.2328828932309079],[106.79845851235052,-6.2328740582910882],[106.79845854832342,-6.2328652233513253],[106.79845858429627,-6.2328563884115624],[106.79845862026917,-6.2328475534717427],[106.79845865624208,-6.2328387194312995],[106.79845869221492,-6.2328298844915366],[106.79845872818782,-6.2328210495517737],[106.79845876416067,-6.232812214611954],[106.79845880013357,-6.2328033796721911],[106.79845883610648,-6.2327945447324282],[106.79845887207932,-6.2327857097926085],[106.79845890895155,-6.2327768757521653],[106.79845894492445,-6.2327680408124024],[106.79845898089729,-6.2327592058725827],[106.7984590168702,-6.2327503709328198],[106.7984590528431,-6.2327415359930569],[106.79845908881595,-6.2327327010532372],[106.79845912478885,-6.2327238661134743],[106.79845916076169,-6.2327150320730311],[106.7984591967346,-6.2327061971332682],[106.7984592327075,-6.2326973621934485],[106.79845926868035,-6.2326885272536856],[106.79845930465325,-6.2326796923139227],[106.79845934062615,-6.232670857374103],[106.798459376599,-6.2326620224343401],[106.7984594125719,-6.2326531883938969],[106.79845944854475,-6.2326443534540772],[106.79845948451765,-6.2326355185143143],[106.79845952049055,-6.2326266835745514],[106.7984595564634,-6.2326178486347317],[106.7984595924363,-6.2326090136949688],[106.7984596284092,-6.2326001787552059],[106.79845966438205,-6.2325913447147627],[106.79845970035495,-6.232582509774943],[106.79845973632786,-6.2325736748351801],[106.7984597723007,-6.2325648398954172],[106.79845980827361,-6.2325560049555975],[106.79845984424645,-6.2325471700158346],[106.79845988021935,-6.2325383350760717],[106.79845991709158,-6.2325295010355717],[106.79845995306442,-6.2325206660958088],[106.79845998903733,-6.2325118311560459],[106.79846002501023,-6.232502996216283],[106.79846006098307,-6.2324941612764633],[106.79846009695598,-6.2324853263367004],[106.79846013292882,-6.2324764913969375],[106.79846016890173,-6.2324676573564375],[106.79846020487463,-6.2324588224166746],[106.79846024084748,-6.2324499874769117],[106.79846027682038,-6.232441152537092],[106.79846031279328,-6.2324323175973291],[106.79846034876613,-6.2324234826575662],[106.79846038473903,-6.2324146477177464],[106.79846042071193,-6.2324058136773033],[106.79846045668478,-6.2323969787375404],[106.79846049265768,-6.2323881437977775],[106.79846052863053,-6.2323793088579578],[106.79846056460343,-6.2323704739181949],[106.79846060057633,-6.232361638978432],[106.79846063654918,-6.2323528040386122],[106.79846067252208,-6.2323439699981691],[106.79846070849499,-6.2323351350584062],[106.79846074446783,-6.2323263001185865],[106.79846078044073,-6.2323174651788236],[106.79846081641358,-6.2323086302390607],[106.79846085238648,-6.2322997952992409],[106.79846088835939,-6.2322909612587978],[106.79846092523155,-6.2322821263190349],[106.79846096120446,-6.232273291379272],[106.79846099717736,-6.2322644564394523],[106.7984610331502,-6.2322556214996894],[106.79846106912311,-6.2322467865599265],[106.79846110509601,-6.2322379516201067],[106.79846114106886,-6.2322291175796636],[106.79846117704176,-6.2322202826399007],[106.7984612130146,-6.232211447700081],[106.79846134341631,-6.232202616357597],[106.79846191178785,-6.2321938003036053],[106.79846250713905,-6.2321849860481962],[106.79846310338957,-6.2321761708935242],[106.79846369874076,-6.2321673557388522],[106.79846429499128,-6.2321585414834431],[106.79846489124179,-6.2321497263287711],[106.79846548659299,-6.232140912073362],[106.7984660828435,-6.23213209691869],[106.7984666781947,-6.2321232826633377],[106.79846727444522,-6.2321144675086089],[106.79846786979641,-6.2321056532532566],[106.79846846604693,-6.2320968380985278],[106.79846906139812,-6.2320880238431755],[106.79846965764864,-6.2320792086885035],[106.79847025389915,-6.2320703935337747],[106.79847084925035,-6.2320615792784224],[106.79847144550087,-6.2320527641236936],[106.79847204085206,-6.2320439498683413],[106.79847263710258,-6.2320351347136693],[106.79847323245377,-6.2320263204582602],[106.79847382870429,-6.2320175053035882],[106.79847442405548,-6.2320086910481791],[106.798475020306,-6.2319998758935071],[106.79847561655652,-6.2319910616381549],[106.79847621190771,-6.231982246483426],[106.79847680815823,-6.231973431328754],[106.79847740350942,-6.2319646170733449],[106.79847799975994,-6.2319558019186729],[106.79847859511113,-6.2319469876633207],[106.79847919136165,-6.2319381725085918],[106.79847978671285,-6.2319293582532396],[106.79848038296336,-6.2319205430985107],[106.79848097831456,-6.2319117288431585],[106.79848157456507,-6.2319029136884865],[106.79848217081559,-6.2318940985337576],[106.79848276616679,-6.2318852842784054],[106.7984833624173,-6.2318764691236765],[106.7984839577685,-6.2318676548683243],[106.79848455401901,-6.2318588397136523],[106.79848514937021,-6.2318500254582432],[106.79848574562072,-6.2318412103035712],[106.79848634097192,-6.2318323960482189],[106.79848693722244,-6.2318235808934901],[106.79848753347295,-6.2318147666381378],[106.79848812882415,-6.231805951483409],[106.79848872507466,-6.231797136328737],[106.79848932042586,-6.2317883220733847],[106.79848991667637,-6.2317795069186559],[106.79849051202757,-6.2317706926633036],[106.7984911244659,-6.2317618793072143],[106.79849234124862,-6.2317531378969306],[106.79849379904965,-6.2317444243656723],[106.79849525775001,-6.2317357108343572],[106.79849671555104,-6.2317269964037223],[106.79849817335207,-6.2317182828724071],[106.79849963115311,-6.231709569341092],[106.79850108985346,-6.2317008558097768],[106.79850254765449,-6.2316921413791988],[106.79850400545553,-6.2316834278478836],[106.79850546325656,-6.2316747143165685],[106.79850692105759,-6.2316660007852533],[106.798508379758,-6.2316572863546185],[106.79850983755904,-6.2316485728233033],[106.79851129536007,-6.231639859292045],[106.79851275316111,-6.2316311448614101],[106.79851421186146,-6.231622431330095],[106.79851566966249,-6.2316137177987798],[106.79851712746353,-6.2316050042674647],[106.79851858526456,-6.2315962898368866],[106.79852004306559,-6.2315875763055715],[106.79852150176595,-6.2315788627742563],[106.79852295956698,-6.2315701492429412],[106.79852441736801,-6.2315614348123063],[106.79852587516905,-6.2315527212809911],[106.7985273338694,-6.2315440077497328],[106.79852879167044,-6.2315352942184177],[106.79853024947147,-6.2315265797877828],[106.79853170727256,-6.2315178662564676],[106.79853316507359,-6.2315091527251525],[106.79853462377395,-6.2315004382945176],[106.79853608157498,-6.2314917247632593],[106.79853753937601,-6.2314830112319441],[106.79853899717705,-6.231474297700629],[106.79854045497808,-6.2314655832699941],[106.79854191367843,-6.231456869738679],[106.79854337147947,-6.2314481562074207],[106.7985448292805,-6.2314394426761055],[106.79854628708154,-6.2314307282454706],[106.79854774578189,-6.2314220147141555],[106.79854920358292,-6.2314133011828403],[106.79855066138396,-6.2314045867522054],[106.79855211918499,-6.2313958732209471],[106.79855357698602,-6.231387159689632],[106.79855503568643,-6.2313784461583168],[106.79855649348747,-6.2313697317276819],[106.7985579512885,-6.2313610181963668],[106.79855940908953,-6.2313523046651085],[106.79856086778989,-6.2313435911337933],[106.79856232559092,-6.2313348767031584],[106.79856378339196,-6.2313261631718433],[106.79856524119299,-6.2313174496405281],[106.79856669899402,-6.2313087352098933],[106.79856815769438,-6.2313000216786349],[106.79856984482257,-6.2312913558113792],[106.79857199869883,-6.2312827879702581],[106.79857416516563,-6.2312742228270963],[106.79857633163243,-6.2312656576839345],[106.79857849899861,-6.2312570925407158],[106.79858066546541,-6.231248527397554],[106.79858283193221,-6.2312399622543921],[106.79858499839901,-6.23123139801055],[106.79858716486581,-6.2312228328673882],[106.79858933133261,-6.2312142677242264],[106.79859149779946,-6.2312057025810645],[106.79859366516558,-6.2311971374379027],[106.79859583163238,-6.2311885722947409],[106.79859799809918,-6.231180007151579],[106.79860016456598,-6.2311714420084172],[106.79860233103284,-6.2311628768652554],[106.79860449749964,-6.2311543117220367],[106.79860666396644,-6.2311457465788749],[106.79860883133256,-6.2311371823350328],[106.79861099779936,-6.2311286171918709],[106.79861316426616,-6.2311200520487091],[106.79861533073301,-6.2311114869055473],[106.79861749719981,-6.2311029217623854],[106.79861966366661,-6.2310943566192236],[106.79862183013341,-6.2310857914760618],[106.79862399749953,-6.2310772263329],[106.79862616396633,-6.2310686611897381],[106.79862833043319,-6.2310600960465763],[106.79863049689999,-6.2310515309033576],[106.79863266336679,-6.2310429666595155],[106.79863482983359,-6.2310344015163537],[106.79863699630039,-6.2310258363731919],[106.79863916366651,-6.23101727123003],[106.79864133013336,-6.2310087060868682],[106.79864349660016,-6.2310001409437064],[106.79864566306696,-6.2309915758005445],[106.79864782953376,-6.2309830106573827],[106.79864999600056,-6.2309744455142209],[106.79865216246736,-6.230965880371059],[106.79865432983354,-6.2309573152278404],[106.79865649630034,-6.2309487509839983],[106.79865866276714,-6.2309401858408364],[106.79866082923394,-6.2309316206976746],[106.79866299570074,-6.2309230555545128],[106.79866516216754,-6.2309144904113509],[106.79866732863439,-6.2309059252681891],[106.79866949600051,-6.2308973601250273],[106.79867166246731,-6.2308887949818654],[106.79867382893411,-6.2308802298387036],[106.79867599540091,-6.2308716646955418],[106.79867816186771,-6.2308630995523799],[106.79868038679047,-6.2308545523956127],[106.79868323404406,-6.2308461887005819],[106.79868608219698,-6.2308378250055512],[106.79868892945058,-6.2308294613105204],[106.79869177670417,-6.2308210976154896],[106.79869462395777,-6.2308127348198354],[106.79869747121137,-6.2308043711248047],[106.79870031846497,-6.2307960074297739],[106.79870316571856,-6.2307876437347431],[106.79870601297216,-6.2307792809390321],[106.79870886112508,-6.2307709172440013],[106.79871170837868,-6.2307625535489706],[106.79871455563227,-6.2307541898539398],[106.79871740288587,-6.230745826158909],[106.79872025013947,-6.230737463363198],[106.79872309739307,-6.2307290996681672],[106.79872594464666,-6.2307207359731365],[106.79872879190026,-6.2307123722781057],[106.79873163915386,-6.2307040094823947],[106.79873448730683,-6.2306956457873639],[106.79873733456043,-6.2306872820923331],[106.79874018181403,-6.2306789183973024],[106.79874302906762,-6.2306705547022716],[106.79874587632122,-6.2306621919065606],[106.79874872357482,-6.2306538282115298],[106.79875157082841,-6.230645464516499],[106.79875441808201,-6.2306371008215251],[106.79875726623493,-6.2306287380258141],[106.79876011348853,-6.2306203743307833],[106.79876296074212,-6.2306120106357525],[106.79876580799572,-6.2306036469407218],[106.79876865524932,-6.230595283245691],[106.79877150250292,-6.23058692044998],[106.79877434975651,-6.2305785567549492],[106.79877719701011,-6.2305701930599184],[106.79878004426371,-6.2305618293648877],[106.79878289241663,-6.2305534656698569],[106.79878573967022,-6.2305451028741459],[106.79878858692382,-6.2305367391791151],[106.79879143417742,-6.2305283754840843],[106.79879428143101,-6.2305200117890536],[106.79879712868461,-6.2305116489933425],[106.79879997593821,-6.2305032852983118],[106.79880282319181,-6.230494921603281],[106.79880567134472,-6.2304865579082502],[106.79880851859832,-6.2304781942132195],[106.79881136585192,-6.2304698314175653],[106.79881421310552,-6.2304614677225345],[106.79881706035911,-6.2304531040275037],[106.79881990761271,-6.230444740332473],[106.79882275486631,-6.2304363775367619],[106.7988256021199,-6.2304280138417312],[106.79882845027282,-6.2304196501467004]],[[106.79882845027282,-6.2304196501467004],[106.79883240908845,-6.2304104419882833],[106.79883636880345,-6.2304012338298094],[106.79884032761908,-6.2303920247720725],[106.79884428733408,-6.2303828166136555],[106.7988482461497,-6.2303736084552384],[106.79885220586465,-6.2303644002967644],[106.79885616557965,-6.2303551912390276],[106.79886012439528,-6.2303459830806105],[106.79886408411028,-6.2303367749221934],[106.7988680429259,-6.2303275667637763],[106.79887200264085,-6.2303183577059826],[106.79887596145653,-6.2303091495475655],[106.79887992117148,-6.2302999413891484],[106.79888388088648,-6.2302907332307313],[106.7988878397021,-6.2302815241729377],[106.79889179941705,-6.2302723160145206],[106.79889575823273,-6.2302631078561035],[106.79889971794768,-6.2302538996976864],[106.79890367676336,-6.2302446906398927],[106.7989076364783,-6.2302354824814756],[106.79891159619325,-6.2302262743230585],[106.79891555500893,-6.2302170661646414],[106.79891951472388,-6.2302078580061675],[106.79892347353956,-6.2301986489484307],[106.79892743325451,-6.2301894407900136],[106.79893139207013,-6.2301802326315965],[106.79893535178513,-6.2301710244731794],[106.79893931150008,-6.2301618154153857],[106.79894327031576,-6.2301526072569686],[106.79894723003071,-6.2301433990985515],[106.79895118884633,-6.2301341909401344],[106.79895514856133,-6.2301249818823408],[106.79895910827628,-6.2301157737239237],[106.79896306709196,-6.2301065655655066],[106.79896702680691,-6.2300973574070895],[106.79897098562253,-6.2300881483492958],[106.79897494533753,-6.2300789401908787],[106.79897890415316,-6.2300697320324616],[106.79898286386816,-6.2300605238740445],[106.79898682358311,-6.2300513148162509],[106.79899078239873,-6.2300421066578338],[106.79899474211373,-6.2300328984994167],[106.79899918296599,-6.230023923265378],[106.79900396915792,-6.2300151162045836],[106.79900875624918,-6.2300063091437892],[106.79901354244112,-6.2299975029823145],[106.79901832953232,-6.22998869592152],[106.79902311662357,-6.2299798888607256],[106.79902790281551,-6.2299710817999312],[106.79903268990677,-6.2299622747391368],[106.7990374760987,-6.2299534685776621],[106.79904226318996,-6.2299446615168677],[106.7990470493819,-6.2299358544560732],[106.79905183647315,-6.2299270473952788],[106.79905662266509,-6.2299182403344844],[106.79906140975629,-6.2299094341730097],[106.79906619594823,-6.2299006271122153],[106.79907098303948,-6.2298918200514208],[106.79907576923142,-6.2298830129906264],[106.79908055632268,-6.229874205929832],[106.79908534251462,-6.2298653997683573],[106.79909012960587,-6.2298565927075629],[106.79909491579781,-6.2298477856467684],[106.79909970288901,-6.229838978585974],[106.79910448908095,-6.2298301715251228],[106.7991092761722,-6.2298213653636481],[106.79911406236414,-6.2298125583028536],[106.7991188494554,-6.2298037512420592],[106.79912363564733,-6.2297949441812648],[106.79912842273859,-6.2297861371204704],[106.79913320982985,-6.2297773309589957],[106.79913799602178,-6.2297685238982012],[106.79914278311298,-6.2297597168374068],[106.79914756930492,-6.2297509097766124],[106.79915239057044,-6.2297421234002286],[106.79915752749798,-6.2297335267807625],[106.79916274086787,-6.2297249742281338],[106.79916813410216,-6.229716525996821],[106.79917352643713,-6.2297080777655083],[106.79917891967148,-6.2296996304335721],[106.79918431290577,-6.2296911822022594],[106.79918970614011,-6.2296827339709466],[106.7991950993744,-6.2296742857396339],[106.79920049260869,-6.2296658375083211],[106.79920588584304,-6.2296573892770652],[106.79921127817801,-6.2296489410457525],[106.7992166714123,-6.2296404928144398],[106.79922206464664,-6.2296320454824468],[106.79922745788093,-6.2296235972511909],[106.79923285111522,-6.2296151490198781],[106.79923824434957,-6.2296067007885654],[106.79924363758386,-6.2295982525572526],[106.7992490308182,-6.2295898043259399],[106.79925442315317,-6.229581356094684],[106.79925981638746,-6.2295729078633713],[106.79926520962181,-6.2295644605313782],[106.7992706028561,-6.2295560123000655],[106.79927599609039,-6.2295475640687528],[106.79928138932473,-6.2295391158374969],[106.79928678255902,-6.2295306676061841],[106.79929217489399,-6.2295222193748714],[106.79929756812834,-6.2295137711435586],[106.79930296136263,-6.2295053229123027],[106.79930835459697,-6.2294968755803097],[106.79931374783126,-6.229488427348997],[106.79931914106555,-6.2294799791176843],[106.7993245342999,-6.2294715308863715],[106.79932992753419,-6.2294630826551156],[106.79933531986916,-6.2294546344238029],[106.7993407131035,-6.2294461861924901],[106.79934610633779,-6.2294377379611774],[106.79935149957208,-6.2294292906291844],[106.79935689280643,-6.2294208423979285],[106.79936228604072,-6.2294123941666157],[106.79936767927506,-6.229403945935303],[106.79937307161003,-6.2293954977039903],[106.79937846484432,-6.2293870494727344],[106.79938400826541,-6.2293787037640982],[106.79938977471841,-6.2293705082423116],[106.79939564279476,-6.2293623828676346],[106.79940151177038,-6.2293542574929575],[106.79940738074606,-6.2293461321182804],[106.79941324882242,-6.2293380067435464],[106.7994191177981,-6.2293298813688693],[106.79942498677377,-6.229321756893512],[106.79943085485013,-6.2293136315188349],[106.79943672382581,-6.2293055061441578],[106.79944259280148,-6.2292973807694807],[106.79944846087784,-6.2292892553947468],[106.79945432985352,-6.2292811300200697],[106.79946019882919,-6.2292730046453926],[106.79946606690555,-6.2292648792707155],[106.79947193588117,-6.2292567547953581],[106.79947780485685,-6.229248629420681],[106.79948367293321,-6.2292405040460039],[106.79948954190888,-6.22923237867127],[106.79949541088456,-6.2292242532965929],[106.79950127896092,-6.2292161279219158],[106.79950714793659,-6.2292080025472387],[106.79951301691227,-6.2291998771725616],[106.79951888498863,-6.2291917526972043],[106.79952475396431,-6.2291836273224703],[106.79953062293998,-6.2291755019477932],[106.79953649101628,-6.2291673765731161],[106.79954235999196,-6.2291592511984391],[106.79954822896764,-6.229151125823762],[106.79955409704399,-6.2291430004490849],[106.7995600820322,-6.2291349695032068],[106.79956635930012,-6.2291271732804034],[106.79957290996191,-6.2291195874989285],[106.79957946152297,-6.2291120026167732],[106.79958601218476,-6.2291044168352983],[106.79959256374588,-6.2290968319531999],[106.79959911440767,-6.2290892461717249],[106.79960566596878,-6.2290816612895696],[106.79961221663058,-6.2290740755081515],[106.79961876819164,-6.2290664906259963],[106.79962531885343,-6.2290589048445213],[106.79963187041454,-6.2290513199624229],[106.79963842107634,-6.2290437341809479],[106.79964497263745,-6.2290361492987927],[106.79965152329925,-6.2290285635173177],[106.7996580748603,-6.2290209786352193],[106.7996646255221,-6.2290133928537443],[106.79967117708321,-6.2290058079715891],[106.79967772774501,-6.228998222190171],[106.79968427930612,-6.2289906373080157],[106.79969082996791,-6.2289830515265407],[106.79969738152897,-6.2289754666444423],[106.79970393219077,-6.2289678808629674],[106.79971048375188,-6.2289602959808121],[106.79971703441367,-6.228952710199394],[106.79972358597479,-6.2289451253172388],[106.79973033268874,-6.2289377256954594],[106.79973767475394,-6.2289309016397283],[106.79974501681914,-6.2289240784833737],[106.79975235888429,-6.2289172544276994],[106.79975970094949,-6.2289104303720251],[106.7997670430147,-6.2289036063163508],[106.79977438507984,-6.2288967822606196],[106.79978172714505,-6.2288899582049453],[106.79978906921025,-6.2288831350485907],[106.79979641127539,-6.2288763109929164],[106.7998037533406,-6.2288694869372421],[106.7998110954058,-6.2288626628815678],[106.79981843747095,-6.2288558388258366],[106.79982577953615,-6.2288490147701623],[106.79983312160135,-6.2288421916138077],[106.7998404636665,-6.2288353675581334],[106.7998478057317,-6.2288285435024591],[106.7998551477969,-6.2288217194467279],[106.79986248986205,-6.2288148953910536],[106.79986983192725,-6.228808072234699],[106.79987717399246,-6.2288012481790247],[106.7998845160576,-6.2287944241233504],[106.79989185812281,-6.2287876000676192],[106.79989920018801,-6.2287807760119449],[106.79990654225321,-6.2287739519562706],[106.79991388431836,-6.228767128799916],[106.79992122728288,-6.2287603047442417],[106.79992856934808,-6.2287534806885105],[106.79993591141323,-6.2287466566328362],[106.79994325347843,-6.2287398325771619],[106.79995067198598,-6.2287330957557288],[106.79995822449251,-6.2287265073223921],[106.79996582106583,-6.2287199683518111],[106.79997341673987,-6.2287134284819103],[106.79998101331319,-6.2287068886119528],[106.79998860898718,-6.2287003496413718],[106.79999620466117,-6.228693809771471],[106.80000380123448,-6.2286872699015134],[106.80001139690847,-6.2286807309309324],[106.80001899348184,-6.2286741910610317],[106.80002658915583,-6.228667651191131],[106.80003418572915,-6.2286611122204931],[106.80004178140314,-6.2286545723505924],[106.80004937707713,-6.2286480324806917],[106.8000569736505,-6.2286414935100538],[106.80006456932449,-6.2286349536401531],[106.8000721658978,-6.2286284137702523],[106.80007976157179,-6.2286218747996145],[106.80008735814511,-6.2286153349297138],[106.8000949538191,-6.228608795059813],[106.80010254949315,-6.2286022560891752],[106.80011014606646,-6.2285957162192744],[106.80011774174045,-6.2285891772486934],[106.80012533831376,-6.2285826373787927],[106.80013293398775,-6.2285760975088351],[106.8001405296618,-6.2285695585382541],[106.80014812623511,-6.2285630186683534],[106.80015572190911,-6.2285564787983958],[106.80016331848242,-6.2285499398278148],[106.80017091415641,-6.2285433999579141],[106.80017851072972,-6.2285368600879565],[106.80018610640377,-6.2285303211173755],[106.80019370207776,-6.2285237812474747],[106.80020129865107,-6.2285172413775172],[106.80020889432507,-6.2285107024069362],[106.80021649089838,-6.2285041625370354],[106.80022408657237,-6.2284976226670778],[106.80023168314574,-6.2284910836964968],[106.80023927881973,-6.2284845438265961],[106.80024687449372,-6.2284780048560151],[106.80025447106703,-6.2284714649860575],[106.80026206674103,-6.2284649251161568],[106.8002696633144,-6.2284583861455758],[106.80027725898839,-6.2284518462756182],[106.8002848555617,-6.2284453064057175],[106.80029245123569,-6.2284387674351365],[106.80030004690968,-6.2284322275651789],[106.80030764348299,-6.2284256876952782],[106.80031523915704,-6.2284191487246972],[106.80032283573036,-6.2284126088547396],[106.80033043140435,-6.2284060689848388],[106.80033802707834,-6.2283995300142578],[106.80034562365165,-6.2283929901443571],[106.8003532193257,-6.2283864502743995],[106.80036081589901,-6.2283799113038185],[106.800368411573,-6.2283733714339178],[106.80037600814632,-6.2283668315639602],[106.80038360382031,-6.2283602925933792],[106.8003911994943,-6.2283537527234785],[106.80039879606767,-6.2283472137528406],[106.80040639174166,-6.2283406738829399],[106.80041398831497,-6.2283341340130391],[106.80042158398896,-6.2283275950424581],[106.80042918056228,-6.2283210551725006],[106.80043677623627,-6.2283145153025998],[106.80044437191032,-6.2283079763320188],[106.80045196848363,-6.2283014364620612],[106.80045956415762,-6.2282948965921605],[106.80046716073093,-6.2282883576215795],[106.80047475640492,-6.2282818177516219],[106.80048235297829,-6.2282752778817212],[106.80048994865228,-6.2282687389111402],[106.80049754432628,-6.2282621990411826],[106.80050514089959,-6.2282556591712819],[106.80051273657358,-6.2282491202007009],[106.80052033314689,-6.2282425803307433],[106.80052792882094,-6.2282360404608426],[106.80053552449493,-6.2282295014902616],[106.80054312106824,-6.2282229616203608],[106.80055071674224,-6.228216422649723],[106.80055831331555,-6.2282098827798222],[106.80056590898954,-6.2282033429099215],[106.80057350556291,-6.2281968039392837],[106.8005811012369,-6.2281902640693829],[106.80058869691089,-6.2281837241994822],[106.8005962934842,-6.2281771852288443],[106.8006038891582,-6.2281706453589436],[106.80061148573157,-6.2281641054890429],[106.80061908140556,-6.228157566518405],[106.80062667797887,-6.2281510266485043],[106.80063427365286,-6.2281444867786036],[106.80064186932685,-6.2281379478080225],[106.80064946590016,-6.228131407938065],[106.80065706157421,-6.2281248680681642],[106.80066465814753,-6.2281183290975832],[106.80067225382152,-6.2281117892276256],[106.80067985039483,-6.2281052493577249],[106.80067225382152,-6.2281117892276256],[106.80066465814753,-6.2281183290975832],[106.80065706157421,-6.2281248680681642],[106.80064946590016,-6.228131407938065],[106.80064186932685,-6.2281379478080225],[106.80063427365286,-6.2281444867786036],[106.80062667797887,-6.2281510266485043],[106.80061908140556,-6.228157566518405],[106.80061148573157,-6.2281641054890429],[106.8006038891582,-6.2281706453589436],[106.8005962934842,-6.2281771852288443],[106.80058869691089,-6.2281837241994822],[106.8005811012369,-6.2281902640693829],[106.80057350556291,-6.2281968039392837],[106.80056590898954,-6.2282033429099215],[106.80055831331555,-6.2282098827798222],[106.80055071674224,-6.228216422649723],[106.80054312106824,-6.2282229616203608],[106.80053552449493,-6.2282295014902616],[106.80052792882094,-6.2282360404608426],[106.80052033314689,-6.2282425803307433],[106.80051273657358,-6.2282491202007009],[106.80050514089959,-6.2282556591712819],[106.80049754432628,-6.2282621990411826],[106.80048994865228,-6.2282687389111402],[106.80048235297829,-6.2282752778817212],[106.80047475640492,-6.2282818177516219],[106.80046716073093,-6.2282883576215795],[106.80045956415762,-6.2282948965921605],[106.80045196848363,-6.2283014364620612],[106.80044437191032,-6.2283079763320188],[106.80043677623627,-6.2283145153025998],[106.80042918056228,-6.2283210551725006],[106.80042158398896,-6.2283275950424581],[106.80041398831497,-6.2283341340130391],[106.80040639174166,-6.2283406738829399],[106.80039879606767,-6.2283472137528406],[106.8003911994943,-6.2283537527234785],[106.80038360382031,-6.2283602925933792],[106.80037600814632,-6.2283668315639602],[106.800368411573,-6.2283733714339178],[106.80036081589901,-6.2283799113038185],[106.8003532193257,-6.2283864502743995],[106.80034562365165,-6.2283929901443571],[106.80033802707834,-6.2283995300142578],[106.80033043140435,-6.2284060689848388],[106.80032283573036,-6.2284126088547396],[106.80031523915704,-6.2284191487246972],[106.80030764348299,-6.2284256876952782],[106.80030004690968,-6.2284322275651789],[106.80029245123569,-6.2284387674351365],[106.8002848555617,-6.2284453064057175],[106.80027725898839,-6.2284518462756182],[106.8002696633144,-6.2284583861455758],[106.80026206674103,-6.2284649251161568],[106.80025447106703,-6.2284714649860575],[106.80024687449372,-6.2284780048560151],[106.80023927881973,-6.2284845438265961],[106.80023168314574,-6.2284910836964968],[106.80022408657237,-6.2284976226670778],[106.80021649089838,-6.2285041625370354],[106.80020889432507,-6.2285107024069362],[106.80020129865107,-6.2285172413775172],[106.80019370207776,-6.2285237812474747],[106.80018610640377,-6.2285303211173755],[106.80017851072972,-6.2285368600879565],[106.80017091415641,-6.2285433999579141],[106.80016331848242,-6.2285499398278148],[106.80015572190911,-6.2285564787983958],[106.80014812623511,-6.2285630186683534],[106.8001405296618,-6.2285695585382541],[106.80013293398775,-6.2285760975088351],[106.80012533831376,-6.2285826373787927],[106.80011774174045,-6.2285891772486934],[106.80011014606646,-6.2285957162192744],[106.80010254949315,-6.2286022560891752],[106.8000949538191,-6.228608795059813],[106.80008735814511,-6.2286153349297138],[106.80007976157179,-6.2286218747996145],[106.8000721658978,-6.2286284137702523],[106.80006456932449,-6.2286349536401531],[106.8000569736505,-6.2286414935100538],[106.80004937707713,-6.2286480324806917],[106.80004178140314,-6.2286545723505924],[106.80003418572915,-6.2286611122204931],[106.80002658915583,-6.228667651191131],[106.80001899348184,-6.2286741910610317],[106.80001139690847,-6.2286807309309324],[106.80000380123448,-6.2286872699015134],[106.79999620466117,-6.228693809771471],[106.79998860898718,-6.2287003496413718],[106.79998101331319,-6.2287068886119528],[106.79997341673987,-6.2287134284819103],[106.79996582106583,-6.2287199683518111],[106.79995822449251,-6.2287265073223921],[106.79995067198598,-6.2287330957557288],[106.79994325347843,-6.2287398325771619],[106.79993591141323,-6.2287466566328362],[106.79992856934808,-6.2287534806885105],[106.79992122728288,-6.2287603047442417],[106.79991388431836,-6.228767128799916],[106.79990654225321,-6.2287739519562706],[106.79989920018801,-6.2287807760119449],[106.79989185812281,-6.2287876000676192],[106.7998845160576,-6.2287944241233504],[106.79987717399246,-6.2288012481790247],[106.79986983192725,-6.228808072234699],[106.79986248986205,-6.2288148953910536],[106.7998551477969,-6.2288217194467279],[106.7998478057317,-6.2288285435024591],[106.7998404636665,-6.2288353675581334],[106.79983312160135,-6.2288421916138077],[106.79982577953615,-6.2288490147701623],[106.79981843747095,-6.2288558388258366],[106.7998110954058,-6.2288626628815678],[106.7998037533406,-6.2288694869372421],[106.79979641127539,-6.2288763109929164],[106.79978906921025,-6.2288831350485907],[106.79978172714505,-6.2288899582049453],[106.79977438507984,-6.2288967822606196],[106.7997670430147,-6.2289036063163508],[106.79975970094949,-6.2289104303720251],[106.79975235888429,-6.2289172544276994],[106.79974501681914,-6.2289240784833737],[106.79973767475394,-6.2289309016397283],[106.79973033268874,-6.2289377256954594],[106.79972358597479,-6.2289451253172388],[106.79971703441367,-6.228952710199394],[106.79971048375188,-6.2289602959808121],[106.79970393219077,-6.2289678808629674],[106.79969738152897,-6.2289754666444423],[106.79969082996791,-6.2289830515265407],[106.79968427930612,-6.2289906373080157],[106.79967772774501,-6.228998222190171],[106.79967117708321,-6.2290058079715891],[106.7996646255221,-6.2290133928537443],[106.7996580748603,-6.2290209786352193],[106.79965152329925,-6.2290285635173177],[106.79964497263745,-6.2290361492987927],[106.79963842107634,-6.2290437341809479],[106.79963187041454,-6.2290513199624229],[106.79962531885343,-6.2290589048445213],[106.79961876819164,-6.2290664906259963],[106.79961221663058,-6.2290740755081515],[106.79960566596878,-6.2290816612895696],[106.79959911440767,-6.2290892461717249],[106.79959256374588,-6.2290968319531999],[106.79958601218476,-6.2291044168352983],[106.79957946152297,-6.2291120026167732],[106.79957290996191,-6.2291195874989285],[106.79956635930012,-6.2291271732804034],[106.7995600820322,-6.2291349695032068],[106.79955409704399,-6.2291430004490849],[106.79954822896764,-6.229151125823762],[106.79954235999196,-6.2291592511984391],[106.79953649101628,-6.2291673765731161],[106.79953062293998,-6.2291755019477932],[106.79952475396431,-6.2291836273224703],[106.79951888498863,-6.2291917526972043],[106.79951301691227,-6.2291998771725616],[106.79950714793659,-6.2292080025472387],[106.79950127896092,-6.2292161279219158],[106.79949541088456,-6.2292242532965929],[106.79948954190888,-6.22923237867127],[106.79948367293321,-6.2292405040460039],[106.79947780485685,-6.229248629420681],[106.79947193588117,-6.2292567547953581],[106.79946606690555,-6.2292648792707155],[106.79946019882919,-6.2292730046453926],[106.79945432985352,-6.2292811300200697],[106.79944846087784,-6.2292892553947468],[106.79944259280148,-6.2292973807694807],[106.79943672382581,-6.2293055061441578],[106.79943085485013,-6.2293136315188349],[106.79942498677377,-6.229321756893512],[106.7994191177981,-6.2293298813688693],[106.79941324882242,-6.2293380067435464],[106.79940738074606,-6.2293461321182804],[106.79940151177038,-6.2293542574929575],[106.79939564279476,-6.2293623828676346],[106.79938977471841,-6.2293705082423116],[106.79938400826541,-6.2293787037640982],[106.79937846484432,-6.2293870494727344],[106.79937307161003,-6.2293954977039903],[106.79936767927506,-6.229403945935303],[106.79936228604072,-6.2294123941666157],[106.79935689280643,-6.2294208423979285],[106.79935149957208,-6.2294292906291844],[106.79934610633779,-6.2294377379611774],[106.7993407131035,-6.2294461861924901],[106.79933531986916,-6.2294546344238029],[106.79932992753419,-6.2294630826551156],[106.7993245342999,-6.2294715308863715],[106.79931914106555,-6.2294799791176843],[106.79931374783126,-6.229488427348997],[106.79930835459697,-6.2294968755803097],[106.79930296136263,-6.2295053229123027],[106.79929756812834,-6.2295137711435586],[106.79929217489399,-6.2295222193748714],[106.79928678255902,-6.2295306676061841],[106.79928138932473,-6.2295391158374969],[106.79927599609039,-6.2295475640687528],[106.7992706028561,-6.2295560123000655],[106.79926520962181,-6.2295644605313782],[106.79925981638746,-6.2295729078633713],[106.79925442315317,-6.229581356094684],[106.7992490308182,-6.2295898043259399],[106.79924363758386,-6.2295982525572526],[106.79923824434957,-6.2296067007885654],[106.79923285111522,-6.2296151490198781],[106.79922745788093,-6.2296235972511909],[106.79922206464664,-6.2296320454824468],[106.7992166714123,-6.2296404928144398],[106.79921127817801,-6.2296489410457525],[106.79920588584304,-6.2296573892770652],[106.79920049260869,-6.2296658375083211],[106.7991950993744,-6.2296742857396339],[106.79918970614011,-6.2296827339709466],[106.79918431290577,-6.2296911822022594],[106.79917891967148,-6.2296996304335721],[106.79917352643713,-6.2297080777655083],[106.79916813410216,-6.229716525996821],[106.79916274086787,-6.2297249742281338],[106.79915752749798,-6.2297335267807625],[106.79915239057044,-6.2297421234002286],[106.79914756930492,-6.2297509097766124],[106.79914278311298,-6.2297597168374068],[106.79913799602178,-6.2297685238982012],[106.79913320982985,-6.2297773309589957],[106.79912842273859,-6.2297861371204704],[106.79912363564733,-6.2297949441812648],[106.7991188494554,-6.2298037512420592],[106.79911406236414,-6.2298125583028536],[106.7991092761722,-6.2298213653636481],[106.79910448908095,-6.2298301715251228],[106.79909970288901,-6.229838978585974],[106.79909491579781,-6.2298477856467684],[106.79909012960587,-6.2298565927075629],[106.79908534251462,-6.2298653997683573],[106.79908055632268,-6.229874205929832],[106.79907576923142,-6.2298830129906264],[106.79907098303948,-6.2298918200514208],[106.79906619594823,-6.2299006271122153],[106.79906140975629,-6.2299094341730097],[106.79905662266509,-6.2299182403344844],[106.79905183647315,-6.2299270473952788],[106.7990470493819,-6.2299358544560732],[106.79904226318996,-6.2299446615168677],[106.7990374760987,-6.2299534685776621],[106.79903268990677,-6.2299622747391368],[106.79902790281551,-6.2299710817999312],[106.79902311662357,-6.2299798888607256],[106.79901832953232,-6.22998869592152],[106.79901354244112,-6.2299975029823145],[106.79900875624918,-6.2300063091437892],[106.79900396915792,-6.2300151162045836],[106.79899918296599,-6.230023923265378],[106.79899474211373,-6.2300328984994167],[106.79899078239873,-6.2300421066578338],[106.79898682358311,-6.2300513148162509],[106.79898286386816,-6.2300605238740445],[106.79897890415316,-6.2300697320324616],[106.79897494533753,-6.2300789401908787],[106.79897098562253,-6.2300881483492958],[106.79896702680691,-6.2300973574070895],[106.79896306709196,-6.2301065655655066],[106.79895910827628,-6.2301157737239237],[106.79895514856133,-6.2301249818823408],[106.79895118884633,-6.2301341909401344],[106.79894723003071,-6.2301433990985515],[106.79894327031576,-6.2301526072569686],[106.79893931150008,-6.2301618154153857],[106.79893535178513,-6.2301710244731794],[106.79893139207013,-6.2301802326315965],[106.79892743325451,-6.2301894407900136],[106.79892347353956,-6.2301986489484307],[106.79891951472388,-6.2302078580061675],[106.79891555500893,-6.2302170661646414],[106.79891159619325,-6.2302262743230585],[106.7989076364783,-6.2302354824814756],[106.79890367676336,-6.2302446906398927],[106.79889971794768,-6.2302538996976864],[106.79889575823273,-6.2302631078561035],[106.79889179941705,-6.2302723160145206],[106.7988878397021,-6.2302815241729377],[106.79888388088648,-6.2302907332307313],[106.79887992117148,-6.2302999413891484],[106.79887596145653,-6.2303091495475655],[106.79887200264085,-6.2303183577059826],[106.7988680429259,-6.2303275667637763],[106.79886408411028,-6.2303367749221934],[106.79886012439528,-6.2303459830806105],[106.79885616557965,-6.2303551912390276],[106.79885220586465,-6.2303644002967644],[106.7988482461497,-6.2303736084552384],[106.79884428733408,-6.2303828166136555],[106.79884032761908,-6.2303920247720725],[106.79883636880345,-6.2304012338298094],[106.79883240908845,-6.2304104419882833],[106.79882845027282,-6.2304196501467004]]]},"properties":{"OBJECTID":5,"LINE_ID":"MRT_NS","GEOM_ID":"MRT_NS_TRANS_01","LINE_NAME":"Lin Utara–Selatan","MODE":"MRT","OPERATOR":"MRT Jakarta","STATUS":"Eksisting","STRUCTURE":"TRANSITION","COLOR":"#CA2047","SOURCE":"MRT Jakarta","SRC_URL":null,"REMARK":null,"Shape_Length":0.011314691730666486}},{"type":"Feature","id":9,"geometry":{"type":"LineString","coordinates":[[106.82299385058582,-6.191026449610888],[106.82299704317904,-6.1911828965733662],[106.82300023577233,-6.1913393426365246],[106.82300342926493,-6.191495789598946],[106.82300662185816,-6.1916522356621044],[106.82300981445144,-6.1918086817252629],[106.82301263112811,-6.191965129587004],[106.82301529941657,-6.1921215783481216],[106.82301796770508,-6.1922780271092392],[106.82302070164411,-6.1924344731723409],[106.82302372876211,-6.1925909102422452],[106.82302675588016,-6.1927473473122063],[106.82302978299816,-6.1929037834827909],[106.82303281011616,-6.1930602205526952],[106.82303583723416,-6.1932166576225995],[106.82303884816434,-6.1933730955918236],[106.82304139684305,-6.1935295560441546],[106.82304394642102,-6.193686015597109],[106.82304649599905,-6.1938424760493831],[106.82304904557708,-6.1939989356023375],[106.82305181548895,-6.1941553924573327],[106.82305553868224,-6.1943118277285976],[106.8230593643982,-6.1944682594025835],[106.82306319011417,-6.1946246919758892],[106.82306701672951,-6.1947811236498751],[106.82307084244547,-6.1949375562231808],[106.82307466816144,-6.1950939878971667],[106.82307849387746,-6.1952504195711526],[106.82308232049274,-6.1954068521444583],[106.82308772901553,-6.1955632370537046],[106.82309098905796,-6.1957196759222484],[106.82309317261189,-6.1958761444684569],[106.82309570780075,-6.196032604920731],[106.82309940761161,-6.1961890419906354],[106.82310310742253,-6.1963454790605397],[106.82310680723344,-6.1965019152311811],[106.8231105070443,-6.1966583523010854],[106.82311420685522,-6.1968147893709897],[106.82311790666614,-6.196971226440894],[106.823121606477,-6.1971276626114786],[106.82312518937607,-6.197284102379399],[106.82312833880184,-6.197440553838419],[106.82313148822766,-6.1975970052974958],[106.8231346385528,-6.1977534558572529],[106.82313778797857,-6.1979099073163297],[106.82314037712678,-6.1980663623726855],[106.82314197432271,-6.1982228228249596],[106.8231435715187,-6.1983792841765535],[106.82313941844944,-6.1985355386840979],[106.82312703388556,-6.1986915287909596],[106.82311464932167,-6.1988475188978214],[106.82309688771124,-6.1990028812779201],[106.82307277868586,-6.1991574918247352],[106.82304866966041,-6.1993121023716071],[106.82302456153434,-6.1994667129184222],[106.82300045250895,-6.1996213225659176],[106.82297391441466,-6.1997755212232732],[106.82294649048822,-6.1999295687945164],[106.82291906656172,-6.2000836163657596],[106.8228913062888,-6.2002376063803695],[106.82286247672198,-6.2003914111346603],[106.82283364715516,-6.2005452167882709],[106.82280481758835,-6.2006990215425617],[106.82277583603604,-6.2008527930219088],[106.8227464839631,-6.2010064853609492],[106.82271743136442,-6.2011602352566229],[106.82268969807114,-6.2013142414590448],[106.8226619638786,-6.2014682476614666],[106.82263423058532,-6.2016222538638885],[106.82260649639278,-6.2017762600663104],[106.8225787630995,-6.2019302653694126],[106.8225510289069,-6.2020842715718345],[106.82253020960155,-6.2022393452695042],[106.82251009176736,-6.2023945259865627],[106.82248997393322,-6.2025497076028842],[106.82246985609902,-6.2027048883198859],[106.82244973826488,-6.2028600690368876],[106.82243206029142,-6.2030155348390394],[106.82241631675964,-6.2031712236729959],[106.82240057322792,-6.2033269134062721],[106.8223848296962,-6.2034826031395482],[106.82237086052686,-6.2036384106840501],[106.82236513274472,-6.2037947892980583],[106.82235940496264,-6.2039511670126899],[106.8223536771805,-6.2041075456266981],[106.82234795029774,-6.2042639242406494],[106.8223422225156,-6.2044203028546576],[106.82233649473352,-6.2045766805692892],[106.82232826773543,-6.204732920687718],[106.82231613947829,-6.2048889287809743],[106.82230401032189,-6.2050449368742875],[106.82229188206475,-6.2052009458669204],[106.82227914586593,-6.2053568982022398],[106.82226624599053,-6.2055128370477632],[106.82225334611508,-6.2056687749939101],[106.822240447139,-6.2058247129401138],[106.82222358754859,-6.2059802794663028],[106.8222063484443,-6.2061358073216297],[106.82218910934,-6.2062913360762764],[106.82217187023571,-6.206446864830923],[106.82215463113135,-6.2066023926862499],[106.82213898742441,-6.2067580914127234],[106.82212338328759,-6.2069137937365326],[106.82210778005009,-6.2070694960603419],[106.82209217681259,-6.2072251983841511],[106.8220734349411,-6.2073805427777984],[106.82205352395101,-6.2075357540717278],[106.8220336120616,-6.2076909644663942],[106.82200512963311,-6.2078447908044154],[106.82197508328352,-6.207998362634271],[106.8219450378333,-6.2081519344641833],[106.82191499148371,-6.2083055062940389],[106.82188080105817,-6.2084581419296683],[106.82184196023832,-6.2086097280564445],[106.82180311851914,-6.2087613141832776],[106.82175718744429,-6.2089107671181409],[106.82170605109343,-6.2090586489374573],[106.82164625786857,-6.2092032284461993],[106.82158562287827,-6.2093474868969452],[106.82152498878725,-6.2094917462470676],[106.82146134376609,-6.209634666506588],[106.82139487667229,-6.2097763322119022],[106.82132840957848,-6.2099179988165361],[106.82126194248474,-6.2100596645218502],[106.82119547539094,-6.2102013311264841],[106.82112505038083,-6.210341063289377],[106.82105416221987,-6.2104805697224492],[106.82098327495822,-6.2106200770548412],[106.82091238679726,-6.2107595834879135],[106.82084149953562,-6.2108990899210426],[106.82077061137466,-6.2110385972534345],[106.82069972411301,-6.2111781036865068],[106.82062883595205,-6.2113176101195791],[106.82055794779114,-6.211457117451971],[106.82048703534844,-6.2115966112945102],[106.82041428109426,-6.211735150057109],[106.82034146748481,-6.2118736573433466],[106.82026865387536,-6.2120121655289608],[106.82019584026585,-6.2121506728152553],[106.8201230266564,-6.2122891810008696],[106.82005021304695,-6.2124276882871641],[106.81997739943751,-6.2125661964727215],[106.81989774828253,-6.2127007899094906],[106.81981513206273,-6.2128336863254958],[106.81973251494367,-6.2129665827415579],[106.8196498978246,-6.2130994791575631],[106.81956583909226,-6.2132313944132989],[106.81947264954323,-6.2133571007495334],[106.81937945999414,-6.2134828079851445],[106.8192862704451,-6.2136085143214359],[106.81919308089601,-6.213734221557047],[106.81909719068284,-6.2138577596278424],[106.81899520666354,-6.2139764467555665],[106.81889322354351,-6.2140951329839709],[106.81879032761157,-6.2142129900374243],[106.81868218413553,-6.2143260878785895],[106.81857397860631,-6.2144391299618178],[106.81846552486417,-6.2145519193355767],[106.81835073359952,-6.2146582210000361],[106.81823523456848,-6.2147637942136953],[106.81811973463812,-6.2148693683266174],[106.81800423560702,-6.2149749424395964],[106.81788526789086,-6.2150764758985702],[106.81776365706719,-6.2151749363741828],[106.81764204624352,-6.2152733968497387],[106.81752043452047,-6.2153718573252945],[106.81739882369681,-6.2154703178009072],[106.81727721287314,-6.215568778276463],[106.81715560204947,-6.2156672378526991],[106.8170339912258,-6.215765698328255],[106.81691176526584,-6.2158633979773867],[106.81678895564585,-6.2159603772695391],[106.8166661640123,-6.2160573790447415],[106.81654337237882,-6.216154380819944],[106.81642058074527,-6.216251383494523],[106.81629779001105,-6.2163483852697254],[106.81617499837751,-6.2164453879442476],[106.81605220674402,-6.2165423897194501],[106.81592939442606,-6.2166393645150038],[106.81580665135596,-6.2167364265447986],[106.81568390828579,-6.2168334885745935],[106.815561166115,-6.2169305515037081],[106.81543842304484,-6.217027613533503],[106.81531567997473,-6.2171246755632978],[106.81519285686494,-6.2172216296744409],[106.81507020732425,-6.2173187708445425],[106.81494755778363,-6.217415912014701],[106.81482490734368,-6.2175130522854829],[106.81470225780299,-6.2176101934556414],[106.81457960826236,-6.217707334625743],[106.8144569074604,-6.2178044326284407],[106.81433455469602,-6.2179019847887389],[106.81421220283096,-6.2179995369490371],[106.81408985006658,-6.2180970891093352],[106.8139674973022,-6.2181946412696334],[106.81384514453782,-6.2182921934299316],[106.81372279267282,-6.2183897455902297],[106.81360043990844,-6.2184872977505279],[106.8134780098024,-6.2185847536833876],[106.81335543850275,-6.2186820333491255],[106.81323287709569,-6.2187793265046594],[106.81311031568856,-6.2188766187608735],[106.81298775338217,-6.2189739110171445],[106.81286519197511,-6.2190712041726783],[106.81274263056798,-6.2191684964288925],[106.81262006916091,-6.2192657886851634],[106.81249750685453,-6.2193630809413776],[106.81237494544746,-6.2194603740969683],[106.81225238404033,-6.2195576663531824],[106.81212982173395,-6.2196549586093965],[106.81200726032688,-6.2197522517649872],[106.81188469891976,-6.2198495440212014],[106.81176213751269,-6.2199468362774155],[106.81163894028492,-6.2200433128485884],[106.81151494625783,-6.2201387641925407],[106.81139095313006,-6.22023421553655],[106.81126695910297,-6.2203296668805592],[106.81114296507582,-6.2204251182245685],[106.81101897194804,-6.2205205695685777],[106.81089497792095,-6.2206160209125869],[106.81077098479318,-6.2207114722565962],[106.81064699076609,-6.2208069236006054],[106.810522996739,-6.2209023749446146],[106.81039933815902,-6.220998255265215],[106.81027717605087,-6.2210960493431458],[106.81015501304347,-6.2211938425217568],[106.81003285093539,-6.2212916365996875],[106.8099106888273,-6.2213894297782986],[106.80978852671922,-6.2214872238562293],[106.80966636461108,-6.2215850179341601],[106.809542292343,-6.2216803748493703],[106.80941820568569,-6.2217757146774488],[106.80929411902844,-6.2218710545055274],[106.80917003237118,-6.2219663943336059],[106.80904594571388,-6.2220617332623078],[106.80892185905662,-6.2221570730903863],[106.80879777329864,-6.2222524129184649],[106.80867368664138,-6.2223477527465434],[106.8085453983515,-6.2224371408613024],[106.80841402089044,-6.2225221528750012],[106.80828264342932,-6.2226071657880198],[106.80815126596821,-6.2226921778017186],[106.80801988940641,-6.2227771898154174],[106.80788851194535,-6.2228622027284359],[106.80775713448423,-6.2229472147421347],[106.80762575702312,-6.2230322276551533],[106.80749438046132,-6.2231172396688521],[106.80736300300026,-6.2232022525818707],[106.80723162553915,-6.2232872645955126],[106.80710024807803,-6.2233722775085312],[106.80696887151629,-6.22345728952223],[106.80683744369315,-6.2235422250935812],[106.80670575686526,-6.2236267559699741],[106.80657406913804,-6.2237112877456866],[106.80644238231014,-6.2237958195213992],[106.80631069458298,-6.2238803512971117],[106.80617900775508,-6.2239648830728243],[106.80604732002786,-6.2240494148485936],[106.80592106690375,-6.2241417797193321],[106.80579584710074,-6.2242356212768755],[106.80567062729767,-6.2243294619350991],[106.80554540749461,-6.2244233025932658],[106.8054201876916,-6.2245171432514894],[106.80529496698921,-6.224610983909713],[106.80516974718614,-6.2247048254672563],[106.80504452738307,-6.2247986661254799],[106.80491930758006,-6.2248925067837035],[106.804794087777,-6.2249863474419271],[106.80466886707461,-6.2250801889994705],[106.80454359601021,-6.2251739460207318],[106.80441822691972,-6.2252675519559375],[106.80429285782918,-6.2253611578910863],[106.80416748963802,-6.2254547638262352],[106.80404212054748,-6.225548369761384],[106.803916751457,-6.22564197479727],[106.80379138236646,-6.2257355807324188],[106.80366601417529,-6.2258291866675677],[106.80354064508475,-6.2259227926027734],[106.80341527599427,-6.2260163985379222],[106.80328990690373,-6.2261100044730711],[106.80316453781325,-6.2262036095089002],[106.80303916962202,-6.2262972154441059],[106.80291515760848,-6.2263925381850527],[106.80279303686922,-6.2264902576192185],[106.80267091612996,-6.2265879770534411],[106.80254879539063,-6.2266856964876638],[106.80242570608152,-6.2267822198235194],[106.80230115267614,-6.226876915737023],[106.80217659837137,-6.2269716107512068],[106.80205204496599,-6.2270663057653337],[106.80192749066123,-6.2271610007795175],[106.80180293725579,-6.227255696693021],[106.8016783838504,-6.227350391707148],[106.80155382954564,-6.2274450867213318],[106.80142927614025,-6.2275397817355156],[106.80130472183549,-6.2276344767496425],[106.80117997957245,-6.2277289298461938],[106.80105494772772,-6.2278230097240908],[106.80092991498367,-6.2279170896019309],[106.80080488223956,-6.2280111694798279],[106.80067985039483,-6.2281052493577249],[106.80080488223956,-6.2280111694798279],[106.80092991498367,-6.2279170896019309],[106.80105494772772,-6.2278230097240908],[106.80117997957245,-6.2277289298461938],[106.80130472183549,-6.2276344767496425],[106.80142927614025,-6.2275397817355156],[106.80155382954564,-6.2274450867213318],[106.8016783838504,-6.227350391707148],[106.80180293725579,-6.227255696693021],[106.80192749066123,-6.2271610007795175],[106.80205204496599,-6.2270663057653337],[106.80217659837137,-6.2269716107512068],[106.80230115267614,-6.226876915737023],[106.80242570608152,-6.2267822198235194],[106.80254879539063,-6.2266856964876638],[106.80267091612996,-6.2265879770534411],[106.80279303686922,-6.2264902576192185],[106.80291515760848,-6.2263925381850527],[106.80303916962202,-6.2262972154441059],[106.80316453781325,-6.2262036095089002],[106.80328990690373,-6.2261100044730711],[106.80341527599427,-6.2260163985379222],[106.80354064508475,-6.2259227926027734],[106.80366601417529,-6.2258291866675677],[106.80379138236646,-6.2257355807324188],[106.803916751457,-6.22564197479727],[106.80404212054748,-6.225548369761384],[106.80416748963802,-6.2254547638262352],[106.80429285782918,-6.2253611578910863],[106.80441822691972,-6.2252675519559375],[106.80454359601021,-6.2251739460207318],[106.80466886707461,-6.2250801889994705],[106.804794087777,-6.2249863474419271],[106.80491930758006,-6.2248925067837035],[106.80504452738307,-6.2247986661254799],[106.80516974718614,-6.2247048254672563],[106.80529496698921,-6.224610983909713],[106.8054201876916,-6.2245171432514894],[106.80554540749461,-6.2244233025932658],[106.80567062729767,-6.2243294619350991],[106.80579584710074,-6.2242356212768755],[106.80592106690375,-6.2241417797193321],[106.80604732002786,-6.2240494148485936],[106.80617900775508,-6.2239648830728243],[106.80631069458298,-6.2238803512971117],[106.80644238231014,-6.2237958195213992],[106.80657406913804,-6.2237112877456866],[106.80670575686526,-6.2236267559699741],[106.80683744369315,-6.2235422250935812],[106.80696887151629,-6.22345728952223],[106.80710024807803,-6.2233722775085312],[106.80723162553915,-6.2232872645955126],[106.80736300300026,-6.2232022525818707],[106.80749438046132,-6.2231172396688521],[106.80762575702312,-6.2230322276551533],[106.80775713448423,-6.2229472147421347],[106.80788851194535,-6.2228622027284359],[106.80801988940641,-6.2227771898154174],[106.80815126596821,-6.2226921778017186],[106.80828264342932,-6.2226071657880198],[106.80841402089044,-6.2225221528750012],[106.8085453983515,-6.2224371408613024],[106.80867368664138,-6.2223477527465434],[106.80879777329864,-6.2222524129184649],[106.80892185905662,-6.2221570730903863],[106.80904594571388,-6.2220617332623078],[106.80917003237118,-6.2219663943336059],[106.80929411902844,-6.2218710545055274],[106.80941820568569,-6.2217757146774488],[106.809542292343,-6.2216803748493703],[106.80966636461108,-6.2215850179341601],[106.80978852671922,-6.2214872238562293],[106.8099106888273,-6.2213894297782986],[106.81003285093539,-6.2212916365996875],[106.81015501304347,-6.2211938425217568],[106.81027717605087,-6.2210960493431458],[106.81039933815902,-6.220998255265215],[106.810522996739,-6.2209023749446146],[106.81064699076609,-6.2208069236006054],[106.81077098479318,-6.2207114722565962],[106.81089497792095,-6.2206160209125869],[106.81101897194804,-6.2205205695685777],[106.81114296507582,-6.2204251182245685],[106.81126695910297,-6.2203296668805592],[106.81139095313006,-6.22023421553655],[106.81151494625783,-6.2201387641925407],[106.81163894028492,-6.2200433128485884],[106.81176213751269,-6.2199468362774155],[106.81188469891976,-6.2198495440212014],[106.81200726032688,-6.2197522517649872],[106.81212982173395,-6.2196549586093965],[106.81225238404033,-6.2195576663531824],[106.81237494544746,-6.2194603740969683],[106.81249750685453,-6.2193630809413776],[106.81262006916091,-6.2192657886851634],[106.81274263056798,-6.2191684964288925],[106.81286519197511,-6.2190712041726783],[106.81298775338217,-6.2189739110171445],[106.81311031568856,-6.2188766187608735],[106.81323287709569,-6.2187793265046594],[106.81335543850275,-6.2186820333491255],[106.8134780098024,-6.2185847536833876],[106.81360043990844,-6.2184872977505279],[106.81372279267282,-6.2183897455902297],[106.81384514453782,-6.2182921934299316],[106.8139674973022,-6.2181946412696334],[106.81408985006658,-6.2180970891093352],[106.81421220283096,-6.2179995369490371],[106.81433455469602,-6.2179019847887389],[106.8144569074604,-6.2178044326284407],[106.81457960826236,-6.217707334625743],[106.81470225780299,-6.2176101934556414],[106.81482490734368,-6.2175130522854829],[106.81494755778363,-6.217415912014701],[106.81507020732425,-6.2173187708445425],[106.81519285686494,-6.2172216296744409],[106.81531567997473,-6.2171246755632978],[106.81543842304484,-6.217027613533503],[106.815561166115,-6.2169305515037081],[106.81568390828579,-6.2168334885745935],[106.81580665135596,-6.2167364265447986],[106.81592939442606,-6.2166393645150038],[106.81605220674402,-6.2165423897194501],[106.81617499837751,-6.2164453879442476],[106.81629779001105,-6.2163483852697254],[106.81642058074527,-6.216251383494523],[106.81654337237882,-6.216154380819944],[106.8166661640123,-6.2160573790447415],[106.81678895564585,-6.2159603772695391],[106.81691176526584,-6.2158633979773867],[106.8170339912258,-6.215765698328255],[106.81715560204947,-6.2156672378526991],[106.81727721287314,-6.215568778276463],[106.81739882369681,-6.2154703178009072],[106.81752043452047,-6.2153718573252945],[106.81764204624352,-6.2152733968497387],[106.81776365706719,-6.2151749363741828],[106.81788526789086,-6.2150764758985702],[106.81800423560702,-6.2149749424395964],[106.81811973463812,-6.2148693683266174],[106.81823523456848,-6.2147637942136953],[106.81835073359952,-6.2146582210000361],[106.81846552486417,-6.2145519193355767],[106.81857397860631,-6.2144391299618178],[106.81868218413553,-6.2143260878785895],[106.81879032761157,-6.2142129900374243],[106.81889322354351,-6.2140951329839709],[106.81899520666354,-6.2139764467555665],[106.81909719068284,-6.2138577596278424],[106.81919308089601,-6.213734221557047],[106.8192862704451,-6.2136085143214359],[106.81937945999414,-6.2134828079851445],[106.81947264954323,-6.2133571007495334],[106.81956583909226,-6.2132313944132989],[106.8196498978246,-6.2130994791575631],[106.81973251494367,-6.2129665827415579],[106.81981513206273,-6.2128336863254958],[106.81989774828253,-6.2127007899094906],[106.81997739943751,-6.2125661964727215],[106.82005021304695,-6.2124276882871641],[106.8201230266564,-6.2122891810008696],[106.82019584026585,-6.2121506728152553],[106.82026865387536,-6.2120121655289608],[106.82034146748481,-6.2118736573433466],[106.82041428109426,-6.211735150057109],[106.82048703534844,-6.2115966112945102],[106.82055794779114,-6.211457117451971],[106.82062883595205,-6.2113176101195791],[106.82069972411301,-6.2111781036865068],[106.82077061137466,-6.2110385972534345],[106.82084149953562,-6.2108990899210426],[106.82091238679726,-6.2107595834879135],[106.82098327495822,-6.2106200770548412],[106.82105416221987,-6.2104805697224492],[106.82112505038083,-6.210341063289377],[106.82119547539094,-6.2102013311264841],[106.82126194248474,-6.2100596645218502],[106.82132840957848,-6.2099179988165361],[106.82139487667229,-6.2097763322119022],[106.82146134376609,-6.209634666506588],[106.82152498878725,-6.2094917462470676],[106.82158562287827,-6.2093474868969452],[106.82164625786857,-6.2092032284461993],[106.82170605109343,-6.2090586489374573],[106.82175718744429,-6.2089107671181409],[106.82180311851914,-6.2087613141832776],[106.82184196023832,-6.2086097280564445],[106.82188080105817,-6.2084581419296683],[106.82191499148371,-6.2083055062940389],[106.8219450378333,-6.2081519344641833],[106.82197508328352,-6.207998362634271],[106.82200512963311,-6.2078447908044154],[106.8220336120616,-6.2076909644663942],[106.82205352395101,-6.2075357540717278],[106.8220734349411,-6.2073805427777984],[106.82209217681259,-6.2072251983841511],[106.82210778005009,-6.2070694960603419],[106.82212338328759,-6.2069137937365326],[106.82213898742441,-6.2067580914127234],[106.82215463113135,-6.2066023926862499],[106.82217187023571,-6.206446864830923],[106.82218910934,-6.2062913360762764],[106.8222063484443,-6.2061358073216297],[106.82222358754859,-6.2059802794663028],[106.822240447139,-6.2058247129401138],[106.82225334611508,-6.2056687749939101],[106.82226624599053,-6.2055128370477632],[106.82227914586593,-6.2053568982022398],[106.82229188206475,-6.2052009458669204],[106.82230401032189,-6.2050449368742875],[106.82231613947829,-6.2048889287809743],[106.82232826773543,-6.204732920687718],[106.82233649473352,-6.2045766805692892],[106.8223422225156,-6.2044203028546576],[106.82234795029774,-6.2042639242406494],[106.8223536771805,-6.2041075456266981],[106.82235940496264,-6.2039511670126899],[106.82236513274472,-6.2037947892980583],[106.82237086052686,-6.2036384106840501],[106.8223848296962,-6.2034826031395482],[106.82240057322792,-6.2033269134062721],[106.82241631675964,-6.2031712236729959],[106.82243206029142,-6.2030155348390394],[106.82244973826488,-6.2028600690368876],[106.82246985609902,-6.2027048883198859],[106.82248997393322,-6.2025497076028842],[106.82251009176736,-6.2023945259865627],[106.82253020960155,-6.2022393452695042],[106.8225510289069,-6.2020842715718345],[106.8225787630995,-6.2019302653694126],[106.82260649639278,-6.2017762600663104],[106.82263423058532,-6.2016222538638885],[106.8226619638786,-6.2014682476614666],[106.82268969807114,-6.2013142414590448],[106.82271743136442,-6.2011602352566229],[106.8227464839631,-6.2010064853609492],[106.82277583603604,-6.2008527930219088],[106.82280481758835,-6.2006990215425617],[106.82283364715516,-6.2005452167882709],[106.82286247672198,-6.2003914111346603],[106.8228913062888,-6.2002376063803695],[106.82291906656172,-6.2000836163657596],[106.82294649048822,-6.1999295687945164],[106.82297391441466,-6.1997755212232732],[106.82300045250895,-6.1996213225659176],[106.82302456153434,-6.1994667129184222],[106.82304866966041,-6.1993121023716071],[106.82307277868586,-6.1991574918247352],[106.82309688771124,-6.1990028812779201],[106.82311464932167,-6.1988475188978214],[106.82312703388556,-6.1986915287909596],[106.82313941844944,-6.1985355386840979],[106.8231435715187,-6.1983792841765535],[106.82314197432271,-6.1982228228249596],[106.82314037712678,-6.1980663623726855],[106.82313778797857,-6.1979099073163297],[106.8231346385528,-6.1977534558572529],[106.82313148822766,-6.1975970052974958],[106.82312833880184,-6.197440553838419],[106.82312518937607,-6.197284102379399],[106.823121606477,-6.1971276626114786],[106.82311790666614,-6.196971226440894],[106.82311420685522,-6.1968147893709897],[106.8231105070443,-6.1966583523010854],[106.82310680723344,-6.1965019152311811],[106.82310310742253,-6.1963454790605397],[106.82309940761161,-6.1961890419906354],[106.82309570780075,-6.196032604920731],[106.82309317261189,-6.1958761444684569],[106.82309098905796,-6.1957196759222484],[106.82308772901553,-6.1955632370537046],[106.82308232049274,-6.1954068521444583],[106.82307849387746,-6.1952504195711526],[106.82307466816144,-6.1950939878971667],[106.82307084244547,-6.1949375562231808],[106.82306701672951,-6.1947811236498751],[106.82306319011417,-6.1946246919758892],[106.8230593643982,-6.1944682594025835],[106.82305553868224,-6.1943118277285976],[106.82305181548895,-6.1941553924573327],[106.82304904557708,-6.1939989356023375],[106.82304649599905,-6.1938424760493831],[106.82304394642102,-6.193686015597109],[106.82304139684305,-6.1935295560441546],[106.82303884816434,-6.1933730955918236],[106.82303583723416,-6.1932166576225995],[106.82303281011616,-6.1930602205526952],[106.82302978299816,-6.1929037834827909],[106.82302675588016,-6.1927473473122063],[106.82302372876211,-6.1925909102422452],[106.82302070164411,-6.1924344731723409],[106.82301796770508,-6.1922780271092392],[106.82301529941657,-6.1921215783481216],[106.82301263112811,-6.191965129587004],[106.82300981445144,-6.1918086817252629],[106.82300662185816,-6.1916522356621044],[106.82300342926493,-6.191495789598946],[106.82300023577233,-6.1913393426365246],[106.82299704317904,-6.1911828965733662],[106.82299385058582,-6.191026449610888]]},"properties":{"OBJECTID":9,"LINE_ID":"MRT_NS","GEOM_ID":"MRT_NS_UG_01","LINE_NAME":"Lin Utara–Selatan","MODE":"MRT","OPERATOR":"MRT Jakarta","STATUS":"Eksisting","STRUCTURE":"UNDERGROUND","COLOR":"#CA2047","SOURCE":"MRT Jakarta","SRC_URL":null,"REMARK":null,"Shape_Length":0.093883925759400286}}]}