{"type":"FeatureCollection","features":[{"type":"Feature","id":11,"geometry":{"type":"LineString","coordinates":[[106.79845790081151,-6.2330242495694392],[106.79845807348136,-6.2333035951847364],[106.79845824705052,-6.2335829408000336],[106.79845823805732,-6.2338622864153308],[106.79845815082308,-6.2341416311313083],[106.79845806358884,-6.2344209767466054],[106.79845797545528,-6.2347003214626397],[106.79845788822104,-6.2349796670779369],[106.7984578009868,-6.2352590117939144],[106.79845669032409,-6.2355383547112524],[106.79845556707085,-6.2358176976285904],[106.7984544438176,-6.2360970405459284],[106.79845332056436,-6.2363763825639467],[106.79845232951146,-6.2366557263806044],[106.79845216853283,-6.2369350719959016],[106.79845200845347,-6.2372144167119359],[106.79845184747484,-6.2374937623272331],[106.79845168649621,-6.2377731079425303],[106.79845086271717,-6.2380524508598683],[106.79844926552124,-6.2383317910792471],[106.79844766742599,-6.2386111303993061],[106.7984466206151,-6.2388904724173244],[106.79844630765103,-6.2391698162339821],[106.79844599378765,-6.2394491609499596],[106.79844568082359,-6.2397285047666173],[106.79844584000358,-6.2400078494825948],[106.79844669795682,-6.2402871932993094],[106.79844755591006,-6.2405665362166474],[106.79844841476262,-6.2408458800333051],[106.7984492727158,-6.2411252238499628],[106.79845013066904,-6.2414045676666206],[106.79845098862228,-6.2416839114832783],[106.79842715119213,-6.2419620340206166],[106.79837640694569,-6.2422363155534981],[106.79830785522341,-6.2425068163364585],[106.79823895276553,-6.242776991564881],[106.79817821705115,-6.2430488314383865],[106.79814086910591,-6.243324567174966],[106.7981306033447,-6.2436034424448508],[106.79812898186708,-6.2438827709730731],[106.79812665172363,-6.244162101299878],[106.79812432247957,-6.2444414307274201],[106.79812200402733,-6.244720761054225],[106.79811623757439,-6.2449999690732625],[106.79810457426674,-6.2452789693489308],[106.79808066758881,-6.2455566772987936],[106.79804496900016,-6.2458331855530105],[106.79800905817154,-6.2461095948818297],[106.79797314824225,-6.2463860042107058],[106.79793494953833,-6.246662413539525],[106.79789802157649,-6.2469392797239607],[106.79786076626141,-6.24721612162665],[106.79782351184565,-6.2474929644287158],[106.79778625653057,-6.247769806331462],[106.7977492575223,-6.2480466905022922],[106.79771222703772,-6.2483235710759004],[106.79767519655314,-6.248600450750132],[106.79763816606857,-6.2488773313237402],[106.79760186313553,-6.2491543018294919],[106.79756969978189,-6.2494317858481736],[106.79754249349133,-6.2497097887757036],[106.79752645048535,-6.2499886253747263],[106.79751310004957,-6.2502676508313471],[106.79749974871447,-6.2505466762880246],[106.79748639827869,-6.2508257008453825],[106.7974729839911,-6.251104723604044],[106.79745807592951,-6.2513836708196777],[106.79744316517002,-6.2516626171360485],[106.79742825441048,-6.2519415643516822],[106.79741334455025,-6.252220511567316],[106.79739843379076,-6.2524994578836299],[106.79738352303121,-6.2527784050992636],[106.79736861317105,-6.2530573523148973],[106.7973537024115,-6.2533362986312113],[106.79733541110039,-6.2536150354055167],[106.79731559723706,-6.2538936759523267],[106.7972957842731,-6.2541723164991367],[106.79727597040977,-6.2544509570460036],[106.79724937655755,-6.2547290238253481],[106.7972220155836,-6.2550070240548621],[106.79719465550903,-6.255285024284376],[106.79716729453509,-6.2555630245139469],[106.79713933641131,-6.2558409635895487],[106.7971094060743,-6.2561187003176997],[106.79707947663661,-6.2563964361465878],[106.79704954719892,-6.2566741719754191],[106.79702075990019,-6.2569520283134352],[106.79699262011337,-6.2572299529998645],[106.79696541382287,-6.2575079685178707],[106.79693905559299,-6.2577860667735195],[106.79691373248284,-6.2580642612566066],[106.79688846153334,-6.2583424620349319],[106.79686319058385,-6.2586206619139944],[106.79683791963436,-6.2588988617929999],[106.79681264778554,-6.2591770616720055],[106.79678737683605,-6.2594552624503308],[106.79676210588656,-6.2597334623293932],[106.79673683493706,-6.2600116622083988],[106.79671092367028,-6.2602898027321885],[106.79668420211431,-6.2605678668135738],[106.79665748145766,-6.2608459308949591],[106.79663075990169,-6.2611239949763444],[106.79661489136419,-6.261402760528938],[106.79661361702489,-6.2616819811384516],[106.79664084579844,-6.2619597565374647],[106.79669866860871,-6.2622325523903442],[106.79677560471043,-6.2625010279000435],[106.79685635034036,-6.2627684476057084],[106.79693709686961,-6.2630358673113733],[106.79701899992699,-6.2633029308855157],[106.79710252086471,-6.2635694980338599],[106.79718604270175,-6.263836065182204],[106.79726157496179,-6.264104912111975],[106.79732613549282,-6.2643764767929042],[106.79735899582107,-6.2646535938882266],[106.79736806368527,-6.26493272456554],[106.79737369613923,-6.265212011724941],[106.79737741573518,-6.2654913276625734],[106.79737086507345,-6.2657705896409652],[106.79735879527226,-6.2660496465738902],[106.79734393847207,-6.2663285955881634],[106.79732908257114,-6.2666075455017562],[106.79731554237844,-6.2668865610659168],[106.79730253818167,-6.2671656036096692],[106.79729040272997,-6.2674446695358483],[106.79729266542421,-6.2677239656884467],[106.79730159299419,-6.26800316471423],[106.79731158626078,-6.2682823034854778],[106.79733348475258,-6.2685607884495766],[106.79735538324439,-6.2688392734136755],[106.7973772817362,-6.2691177592770941],[106.79739917932875,-6.2693962442412499],[106.79742111109545,-6.2696747265073896],[106.79744460768256,-6.2699530819691063],[106.79746661858962,-6.2702315552420487],[106.79748552593634,-6.2705102596407301],[106.79750443328305,-6.2707889649387312],[106.79752334062971,-6.2710676702367323],[106.79754224797642,-6.2713463746354137],[106.79756115532314,-6.2716250799334716],[106.79757941066134,-6.2719038257009743],[106.79759577832255,-6.2721826910782852],[106.79761214508449,-6.2724615564555961],[106.79762851274575,-6.2727404218329639],[106.79764215546118,-6.2730194257059111],[106.79765340418135,-6.2732985419940519],[106.79766326075094,-6.2735777113422841],[106.79767311642127,-6.2738568797911398],[106.79768313396954,-6.2741360437433968],[106.79769375046629,-6.2744151861119235],[106.79770436606373,-6.2746943284804502],[106.79771333680111,-6.2749735167143967],[106.79771841797066,-6.275252816464274],[106.79772349824088,-6.2755321153148316],[106.79772857851117,-6.2758114150647089],[106.79773365968072,-6.2760907139152664],[106.79773831007503,-6.2763700136651437],[106.79772880064371,-6.2766490580075924],[106.79769423430156,-6.2769261247408394],[106.79764335875404,-6.2772007165397667],[106.79757575671584,-6.2774716579905885],[106.79750172902163,-6.2777410004467811],[106.79742446466736,-6.2780094480775119],[106.79734720031308,-6.2782778957082996],[106.79727096388393,-6.2785466356186816],[106.79719522208188,-6.2788155167226591],[106.79712059993579,-6.2790847107906984],[106.79704114573235,-6.2793524785340082],[106.79694160786897,-6.2796132180754967],[106.79682638313113,-6.2798676893423249],[106.79671100730718,-6.2801220949586423],[106.79659592376294,-6.2803766309767184],[106.79649585799751,-6.2806372050429218],[106.79640971553602,-6.2809028863590584],[106.79633080542237,-6.281170840262007],[106.79625492422542,-6.2814396817958595],[106.79617904392779,-6.281708524228975],[106.79611461199983,-6.2819801689495876],[106.79607483138841,-6.2822562464285738],[106.79605409122337,-6.282534772761494],[106.79603792590962,-6.2828136498300182],[106.79602175969649,-6.2830925268985425],[106.79600559438273,-6.2833714039670667],[106.79598942816966,-6.2836502819349107],[106.79597326195653,-6.283929159003435],[106.79595549764815,-6.2842079254553482],[106.79593315579058,-6.2844863744466011],[106.7959104164326,-6.284764784766935],[106.79587736544812,-6.285042157269686],[106.79584370832055,-6.285319467719205],[106.79580887577907,-6.2855966306798905],[106.79577301801044,-6.2858736650375704],[106.79573132094379,-6.286149816260945],[106.79568389789364,-6.2864251068331782],[106.79563271837532,-6.2866996680551779],[106.79557381907654,-6.2869727337046584],[106.79551492067714,-6.287245799354082],[106.79545794322956,-6.2875192625039062],[106.79540940322147,-6.287794258997792],[106.79538268706142,-6.2880722151605823],[106.7953494031525,-6.2883494356778442],[106.79535718408681,-6.2886285123958601],[106.79536491375984,-6.2889077159182989],[106.79536325091334,-6.2891870561376777],[106.79535277471086,-6.2894660591113052],[106.79533291947871,-6.2897446933628771],[106.79530479857766,-6.2900226117540683],[106.7952761156003,-6.2903004815819372],[106.795247432623,-6.2905783505104296],[106.79521856168731,-6.2908561978551916],[106.79517771448002,-6.2911322708375792],[106.79509627097616,-6.2913989000391553],[106.79497736081663,-6.2916511859534126],[106.7948152616151,-6.2918777467605764],[106.79461901155821,-6.292075428538169],[106.79438928064087,-6.2922339520351898],[106.79413793271948,-6.2923540555951263],[106.79387030077385,-6.292432288519251],[106.79359284193617,-6.2924623996199784],[106.79331351430727,-6.2924592834690998],[106.79303418577911,-6.2924561682175408],[106.79275485815026,-6.2924530520666622],[106.79247552962204,-6.292449937714423],[106.79219618760402,-6.2924487209317022],[106.79191684378736,-6.2924475949805014],[106.79163750087002,-6.292446468129981],[106.79135815705337,-6.2924453421787234],[106.79107881413603,-6.292444215328203],[106.79079947121869,-6.2924430893770023],[106.79052012830135,-6.292441899573987],[106.79024079077993,-6.2924398086502151],[106.78996145325851,-6.2924377168271235],[106.78968211573709,-6.2924356259033516],[106.78940277821573,-6.2924335349796365],[106.78912344159363,-6.2924314440558646],[106.78884410407221,-6.2924293531320927],[106.78856476655079,-6.2924272622083208],[106.78828542902937,-6.2924251712846058],[106.78800609150795,-6.2924230803608339],[106.78772675398659,-6.292420989437062],[106.78744741646517,-6.2924188985132901],[106.78716813380237,-6.2924131581406755],[106.78688885743486,-6.2924069771002564],[106.78660958106735,-6.2924007960598374],[106.7863318443392,-6.2923746383788171],[106.78605534867546,-6.2923355430507968],[106.78578205549752,-6.2922777166432411],[106.78551018504709,-6.2922142856606911],[106.78524242180038,-6.2921346821697739],[106.78497465945304,-6.2920550795782333],[106.78470850869076,-6.2919702834018381],[106.7844427275499,-6.2918842911270758],[106.78417694730831,-6.2917982997516901],[106.78390988013695,-6.2917164776333152],[106.78364186508009,-6.2916377266996619],[106.7833738491239,-6.2915589748667458],[106.78310552739822,-6.291481285133159],[106.78283687652072,-6.2914047303439702],[106.78256822654248,-6.2913281755548383],[106.78230052444968,-6.2912484272730467],[106.78203366682033,-6.2911658389322724],[106.78176680919097,-6.2910832505914982],[106.78150107211684,-6.2909971665858961],[106.78123594298444,-6.2909091913060706],[106.78097281754157,-6.2908155889682007],[106.78071152311838,-6.2907168362129937],[106.78045945214205,-6.2905972704476198],[106.78021074642885,-6.2904700739347277],[106.77996763719676,-6.2903328976450439],[106.77972937531047,-6.2901870851658259],[106.77949238686421,-6.2900392285275188],[106.77925688229936,-6.2898889940817639],[106.77902002155679,-6.289740912612956],[106.77878523824819,-6.2895896691279063],[106.77855246852164,-6.2894360172583674],[106.77829736143417,-6.2893222044561412],[106.77803113782682,-6.2892389704020957],[106.77775931504044,-6.2891754377961888],[106.77748175727731,-6.289145890570353],[106.77720254835896,-6.2891463923920696],[106.77692390961079,-6.2891658492245028],[106.77664781774263,-6.2892083457884951],[106.77637172587453,-6.2892508423524305],[106.77609474637552,-6.2892869141597316],[106.77581560940291,-6.2892912273082402],[106.77553631145167,-6.2892860643003701],[106.77525701350044,-6.2892809012924999],[106.7749777155492,-6.2892757382846298],[106.77469841759796,-6.289270590565252],[106.77441911964672,-6.2892654446445135],[106.77413982169548,-6.2892602996230949],[106.77386052374425,-6.2892551537023564],[106.77358122579301,-6.2892500086808809],[106.77330192694245,-6.2892448627601425],[106.77302263888373,-6.2892392401987536],[106.77274335082507,-6.2892335528861167],[106.77246406276635,-6.2892278646741602],[106.772184879029,-6.2892300877982734],[106.77190649029234,-6.2892504529460211],[106.77162946672655,-6.2892862603525828],[106.77135139994721,-6.2893057000979411],[106.7705653996735,-6.2893150998119722],[106.76987220044174,-6.2893217997611828],[106.76954430042917,-6.2893637000746594],[106.76927600028722,-6.2894297004202713],[106.76913099989576,-6.289462200120397],[106.76890589958765,-6.2895265996727971],[106.76858020021615,-6.2896557000504458],[106.76754859958828,-6.2901915997624656],[106.76702959993617,-6.2905713996503323]]},"properties":{"OBJECTID":11,"LINE_ID":"MRT_NS","GEOM_ID":"MRT_NS_EL_01","LINE_NAME":"Lin Utara–Selatan","MODE":"MRT","OPERATOR":"MRT Jakarta","STATUS":"Eksisting","STRUCTURE":"ELEVATED","COLOR":"#CA2047","SOURCE":"MRT Jakarta","SRC_URL":"https://jakartamrt.co.id/id/daftar-stasiun","REMARK":"Segmen layang MRT Jakarta Fase 1.","Shape_Length":0.088408694849690148,"RELATION":"Lebak Bulus - Bundaran HI"}},{"type":"Feature","id":12,"geometry":{"type":"LineString","coordinates":[[106.80067985039483,-6.2281052493577249],[106.80067225382152,-6.2281117892276256],[106.80066465814753,-6.2281183290975832],[106.80065706157421,-6.2281248680681642],[106.80064946590016,-6.228131407938065],[106.80064186932685,-6.2281379478080225],[106.80063427365286,-6.2281444867786036],[106.80062667797887,-6.2281510266485043],[106.80061908140556,-6.228157566518405],[106.80061148573157,-6.2281641054890429],[106.8006038891582,-6.2281706453589436],[106.8005962934842,-6.2281771852288443],[106.80058869691089,-6.2281837241994822],[106.8005811012369,-6.2281902640693829],[106.80057350556291,-6.2281968039392837],[106.80056590898954,-6.2282033429099215],[106.80055831331555,-6.2282098827798222],[106.80055071674224,-6.228216422649723],[106.80054312106824,-6.2282229616203608],[106.80053552449493,-6.2282295014902616],[106.80052792882094,-6.2282360404608426],[106.80052033314689,-6.2282425803307433],[106.80051273657358,-6.2282491202007009],[106.80050514089959,-6.2282556591712819],[106.80049754432628,-6.2282621990411826],[106.80048994865228,-6.2282687389111402],[106.80048235297829,-6.2282752778817212],[106.80047475640492,-6.2282818177516219],[106.80046716073093,-6.2282883576215795],[106.80045956415762,-6.2282948965921605],[106.80045196848363,-6.2283014364620612],[106.80044437191032,-6.2283079763320188],[106.80043677623627,-6.2283145153025998],[106.80042918056228,-6.2283210551725006],[106.80042158398896,-6.2283275950424581],[106.80041398831497,-6.2283341340130391],[106.80040639174166,-6.2283406738829399],[106.80039879606767,-6.2283472137528406],[106.8003911994943,-6.2283537527234785],[106.80038360382031,-6.2283602925933792],[106.80037600814632,-6.2283668315639602],[106.800368411573,-6.2283733714339178],[106.80036081589901,-6.2283799113038185],[106.8003532193257,-6.2283864502743995],[106.80034562365165,-6.2283929901443571],[106.80033802707834,-6.2283995300142578],[106.80033043140435,-6.2284060689848388],[106.80032283573036,-6.2284126088547396],[106.80031523915704,-6.2284191487246972],[106.80030764348299,-6.2284256876952782],[106.80030004690968,-6.2284322275651789],[106.80029245123569,-6.2284387674351365],[106.8002848555617,-6.2284453064057175],[106.80027725898839,-6.2284518462756182],[106.8002696633144,-6.2284583861455758],[106.80026206674103,-6.2284649251161568],[106.80025447106703,-6.2284714649860575],[106.80024687449372,-6.2284780048560151],[106.80023927881973,-6.2284845438265961],[106.80023168314574,-6.2284910836964968],[106.80022408657237,-6.2284976226670778],[106.80021649089838,-6.2285041625370354],[106.80020889432507,-6.2285107024069362],[106.80020129865107,-6.2285172413775172],[106.80019370207776,-6.2285237812474747],[106.80018610640377,-6.2285303211173755],[106.80017851072972,-6.2285368600879565],[106.80017091415641,-6.2285433999579141],[106.80016331848242,-6.2285499398278148],[106.80015572190911,-6.2285564787983958],[106.80014812623511,-6.2285630186683534],[106.8001405296618,-6.2285695585382541],[106.80013293398775,-6.2285760975088351],[106.80012533831376,-6.2285826373787927],[106.80011774174045,-6.2285891772486934],[106.80011014606646,-6.2285957162192744],[106.80010254949315,-6.2286022560891752],[106.8000949538191,-6.228608795059813],[106.80008735814511,-6.2286153349297138],[106.80007976157179,-6.2286218747996145],[106.8000721658978,-6.2286284137702523],[106.80006456932449,-6.2286349536401531],[106.8000569736505,-6.2286414935100538],[106.80004937707713,-6.2286480324806917],[106.80004178140314,-6.2286545723505924],[106.80003418572915,-6.2286611122204931],[106.80002658915583,-6.228667651191131],[106.80001899348184,-6.2286741910610317],[106.80001139690847,-6.2286807309309324],[106.80000380123448,-6.2286872699015134],[106.79999620466117,-6.228693809771471],[106.79998860898718,-6.2287003496413718],[106.79998101331319,-6.2287068886119528],[106.79997341673987,-6.2287134284819103],[106.79996582106583,-6.2287199683518111],[106.79995822449251,-6.2287265073223921],[106.79995067198598,-6.2287330957557288],[106.79994325347843,-6.2287398325771619],[106.79993591141323,-6.2287466566328362],[106.79992856934808,-6.2287534806885105],[106.79992122728288,-6.2287603047442417],[106.79991388431836,-6.228767128799916],[106.79990654225321,-6.2287739519562706],[106.79989920018801,-6.2287807760119449],[106.79989185812281,-6.2287876000676192],[106.7998845160576,-6.2287944241233504],[106.79987717399246,-6.2288012481790247],[106.79986983192725,-6.228808072234699],[106.79986248986205,-6.2288148953910536],[106.7998551477969,-6.2288217194467279],[106.7998478057317,-6.2288285435024591],[106.7998404636665,-6.2288353675581334],[106.79983312160135,-6.2288421916138077],[106.79982577953615,-6.2288490147701623],[106.79981843747095,-6.2288558388258366],[106.7998110954058,-6.2288626628815678],[106.7998037533406,-6.2288694869372421],[106.79979641127539,-6.2288763109929164],[106.79978906921025,-6.2288831350485907],[106.79978172714505,-6.2288899582049453],[106.79977438507984,-6.2288967822606196],[106.7997670430147,-6.2289036063163508],[106.79975970094949,-6.2289104303720251],[106.79975235888429,-6.2289172544276994],[106.79974501681914,-6.2289240784833737],[106.79973767475394,-6.2289309016397283],[106.79973033268874,-6.2289377256954594],[106.79972358597479,-6.2289451253172388],[106.79971703441367,-6.228952710199394],[106.79971048375188,-6.2289602959808121],[106.79970393219077,-6.2289678808629674],[106.79969738152897,-6.2289754666444423],[106.79969082996791,-6.2289830515265407],[106.79968427930612,-6.2289906373080157],[106.79967772774501,-6.228998222190171],[106.79967117708321,-6.2290058079715891],[106.7996646255221,-6.2290133928537443],[106.7996580748603,-6.2290209786352193],[106.79965152329925,-6.2290285635173177],[106.79964497263745,-6.2290361492987927],[106.79963842107634,-6.2290437341809479],[106.79963187041454,-6.2290513199624229],[106.79962531885343,-6.2290589048445213],[106.79961876819164,-6.2290664906259963],[106.79961221663058,-6.2290740755081515],[106.79960566596878,-6.2290816612895696],[106.79959911440767,-6.2290892461717249],[106.79959256374588,-6.2290968319531999],[106.79958601218476,-6.2291044168352983],[106.79957946152297,-6.2291120026167732],[106.79957290996191,-6.2291195874989285],[106.79956635930012,-6.2291271732804034],[106.7995600820322,-6.2291349695032068],[106.79955409704399,-6.2291430004490849],[106.79954822896764,-6.229151125823762],[106.79954235999196,-6.2291592511984391],[106.79953649101628,-6.2291673765731161],[106.79953062293998,-6.2291755019477932],[106.79952475396431,-6.2291836273224703],[106.79951888498863,-6.2291917526972043],[106.79951301691227,-6.2291998771725616],[106.79950714793659,-6.2292080025472387],[106.79950127896092,-6.2292161279219158],[106.79949541088456,-6.2292242532965929],[106.79948954190888,-6.22923237867127],[106.79948367293321,-6.2292405040460039],[106.79947780485685,-6.229248629420681],[106.79947193588117,-6.2292567547953581],[106.79946606690555,-6.2292648792707155],[106.79946019882919,-6.2292730046453926],[106.79945432985352,-6.2292811300200697],[106.79944846087784,-6.2292892553947468],[106.79944259280148,-6.2292973807694807],[106.79943672382581,-6.2293055061441578],[106.79943085485013,-6.2293136315188349],[106.79942498677377,-6.229321756893512],[106.7994191177981,-6.2293298813688693],[106.79941324882242,-6.2293380067435464],[106.79940738074606,-6.2293461321182804],[106.79940151177038,-6.2293542574929575],[106.79939564279476,-6.2293623828676346],[106.79938977471841,-6.2293705082423116],[106.79938400826541,-6.2293787037640982],[106.79937846484432,-6.2293870494727344],[106.79937307161003,-6.2293954977039903],[106.79936767927506,-6.229403945935303],[106.79936228604072,-6.2294123941666157],[106.79935689280643,-6.2294208423979285],[106.79935149957208,-6.2294292906291844],[106.79934610633779,-6.2294377379611774],[106.7993407131035,-6.2294461861924901],[106.79933531986916,-6.2294546344238029],[106.79932992753419,-6.2294630826551156],[106.7993245342999,-6.2294715308863715],[106.79931914106555,-6.2294799791176843],[106.79931374783126,-6.229488427348997],[106.79930835459697,-6.2294968755803097],[106.79930296136263,-6.2295053229123027],[106.79929756812834,-6.2295137711435586],[106.79929217489399,-6.2295222193748714],[106.79928678255902,-6.2295306676061841],[106.79928138932473,-6.2295391158374969],[106.79927599609039,-6.2295475640687528],[106.7992706028561,-6.2295560123000655],[106.79926520962181,-6.2295644605313782],[106.79925981638746,-6.2295729078633713],[106.79925442315317,-6.229581356094684],[106.7992490308182,-6.2295898043259399],[106.79924363758386,-6.2295982525572526],[106.79923824434957,-6.2296067007885654],[106.79923285111522,-6.2296151490198781],[106.79922745788093,-6.2296235972511909],[106.79922206464664,-6.2296320454824468],[106.7992166714123,-6.2296404928144398],[106.79921127817801,-6.2296489410457525],[106.79920588584304,-6.2296573892770652],[106.79920049260869,-6.2296658375083211],[106.7991950993744,-6.2296742857396339],[106.79918970614011,-6.2296827339709466],[106.79918431290577,-6.2296911822022594],[106.79917891967148,-6.2296996304335721],[106.79917352643713,-6.2297080777655083],[106.79916813410216,-6.229716525996821],[106.79916274086787,-6.2297249742281338],[106.79915752749798,-6.2297335267807625],[106.79915239057044,-6.2297421234002286],[106.79914756930492,-6.2297509097766124],[106.79914278311298,-6.2297597168374068],[106.79913799602178,-6.2297685238982012],[106.79913320982985,-6.2297773309589957],[106.79912842273859,-6.2297861371204704],[106.79912363564733,-6.2297949441812648],[106.7991188494554,-6.2298037512420592],[106.79911406236414,-6.2298125583028536],[106.7991092761722,-6.2298213653636481],[106.79910448908095,-6.2298301715251228],[106.79909970288901,-6.229838978585974],[106.79909491579781,-6.2298477856467684],[106.79909012960587,-6.2298565927075629],[106.79908534251462,-6.2298653997683573],[106.79908055632268,-6.229874205929832],[106.79907576923142,-6.2298830129906264],[106.79907098303948,-6.2298918200514208],[106.79906619594823,-6.2299006271122153],[106.79906140975629,-6.2299094341730097],[106.79905662266509,-6.2299182403344844],[106.79905183647315,-6.2299270473952788],[106.7990470493819,-6.2299358544560732],[106.79904226318996,-6.2299446615168677],[106.7990374760987,-6.2299534685776621],[106.79903268990677,-6.2299622747391368],[106.79902790281551,-6.2299710817999312],[106.79902311662357,-6.2299798888607256],[106.79901832953232,-6.22998869592152],[106.79901354244112,-6.2299975029823145],[106.79900875624918,-6.2300063091437892],[106.79900396915792,-6.2300151162045836],[106.79899918296599,-6.230023923265378],[106.79899474211373,-6.2300328984994167],[106.79899078239873,-6.2300421066578338],[106.79898682358311,-6.2300513148162509],[106.79898286386816,-6.2300605238740445],[106.79897890415316,-6.2300697320324616],[106.79897494533753,-6.2300789401908787],[106.79897098562253,-6.2300881483492958],[106.79896702680691,-6.2300973574070895],[106.79896306709196,-6.2301065655655066],[106.79895910827628,-6.2301157737239237],[106.79895514856133,-6.2301249818823408],[106.79895118884633,-6.2301341909401344],[106.79894723003071,-6.2301433990985515],[106.79894327031576,-6.2301526072569686],[106.79893931150008,-6.2301618154153857],[106.79893535178513,-6.2301710244731794],[106.79893139207013,-6.2301802326315965],[106.79892743325451,-6.2301894407900136],[106.79892347353956,-6.2301986489484307],[106.79891951472388,-6.2302078580061675],[106.79891555500893,-6.2302170661646414],[106.79891159619325,-6.2302262743230585],[106.7989076364783,-6.2302354824814756],[106.79890367676336,-6.2302446906398927],[106.79889971794768,-6.2302538996976864],[106.79889575823273,-6.2302631078561035],[106.79889179941705,-6.2302723160145206],[106.7988878397021,-6.2302815241729377],[106.79888388088648,-6.2302907332307313],[106.79887992117148,-6.2302999413891484],[106.79887596145653,-6.2303091495475655],[106.79887200264085,-6.2303183577059826],[106.7988680429259,-6.2303275667637763],[106.79886408411028,-6.2303367749221934],[106.79886012439528,-6.2303459830806105],[106.79885616557965,-6.2303551912390276],[106.79885220586465,-6.2303644002967644],[106.7988482461497,-6.2303736084552384],[106.79884428733408,-6.2303828166136555],[106.79884032761908,-6.2303920247720725],[106.79883636880345,-6.2304012338298094],[106.79883240908845,-6.2304104419882833],[106.79882845027282,-6.2304196501467004],[106.7988256021199,-6.2304280138417312],[106.79882275486631,-6.2304363775367619],[106.79881990761271,-6.230444740332473],[106.79881706035911,-6.2304531040275037],[106.79881421310552,-6.2304614677225345],[106.79881136585192,-6.2304698314175653],[106.79880851859832,-6.2304781942132195],[106.79880567134472,-6.2304865579082502],[106.79880282319181,-6.230494921603281],[106.79879997593821,-6.2305032852983118],[106.79879712868461,-6.2305116489933425],[106.79879428143101,-6.2305200117890536],[106.79879143417742,-6.2305283754840843],[106.79878858692382,-6.2305367391791151],[106.79878573967022,-6.2305451028741459],[106.79878289241663,-6.2305534656698569],[106.79878004426371,-6.2305618293648877],[106.79877719701011,-6.2305701930599184],[106.79877434975651,-6.2305785567549492],[106.79877150250292,-6.23058692044998],[106.79876865524932,-6.230595283245691],[106.79876580799572,-6.2306036469407218],[106.79876296074212,-6.2306120106357525],[106.79876011348853,-6.2306203743307833],[106.79875726623493,-6.2306287380258141],[106.79875441808201,-6.2306371008215251],[106.79875157082841,-6.230645464516499],[106.79874872357482,-6.2306538282115298],[106.79874587632122,-6.2306621919065606],[106.79874302906762,-6.2306705547022716],[106.79874018181403,-6.2306789183973024],[106.79873733456043,-6.2306872820923331],[106.79873448730683,-6.2306956457873639],[106.79873163915386,-6.2307040094823947],[106.79872879190026,-6.2307123722781057],[106.79872594464666,-6.2307207359731365],[106.79872309739307,-6.2307290996681672],[106.79872025013947,-6.230737463363198],[106.79871740288587,-6.230745826158909],[106.79871455563227,-6.2307541898539398],[106.79871170837868,-6.2307625535489706],[106.79870886112508,-6.2307709172440013],[106.79870601297216,-6.2307792809390321],[106.79870316571856,-6.2307876437347431],[106.79870031846497,-6.2307960074297739],[106.79869747121137,-6.2308043711248047],[106.79869462395777,-6.2308127348198354],[106.79869177670417,-6.2308210976154896],[106.79868892945058,-6.2308294613105204],[106.79868608219698,-6.2308378250055512],[106.79868323404406,-6.2308461887005819],[106.79868038679047,-6.2308545523956127],[106.79867816186771,-6.2308630995523799],[106.79867599540091,-6.2308716646955418],[106.79867382893411,-6.2308802298387036],[106.79867166246731,-6.2308887949818654],[106.79866949600051,-6.2308973601250273],[106.79866732863439,-6.2309059252681891],[106.79866516216754,-6.2309144904113509],[106.79866299570074,-6.2309230555545128],[106.79866082923394,-6.2309316206976746],[106.79865866276714,-6.2309401858408364],[106.79865649630034,-6.2309487509839983],[106.79865432983354,-6.2309573152278404],[106.79865216246736,-6.230965880371059],[106.79864999600056,-6.2309744455142209],[106.79864782953376,-6.2309830106573827],[106.79864566306696,-6.2309915758005445],[106.79864349660016,-6.2310001409437064],[106.79864133013336,-6.2310087060868682],[106.79863916366651,-6.23101727123003],[106.79863699630039,-6.2310258363731919],[106.79863482983359,-6.2310344015163537],[106.79863266336679,-6.2310429666595155],[106.79863049689999,-6.2310515309033576],[106.79862833043319,-6.2310600960465763],[106.79862616396633,-6.2310686611897381],[106.79862399749953,-6.2310772263329],[106.79862183013341,-6.2310857914760618],[106.79861966366661,-6.2310943566192236],[106.79861749719981,-6.2311029217623854],[106.79861533073301,-6.2311114869055473],[106.79861316426616,-6.2311200520487091],[106.79861099779936,-6.2311286171918709],[106.79860883133256,-6.2311371823350328],[106.79860666396644,-6.2311457465788749],[106.79860449749964,-6.2311543117220367],[106.79860233103284,-6.2311628768652554],[106.79860016456598,-6.2311714420084172],[106.79859799809918,-6.231180007151579],[106.79859583163238,-6.2311885722947409],[106.79859366516558,-6.2311971374379027],[106.79859149779946,-6.2312057025810645],[106.79858933133261,-6.2312142677242264],[106.79858716486581,-6.2312228328673882],[106.79858499839901,-6.23123139801055],[106.79858283193221,-6.2312399622543921],[106.79858066546541,-6.231248527397554],[106.79857849899861,-6.2312570925407158],[106.79857633163243,-6.2312656576839345],[106.79857416516563,-6.2312742228270963],[106.79857199869883,-6.2312827879702581],[106.79856984482257,-6.2312913558113792],[106.79856815769438,-6.2313000216786349],[106.79856669899402,-6.2313087352098933],[106.79856524119299,-6.2313174496405281],[106.79856378339196,-6.2313261631718433],[106.79856232559092,-6.2313348767031584],[106.79856086778989,-6.2313435911337933],[106.79855940908953,-6.2313523046651085],[106.7985579512885,-6.2313610181963668],[106.79855649348747,-6.2313697317276819],[106.79855503568643,-6.2313784461583168],[106.79855357698602,-6.231387159689632],[106.79855211918499,-6.2313958732209471],[106.79855066138396,-6.2314045867522054],[106.79854920358292,-6.2314133011828403],[106.79854774578189,-6.2314220147141555],[106.79854628708154,-6.2314307282454706],[106.7985448292805,-6.2314394426761055],[106.79854337147947,-6.2314481562074207],[106.79854191367843,-6.231456869738679],[106.79854045497808,-6.2314655832699941],[106.79853899717705,-6.231474297700629],[106.79853753937601,-6.2314830112319441],[106.79853608157498,-6.2314917247632593],[106.79853462377395,-6.2315004382945176],[106.79853316507359,-6.2315091527251525],[106.79853170727256,-6.2315178662564676],[106.79853024947147,-6.2315265797877828],[106.79852879167044,-6.2315352942184177],[106.7985273338694,-6.2315440077497328],[106.79852587516905,-6.2315527212809911],[106.79852441736801,-6.2315614348123063],[106.79852295956698,-6.2315701492429412],[106.79852150176595,-6.2315788627742563],[106.79852004306559,-6.2315875763055715],[106.79851858526456,-6.2315962898368866],[106.79851712746353,-6.2316050042674647],[106.79851566966249,-6.2316137177987798],[106.79851421186146,-6.231622431330095],[106.79851275316111,-6.2316311448614101],[106.79851129536007,-6.231639859292045],[106.79850983755904,-6.2316485728233033],[106.798508379758,-6.2316572863546185],[106.79850692105759,-6.2316660007852533],[106.79850546325656,-6.2316747143165685],[106.79850400545553,-6.2316834278478836],[106.79850254765449,-6.2316921413791988],[106.79850108985346,-6.2317008558097768],[106.79849963115311,-6.231709569341092],[106.79849817335207,-6.2317182828724071],[106.79849671555104,-6.2317269964037223],[106.79849525775001,-6.2317357108343572],[106.79849379904965,-6.2317444243656723],[106.79849234124862,-6.2317531378969306],[106.7984911244659,-6.2317618793072143],[106.79849051202757,-6.2317706926633036],[106.79848991667637,-6.2317795069186559],[106.79848932042586,-6.2317883220733847],[106.79848872507466,-6.231797136328737],[106.79848812882415,-6.231805951483409],[106.79848753347295,-6.2318147666381378],[106.79848693722244,-6.2318235808934901],[106.79848634097192,-6.2318323960482189],[106.79848574562072,-6.2318412103035712],[106.79848514937021,-6.2318500254582432],[106.79848455401901,-6.2318588397136523],[106.7984839577685,-6.2318676548683243],[106.7984833624173,-6.2318764691236765],[106.79848276616679,-6.2318852842784054],[106.79848217081559,-6.2318940985337576],[106.79848157456507,-6.2319029136884865],[106.79848097831456,-6.2319117288431585],[106.79848038296336,-6.2319205430985107],[106.79847978671285,-6.2319293582532396],[106.79847919136165,-6.2319381725085918],[106.79847859511113,-6.2319469876633207],[106.79847799975994,-6.2319558019186729],[106.79847740350942,-6.2319646170733449],[106.79847680815823,-6.231973431328754],[106.79847621190771,-6.231982246483426],[106.79847561655652,-6.2319910616381549],[106.798475020306,-6.2319998758935071],[106.79847442405548,-6.2320086910481791],[106.79847382870429,-6.2320175053035882],[106.79847323245377,-6.2320263204582602],[106.79847263710258,-6.2320351347136693],[106.79847204085206,-6.2320439498683413],[106.79847144550087,-6.2320527641236936],[106.79847084925035,-6.2320615792784224],[106.79847025389915,-6.2320703935337747],[106.79846965764864,-6.2320792086885035],[106.79846906139812,-6.2320880238431755],[106.79846846604693,-6.2320968380985278],[106.79846786979641,-6.2321056532532566],[106.79846727444522,-6.2321144675086089],[106.7984666781947,-6.2321232826633377],[106.7984660828435,-6.23213209691869],[106.79846548659299,-6.232140912073362],[106.79846489124179,-6.2321497263287711],[106.79846429499128,-6.2321585414834431],[106.79846369874076,-6.2321673557388522],[106.79846310338957,-6.2321761708935242],[106.79846250713905,-6.2321849860481962],[106.79846191178785,-6.2321938003036053],[106.79846134341631,-6.232202616357597],[106.7984612130146,-6.232211447700081],[106.79846117704176,-6.2322202826399007],[106.79846114106886,-6.2322291175796636],[106.79846110509601,-6.2322379516201067],[106.79846106912311,-6.2322467865599265],[106.7984610331502,-6.2322556214996894],[106.79846099717736,-6.2322644564394523],[106.79846096120446,-6.232273291379272],[106.79846092523155,-6.2322821263190349],[106.79846088835939,-6.2322909612587978],[106.79846085238648,-6.2322997952992409],[106.79846081641358,-6.2323086302390607],[106.79846078044073,-6.2323174651788236],[106.79846074446783,-6.2323263001185865],[106.79846070849499,-6.2323351350584062],[106.79846067252208,-6.2323439699981691],[106.79846063654918,-6.2323528040386122],[106.79846060057633,-6.232361638978432],[106.79846056460343,-6.2323704739181949],[106.79846052863053,-6.2323793088579578],[106.79846049265768,-6.2323881437977775],[106.79846045668478,-6.2323969787375404],[106.79846042071193,-6.2324058136773033],[106.79846038473903,-6.2324146477177464],[106.79846034876613,-6.2324234826575662],[106.79846031279328,-6.2324323175973291],[106.79846027682038,-6.232441152537092],[106.79846024084748,-6.2324499874769117],[106.79846020487463,-6.2324588224166746],[106.79846016890173,-6.2324676573564375],[106.79846013292882,-6.2324764913969375],[106.79846009695598,-6.2324853263367004],[106.79846006098307,-6.2324941612764633],[106.79846002501023,-6.232502996216283],[106.79845998903733,-6.2325118311560459],[106.79845995306442,-6.2325206660958088],[106.79845991709158,-6.2325295010355717],[106.79845988021935,-6.2325383350760717],[106.79845984424645,-6.2325471700158346],[106.79845980827361,-6.2325560049555975],[106.7984597723007,-6.2325648398954172],[106.79845973632786,-6.2325736748351801],[106.79845970035495,-6.232582509774943],[106.79845966438205,-6.2325913447147627],[106.7984596284092,-6.2326001787552059],[106.7984595924363,-6.2326090136949688],[106.7984595564634,-6.2326178486347317],[106.79845952049055,-6.2326266835745514],[106.79845948451765,-6.2326355185143143],[106.79845944854475,-6.2326443534540772],[106.7984594125719,-6.2326531883938969],[106.798459376599,-6.2326620224343401],[106.79845934062615,-6.232670857374103],[106.79845930465325,-6.2326796923139227],[106.79845926868035,-6.2326885272536856],[106.7984592327075,-6.2326973621934485],[106.7984591967346,-6.2327061971332682],[106.79845916076169,-6.2327150320730311],[106.79845912478885,-6.2327238661134743],[106.79845908881595,-6.2327327010532372],[106.7984590528431,-6.2327415359930569],[106.7984590168702,-6.2327503709328198],[106.79845898089729,-6.2327592058725827],[106.79845894492445,-6.2327680408124024],[106.79845890895155,-6.2327768757521653],[106.79845887207932,-6.2327857097926085],[106.79845883610648,-6.2327945447324282],[106.79845880013357,-6.2328033796721911],[106.79845876416067,-6.232812214611954],[106.79845872818782,-6.2328210495517737],[106.79845869221492,-6.2328298844915366],[106.79845865624208,-6.2328387194312995],[106.79845862026917,-6.2328475534717427],[106.79845858429627,-6.2328563884115624],[106.79845854832342,-6.2328652233513253],[106.79845851235052,-6.2328740582910882],[106.79845847637762,-6.2328828932309079],[106.79845844040477,-6.2328917281706708],[106.79845840443187,-6.2329005631104337],[106.79845836845902,-6.2329093971509337],[106.79845833248612,-6.2329182320906966],[106.79845829651322,-6.2329270670304595],[106.79845826054037,-6.2329359019702792],[106.79845822456747,-6.2329447369100421],[106.79845818859457,-6.232953571849805],[106.79845815262172,-6.2329624067895679],[106.79845811664882,-6.2329712408300679],[106.79845808067597,-6.2329800757698308],[106.79845804470307,-6.2329889107095937],[106.79845800873017,-6.2329977456494134],[106.79845797275732,-6.2330065805891763],[106.79845793678442,-6.2330154155289392],[106.79845790081151,-6.2330242495694392]]},"properties":{"OBJECTID":12,"LINE_ID":"MRT_NS","GEOM_ID":"MRT_NS_TRANS_01","LINE_NAME":"Lin Utara–Selatan","MODE":"MRT","OPERATOR":"MRT Jakarta","STATUS":"Eksisting","STRUCTURE":"TRANSITION","COLOR":"#CA2047","SOURCE":"MRT Jakarta","SRC_URL":"https://jakartamrt.co.id/id/daftar-stasiun","REMARK":"Segmen transisi antara struktur layang dan bawah tanah pada MRT Jakarta Fase 1.","Shape_Length":0.0056573458653332792,"RELATION":"Lebak Bulus - Bundaran HI"}},{"type":"Feature","id":13,"geometry":{"type":"LineString","coordinates":[[106.82299385058582,-6.191026449610888],[106.82299704317904,-6.1911828965733662],[106.82300023577233,-6.1913393426365246],[106.82300342926493,-6.191495789598946],[106.82300662185816,-6.1916522356621044],[106.82300981445144,-6.1918086817252629],[106.82301263112811,-6.191965129587004],[106.82301529941657,-6.1921215783481216],[106.82301796770508,-6.1922780271092392],[106.82302070164411,-6.1924344731723409],[106.82302372876211,-6.1925909102422452],[106.82302675588016,-6.1927473473122063],[106.82302978299816,-6.1929037834827909],[106.82303281011616,-6.1930602205526952],[106.82303583723416,-6.1932166576225995],[106.82303884816434,-6.1933730955918236],[106.82304139684305,-6.1935295560441546],[106.82304394642102,-6.193686015597109],[106.82304649599905,-6.1938424760493831],[106.82304904557708,-6.1939989356023375],[106.82305181548895,-6.1941553924573327],[106.82305553868224,-6.1943118277285976],[106.8230593643982,-6.1944682594025835],[106.82306319011417,-6.1946246919758892],[106.82306701672951,-6.1947811236498751],[106.82307084244547,-6.1949375562231808],[106.82307466816144,-6.1950939878971667],[106.82307849387746,-6.1952504195711526],[106.82308232049274,-6.1954068521444583],[106.82308772901553,-6.1955632370537046],[106.82309098905796,-6.1957196759222484],[106.82309317261189,-6.1958761444684569],[106.82309570780075,-6.196032604920731],[106.82309940761161,-6.1961890419906354],[106.82310310742253,-6.1963454790605397],[106.82310680723344,-6.1965019152311811],[106.8231105070443,-6.1966583523010854],[106.82311420685522,-6.1968147893709897],[106.82311790666614,-6.196971226440894],[106.823121606477,-6.1971276626114786],[106.82312518937607,-6.197284102379399],[106.82312833880184,-6.197440553838419],[106.82313148822766,-6.1975970052974958],[106.8231346385528,-6.1977534558572529],[106.82313778797857,-6.1979099073163297],[106.82314037712678,-6.1980663623726855],[106.82314197432271,-6.1982228228249596],[106.8231435715187,-6.1983792841765535],[106.82313941844944,-6.1985355386840979],[106.82312703388556,-6.1986915287909596],[106.82311464932167,-6.1988475188978214],[106.82309688771124,-6.1990028812779201],[106.82307277868586,-6.1991574918247352],[106.82304866966041,-6.1993121023716071],[106.82302456153434,-6.1994667129184222],[106.82300045250895,-6.1996213225659176],[106.82297391441466,-6.1997755212232732],[106.82294649048822,-6.1999295687945164],[106.82291906656172,-6.2000836163657596],[106.8228913062888,-6.2002376063803695],[106.82286247672198,-6.2003914111346603],[106.82283364715516,-6.2005452167882709],[106.82280481758835,-6.2006990215425617],[106.82277583603604,-6.2008527930219088],[106.8227464839631,-6.2010064853609492],[106.82271743136442,-6.2011602352566229],[106.82268969807114,-6.2013142414590448],[106.8226619638786,-6.2014682476614666],[106.82263423058532,-6.2016222538638885],[106.82260649639278,-6.2017762600663104],[106.8225787630995,-6.2019302653694126],[106.8225510289069,-6.2020842715718345],[106.82253020960155,-6.2022393452695042],[106.82251009176736,-6.2023945259865627],[106.82248997393322,-6.2025497076028842],[106.82246985609902,-6.2027048883198859],[106.82244973826488,-6.2028600690368876],[106.82243206029142,-6.2030155348390394],[106.82241631675964,-6.2031712236729959],[106.82240057322792,-6.2033269134062721],[106.8223848296962,-6.2034826031395482],[106.82237086052686,-6.2036384106840501],[106.82236513274472,-6.2037947892980583],[106.82235940496264,-6.2039511670126899],[106.8223536771805,-6.2041075456266981],[106.82234795029774,-6.2042639242406494],[106.8223422225156,-6.2044203028546576],[106.82233649473352,-6.2045766805692892],[106.82232826773543,-6.204732920687718],[106.82231613947829,-6.2048889287809743],[106.82230401032189,-6.2050449368742875],[106.82229188206475,-6.2052009458669204],[106.82227914586593,-6.2053568982022398],[106.82226624599053,-6.2055128370477632],[106.82225334611508,-6.2056687749939101],[106.822240447139,-6.2058247129401138],[106.82222358754859,-6.2059802794663028],[106.8222063484443,-6.2061358073216297],[106.82218910934,-6.2062913360762764],[106.82217187023571,-6.206446864830923],[106.82215463113135,-6.2066023926862499],[106.82213898742441,-6.2067580914127234],[106.82212338328759,-6.2069137937365326],[106.82210778005009,-6.2070694960603419],[106.82209217681259,-6.2072251983841511],[106.8220734349411,-6.2073805427777984],[106.82205352395101,-6.2075357540717278],[106.8220336120616,-6.2076909644663942],[106.82200512963311,-6.2078447908044154],[106.82197508328352,-6.207998362634271],[106.8219450378333,-6.2081519344641833],[106.82191499148371,-6.2083055062940389],[106.82188080105817,-6.2084581419296683],[106.82184196023832,-6.2086097280564445],[106.82180311851914,-6.2087613141832776],[106.82175718744429,-6.2089107671181409],[106.82170605109343,-6.2090586489374573],[106.82164625786857,-6.2092032284461993],[106.82158562287827,-6.2093474868969452],[106.82152498878725,-6.2094917462470676],[106.82146134376609,-6.209634666506588],[106.82139487667229,-6.2097763322119022],[106.82132840957848,-6.2099179988165361],[106.82126194248474,-6.2100596645218502],[106.82119547539094,-6.2102013311264841],[106.82112505038083,-6.210341063289377],[106.82105416221987,-6.2104805697224492],[106.82098327495822,-6.2106200770548412],[106.82091238679726,-6.2107595834879135],[106.82084149953562,-6.2108990899210426],[106.82077061137466,-6.2110385972534345],[106.82069972411301,-6.2111781036865068],[106.82062883595205,-6.2113176101195791],[106.82055794779114,-6.211457117451971],[106.82048703534844,-6.2115966112945102],[106.82041428109426,-6.211735150057109],[106.82034146748481,-6.2118736573433466],[106.82026865387536,-6.2120121655289608],[106.82019584026585,-6.2121506728152553],[106.8201230266564,-6.2122891810008696],[106.82005021304695,-6.2124276882871641],[106.81997739943751,-6.2125661964727215],[106.81989774828253,-6.2127007899094906],[106.81981513206273,-6.2128336863254958],[106.81973251494367,-6.2129665827415579],[106.8196498978246,-6.2130994791575631],[106.81956583909226,-6.2132313944132989],[106.81947264954323,-6.2133571007495334],[106.81937945999414,-6.2134828079851445],[106.8192862704451,-6.2136085143214359],[106.81919308089601,-6.213734221557047],[106.81909719068284,-6.2138577596278424],[106.81899520666354,-6.2139764467555665],[106.81889322354351,-6.2140951329839709],[106.81879032761157,-6.2142129900374243],[106.81868218413553,-6.2143260878785895],[106.81857397860631,-6.2144391299618178],[106.81846552486417,-6.2145519193355767],[106.81835073359952,-6.2146582210000361],[106.81823523456848,-6.2147637942136953],[106.81811973463812,-6.2148693683266174],[106.81800423560702,-6.2149749424395964],[106.81788526789086,-6.2150764758985702],[106.81776365706719,-6.2151749363741828],[106.81764204624352,-6.2152733968497387],[106.81752043452047,-6.2153718573252945],[106.81739882369681,-6.2154703178009072],[106.81727721287314,-6.215568778276463],[106.81715560204947,-6.2156672378526991],[106.8170339912258,-6.215765698328255],[106.81691176526584,-6.2158633979773867],[106.81678895564585,-6.2159603772695391],[106.8166661640123,-6.2160573790447415],[106.81654337237882,-6.216154380819944],[106.81642058074527,-6.216251383494523],[106.81629779001105,-6.2163483852697254],[106.81617499837751,-6.2164453879442476],[106.81605220674402,-6.2165423897194501],[106.81592939442606,-6.2166393645150038],[106.81580665135596,-6.2167364265447986],[106.81568390828579,-6.2168334885745935],[106.815561166115,-6.2169305515037081],[106.81543842304484,-6.217027613533503],[106.81531567997473,-6.2171246755632978],[106.81519285686494,-6.2172216296744409],[106.81507020732425,-6.2173187708445425],[106.81494755778363,-6.217415912014701],[106.81482490734368,-6.2175130522854829],[106.81470225780299,-6.2176101934556414],[106.81457960826236,-6.217707334625743],[106.8144569074604,-6.2178044326284407],[106.81433455469602,-6.2179019847887389],[106.81421220283096,-6.2179995369490371],[106.81408985006658,-6.2180970891093352],[106.8139674973022,-6.2181946412696334],[106.81384514453782,-6.2182921934299316],[106.81372279267282,-6.2183897455902297],[106.81360043990844,-6.2184872977505279],[106.8134780098024,-6.2185847536833876],[106.81335543850275,-6.2186820333491255],[106.81323287709569,-6.2187793265046594],[106.81311031568856,-6.2188766187608735],[106.81298775338217,-6.2189739110171445],[106.81286519197511,-6.2190712041726783],[106.81274263056798,-6.2191684964288925],[106.81262006916091,-6.2192657886851634],[106.81249750685453,-6.2193630809413776],[106.81237494544746,-6.2194603740969683],[106.81225238404033,-6.2195576663531824],[106.81212982173395,-6.2196549586093965],[106.81200726032688,-6.2197522517649872],[106.81188469891976,-6.2198495440212014],[106.81176213751269,-6.2199468362774155],[106.81163894028492,-6.2200433128485884],[106.81151494625783,-6.2201387641925407],[106.81139095313006,-6.22023421553655],[106.81126695910297,-6.2203296668805592],[106.81114296507582,-6.2204251182245685],[106.81101897194804,-6.2205205695685777],[106.81089497792095,-6.2206160209125869],[106.81077098479318,-6.2207114722565962],[106.81064699076609,-6.2208069236006054],[106.810522996739,-6.2209023749446146],[106.81039933815902,-6.220998255265215],[106.81027717605087,-6.2210960493431458],[106.81015501304347,-6.2211938425217568],[106.81003285093539,-6.2212916365996875],[106.8099106888273,-6.2213894297782986],[106.80978852671922,-6.2214872238562293],[106.80966636461108,-6.2215850179341601],[106.809542292343,-6.2216803748493703],[106.80941820568569,-6.2217757146774488],[106.80929411902844,-6.2218710545055274],[106.80917003237118,-6.2219663943336059],[106.80904594571388,-6.2220617332623078],[106.80892185905662,-6.2221570730903863],[106.80879777329864,-6.2222524129184649],[106.80867368664138,-6.2223477527465434],[106.8085453983515,-6.2224371408613024],[106.80841402089044,-6.2225221528750012],[106.80828264342932,-6.2226071657880198],[106.80815126596821,-6.2226921778017186],[106.80801988940641,-6.2227771898154174],[106.80788851194535,-6.2228622027284359],[106.80775713448423,-6.2229472147421347],[106.80762575702312,-6.2230322276551533],[106.80749438046132,-6.2231172396688521],[106.80736300300026,-6.2232022525818707],[106.80723162553915,-6.2232872645955126],[106.80710024807803,-6.2233722775085312],[106.80696887151629,-6.22345728952223],[106.80683744369315,-6.2235422250935812],[106.80670575686526,-6.2236267559699741],[106.80657406913804,-6.2237112877456866],[106.80644238231014,-6.2237958195213992],[106.80631069458298,-6.2238803512971117],[106.80617900775508,-6.2239648830728243],[106.80604732002786,-6.2240494148485936],[106.80592106690375,-6.2241417797193321],[106.80579584710074,-6.2242356212768755],[106.80567062729767,-6.2243294619350991],[106.80554540749461,-6.2244233025932658],[106.8054201876916,-6.2245171432514894],[106.80529496698921,-6.224610983909713],[106.80516974718614,-6.2247048254672563],[106.80504452738307,-6.2247986661254799],[106.80491930758006,-6.2248925067837035],[106.804794087777,-6.2249863474419271],[106.80466886707461,-6.2250801889994705],[106.80454359601021,-6.2251739460207318],[106.80441822691972,-6.2252675519559375],[106.80429285782918,-6.2253611578910863],[106.80416748963802,-6.2254547638262352],[106.80404212054748,-6.225548369761384],[106.803916751457,-6.22564197479727],[106.80379138236646,-6.2257355807324188],[106.80366601417529,-6.2258291866675677],[106.80354064508475,-6.2259227926027734],[106.80341527599427,-6.2260163985379222],[106.80328990690373,-6.2261100044730711],[106.80316453781325,-6.2262036095089002],[106.80303916962202,-6.2262972154441059],[106.80291515760848,-6.2263925381850527],[106.80279303686922,-6.2264902576192185],[106.80267091612996,-6.2265879770534411],[106.80254879539063,-6.2266856964876638],[106.80242570608152,-6.2267822198235194],[106.80230115267614,-6.226876915737023],[106.80217659837137,-6.2269716107512068],[106.80205204496599,-6.2270663057653337],[106.80192749066123,-6.2271610007795175],[106.80180293725579,-6.227255696693021],[106.8016783838504,-6.227350391707148],[106.80155382954564,-6.2274450867213318],[106.80142927614025,-6.2275397817355156],[106.80130472183549,-6.2276344767496425],[106.80117997957245,-6.2277289298461938],[106.80105494772772,-6.2278230097240908],[106.80092991498367,-6.2279170896019309],[106.80080488223956,-6.2280111694798279],[106.80067985039483,-6.2281052493577249]]},"properties":{"OBJECTID":13,"LINE_ID":"MRT_NS","GEOM_ID":"MRT_NS_UG_01","LINE_NAME":"Lin Utara–Selatan","MODE":"MRT","OPERATOR":"MRT Jakarta","STATUS":"Eksisting","STRUCTURE":"UNDERGROUND","COLOR":"#CA2047","SOURCE":"MRT Jakarta","SRC_URL":"https://jakartamrt.co.id/id/daftar-stasiun","REMARK":"Segmen bawah tanah MRT Jakarta Fase 1.","Shape_Length":0.046941962879700184,"RELATION":"Lebak Bulus - Bundaran HI"}},{"type":"Feature","id":14,"geometry":{"type":"LineString","coordinates":[[106.8229938496865,-6.191026449610888],[106.82299009861424,-6.1908428862901133],[106.8229863484413,-6.1906593229693385],[106.82298259736905,-6.1904757587492441],[106.82297884629679,-6.1902921954284125],[106.82297723021509,-6.1901086249130799],[106.82297974831681,-6.1899250382098785],[106.8229822646199,-6.1897414524060537],[106.82298514694702,-6.1895578737967867],[106.82298846094875,-6.189374306878733],[106.82299177584986,-6.1891907390613028],[106.822995294897,-6.1890071730425689],[106.82299925371262,-6.1888236097217373],[106.82300411994424,-6.1886400706826521],[106.82300961210399,-6.1884565487306986],[106.82301868266615,-6.1882731760661613],[106.82302859769169,-6.1880898438711256],[106.82303851361655,-6.187906510776827],[106.82304843044079,-6.1877231776824715],[106.82305750729819,-6.1875397987226961],[106.82306619295048,-6.1873563990785101],[106.82307488309942,-6.1871729976356846],[106.82308411733823,-6.1869896249711474],[106.82309425359699,-6.1868062990714066],[106.82310454363983,-6.1866229812655433],[106.82311446316203,-6.1864396436745892],[106.82312461291059,-6.186256319573431],[106.82313664404097,-6.1860731078875801],[106.82314739273806,-6.1858898350478171],[106.82315657301751,-6.1857064839670102],[106.82316133582702,-6.1855230537458965],[106.82315848497615,-6.1853394841298268],[106.82315563412527,-6.1851559136144942],[106.82314887032419,-6.1849724744001264],[106.82313794625929,-6.1847892330366108],[106.82312322795468,-6.1846062263961699],[106.82311110329482,-6.1844230317974507],[106.82310048320079,-6.1842397337766215],[106.82308986400608,-6.1840564366551689],[106.82307919265065,-6.1838731422316755],[106.8230685626641,-6.1836898460095426],[106.8230579326775,-6.1835065497874098],[106.82304915799233,-6.1833231591364211],[106.82304143461459,-6.1831397181234706],[106.82303187661989,-6.182956366143344],[106.823021321277,-6.1827730627265964],[106.82301076593416,-6.1825897611085452],[106.8230001989001,-6.1824064585911174],[106.8229896003898,-6.1822231587717056],[106.8229790018795,-6.1820398598516135],[106.8229684033692,-6.1818565600321449],[106.82295780395953,-6.1816732611120528],[106.82294720634854,-6.1814899612926411],[106.82293660693892,-6.181306662372549],[106.82292735291509,-6.181123331076833],[106.82293373990024,-6.1809401715516401],[106.82295397734424,-6.180757942824755],[106.82299391263899,-6.1805787592023194],[106.82303384883312,-6.180399574680564],[106.82307378502719,-6.1802203910581284],[106.82311372122132,-6.1800412083350693],[106.82315362773778,-6.1798620166186993],[106.82319224012986,-6.1796825254281771],[106.82323140290697,-6.179503161042021],[106.82327108729089,-6.179323917164993],[106.82331077167481,-6.1791446732880217],[106.82335045695811,-6.1789654294109937],[106.82336839663424,-6.1787828544451031],[106.8233815168436,-6.178599740785387],[106.82338676888435,-6.1784162584035585],[106.8233900747922,-6.1782326842908901],[106.82339338159932,-6.1780491110775415],[106.82339668840649,-6.17786553696493],[106.82339999521366,-6.1776819637515814],[106.82340330112152,-6.1774983896389131],[106.82340660792869,-6.177314817324941],[106.82340991473586,-6.1771312432122727],[106.82341322064366,-6.1769476699989241],[106.82341652835015,-6.1767640958862557],[106.823419834258,-6.176580522672964],[106.82342314106518,-6.1763969485602956],[106.82342644697303,-6.176213375346947],[106.82342975378015,-6.1760298021335984],[106.82343306058732,-6.1758462280209869],[106.82343636739449,-6.1756626548076383],[106.82343967420167,-6.17547908069497],[106.82344234428882,-6.1752955011863833],[106.82344246389863,-6.1751118955974675],[106.82344258440781,-6.1749282900085518],[106.82344270401762,-6.174744685318899],[106.82344282362749,-6.1745610788306635],[106.82344294413662,-6.1743774741410675],[106.82344306374648,-6.1741938685521518],[106.82344056363115,-6.1740103169225335],[106.82343554541416,-6.1738268129570315],[106.82343052539846,-6.1736433089914726],[106.82342550628215,-6.1734598050259137],[106.82341544196913,-6.1732766877688618],[106.82339244270713,-6.1730945642626693],[106.82336944434445,-6.1729124398571571],[106.82332980942323,-6.1727337436672656],[106.82327669096657,-6.172558097078479],[106.82320797736634,-6.172387859911737],[106.82314096798137,-6.1722169842263952],[106.82307071564105,-6.1720474836044446],[106.82298922896979,-6.1718830740445583],[106.82289255005122,-6.1717277377448454],[106.82278266908497,-6.1715808667635201],[106.82266670600376,-6.1714386758541764],[106.82253704714708,-6.1713100017551028],[106.82238600870738,-6.1712060527171388],[106.82223279121041,-6.171104916758452],[106.82208750573386,-6.170993115739634],[106.82195203096154,-6.1708704311254223],[106.82183463256229,-6.1707299750082711],[106.82172207881092,-6.1705851859575205],[106.82162665534594,-6.1704292363201603],[106.82153773128135,-6.1702687010396744],[106.8214581556694,-6.1701043130635753],[106.82141078298133,-6.1699271493184256],[106.82136999512926,-6.1697481455604475],[106.82132780973069,-6.169569471853606],[106.82128336523516,-6.1693913323440484],[106.82123891984031,-6.1692131919352278],[106.82119447534484,-6.1690350524256701],[106.82115002994999,-6.1688569111175298],[106.82110558365582,-6.1686787707086523],[106.8210575571606,-6.1685015745879355],[106.8210089047372,-6.1683245709221524],[106.82095562080531,-6.1681490232587635],[106.82089901297911,-6.1679744027964034],[106.82084240605224,-6.1677997832333631],[106.82077684637443,-6.1676282969083331],[106.82071046831351,-6.1674571091581925],[106.82064857876895,-6.1672842999304294],[106.8205937641909,-6.1671091542639829],[106.82054835382354,-6.1669312566721146],[106.82050504697042,-6.1667528356747994],[106.82046435264783,-6.1665738112323538],[106.82042428425336,-6.1663946419990907],[106.8203837464128,-6.1662155797851597],[106.82034521226177,-6.1660360957891385],[106.82030667901012,-6.1658566126924939],[106.82026582460816,-6.1656776206256723],[106.82022567617406,-6.1654984612849262],[106.82018561767217,-6.1653192803604497],[106.82014555917027,-6.165140100335293],[106.82010549976906,-6.1649609194108734],[106.82006544126716,-6.1647817393857167],[106.8200249528893,-6.1646026528900961],[106.81998438537113,-6.1644235852801899],[106.81994381785296,-6.1642445167709639],[106.81990240677072,-6.1640656470119666],[106.81986010535962,-6.1638869849963385],[106.81981780394858,-6.1637083229806535],[106.81977738661715,-6.1635292517735252],[106.81973900714951,-6.1633497084222313],[106.81969974994354,-6.1631703530293294],[106.81965972741455,-6.1629911622123359],[106.81961970308691,-6.1628119713953424],[106.81957967965855,-6.1626327796789724],[106.81953965712955,-6.1624535888619789],[106.81949963280186,-6.1622743980449854],[106.81945961027287,-6.162095207227992],[106.8194195868445,-6.1619160164109985],[106.81937956431551,-6.161736825594005],[106.81933953998782,-6.1615576347769547],[106.81929951655951,-6.1613784439599613],[106.81925959835183,-6.161199229760598],[106.81921864322584,-6.1610202556802278],[106.81917767191209,-6.1608412851970797],[106.81913669969902,-6.1606623147139885],[106.81909572838521,-6.160483345130217],[106.81905475707146,-6.160304373747806],[106.81901378485833,-6.1601254041640345],[106.8189732236354,-6.1599463473460219],[106.81893377757183,-6.1597670459124174],[106.8188927172252,-6.1595880907177616],[106.81885291323141,-6.1594088549346679],[106.81881352922107,-6.1592295247227185],[106.81877414611,-6.1590501954101455],[106.81873476299899,-6.1588708642988763],[106.81869465413502,-6.1586916932669737],[106.81865453088193,-6.1585125240337106],[106.81861440762884,-6.1583333556997673],[106.81857428617445,-6.1581541873658239],[106.81853416292137,-6.1579750181325608],[106.81849415028489,-6.1577958264161907],[106.81845757125996,-6.1576159053497008],[106.81842148596286,-6.1574358799618381],[106.81838540156508,-6.1572558536746556],[106.81834924612087,-6.1570758426759653],[106.81831279030308,-6.1568958928311304],[106.81827633268665,-6.1567159429863523],[106.81823987686886,-6.1565359922421976],[106.81820353796297,-6.1563560190149929],[106.81817710239142,-6.1561743874379999],[106.81815287015888,-6.1559923871388946],[106.81812864512096,-6.1558103859405264],[106.81810449292806,-6.1556283748495844],[106.81808046933827,-6.1554463493694698],[106.81806129219495,-6.1552638373561877],[106.81805194823886,-6.1550804718862082],[106.81804256381332,-6.1548971091142448],[106.81802980782942,-6.1547139522870111],[106.81801612824177,-6.1545308557143699],[106.81800123187139,-6.154347858966446],[106.81798072822806,-6.1541654287914866],[106.81795737912978,-6.1539833502513943],[106.81792023982729,-6.1538035910628537],[106.81788209238471,-6.1536239973495412],[106.8178395724384,-6.1534453883938909],[106.81779658304595,-6.1532668855582529],[106.81775359365349,-6.1530883827226148],[106.81771070858241,-6.1529098556052872],[106.81766783790044,-6.1527313248906808],[106.81762500229206,-6.1525527860821398],[106.81758291761764,-6.1523740692078945],[106.81754083294317,-6.1521953514342727],[106.81749874826869,-6.152016632761331],[106.81745655837352,-6.151837941068095],[106.81741370118141,-6.1516594067561527],[106.81737084398929,-6.1514808733435871],[106.81732798679724,-6.1513023390317016],[106.81728512960512,-6.1511238047197594],[106.81724170224282,-6.1509454098027732],[106.81719776136765,-6.1507671389922507],[106.81715381959316,-6.1505888690809911],[106.8171093849902,-6.1504107223768756],[106.81706469408044,-6.1502326377259919],[106.81702069744728,-6.1500543840025443],[106.81697729436672,-6.14987598279032],[106.81693239121694,-6.1496979547967499],[106.81688731539737,-6.1495199699705836],[106.81684223957774,-6.1493419851444742],[106.81679824834055,-6.1491637269244279],[106.8167554190274,-6.1489851908138462],[106.8167143757679,-6.1488062311226486],[106.81667333340766,-6.1486272714313941],[106.81663229014811,-6.1484483108408199],[106.81659124688861,-6.1482693511495654],[106.81655020362905,-6.148090390559048],[106.81650893463967,-6.1479114830284516],[106.81646745520897,-6.1477326240612911],[106.8164259757782,-6.1475537650941305],[106.81636645594722,-6.1473811015565616],[106.81628881567639,-6.1472148573797085],[106.81620705471187,-6.1470504622089948],[106.81613970718178,-6.1468805928650454],[106.8160817359834,-6.1467069724487828],[106.81603006633458,-6.1465309193663984],[106.81598053977018,-6.1463542196714798],[106.81593184597796,-6.1461771944219663],[106.81588315308511,-6.146000169172396],[106.81583445929294,-6.1458231430235628],[106.81578576640004,-6.1456461177740493],[106.81573707170855,-6.1454690916252162],[106.81568837881571,-6.1452920672750224],[106.81563963556079,-6.145115054616042],[106.81559087611811,-6.1449380491516195],[106.81554211487673,-6.1447610418885006],[106.81549335543406,-6.144584036424078],[106.81544459419274,-6.144407029161016],[106.81539589230664,-6.144230005710142],[106.81534719581651,-6.1440529813599483],[106.81529850022565,-6.1438759561104348],[106.81524980373553,-6.1436989317602411],[106.81520110724534,-6.1435219074100473],[106.81515241075522,-6.1433448821605339],[106.81510371516441,-6.1431678578103401],[106.81505447908103,-6.142990990841497],[106.81500428162235,-6.142814406259788],[106.81495409225761,-6.1426378189801198],[106.81490390379219,-6.1424612308011319],[106.8148537171254,-6.1422846426220872],[106.81480625360575,-6.1421072801268224],[106.81475891599126,-6.1419298798600153],[106.81471157927604,-6.1417524813918476],[106.81466424076217,-6.1415750820243602],[106.81461690404694,-6.1413976826568728],[106.8145695664324,-6.1412202841887051],[106.81452222791853,-6.1410428848212177],[106.8144748912033,-6.1408654863530501],[106.81442755268944,-6.1406880869855627],[106.81438021597427,-6.1405106876180753],[106.81433287835972,-6.1403332891499076],[106.81428553984586,-6.1401558897824202],[106.81423820313063,-6.1399784913142526],[106.81419086461676,-6.1398010919467652],[106.81414308363645,-6.1396238175850613],[106.81409347613305,-6.1394470576355502],[106.81404387222699,-6.1392702958873997],[106.81399270799716,-6.1390939784043326],[106.8139401336303,-6.1389180611195684],[106.81388756106213,-6.1387421429354845],[106.8138442533097,-6.1385639800436138],[106.81381707669681,-6.138382722584538],[106.8138067317953,-6.1381994821203421],[106.81381007097804,-6.1380160860734918],[106.81384075404765,-6.1378355058038778],[106.81389319981139,-6.1376595498483084]]},"properties":{"OBJECTID":14,"LINE_ID":"MRT_NS","GEOM_ID":"MRT_NS_UG_02","LINE_NAME":"Lin Utara–Selatan","MODE":"MRT","OPERATOR":"MRT Jakarta","STATUS":"Dalam Pembangunan","STRUCTURE":"UNDERGROUND","COLOR":"#CA2047","SOURCE":"MRT Jakarta; RTRW DKI Jakarta; RDTR DKI Jakarta","SRC_URL":"https://www.jakartamrt.co.id/id/proyek/fase-2","REMARK":"MRT Jakarta Fase 2A Bundaran HI–Kota. Seluruh stasiun Fase 2A pada halaman proyek terbaru dinyatakan berada di bawah tanah; segmen hingga Harmoni ditargetkan selesai 2027 dan hingga Kota 2029.","Shape_Length":0.055067393261587452,"RELATION":"Bundaran HI - Kota"}},{"type":"Feature","id":15,"geometry":{"type":"LineString","coordinates":[[106.81479115039133,-6.1376495997491816],[106.81502948422337,-6.1375797601977524],[106.81526781895474,-6.1375099206462664],[106.8155061536861,-6.1374400810948373],[106.81574448841747,-6.1373702406440316],[106.81598282224951,-6.1373004010926024],[106.81621818741945,-6.1372215872064544],[106.81644528062526,-6.1371212930131946],[106.81667255549411,-6.1370214197027053],[106.81690479731861,-6.1369335271605223],[106.8171436680459,-6.1368661265704532],[106.81738464588477,-6.1368060410658813],[106.81762565070329,-6.1367460625806984],[106.81786667620622,-6.1366861677324209],[106.81810749666369,-6.1366255048631047],[106.81834827575238,-6.1365646405456573],[106.81858949460957,-6.1365058716486374],[106.81883030247656,-6.1364451062565877],[106.81907110674626,-6.136384327374742],[106.81931204591427,-6.1363240880861554],[106.81955301475989,-6.1362639675080572],[106.81979337566383,-6.1362016148126486],[106.82003225988097,-6.1361337897425301],[106.8202677500567,-6.1360557609645525],[106.82049822291469,-6.1359639096066871],[106.82072040312414,-6.1358535016377687],[106.82093595443081,-6.135730660541526],[106.82114655946623,-6.1355991805576764],[106.8213532272697,-6.1354614601781918],[106.82156059834301,-6.1353248243810867],[106.8217701142994,-6.1351914854986376],[106.82197993962257,-6.1350586241561587],[106.82219359335971,-6.1349322855964488],[106.82241065282943,-6.1348123538070354],[106.82263443922807,-6.1347050197208546],[106.82286520796305,-6.1346137169494455],[106.82310011357941,-6.1345336961730936],[106.8233372198369,-6.1344602791185139],[106.82357609236283,-6.13439230206302],[106.82381496488875,-6.1343243250075261],[106.82405383741474,-6.1342563479520322],[106.82429270994066,-6.1341883708965383],[106.82453158246659,-6.1341203938410445],[106.82477045499257,-6.1340524167855506],[106.8250093275185,-6.1339844397300567],[106.82524820004448,-6.1339164626745628],[106.82548712023447,-6.1338486537923131],[106.82572619780586,-6.1337814051876762],[106.82596532753792,-6.1337143418433584],[106.82620450313539,-6.1336474385784072],[106.82644367873286,-6.1335805353133992],[106.82668285433033,-6.133513632048448],[106.82692147324747,-6.1334448096301912],[106.8271599167968,-6.1333753855655573],[106.82739811483117,-6.1333050972523893],[106.82763627779207,-6.1332346848328143],[106.82787382112002,-6.1331623172870877],[106.82811035630795,-6.1330869702874224],[106.82834487521586,-6.133005751614121],[106.82857843364786,-6.132921517513978],[106.82881031754221,-6.1328326375161737],[106.82904244155549,-6.1327443654600415],[106.82927369232709,-6.1326538504947621],[106.82950440800209,-6.1325619514728373],[106.82973572622285,-6.1324715480234886],[106.82996704354429,-6.1323811445741399],[106.83019836086572,-6.1322907411247343],[106.83042967818716,-6.1322003367760658],[106.83066094334794,-6.1321097966297771],[106.83089220311274,-6.1320192465909145],[106.83112223890026,-6.1319257890438621],[106.83135005336231,-6.1318270830533947],[106.83157786782442,-6.1317283779622471],[106.83180382518646,-6.1316253947960604],[106.83202909456713,-6.1315208261251541],[106.83225436394781,-6.1314162583535676],[106.83247959825491,-6.1313116186362322],[106.83270155813045,-6.1312004183645854],[106.83292351890532,-6.1310892180928818],[106.83314492030189,-6.1309769017625513],[106.83336380089878,-6.1308595465308144],[106.83358268059629,-6.130742190399701],[106.83380156119313,-6.1306248342686445],[106.83402258217649,-6.1305119432715287],[106.83424638296424,-6.1304048493042842],[106.83447018375205,-6.1302977544377768],[106.83469573012388,-6.1301943000268579],[106.83492814461823,-6.1301078131250506],[106.8351614611326,-6.1300238236404994],[106.83539481541845,-6.1299399600610514],[106.83563089195218,-6.1298635608546306],[106.83587171151032,-6.1298046786429836],[106.8361130760577,-6.1297480995950764],[106.83635444600094,-6.1296915394329403],[106.83659759300457,-6.1296425092943423],[106.83684230123129,-6.129600097266632],[106.837087009458,-6.129557684339602],[106.83733171768466,-6.129515271412572],[106.83757642501206,-6.1294728548883199],[106.83782113233946,-6.129430438364011],[106.83806583966685,-6.1293880218397021],[106.83831054699419,-6.1293456053153932],[106.83855516528871,-6.1293026779761703],[106.83879969275171,-6.1292592479159111],[106.83904422111397,-6.1292158169563322],[106.83928876566404,-6.1291724867208472],[106.83953346399824,-6.1291301799138296],[106.83977783947574,-6.1290858919003313],[106.84002221855059,-6.1290416173766857],[106.84026659672611,-6.1289973455509994],[106.84051097310299,-6.1289530620341566],[106.84075534947988,-6.1289087776179372],[106.84099972675602,-6.1288644932017746],[106.84124410313291,-6.1288202114835144],[106.84148848130843,-6.1287759342619097],[106.84173285858463,-6.1287316561409853],[106.8419772367601,-6.1286873789193805],[106.8422216140363,-6.1286431007983992],[106.84246599311115,-6.1285988325699918],[106.84271037308531,-6.1285545688382399],[106.84295475395879,-6.1285103042071114],[106.84319913393296,-6.1284660404753595],[106.84344311820541,-6.1284198351072519],[106.84368621214901,-6.1283692905103067],[106.84392939242758,-6.1283191272258932],[106.84417309071563,-6.1282714370771032],[106.84441734658333,-6.1282264925585537],[106.84466057902256,-6.128176700694155],[106.84490356864484,-6.1281257415097343],[106.84514688562035,-6.1280761933616077],[106.84539086539615,-6.1280298485986009],[106.84563517702185,-6.1279852107488182],[106.84587951832515,-6.1279407383743205],[106.84612386052783,-6.1278962659998228],[106.84636820273045,-6.1278517945246449],[106.84661254493307,-6.127807323049467],[106.84685688623637,-6.127762851574289],[106.84710121315055,-6.1277182946635094],[106.84734549959518,-6.1276735273114014],[106.84758977255001,-6.1276286772216508],[106.847834034713,-6.1275837713739065],[106.84807829687594,-6.1275388646268425],[106.84832258511926,-6.1274941026706529],[106.84856709549513,-6.1274505718863566],[106.84881153122723,-6.1274066220179293],[106.84905591479867,-6.1273623735746128],[106.84930029747079,-6.1273181260306728],[106.84954500929479,-6.1272757985392445],[106.84978980475574,-6.1272339584803603],[106.8500346002167,-6.1271921193207959],[106.85027811234505,-6.1271439930008569],[106.85052080788904,-6.1270918709930129],[106.85076343778246,-6.1270397786628337],[106.85100552088812,-6.126985951540405],[106.85124698795818,-6.1269301135338878],[106.8514870332001,-6.1268693040750577],[106.85172539940771,-6.1268003062890557],[106.85196337351096,-6.12673026079284],[106.85219793738497,-6.1266505098131461],[106.85243214962406,-6.1265694098503332],[106.8526650443564,-6.1264839832491589],[106.85289733294564,-6.1263965709449621],[106.8531296853867,-6.1263093106261408],[106.85336042174612,-6.126217912526613],[106.85358797180749,-6.1261184852798465],[106.85381552186891,-6.1260190589323997],[106.85404282821401,-6.1259191037835876],[106.85426976134045,-6.1258183437415141],[106.85449668367505,-6.1257175576191685],[106.85472315185206,-6.1256157022028219],[106.85494853274867,-6.1255113835434827],[106.85517393163173,-6.1254071035549487],[106.85539915784494,-6.1253024503477604],[106.85562395328287,-6.1251968663422645],[106.85584874872086,-6.1250912823367685],[106.85607354415879,-6.1249856983312725],[106.85629834858997,-6.1248801341108674],[106.85652317910149,-6.1247746247490795],[106.856748009613,-6.1246691144879719],[106.85697283922519,-6.1245636051262409],[106.85719955921235,-6.1244623999197643],[106.85742680260489,-6.1243623665299651],[106.85765497409784,-6.1242646893638835],[106.85788372835145,-6.124168494280525],[106.85811248350439,-6.1240723000965431],[106.858341237758,-6.1239761050131847],[106.8585702995797,-6.1238806006091977],[106.85880138487607,-6.1237896971367718],[106.85903261856055,-6.1236991506951881],[106.85926508701419,-6.1236117581760254],[106.8594976454001,-6.1235245940846994],[106.85973020378594,-6.1234374299933734],[106.85996276217179,-6.1233502659019905],[106.86019532055764,-6.1232631009113447],[106.8604272997801,-6.1231744304555491],[106.86065912252053,-6.123085351707573],[106.86089094526096,-6.1229962729595968],[106.86112455765226,-6.1229121126038422],[106.86135905047985,-6.1228305117186892],[106.86159477178137,-6.1227532500623738],[106.8618321028693,-6.1226818816634818],[106.86206898789357,-6.1226093648302822],[106.86230537469334,-6.1225357724079004],[106.86254228399929,-6.1224645577930801],[106.86278041818184,-6.1223966508846956],[106.86302070624066,-6.1223356948364085],[106.86326226863883,-6.1222792938542625],[106.86350563867433,-6.1222299930196868],[106.86374900870982,-6.122180692185168],[106.86399237874537,-6.1221313922499121],[106.86423603206731,-6.1220834125194301],[106.86447978611329,-6.1220358995370816],[106.86472381265389,-6.1219898452550865],[106.86496825917789,-6.1219459916141545],[106.865212351369,-6.1219002745779676],[106.86545439400516,-6.1218456056901118],[106.86569459752769,-6.121784538125894],[106.86593319576042,-6.1217191160443463],[106.86616981278667,-6.1216483151176249],[106.86640642981297,-6.1215775141909035],[106.86664102516323,-6.1215024288939048],[106.86687257810706,-6.1214209044511563],[106.86709911912908,-6.1213287446258278],[106.8673219945145,-6.1212256904132119],[106.86754163953509,-6.1211178140358697],[106.86775847237567,-6.1210014147833931],[106.86797316393046,-6.1208797796780345],[106.8681854893689,-6.1207539510339757],[106.86839548916055,-6.1206243209555851],[106.86860202386436,-6.1204878875059308],[106.86880607374138,-6.1203470599688217],[106.86900962089737,-6.120205460813338],[106.86920923172073,-6.1200578227102937],[106.86940882995361,-6.1199101684194943],[106.8696086035543,-6.119762738059876],[106.86980799854035,-6.1196147887914094],[106.87000402286742,-6.1194622934500558],[106.87020004719449,-6.119309799007965],[106.87039607062223,-6.1191573045659311],[106.87059210124454,-6.1190048182177179],[106.87078813276617,-6.1188523318695616],[106.87098416428779,-6.118699846420725],[106.87118019940675,-6.118547365468487],[106.87137658526126,-6.1183953341773076],[106.87157297111577,-6.1182433028860714],[106.87176935697033,-6.1180912715948352],[106.87196574282484,-6.1179392403036559],[106.87216212867935,-6.1177872090124197],[106.87235851453386,-6.1176351777212403],[106.87255490038842,-6.1174831464300041],[106.87275135639004,-6.1173312059703449],[106.87294809657743,-6.1171796342326843],[106.8731448961201,-6.1170281389374281],[106.87334169566276,-6.1168766436421151],[106.87353849160814,-6.1167251438502603],[106.87373528575489,-6.1165736404610698],[106.87393207900232,-6.1164221379712558],[106.87412887224974,-6.1162706345820652],[106.87432558365884,-6.1161190250729192],[106.87452197760723,-6.1159670045735766],[106.87471852623906,-6.1158151846230453],[106.87491507756886,-6.115663368269793],[106.87511162889859,-6.1155115519165406],[106.87530808220231,-6.1153596087588653],[106.87550448244599,-6.1152075963534571],[106.87570089078355,-6.1150555947398857],[106.87589730091975,-6.1149035940255771],[106.87609324880447,-6.1147510006580887],[106.87629057804781,-6.1146002293170909],[106.87648827781186,-6.1144499310194647],[106.876686045025,-6.1142997199560796],[106.87688388058666,-6.1141495970262554],[106.87708233308325,-6.1140002915801688],[106.87727996270019,-6.1138499042496619],[106.87747724427948,-6.1136990501709647],[106.87767463197872,-6.1135483300913052],[106.87787211410682,-6.1133977314201502],[106.87807011604309,-6.1132478297234911],[106.8782681179793,-6.1130979271275692],[106.8784639795291,-6.1129453256662032],[106.87865654776152,-6.1127886655644375],[106.87884964659395,-6.1126327725843339],[106.87904736884104,-6.1124824895751999],[106.87924352177117,-6.1123301687022717],[106.87943967380198,-6.1121778469300239],[106.87963582583274,-6.1120255260571525],[106.87983197876287,-6.1118732051842244],[106.88002813079368,-6.1117208843112962],[106.88022514257631,-6.1115696669065755],[106.88042228745866,-6.1114186212723212],[106.88049339235624,-6.1113846331942341],[106.8815265137377,-6.1105936452804599]]},"properties":{"OBJECTID":15,"LINE_ID":"KRL_TP","GEOM_ID":"KRL_TP_01","LINE_NAME":"Commuter Line Tanjung Priok","MODE":"KRL","OPERATOR":"KAI Commuter","STATUS":"Eksisting","STRUCTURE":"MIXED","COLOR":"#EF509A","SOURCE":"KAI Commuter; IRPS","SRC_URL":"https://kci.id/files/download/documents/Jadwal%20Commuter%20Line%20Jabodetabek%20-%20Februari%202026.pdf; https://irps.or.id/2026/06/stasiun-kampung-bandan-titik-temu-jalur-kereta-api-di-utara-jakarta/","REMARK":"Lintas Tanjung Priok memiliki kombinasi struktur. Di Kampung Bandan, jalur Tanjung Priok menggunakan peron/jalur atas, sedangkan bagian lintas lainnya berada pada permukaan/embankment; karena seluruh lintas disimpan dalam satu geometri, STRUCTURE=MIXED.","Shape_Length":0.073106483985676457,"RELATION":"Kota - Tanjung Priok"}},{"type":"Feature","id":16,"geometry":{"type":"LineString","coordinates":[[106.84202264982548,-6.2074203998315625],[106.84236536257151,-6.2075366857694121],[106.84270807621681,-6.2076529717072049],[106.84305078806347,-6.2077692576450545],[106.8433935008095,-6.2078855435829041],[106.84373617398529,-6.2080019491306189],[106.84407866819606,-6.208118877184404],[106.84442116420541,-6.2082358016409103],[106.84476432841109,-6.208350734998362],[106.84510749081812,-6.2084656665572311],[106.84545166676105,-6.2085775089448134],[106.84579639398845,-6.2086876669022786],[106.84614111761857,-6.2087978383495397],[106.84649026861109,-6.208892106185715],[106.84685083200037,-6.2089135712042776],[106.84720853104892,-6.2088634250069958],[106.84754534424229,-6.2087334073208353],[106.8478383136873,-6.2085231467257813],[106.84808283485501,-6.2082576956361208],[106.84826538823711,-6.2079459753264814],[106.84842254296603,-6.2076199728833785],[106.84857804384171,-6.2072932815596573],[106.84869462655581,-6.2069509780051817],[106.8487875463083,-6.2066012820234846],[106.84886123585738,-6.2062469788149883],[106.84892777579626,-6.2058912591742228],[106.84899202696056,-6.205535104261628],[106.84905627902413,-6.2051789493489764],[106.84912000138701,-6.2048226982088863],[106.84918358435499,-6.2044664227871067],[106.84924716822229,-6.2041101482647036],[106.84931067115059,-6.2037538593530712],[106.84937299506771,-6.2033973617987499],[106.84943521556283,-6.2030408462579771],[106.84947838302099,-6.2027897717305223],[106.84951020912894,-6.2026879405959221],[106.84955747749564,-6.202593717725847],[106.84962245801012,-6.2025228304642042],[106.84974941440402,-6.2024270220893527],[106.85004953525788,-6.2022247798496437],[106.85034953830063,-6.2020223613428698],[106.85065871892482,-6.2018349768026724],[106.85099433242254,-6.2017010218846167],[106.85133083984647,-6.2015691623868747],[106.85164276520152,-6.2013866009108369],[106.85193969795876,-6.2011797073775483],[106.85222157516563,-6.2009531267853504],[106.85249896835279,-6.2007206880093122],[106.85277635974126,-6.2004882501325937],[106.85305375292842,-6.2002558113565556],[106.85333114521626,-6.2000233725805174],[106.85360857527559,-6.199790979669956],[106.85388624365527,-6.1995588727437507],[106.85416391473296,-6.199326767616185],[106.85444268478216,-6.1990960240622144],[106.85472788858124,-6.1988732422063322],[106.85501309417901,-6.1986504585517537],[106.85529845895678,-6.1984278916338553],[106.85559294286008,-6.1982175851733814],[106.85588840162848,-6.1980085917230667],[106.85617714785712,-6.1977906005557202],[106.85644822780353,-6.1975513449185655],[106.85670987296231,-6.1973014925698067],[106.85699660201163,-6.1970810093810087],[106.85729762578484,-6.1968801404061082],[106.85759895442828,-6.196679706703037],[106.85790028307167,-6.1964792738993424],[106.85820161171506,-6.1962788401962712],[106.85850293855981,-6.1960784046945605],[106.85880298926662,-6.1958760608314947],[106.85910258671504,-6.1956730460741483],[106.85940227859237,-6.1954701680137987],[106.85970258200859,-6.1952681973693871],[106.86000288542488,-6.1950662249262791],[106.86030318794184,-6.1948642542818675],[106.86060349135812,-6.1946622818388164],[106.86090379477434,-6.1944603111943479],[106.86120602184047,-6.1942612426621508],[106.86150877501001,-6.1940629664326821],[106.86181704282234,-6.1938735764043713],[106.86212976767467,-6.1936915023608776],[106.86245182389263,-6.1935265073423693],[106.86277586941088,-6.1933654684415842],[106.86310729656452,-6.1932202881857279],[106.86344534722508,-6.193091429725655],[106.86378609135511,-6.1929694960453503],[106.86413091391063,-6.1928600773306357],[106.86447890387836,-6.1927610997449278],[106.86483266299706,-6.1926847778801744],[106.8651868690788,-6.1926108401181068],[106.86554443412837,-6.1925550695607399],[106.8659032960004,-6.1925084343167214],[106.86626294567844,-6.1924683578284316],[106.86662301533994,-6.1924319595672159],[106.86698308500144,-6.1923955622053768],[106.86734315376361,-6.1923591639442179],[106.86770322432443,-6.1923227656830591],[106.86806329308655,-6.1922863683212199],[106.86842336274805,-6.1922499700600042],[106.86878343240954,-6.1922135717988454],[106.86914350207104,-6.1921771744370062],[106.86950357083316,-6.1921407752765276],[106.86986364139398,-6.1921043770153119],[106.87022371015615,-6.192067978754153],[106.87058369078477,-6.1920307567140185],[106.87094385307643,-6.1919955752355804],[106.87130484364366,-6.191970556096237],[106.8716664727296,-6.1919585231672727],[106.87202834013584,-6.191957845977754],[106.87239003757026,-6.1919700668650535],[106.87275059106696,-6.1920001455902138],[106.8731099682505,-6.1920419074080542],[106.8734682806367,-6.1920927631704217],[106.87382659572086,-6.1921436054429932],[106.8741850717837,-6.1921932983819943],[106.87454357662483,-6.1922427790809706],[106.87490208236528,-6.1922922597798902],[106.87526058720641,-6.1923417395795468],[106.87561914510752,-6.1923908191809005],[106.8759776679351,-6.1924401442971657],[106.87633619076263,-6.1924894694134309],[106.87669480981771,-6.1925379707507204],[106.87705473288969,-6.1925756703308821],[106.8774147360013,-6.1926127223991898],[106.87777473911297,-6.192649773568121],[106.87813474222463,-6.1926868256364287],[106.8784947453363,-6.1927238777047364],[106.87885474664932,-6.1927609297730442],[106.87921474976093,-6.1927979827406716],[106.8795747528726,-6.1928350348089793],[106.87993475598427,-6.1928720868772871],[106.88029475819661,-6.192909138945538],[106.88065476130822,-6.1929461910138457],[106.88101476441989,-6.1929832430821534],[106.88137476663223,-6.1930202951504612],[106.8817347697439,-6.1930573481180886],[106.88209477105693,-6.1930944127768726],[106.88245477416854,-6.1931314612479014],[106.88281477817952,-6.1931685061215944],[106.88317478308983,-6.193205529411614],[106.88353478620149,-6.1932425850772006],[106.88389478841384,-6.193279641642107],[106.88425526456888,-6.1933113238584383],[106.88461620657273,-6.1933376641018754],[106.88497714857658,-6.1933640043452556],[106.88533809058049,-6.1933903427900532],[106.88569903258434,-6.1934166830334334],[106.88606033071977,-6.1934369717388336],[106.88642208121416,-6.193446116944699],[106.88678397560005,-6.1934485343223287],[106.88714587268396,-6.1934507790301723],[106.88750777066713,-6.1934530237380159],[106.88786966775103,-6.1934552702444989],[106.88823156573426,-6.1934575149522857],[106.88859346281811,-6.1934597596601293],[106.88895536080133,-6.1934620052672926],[106.8893172587845,-6.1934642499751362],[106.88967915586841,-6.193466494682923],[106.89004105385163,-6.1934687402900863],[106.89040293474773,-6.1934700595955405],[106.89074423106149,-6.1934683427897426],[106.89083126295247,-6.1934462374538271],[106.89091804483195,-6.1934054549977304],[106.89098966683969,-6.1933609097781073],[106.89105866912234,-6.1932919074955066],[106.89111367885323,-6.1932137357252941],[106.89115071743174,-6.1931321303434856],[106.89116847454551,-6.1930458583796053],[106.89118459219526,-6.192903272667877],[106.89119062394821,-6.1926553286804165]]},"properties":{"OBJECTID":16,"LINE_ID":"LRT_JKT_S","GEOM_ID":"LRT_JKT_S_F1B","LINE_NAME":"Lin Selatan","MODE":"LRT","OPERATOR":"LRT Jakarta","STATUS":"Eksisting","STRUCTURE":"ELEVATED","COLOR":"#F26324","SOURCE":"Pemprov DKI Jakarta; LRT Jakarta","SRC_URL":"https://www.jakarta.go.id/siaran-pers/6984-SP-HMS-08-2026","REMARK":"Fase 1B LRT Jakarta. Kelapa Gading–Manggarai; penjadwalan ulang yang diumumkan Pemprov DKI terkait seremoni peresmian, bukan penghentian layanan.","Shape_Length":0.057818592070684217,"RELATION":"Velodrome - Manggarai"}},{"type":"Feature","id":17,"geometry":{"type":"LineString","coordinates":[[106.89119062394821,-6.1926553286804165],[106.89119338666552,-6.1925417532992242],[106.89119549287773,-6.1921798553159988],[106.89119813598523,-6.1918179609301092],[106.89120176025307,-6.1914560746380971],[106.8912050562684,-6.1910941874467653],[106.89120445282327,-6.1907323065506716],[106.89119673214356,-6.1903704922044085],[106.89118842240782,-6.1900086832540637],[106.89118011177283,-6.1896468743037758],[106.89117096476826,-6.1892850887358009],[106.89115760983589,-6.1889234335695846],[106.8911435129628,-6.1885618053829603],[106.89113615920644,-6.1882000270096],[106.89113495321556,-6.1878381254290957],[106.89113791018644,-6.1874762463316415],[106.89114315683128,-6.1871143789254006],[106.89114840257679,-6.1867525133177992],[106.89115364922162,-6.1863906459115583],[106.89115889496708,-6.1860287803039],[106.89116414161191,-6.1856669128976591],[106.89118140859517,-6.1853055706955047],[106.89120900788947,-6.1849447447041825],[106.89124311737601,-6.1845844520108244],[106.89127722596328,-6.1842241584181465],[106.89131512069633,-6.1838642641244519],[106.89135682225958,-6.1835047700290602],[106.89139855709777,-6.183145280430324],[106.89144525619366,-6.1827864122630558],[106.89149361274008,-6.1824277527385334],[106.89155148321441,-6.1820706166655555],[106.8916307053928,-6.1817175859977738],[106.89171777775329,-6.1813663126051779],[106.89180504976332,-6.1810150886753377],[106.89189799379744,-6.1806654043848539],[106.89200228817509,-6.1803188578289792],[106.89211167541356,-6.1799739363480626],[106.89223107660297,-6.1796323432579925],[106.89236242168846,-6.179295176631058],[106.8924981779486,-6.1789597268099214],[106.89264189860478,-6.1786275972857538],[106.89279479414449,-6.1782997350446749],[106.89297165301946,-6.177984299635682],[106.89316181016949,-6.177676473390477],[106.89335942989385,-6.1773732894457112],[106.8935564740521,-6.1770697286850123],[106.89375495083038,-6.1767671086151381],[106.89398043604837,-6.176485353716032],[106.89424969576692,-6.1762450836436642],[106.89455969567348,-6.1760597576516716],[106.89488099466223,-6.1758932490741358],[106.89520114791469,-6.1757244993860922],[106.89551374506334,-6.1755425008856832],[106.8958028222425,-6.1753258263257749],[106.89605884124256,-6.1750707003524781],[106.89628343163514,-6.1747874795584607],[106.89648906341961,-6.174489696042599],[106.89669383275424,-6.1741912955917542],[106.8968956370241,-6.1738908860555171],[106.89709666607831,-6.1735899504158169],[106.89729550888069,-6.1732875866527479],[106.89749058712096,-6.172982761445212],[106.89768416169477,-6.1726769820570553],[106.89787662920315,-6.1723705002983138],[106.89806909581216,-6.1720640167409329],[106.89826156242123,-6.1717575349821914],[106.89845402903029,-6.1714510532235067],[106.89864649473998,-6.1711445696661258],[106.89883896224836,-6.1708380879073843],[106.89903142885743,-6.1705316052493231],[106.89922388737256,-6.1702251180946632],[106.89941590432056,-6.1699183539488445],[106.89960769104215,-6.1696114468107908],[106.8998009481553,-6.1693054650751264],[106.89999468370775,-6.1689997828136711],[106.90018769530593,-6.1686936445959759],[106.90037990740689,-6.1683870018586049],[106.90057211770915,-6.1680803600205536],[106.90076432891072,-6.1677737172831826],[106.90095654101162,-6.1674670754451313],[106.9011487612064,-6.1671604372043589],[106.90134101917278,-6.1668538241445958],[106.90153327713909,-6.1665472110848896],[106.90172553510541,-6.1662405980251265],[106.90191779307173,-6.1659339849653634],[106.90211008701095,-6.1656273943887072],[106.90230317864882,-6.1653213047343911],[106.90249653738533,-6.1650153850519587],[106.90268989522252,-6.1647094635708299],[106.90288325305977,-6.1644035429890778],[106.90307661089696,-6.1640976233066453],[106.90326996873415,-6.1637917018255166],[106.90346332657134,-6.1634857812437644],[106.90365668530785,-6.1631798606620123],[106.90385004314504,-6.1628739400802033],[106.90404340098223,-6.1625680185991314],[106.90423675881942,-6.1622620980173792],[106.90443011665661,-6.16195617833489],[106.90462347539312,-6.1616502568538181],[106.90481683323031,-6.1613443362720659],[106.90500809564713,-6.1610371179685899],[106.90519984909383,-6.1607301946427242],[106.90539111510793,-6.1604229619500757],[106.90558238112203,-6.1601157301567468],[106.90577375595416,-6.1598085640139857],[106.90596553817909,-6.1595016541779728],[106.90615747688611,-6.1591948423680378],[106.90634929238598,-6.1588879532164356],[106.90654121040859,-6.1585811288159675],[106.90673308256578,-6.1582742774359076],[106.90692224506563,-6.1579658000815698],[106.9071150201421,-6.1576595863207899],[106.90730653886573,-6.1573525586736082],[106.90749786513442,-6.1570453781416177],[106.90769034703197,-6.1567389071747698],[106.90788244401966,-6.1564321942902893],[106.90807370014119,-6.1561249562017224],[106.90826431774411,-6.1558173206128117],[106.90845493624636,-6.1555096850239011],[106.90864530923369,-6.1552018983488779],[106.90883883704277,-6.1548961792152568],[106.90894977651107,-6.1547600317500155],[106.90908878741766,-6.1546471146725708],[106.9092428394855,-6.1545835847645662],[106.90943276101319,-6.1545702640064519],[106.90979187559464,-6.1546090373770994],[106.910150258128,-6.1546593913178071],[106.91050949681591,-6.154702539890252],[106.91086987314617,-6.1547355926734326],[106.91123091407547,-6.1547604103645881],[106.91159202874917,-6.1547842990561321],[106.91195314432224,-6.1548081868482996],[106.9123143858003,-6.1548298775967396],[106.91267586829673,-6.1548473460281343],[106.91303734989384,-6.1548648135602662],[106.91339883239027,-6.1548822828909806],[106.9137593238338,-6.1549089666754071],[106.91391114468365,-6.1549636895226172],[106.9140724983472,-6.1550781741183869],[106.91417032839797,-6.1552265658532974],[106.91422267793428,-6.1553985504027082],[106.91422720692015,-6.1557601785893326],[106.91422321842686,-6.1561220576867868],[106.9142191121224,-6.1564839385828805],[106.91421500581794,-6.1568458185795976],[106.9141925533437,-6.1584143198649031]]},"properties":{"OBJECTID":17,"LINE_ID":"LRT_JKT_S","GEOM_ID":"LRT_JKT_S_F1A","LINE_NAME":"Lin Selatan","MODE":"LRT","OPERATOR":"LRT Jakarta","STATUS":"Eksisting","STRUCTURE":"ELEVATED","COLOR":"#F26324","SOURCE":"Pemprov DKI Jakarta; LRT Jakarta","SRC_URL":"https://www.lrtjakarta.co.id/sejarah.html","REMARK":"Fase 1A LRT Jakarta. Operasional komersial dimulai 1 Desember 2019; nama terminus utara kini Kelapa Gading (sebelumnya Pegangsaan Dua).","Shape_Length":0.051960168275659545,"RELATION":"Kelapa Gading - Velodrome"}},{"type":"Feature","id":18,"geometry":{"type":"LineString","coordinates":[[106.84202264982548,-6.2074203998315625],[106.8419690808085,-6.2074022029492539],[106.84191551179151,-6.2073840060670022],[106.84186194187515,-6.2073658091846937],[106.84180837285817,-6.207347612302442],[106.84175480384118,-6.2073294154201335],[106.8417012348242,-6.2073112176385621],[106.84164766580722,-6.2072930207562536],[106.84159418132646,-6.2072745738624349],[106.84154070314099,-6.2072561089822216],[106.84148722495553,-6.2072376441019514],[106.84143374677006,-6.2072191783223616],[106.8413802685846,-6.2072007134421483],[106.84132679039914,-6.2071822467632387],[106.84127331221367,-6.2071637818829686],[106.84121983402815,-6.2071453161034356],[106.84116635584269,-6.2071268512231654],[106.84111287765722,-6.2071083854435756],[106.84105940037108,-6.2070899196640426],[106.8410059212863,-6.2070714547837724],[106.84095244310083,-6.2070529890041826],[106.84089896491537,-6.2070345241239693],[106.8408454867299,-6.2070160583443794],[106.84079200944376,-6.2069975925647896],[106.8407385312583,-6.2069791267851997],[106.84068505217346,-6.2069606619049864],[106.84063157398799,-6.2069421961253965],[106.84057809580253,-6.2069237312451264],[106.84052461761706,-6.2069052663649131],[106.84047114033092,-6.2068867996860035],[106.84041766214546,-6.2068683348057334],[106.84036418306067,-6.2068498690262004],[106.84031070487521,-6.2068314041459303],[106.84025722668974,-6.2068129383663404],[106.8402037494036,-6.2067944725868074],[106.84015027121808,-6.2067760068072175],[106.84009679303261,-6.2067575419269474],[106.84004331394783,-6.2067390770467341],[106.83998983576237,-6.2067206112671442],[106.8399363575769,-6.2067021463868741],[106.83988288029076,-6.2066836797080214],[106.83982940210529,-6.2066652148277512],[106.83977592391983,-6.2066467490481614],[106.83972244483505,-6.2066282841679481],[106.83966896664953,-6.2066098183883582],[106.83961548936338,-6.2065913526087684],[106.83956201117792,-6.2065728877285551],[106.83950853299245,-6.2065544219489652],[106.83945505480699,-6.2065359570686951],[106.83940157572221,-6.2065174912891621],[106.83934809843606,-6.206499026408892],[106.8392946202506,-6.2064805597299824],[106.83924114206513,-6.2064620948497691],[106.83918766387967,-6.2064436290701792],[106.83913418569415,-6.2064251641899091],[106.83908070660937,-6.2064066993096958],[106.83902722932322,-6.2063882326307862],[106.83897375113776,-6.2063697677505161],[106.83892027295229,-6.2063513019709831],[106.83886679476683,-6.2063328370907129],[106.83881331658137,-6.2063143713111231],[106.8387598383959,-6.2062959064309098],[106.83870636021044,-6.2062774406513199],[106.83865288202497,-6.2062589748717301],[106.83859940383945,-6.2062405099915168],[106.83854607404214,-6.2062216413156648],[106.83849290612278,-6.2062023319720083],[106.83843973820342,-6.2061830244269913],[106.83838674924914,-6.206163226751471],[106.83833401210501,-6.2061427401952756],[106.83828127406161,-6.2061222536390233],[106.83822853691748,-6.2061017670828278],[106.83817579887409,-6.2060812814259521],[106.83812306172996,-6.2060607939704369],[106.83807032368657,-6.2060403083135043],[106.83801758744175,-6.2060198217573088],[106.83796485029768,-6.2059993352011134],[106.83791211225423,-6.2059788486449179],[106.83785937511016,-6.2059583620886656],[106.83780663706671,-6.2059378764317898],[106.83775389992263,-6.2059173889762747],[106.83770116187918,-6.2058969033193989],[106.83764842473505,-6.2058764167632035],[106.83759568759098,-6.2058559302069511],[106.83754295044685,-6.2058354436507557],[106.83749021330277,-6.2058149570945602],[106.83743747525932,-6.2057944714376845],[106.83738473811525,-6.2057739839821124],[106.8373320000718,-6.2057534983252367],[106.83727933577279,-6.2057328319046405],[106.83722686213002,-6.2057116951385751],[106.83717435970897,-6.2056906429087917],[106.83711978974657,-6.2056758310747],[106.83706486275327,-6.2056624329748615],[106.83700937728099,-6.20565163301643],[106.83695344034908,-6.2056431658993461],[106.83689750341711,-6.2056346978829424],[106.83684156108922,-6.2056262631414825],[106.83678557379528,-6.2056181179817145],[106.83672958740061,-6.2056099737212662],[106.83667360010662,-6.2056018285614982],[106.83661761281263,-6.2055936852003697],[106.83656162461932,-6.2055855400406017],[106.83650563822471,-6.2055773948808337],[106.83644965093072,-6.2055692506203854],[106.83639366363673,-6.2055611063599372],[106.83633767724206,-6.2055529620994889],[106.83628168994807,-6.2055448169397209],[106.83622570175481,-6.2055366726792727],[106.83616971536014,-6.2055285284188244],[106.83611372806615,-6.2055203841583761],[106.83605774077216,-6.2055122389986082],[106.83600175437755,-6.2055040938388402],[106.83594576708356,-6.2054959495783351],[106.83588977889025,-6.2054878053178868],[106.83583379159626,-6.2054796610574385],[106.83577780520159,-6.2054715158976705],[106.83572181790765,-6.2054633716372223],[106.83566583061366,-6.205455227376774],[106.83560984331967,-6.2054470831163258],[106.83555385602568,-6.2054389379565578],[106.83549786873169,-6.2054307936961095],[106.83544188233708,-6.2054226494356612],[106.83538589504309,-6.2054145042758933],[106.8353299077491,-6.205406360015445],[106.83527391955579,-6.205398214855677],[106.83521793316118,-6.2053900705952287],[106.83516194586718,-6.2053819263347805],[106.83510595857319,-6.2053737820743322],[106.83504997217852,-6.2053656369145642],[106.83499398488453,-6.205357492654116],[106.83493799669128,-6.2053493483936677],[106.83488201029661,-6.2053412032338997],[106.83482602300262,-6.2053330589734514],[106.83477003570863,-6.2053249138136835],[106.83471404931396,-6.2053167695532352],[106.83465806202003,-6.2053086252927869],[106.83460207382672,-6.2053004810323387],[106.83454608743205,-6.2052923358725707],[106.83449010013805,-6.2052841916121224],[106.83443411284406,-6.2052760473516742],[106.83437812644945,-6.2052679021919062],[106.83432213915546,-6.2052597579314579],[106.83426615096215,-6.2052516127716899],[106.83421016366816,-6.2052434694105614],[106.83415417727355,-6.2052353242507934],[106.83409818997956,-6.2052271799903451],[106.83404220268557,-6.2052190348305203],[106.83398621539158,-6.205210890570072],[106.83393022809759,-6.2052027463096238],[106.83387426598466,-6.2051944383725868],[106.83381837311947,-6.2051856771772123],[106.83376248025434,-6.2051769168811575],[106.83370658738914,-6.2051681556857829],[106.83365069362469,-6.2051593962890479],[106.8335948007595,-6.2051506350936734],[106.83353890789436,-6.2051418747976186],[106.83348301502917,-6.2051331136022441],[106.83342712216404,-6.205124354205509],[106.83337122929885,-6.2051155930101345],[106.83331533643371,-6.2051068327141365],[106.8332594426692,-6.2050980724180818],[106.83320354980407,-6.205089312122027],[106.83314765693888,-6.2050805509266524],[106.83309176317437,-6.2050717906305977],[106.83303587030923,-6.2050630303345429],[106.83297997744404,-6.2050542700384881],[106.8329238327687,-6.2050473308696041],[106.83286764222794,-6.2050407370403491],[106.83281145078786,-6.205034143211094],[106.83275525934778,-6.205027549381839],[106.8326990679077,-6.2050209546532642],[106.83264287736694,-6.205014360824066],[106.83258668592686,-6.2050077660954912],[106.83253049358746,-6.2050011722662362],[106.83247430304669,-6.2049945784369811],[106.83241811160661,-6.2049879837084063],[106.83236192106585,-6.2049813898792081],[106.83230572872645,-6.2049747960499531],[106.83224953818569,-6.2049682013213783],[106.83219334674561,-6.2049616065928035],[106.83213715530553,-6.2049550127636053],[106.83208096386545,-6.2049484189343502],[106.83202477332469,-6.2049418251050952],[106.83196858188461,-6.2049352312758401],[106.83191239044453,-6.2049286374466419],[106.83185621878954,-6.2049218817393808],[106.83180005163115,-6.2049150837640354],[106.8317438862714,-6.2049082848893704],[106.83168771911301,-6.2049014860147054],[106.83163155285393,-6.2048946880393601],[106.83157538659486,-6.204887889164695],[106.83151922033579,-6.2048810911893497],[106.83146305407672,-6.2048742923146847],[106.83140688691833,-6.2048674943393394],[106.83135072065932,-6.2048606945653546],[106.83129455529956,-6.2048538956906896],[106.83123838814117,-6.2048470977153443],[106.83118225335835,-6.2048400587216861],[106.83112617703148,-6.2048325601744523],[106.83107010070466,-6.2048250607278987],[106.83101402527711,-6.2048175621807218],[106.83095794984956,-6.2048100627341682],[106.83090254711493,-6.2047987168872396],[106.83084726938603,-6.2047866632738646],[106.8307919907578,-6.2047746087611131],[106.83073671392827,-6.2047625551477381],[106.83068143619937,-6.2047505006350434],[106.8306261575712,-6.2047384479209882],[106.8305708798423,-6.2047263943076132],[106.83051560840869,-6.2047143128152129],[106.83046036575331,-6.2047021000218479],[106.83040512309799,-6.2046898863291631],[106.83034988044267,-6.2046776726364214],[106.83029463688803,-6.2046654589437367],[106.83023939423271,-6.2046532461503148],[106.83018415067806,-6.2046410315583103],[106.83012890802274,-6.2046288187649452],[106.83007366536742,-6.2046166050722036],[106.8300184227121,-6.2046043922788385],[106.82996318005678,-6.2045921776867772],[106.82990793740146,-6.2045799648934121],[106.82985269384682,-6.2045677521000471],[106.8297974511915,-6.2045555384073054],[106.82974220763685,-6.2045433247146207],[106.82968696498153,-6.2045311110219359],[106.82963172322553,-6.204518898228514],[106.82957647967083,-6.2045066836365095],[106.82952123701551,-6.2044944708430876],[106.82946599436019,-6.2044822571504028],[106.82941075080555,-6.2044700443570378],[106.82935550815023,-6.2044578297649764],[106.82930026459559,-6.2044456169716113],[106.82924502194027,-6.2044334032788697],[106.82918978018427,-6.2044211895861849],[106.82913453662962,-6.2044089758935002],[106.8290792939743,-6.2043967631000783],[106.82902405131898,-6.2043845494073935],[106.82896880776434,-6.2043723357146519],[106.82891356510902,-6.2043601220219671],[106.82885832155438,-6.204347909228602],[106.82880307889906,-6.2043356946365407],[106.82874783714306,-6.2043234818431756],[106.82869259358836,-6.204311268150434],[106.82863735093304,-6.2042990553570689],[106.82858210827771,-6.2042868407650644],[106.82852686472307,-6.2042746279716425],[106.82847162206775,-6.2042624151782775],[106.82841637941243,-6.2042502005862161],[106.82836113585779,-6.2042379877928511],[106.82830589410179,-6.2042257741001663],[106.82825065144647,-6.2042135613067444],[106.82819540789183,-6.2042013467147399],[106.8281401652365,-6.2041891339213748],[106.82808492168186,-6.2041769202286332],[106.82802967902654,-6.2041647074352682],[106.82797443637122,-6.2041524928432068],[106.82791919281658,-6.2041402800498417],[106.82786395106058,-6.204128066357157],[106.82780870840526,-6.2041158526644153],[106.82775346485056,-6.2041036389717306],[106.82769822219524,-6.2040914261783087],[106.8276429786406,-6.2040792115863042],[106.82758773598528,-6.2040669987929391],[106.82753249332995,-6.2040547851001975],[106.82747725067463,-6.2040425723068324],[106.82742200801931,-6.2040303577147711],[106.82736676536399,-6.204018144921406],[106.82731152180935,-6.2040059312287212],[106.82725627915403,-6.2039937184352993],[106.82720103559939,-6.2039815038432948],[106.82714579294407,-6.2039692910498729],[106.82709055028874,-6.2039570773571882],[106.82703530763342,-6.2039448636645034],[106.8269800649781,-6.2039326508710815],[106.82692482232278,-6.2039204371783967],[106.82686957876808,-6.2039082243849748],[106.82681433611276,-6.2038960097929703],[106.82675909255812,-6.2038837969996052],[106.8267038499028,-6.2038715833068636],[106.82664860724748,-6.2038593696141788],[106.82659336459216,-6.2038471559214372],[106.82653812193684,-6.2038349431280722],[106.82648287928151,-6.2038227294353874],[106.82642763572687,-6.2038105157426457],[106.82637239307155,-6.203798302049961],[106.82631715041623,-6.2037860892565391],[106.82626190686159,-6.2037738746645346],[106.82620666420627,-6.2037616618711695],[106.82615142155095,-6.2037494481784279],[106.82609617889563,-6.2037372353850628],[106.8260409362403,-6.2037250207930015],[106.82598569268561,-6.2037128079996364],[106.82593045003028,-6.2037005943069516],[106.82587520737496,-6.20368838061421],[106.82581996382032,-6.2036761669215252],[106.825764721165,-6.2036639541281602],[106.825709479409,-6.2036517404354186],[106.82565423585436,-6.2036395267427338],[106.82559899319904,-6.2036273130499922],[106.8255437496444,-6.2036151002566271],[106.82353854566742,-6.2031749477656035],[106.82271218471959,-6.2030178541905912],[106.8222830120514,-6.2029267555652723],[106.82210435003577,-6.2028930732566891],[106.8220698482653,-6.2028779093203905],[106.82203733222752,-6.2028588561207307],[106.82200723849024,-6.2028361694703431],[106.82197997109887,-6.2028101539654017],[106.82193721724123,-6.2027825356022106],[106.82189204367484,-6.2027590831987736],[106.82184485511718,-6.2027400068690808],[106.82179607433842,-6.2027254775211471],[106.82174613837367,-6.2027156253258227],[106.81973202301452,-6.2022408075671933],[106.81840320004773,-6.2019417416180431]]},"properties":{"OBJECTID":18,"LINE_ID":"LRT_JKT_S","GEOM_ID":"LRT_JKT_S_F1C","LINE_NAME":"Lin Selatan","MODE":"LRT","OPERATOR":"LRT Jakarta","STATUS":"Rencana","STRUCTURE":"ELEVATED","COLOR":"#F26324","SOURCE":"Jakarta Investment Centre; RTRW DKI Jakarta; RDTR DKI Jakarta; JUTPI3","SRC_URL":"https://invest.jakarta.go.id/potential-projects/35/transportation/143/lrt-jakarta-phase-1c-manggarai-dukuh-atas","REMARK":"Fase 1C LRT Jakarta, rencana Manggarai–Dukuh Atas sepanjang sekitar 2,4 km. Baseline resmi Jakarta Investment Centre menyebut satu stasiun utama di Dukuh Atas.","Shape_Length":0.024324198042174925,"RELATION":"Manggarai - Dukuh Atas"}},{"type":"Feature","id":19,"geometry":{"type":"LineString","coordinates":[[106.87539049967188,-6.2479223996989504],[106.87516310968982,-6.2477346221550647],[106.87493571880844,-6.2475468437118025],[106.87470832792707,-6.2473590661679168],[106.87448224286129,-6.2471697417901169],[106.87425916602774,-6.246976856996298],[106.87403608919425,-6.2467839731018557],[106.87380161255442,-6.2466072949906106],[106.87352587681784,-6.2465043199183583],[106.87324114965941,-6.2464277723237842],[106.8729540213111,-6.246360498538138],[106.8726686439428,-6.2462862289262944],[106.87238372612813,-6.2462101363886404],[106.87209834156528,-6.2461358155154016],[106.87181306132379,-6.2460611007391549],[106.87152786651791,-6.2459860622069527],[106.87124267261129,-6.2459110236747506],[106.87095834385252,-6.2458327565764193],[106.87067410772397,-6.2457541513329602],[106.8703912286723,-6.2456709109837334],[106.87011155660309,-6.2455775082952982],[106.86983689825433,-6.245470224571136],[106.86956685522625,-6.2453517946495367],[106.86929698576733,-6.2452329249594527],[106.86902604881317,-6.2451164996267039],[106.86875457676234,-6.2450013000698732],[106.86848310381225,-6.2448861014124191],[106.86821163176148,-6.2447709027549081],[106.86794055361372,-6.2446547957821394],[106.86767054565922,-6.2445362345595186],[106.86740053680541,-6.2444176742362174],[106.8671281015807,-6.2443047850377411],[106.86685273276748,-6.2441993125481758],[106.86657520648066,-6.2440996496790149],[106.86629637527756,-6.2440036173729823],[106.86601754407445,-6.2439075850669497],[106.86573817507679,-6.2438131751378592],[106.86545604426107,-6.2437275488872501],[106.86517025230535,-6.2436550383492886],[106.86488151866723,-6.2435954016064557],[106.86459170764124,-6.2435408280467186],[106.8643012760831,-6.2434897294673988],[106.86400905127675,-6.2434506710116011],[106.8637149495853,-6.2434292914285834],[106.86342026603251,-6.2434179824538774],[106.86312554920477,-6.2434074397015138],[106.86283069388151,-6.2434033306990955],[106.86253591500054,-6.2434104803093646],[106.86224116399859,-6.2434199870427278],[106.86194648674103,-6.2434315703106904],[106.86165181757735,-6.2434433334430537],[106.8613572977012,-6.2434583728056054],[106.86106274724807,-6.2434727907366323],[106.86076814013762,-6.2434860242605623],[106.86047340352479,-6.2434956595969879],[106.86017860935539,-6.2435037238177529],[106.85988376032736,-6.2435089695632655],[106.85958887532638,-6.2435124085707798],[106.85929398942613,-6.2435158295918427],[106.85899908643876,-6.2435164762043769],[106.8587041933439,-6.2435144329446643],[106.85840930114841,-6.243511751166352],[106.85811442154341,-6.2435081268985186],[106.85781956981737,-6.2435027291675738],[106.85752474776893,-6.2434957792067962],[106.85722992572056,-6.2434888283466989],[106.85693513424911,-6.2434807893069433],[106.85664037875051,-6.2434714705319152],[106.85634562235265,-6.2434621508575106],[106.85605081469339,-6.2434546702967282],[106.85575600073889,-6.2434474019759705],[106.85546114451625,-6.2434429431372678],[106.85516624332752,-6.2434414898328328],[106.85487134213878,-6.2434400365283977],[106.85457644095004,-6.2434385841233393],[106.85428153886198,-6.2434371308189043],[106.85398663767324,-6.243435678413789],[106.85369173648451,-6.243434225109354],[106.85339683529577,-6.243432771804919],[106.85310193410703,-6.2434313193998037],[106.85280703291829,-6.2434298660953687],[106.85251213172955,-6.2434284136903102],[106.85221730878186,-6.243429809438112],[106.85192289592499,-6.2434443020129038],[106.8516286512413,-6.2434640214473802],[106.85133439396719,-6.243483557420177],[106.85104013759235,-6.2435030933929738],[106.85074588031819,-6.2435226293658275],[106.85045162304402,-6.2435421653386243],[106.85015736576986,-6.2435617013114211],[106.84986295381231,-6.2435786148611214],[106.84956834850055,-6.243591381636918],[106.84927352645212,-6.2435983774631154],[106.84897870440375,-6.2436053741886326],[106.84868401725367,-6.243616278468437],[106.84838952885372,-6.2436315246750951],[106.84809525359316,-6.2436507422878549],[106.84780150083867,-6.2436764637977262],[106.84750795133095,-6.2437047061072803],[106.84721440182324,-6.2437329484167776],[106.8469208514162,-6.2437611907263317],[106.84662657255836,-6.2437782850397525],[106.84633184583805,-6.2437885211232924],[106.8460370543666,-6.2437844561876545],[106.84574254798025,-6.243769156021699],[106.84544805238579,-6.2437536211326687],[106.84515355679127,-6.2437380862436385],[106.84485906119676,-6.2437225522539279],[106.8445645656023,-6.2437070173648976],[106.84427007000778,-6.2436914824758674],[106.84397557441326,-6.2436759484862137],[106.8436810788188,-6.2436604135971834],[106.8433870104023,-6.2436396356605997],[106.84309607882102,-6.2435924914003067],[106.84281135166259,-6.2435167576921913],[106.84253364731006,-6.2434178313677648],[106.84226268787279,-6.2433016218723196],[106.8419936556827,-6.2431808330289869],[106.84172462349267,-6.2430600441856541],[106.84145073856081,-6.2429510265685622],[106.84116884066952,-6.2428649065901141],[106.84088288143988,-6.2427928403172928],[106.84059692310956,-6.2427207731450949],[106.84031198910708,-6.2426448029152652],[106.84002852999271,-6.242563502403641],[106.83974526243395,-6.2424815651720564],[106.83946182850065,-6.2424002277882096],[106.83917839366802,-6.2423188904044196],[106.83889370607972,-6.2422419659939123],[106.83860886111012,-6.2421656108542152],[106.83832401434182,-6.2420892701036905],[106.83803911271497,-6.2420131388951745],[106.83775418051107,-6.2419371201019658],[106.8374691772608,-6.241861358514825],[106.83718417401047,-6.241785597827004],[106.83689892614461,-6.2417107823267202],[106.83661273488985,-6.24163962346978],[106.83632677745885,-6.2415675392105072],[106.83604088837637,-6.2414951860539531],[106.83575497231419,-6.2414229381180348],[106.83546905625201,-6.2413506892828536],[106.83518314108915,-6.2412784413469353],[106.83489759554766,-6.2412047535964348],[106.83461243851326,-6.2411295558842426],[106.83432728237824,-6.2410543581720503],[106.83404212534384,-6.2409791595605384],[106.83375696920882,-6.2409039618482893],[106.83347235086836,-6.2408268171038799],[106.83319083698757,-6.2407391296071069],[106.83291529370592,-6.2406342407775242],[106.83264714015348,-6.2405117666046976],[106.83238732601433,-6.2403722826546755],[106.83213000929254,-6.240228208564929],[106.8318740406545,-6.2400817845466463],[106.83162487268976,-6.2399241819553595],[106.83138099094003,-6.2397584180165495],[106.83113858497779,-6.2395904660271526],[106.83089508993652,-6.2394241445086323],[106.83064627090874,-6.2392658575332689],[106.83039585288634,-6.2391101021494251],[106.83014411915582,-6.2389564889507483],[106.82989193216702,-6.2388036140954455],[106.82963617217166,-6.2386570956484206],[106.82937199901858,-6.2385260842113439],[106.82910641662789,-6.2383978849543951],[106.82884083423716,-6.2382696856973894],[106.82858021880213,-6.2381317359907484],[106.82832489228002,-6.2379841959138389],[106.82807292562507,-6.2378309613297347],[106.82782568310887,-6.2376703774858697],[106.82761614287074,-6.2374648868949407],[106.82747359852783,-6.2372081043704952],[106.82740614667637,-6.2369223205086541],[106.82742946160045,-6.2366297764429532],[106.82753085566452,-6.2363537394334685],[106.8276823428659,-6.2361009660866671],[106.82784186910703,-6.2358529384623012],[106.82801410456733,-6.2356137898444786],[106.82820727894284,-6.2353911500814547],[106.82841339456257,-6.2351802959338443],[106.82863649927509,-6.2349878059424668],[106.8288764069207,-6.2348167135204449],[106.82913342596692,-6.2346726304375011],[106.82939916214167,-6.2345449186130395],[106.82966772668431,-6.2344230910527472],[106.82993629212626,-6.2343012634924548],[106.83020485666884,-6.2341794368314822],[106.83046573110869,-6.2340423198970711],[106.83071796486223,-6.2338899765411497],[106.83096084926382,-6.2337228366395721],[106.83119762367147,-6.2335471765608759],[106.8314206276599,-6.2333543196460823],[106.83163201240751,-6.2331489837385448],[106.83183044421969,-6.2329308801559478],[106.83201917594425,-6.232704354422367],[106.83220157464302,-6.23247281227043],[106.83236909225985,-6.2322302552220776],[106.83252214338228,-6.2319782543928568],[106.83264890012669,-6.2317121782743357],[106.83277750587723,-6.2314468602843363],[106.83288462232753,-6.2311723620148314],[106.83297851694505,-6.2308928203473215],[106.833063216894,-6.2306103549838667],[106.83314575037616,-6.2303272564976169],[106.8332094394641,-6.2300396461127434],[106.83324279711746,-6.229746762103332],[106.83324453820495,-6.229452169382057],[106.83322951503015,-6.2291577637197975],[106.83320832520411,-6.2288636260554426],[106.83318700497637,-6.228569493787063],[106.83316582054624,-6.2282753507267898],[106.8331446352168,-6.2279812076665735],[106.83312345078667,-6.2276870646063003],[106.83310226545723,-6.2273929215460271],[106.8330810810271,-6.2270987784858107],[106.83305989569772,-6.2268046354255375],[106.83303871126759,-6.2265104923652643],[106.83301752593815,-6.226216349305048],[106.83299516429548,-6.2259222961769751],[106.83297129898631,-6.2256283599608082],[106.83294743367719,-6.2253344237446413],[106.83292349552295,-6.2250404929243359],[106.83289978579654,-6.2247465441176928],[106.83287607337218,-6.2244525953109928],[106.83284737420701,-6.2241591681111004],[106.832797552665,-6.2238686502179803],[106.83272695048845,-6.2235823609371437],[106.83265604973695,-6.2232961067298902],[106.83258514988484,-6.223009851623317],[106.8325142428381,-6.222723599214703],[106.83244301473343,-6.2224374259463957],[106.83237138553108,-6.2221513516035429],[106.8322997572281,-6.2218652781600099],[106.83222813342167,-6.2215792029178374],[106.83215652670242,-6.2212931231790662],[106.8320849190838,-6.2210070434402382],[106.83200275342438,-6.2207239476520044],[106.83190067137895,-6.2204474268072545],[106.83178170276341,-6.2201776050123954],[106.83166253180048,-6.219907865055859],[106.83154902386843,-6.2196357149162509],[106.83144746073179,-6.2193590780589716],[106.83135719038211,-6.2190783286019382],[106.83126692093174,-6.2187975791449048],[106.831178884498,-6.218516141706516],[106.83109508207247,-6.2182334020498047],[106.83101756590798,-6.2179490615998816],[106.83095527976241,-6.2176608153942539],[106.83089299451615,-6.2173725682893632],[106.83083196472347,-6.2170840630790281],[106.8307753470047,-6.2167946450567797],[106.83072716222881,-6.2165037179721594],[106.83069234947243,-6.216210944579359],[106.83066911548735,-6.2159169714909694],[106.83064701195008,-6.2156228958799034],[106.83062490841286,-6.2153288211681001],[106.83060280487558,-6.2150347455570341],[106.83058070133836,-6.2147406699459111],[106.83055895663063,-6.2144465682544592],[106.83053743945135,-6.2141524485766126],[106.83051592227207,-6.213858329798029],[106.83049440419347,-6.2135642110195022],[106.83047264599588,-6.21327011022737],[106.83045046421762,-6.2129760445088209],[106.83044162388188,-6.2126813051980321],[106.83044290361715,-6.2123864390828771],[106.83044659083754,-6.2120915567798534],[106.83044934456166,-6.2117966744768864],[106.83044622841078,-6.2115017849793617],[106.83044017867138,-6.2112069764207831],[106.8304251716844,-6.2109124664371507],[106.83040642801433,-6.2106181579015924],[106.83038159503462,-6.2103243547850866],[106.8303514299746,-6.2100309968329839],[106.83031420523645,-6.2097384734517505],[106.83026152834691,-6.2094483755420242],[106.83020088346404,-6.2091598073791374],[106.83013218874959,-6.2088730405583306],[106.83005267878815,-6.2085891119978669],[106.8299622258761,-6.2083084470771155],[106.82986168796657,-6.2080312364523706],[106.82974238929989,-6.2077616826554731],[106.82962066965825,-6.2074930722474164],[106.82949642382096,-6.2072256507431121],[106.82936724160498,-6.2069605449931373],[106.82921871497177,-6.206706240100857],[106.82902718725495,-6.2064823080120846],[106.82883936384565,-6.2062552067123988],[106.82868350414049,-6.2060054415978243],[106.82855432821975,-6.2057404806386103],[106.82837733354717,-6.205506435673442],[106.82812969173193,-6.205349441923147],[106.82784712924166,-6.2052678608230849],[106.82755535949229,-6.2052252923133437],[106.82726371744667,-6.2051817093683326],[106.82697376073054,-6.2051280495198284],[106.82668472042354,-6.2050695684058041],[106.8263960641271,-6.2050091816283839],[106.82610740962929,-6.2049487876564058],[106.82581875513148,-6.2048883936843708],[106.82553009973435,-6.2048279997123927],[106.82293200960464,-6.2042835708300572]]},"properties":{"OBJECTID":19,"LINE_ID":"LRT_JB_BK","GEOM_ID":"LRT_JB_BK_01","LINE_NAME":"Lin Bekasi","MODE":"LRT","OPERATOR":"LRT Jabodebek","STATUS":"Eksisting","STRUCTURE":"ELEVATED","COLOR":"#006838","SOURCE":"LRT Jabodebek","SRC_URL":"https://lrtjabodebek.kai.id/informasi-peta-rute","REMARK":"Segmen bersama Lin Bekasi antara Dukuh Atas dan Cawang.","Shape_Length":0.091103181624274499,"RELATION":"Dukuh Atas - Cawang"}},{"type":"Feature","id":20,"geometry":{"type":"LineString","coordinates":[[106.87539049967188,-6.2479223996989504],[106.87516310968982,-6.2477346221550647],[106.87493571880844,-6.2475468437118025],[106.87470832792707,-6.2473590661679168],[106.87448224286129,-6.2471697417901169],[106.87425916602774,-6.246976856996298],[106.87403608919425,-6.2467839731018557],[106.87380161255442,-6.2466072949906106],[106.87352587681784,-6.2465043199183583],[106.87324114965941,-6.2464277723237842],[106.8729540213111,-6.246360498538138],[106.8726686439428,-6.2462862289262944],[106.87238372612813,-6.2462101363886404],[106.87209834156528,-6.2461358155154016],[106.87181306132379,-6.2460611007391549],[106.87152786651791,-6.2459860622069527],[106.87124267261129,-6.2459110236747506],[106.87095834385252,-6.2458327565764193],[106.87067410772397,-6.2457541513329602],[106.8703912286723,-6.2456709109837334],[106.87011155660309,-6.2455775082952982],[106.86983689825433,-6.245470224571136],[106.86956685522625,-6.2453517946495367],[106.86929698576733,-6.2452329249594527],[106.86902604881317,-6.2451164996267039],[106.86875457676234,-6.2450013000698732],[106.86848310381225,-6.2448861014124191],[106.86821163176148,-6.2447709027549081],[106.86794055361372,-6.2446547957821394],[106.86767054565922,-6.2445362345595186],[106.86740053680541,-6.2444176742362174],[106.8671281015807,-6.2443047850377411],[106.86685273276748,-6.2441993125481758],[106.86657520648066,-6.2440996496790149],[106.86629637527756,-6.2440036173729823],[106.86601754407445,-6.2439075850669497],[106.86573817507679,-6.2438131751378592],[106.86545604426107,-6.2437275488872501],[106.86517025230535,-6.2436550383492886],[106.86488151866723,-6.2435954016064557],[106.86459170764124,-6.2435408280467186],[106.8643012760831,-6.2434897294673988],[106.86400905127675,-6.2434506710116011],[106.8637149495853,-6.2434292914285834],[106.86342026603251,-6.2434179824538774],[106.86312554920477,-6.2434074397015138],[106.86283069388151,-6.2434033306990955],[106.86253591500054,-6.2434104803093646],[106.86224116399859,-6.2434199870427278],[106.86194648674103,-6.2434315703106904],[106.86165181757735,-6.2434433334430537],[106.8613572977012,-6.2434583728056054],[106.86106274724807,-6.2434727907366323],[106.86076814013762,-6.2434860242605623],[106.86047340352479,-6.2434956595969879],[106.86017860935539,-6.2435037238177529],[106.85988376032736,-6.2435089695632655],[106.85958887532638,-6.2435124085707798],[106.85929398942613,-6.2435158295918427],[106.85899908643876,-6.2435164762043769],[106.8587041933439,-6.2435144329446643],[106.85840930114841,-6.243511751166352],[106.85811442154341,-6.2435081268985186],[106.85781956981737,-6.2435027291675738],[106.85752474776893,-6.2434957792067962],[106.85722992572056,-6.2434888283466989],[106.85693513424911,-6.2434807893069433],[106.85664037875051,-6.2434714705319152],[106.85634562235265,-6.2434621508575106],[106.85605081469339,-6.2434546702967282],[106.85575600073889,-6.2434474019759705],[106.85546114451625,-6.2434429431372678],[106.85516624332752,-6.2434414898328328],[106.85487134213878,-6.2434400365283977],[106.85457644095004,-6.2434385841233393],[106.85428153886198,-6.2434371308189043],[106.85398663767324,-6.243435678413789],[106.85369173648451,-6.243434225109354],[106.85339683529577,-6.243432771804919],[106.85310193410703,-6.2434313193998037],[106.85280703291829,-6.2434298660953687],[106.85251213172955,-6.2434284136903102],[106.85221730878186,-6.243429809438112],[106.85192289592499,-6.2434443020129038],[106.8516286512413,-6.2434640214473802],[106.85133439396719,-6.243483557420177],[106.85104013759235,-6.2435030933929738],[106.85074588031819,-6.2435226293658275],[106.85045162304402,-6.2435421653386243],[106.85015736576986,-6.2435617013114211],[106.84986295381231,-6.2435786148611214],[106.84956834850055,-6.243591381636918],[106.84927352645212,-6.2435983774631154],[106.84897870440375,-6.2436053741886326],[106.84868401725367,-6.243616278468437],[106.84838952885372,-6.2436315246750951],[106.84809525359316,-6.2436507422878549],[106.84780150083867,-6.2436764637977262],[106.84750795133095,-6.2437047061072803],[106.84721440182324,-6.2437329484167776],[106.8469208514162,-6.2437611907263317],[106.84662657255836,-6.2437782850397525],[106.84633184583805,-6.2437885211232924],[106.8460370543666,-6.2437844561876545],[106.84574254798025,-6.243769156021699],[106.84544805238579,-6.2437536211326687],[106.84515355679127,-6.2437380862436385],[106.84485906119676,-6.2437225522539279],[106.8445645656023,-6.2437070173648976],[106.84427007000778,-6.2436914824758674],[106.84397557441326,-6.2436759484862137],[106.8436810788188,-6.2436604135971834],[106.8433870104023,-6.2436396356605997],[106.84309607882102,-6.2435924914003067],[106.84281135166259,-6.2435167576921913],[106.84253364731006,-6.2434178313677648],[106.84226268787279,-6.2433016218723196],[106.8419936556827,-6.2431808330289869],[106.84172462349267,-6.2430600441856541],[106.84145073856081,-6.2429510265685622],[106.84116884066952,-6.2428649065901141],[106.84088288143988,-6.2427928403172928],[106.84059692310956,-6.2427207731450949],[106.84031198910708,-6.2426448029152652],[106.84002852999271,-6.242563502403641],[106.83974526243395,-6.2424815651720564],[106.83946182850065,-6.2424002277882096],[106.83917839366802,-6.2423188904044196],[106.83889370607972,-6.2422419659939123],[106.83860886111012,-6.2421656108542152],[106.83832401434182,-6.2420892701036905],[106.83803911271497,-6.2420131388951745],[106.83775418051107,-6.2419371201019658],[106.8374691772608,-6.241861358514825],[106.83718417401047,-6.241785597827004],[106.83689892614461,-6.2417107823267202],[106.83661273488985,-6.24163962346978],[106.83632677745885,-6.2415675392105072],[106.83604088837637,-6.2414951860539531],[106.83575497231419,-6.2414229381180348],[106.83546905625201,-6.2413506892828536],[106.83518314108915,-6.2412784413469353],[106.83489759554766,-6.2412047535964348],[106.83461243851326,-6.2411295558842426],[106.83432728237824,-6.2410543581720503],[106.83404212534384,-6.2409791595605384],[106.83375696920882,-6.2409039618482893],[106.83347235086836,-6.2408268171038799],[106.83319083698757,-6.2407391296071069],[106.83291529370592,-6.2406342407775242],[106.83264714015348,-6.2405117666046976],[106.83238732601433,-6.2403722826546755],[106.83213000929254,-6.240228208564929],[106.8318740406545,-6.2400817845466463],[106.83162487268976,-6.2399241819553595],[106.83138099094003,-6.2397584180165495],[106.83113858497779,-6.2395904660271526],[106.83089508993652,-6.2394241445086323],[106.83064627090874,-6.2392658575332689],[106.83039585288634,-6.2391101021494251],[106.83014411915582,-6.2389564889507483],[106.82989193216702,-6.2388036140954455],[106.82963617217166,-6.2386570956484206],[106.82937199901858,-6.2385260842113439],[106.82910641662789,-6.2383978849543951],[106.82884083423716,-6.2382696856973894],[106.82858021880213,-6.2381317359907484],[106.82832489228002,-6.2379841959138389],[106.82807292562507,-6.2378309613297347],[106.82782568310887,-6.2376703774858697],[106.82761614287074,-6.2374648868949407],[106.82747359852783,-6.2372081043704952],[106.82740614667637,-6.2369223205086541],[106.82742946160045,-6.2366297764429532],[106.82753085566452,-6.2363537394334685],[106.8276823428659,-6.2361009660866671],[106.82784186910703,-6.2358529384623012],[106.82801410456733,-6.2356137898444786],[106.82820727894284,-6.2353911500814547],[106.82841339456257,-6.2351802959338443],[106.82863649927509,-6.2349878059424668],[106.8288764069207,-6.2348167135204449],[106.82913342596692,-6.2346726304375011],[106.82939916214167,-6.2345449186130395],[106.82966772668431,-6.2344230910527472],[106.82993629212626,-6.2343012634924548],[106.83020485666884,-6.2341794368314822],[106.83046573110869,-6.2340423198970711],[106.83071796486223,-6.2338899765411497],[106.83096084926382,-6.2337228366395721],[106.83119762367147,-6.2335471765608759],[106.8314206276599,-6.2333543196460823],[106.83163201240751,-6.2331489837385448],[106.83183044421969,-6.2329308801559478],[106.83201917594425,-6.232704354422367],[106.83220157464302,-6.23247281227043],[106.83236909225985,-6.2322302552220776],[106.83252214338228,-6.2319782543928568],[106.83264890012669,-6.2317121782743357],[106.83277750587723,-6.2314468602843363],[106.83288462232753,-6.2311723620148314],[106.83297851694505,-6.2308928203473215],[106.833063216894,-6.2306103549838667],[106.83314575037616,-6.2303272564976169],[106.8332094394641,-6.2300396461127434],[106.83324279711746,-6.229746762103332],[106.83324453820495,-6.229452169382057],[106.83322951503015,-6.2291577637197975],[106.83320832520411,-6.2288636260554426],[106.83318700497637,-6.228569493787063],[106.83316582054624,-6.2282753507267898],[106.8331446352168,-6.2279812076665735],[106.83312345078667,-6.2276870646063003],[106.83310226545723,-6.2273929215460271],[106.8330810810271,-6.2270987784858107],[106.83305989569772,-6.2268046354255375],[106.83303871126759,-6.2265104923652643],[106.83301752593815,-6.226216349305048],[106.83299516429548,-6.2259222961769751],[106.83297129898631,-6.2256283599608082],[106.83294743367719,-6.2253344237446413],[106.83292349552295,-6.2250404929243359],[106.83289978579654,-6.2247465441176928],[106.83287607337218,-6.2244525953109928],[106.83284737420701,-6.2241591681111004],[106.832797552665,-6.2238686502179803],[106.83272695048845,-6.2235823609371437],[106.83265604973695,-6.2232961067298902],[106.83258514988484,-6.223009851623317],[106.8325142428381,-6.222723599214703],[106.83244301473343,-6.2224374259463957],[106.83237138553108,-6.2221513516035429],[106.8322997572281,-6.2218652781600099],[106.83222813342167,-6.2215792029178374],[106.83215652670242,-6.2212931231790662],[106.8320849190838,-6.2210070434402382],[106.83200275342438,-6.2207239476520044],[106.83190067137895,-6.2204474268072545],[106.83178170276341,-6.2201776050123954],[106.83166253180048,-6.219907865055859],[106.83154902386843,-6.2196357149162509],[106.83144746073179,-6.2193590780589716],[106.83135719038211,-6.2190783286019382],[106.83126692093174,-6.2187975791449048],[106.831178884498,-6.218516141706516],[106.83109508207247,-6.2182334020498047],[106.83101756590798,-6.2179490615998816],[106.83095527976241,-6.2176608153942539],[106.83089299451615,-6.2173725682893632],[106.83083196472347,-6.2170840630790281],[106.8307753470047,-6.2167946450567797],[106.83072716222881,-6.2165037179721594],[106.83069234947243,-6.216210944579359],[106.83066911548735,-6.2159169714909694],[106.83064701195008,-6.2156228958799034],[106.83062490841286,-6.2153288211681001],[106.83060280487558,-6.2150347455570341],[106.83058070133836,-6.2147406699459111],[106.83055895663063,-6.2144465682544592],[106.83053743945135,-6.2141524485766126],[106.83051592227207,-6.213858329798029],[106.83049440419347,-6.2135642110195022],[106.83047264599588,-6.21327011022737],[106.83045046421762,-6.2129760445088209],[106.83044162388188,-6.2126813051980321],[106.83044290361715,-6.2123864390828771],[106.83044659083754,-6.2120915567798534],[106.83044934456166,-6.2117966744768864],[106.83044622841078,-6.2115017849793617],[106.83044017867138,-6.2112069764207831],[106.8304251716844,-6.2109124664371507],[106.83040642801433,-6.2106181579015924],[106.83038159503462,-6.2103243547850866],[106.8303514299746,-6.2100309968329839],[106.83031420523645,-6.2097384734517505],[106.83026152834691,-6.2094483755420242],[106.83020088346404,-6.2091598073791374],[106.83013218874959,-6.2088730405583306],[106.83005267878815,-6.2085891119978669],[106.8299622258761,-6.2083084470771155],[106.82986168796657,-6.2080312364523706],[106.82974238929989,-6.2077616826554731],[106.82962066965825,-6.2074930722474164],[106.82949642382096,-6.2072256507431121],[106.82936724160498,-6.2069605449931373],[106.82921871497177,-6.206706240100857],[106.82902718725495,-6.2064823080120846],[106.82883936384565,-6.2062552067123988],[106.82868350414049,-6.2060054415978243],[106.82855432821975,-6.2057404806386103],[106.82837733354717,-6.205506435673442],[106.82812969173193,-6.205349441923147],[106.82784712924166,-6.2052678608230849],[106.82755535949229,-6.2052252923133437],[106.82726371744667,-6.2051817093683326],[106.82697376073054,-6.2051280495198284],[106.82668472042354,-6.2050695684058041],[106.8263960641271,-6.2050091816283839],[106.82610740962929,-6.2049487876564058],[106.82581875513148,-6.2048883936843708],[106.82553009973435,-6.2048279997123927],[106.82293200960464,-6.2042835708300572]]},"properties":{"OBJECTID":20,"LINE_ID":"LRT_JB_CB","GEOM_ID":"LRT_JB_CB_01","LINE_NAME":"Lin Cibubur","MODE":"LRT","OPERATOR":"LRT Jabodebek","STATUS":"Eksisting","STRUCTURE":"ELEVATED","COLOR":"#21409A","SOURCE":"LRT Jabodebek","SRC_URL":"https://lrtjabodebek.kai.id/informasi-peta-rute","REMARK":"Segmen bersama Lin Cibubur antara Dukuh Atas dan Cawang.","Shape_Length":0.091103181624274499,"RELATION":"Dukuh Atas - Cawang"}},{"type":"Feature","id":21,"geometry":{"type":"LineString","coordinates":[[106.87539049967188,-6.2479223996989504],[106.87580661868054,-6.2482626815774438],[106.87622065665806,-6.2486054761617424],[106.8764078208643,-6.248700991357623],[106.87660065349741,-6.2487659673754479],[106.87672311867703,-6.2487793375963179],[106.87691714920715,-6.2487733031453558],[106.87707958925171,-6.2487397665269668],[106.87724578306648,-6.2486762869810377],[106.8777094015677,-6.2484086793170377],[106.87814670590581,-6.2480960345043286],[106.8785857918009,-6.2477859167865972],[106.87903033298352,-6.2474837319886092],[106.8792154134606,-6.2473763187620648],[106.87951148646601,-6.2472464143904745],[106.87976142155242,-6.247165670559184],[106.88003318318493,-6.2471214571894507],[106.88029124814267,-6.2471011558935743],[106.88056933200915,-6.2471130116560971],[106.88110633518926,-6.2471378626221963],[106.88164323494738,-6.2471647595459672],[106.88218003218282,-6.2471937231117636],[106.8827168294182,-6.2472226857782971],[106.8832536275529,-6.2472516484447738],[106.88379089063716,-6.2472615499805215],[106.88432464546605,-6.2472028287475041],[106.88485167786268,-6.2470986332952521],[106.88536710270967,-6.2469474968294776],[106.88586534960626,-6.246746836497266],[106.88633210494277,-6.2464803206102602],[106.88678984997165,-6.2461986835223797],[106.88723731844755,-6.2459010618844673],[106.8876739258111,-6.2455874583944251],[106.88810837390241,-6.2452709024301498],[106.88855318128435,-6.2449690180057473],[106.8889979194185,-6.2446670328572509],[106.88944659568392,-6.2443710380928792],[106.88992255108491,-6.2441226102702103],[106.89042659681007,-6.2439374767330946],[106.89094603173402,-6.2437995297244697],[106.89147549140085,-6.243707975142911],[106.89201001065351,-6.2436507485831498],[106.89254576377601,-6.2436136866222682],[106.89308246118668,-6.2436249794092191],[106.8936154596858,-6.2436926497958893],[106.89413928330134,-6.2438096470974642],[106.89465261002999,-6.2439685420145565],[106.89515779609548,-6.2441523292665124],[106.89564804532108,-6.2443725498532672],[106.89612019748921,-6.2446277100007705],[106.89657977263846,-6.2449066023577871],[106.89702090808851,-6.2452131407737852],[106.89745167705331,-6.2455342131333964],[106.89783750959344,-6.2459084588082874],[106.89820408045404,-6.2463016702857885],[106.89855126912585,-6.2467108285418362],[106.89886642304702,-6.247146336933838],[106.89918157696826,-6.2475818453258398],[106.8994967308895,-6.2480173537178416],[106.89976734768499,-6.2484817303475211],[106.90003517388425,-6.2489478399708105],[106.90030180938106,-6.2494146321794801],[106.9005684457772,-6.2498814252875263],[106.90083559118966,-6.2503479225185856],[106.90110850485365,-6.2508110733722901],[106.90139702535248,-6.2512642687309494],[106.90171204617405,-6.2516996494192654],[106.90204716234672,-6.2521198945174774],[106.90240752158991,-6.2525186368255845],[106.90279256452527,-6.2528936199445297],[106.9031945821643,-6.2532503738056562],[106.90361587317409,-6.2535840249827288],[106.90405590785394,-6.2538925544977246],[106.90451350629337,-6.2541744308052785],[106.90498354145734,-6.25443513707188],[106.90546891995473,-6.2546658806258506],[106.90597357362157,-6.2548511247795204],[106.90648258630239,-6.2550225247696289],[106.90700236296874,-6.2551597199450839],[106.90751449539772,-6.2553213820760902],[106.90801645919231,-6.2555134853590175],[106.90851685007266,-6.2557096562755419],[106.90901176947762,-6.2559194708068731],[106.9095065773667,-6.2561295614300434],[106.91000139424898,-6.2563396304695402],[106.9104969611659,-6.2565479458310165],[106.91099289140885,-6.2567554095344917],[106.91148880906132,-6.2569629047142143],[106.91198473031113,-6.2571703918001162],[106.91248065156088,-6.2573778788859613],[106.91298683317586,-6.2575582208351648],[106.91350361959644,-6.2577049443276564],[106.91402611311469,-6.2578310427683732],[106.91455098623908,-6.2579472126936366],[106.91507923272047,-6.2580459933278689],[106.91561299834126,-6.258106663391743],[106.91614944034444,-6.2581379535037058],[106.91668676368323,-6.2581541880653049],[106.91722403486136,-6.2581723435787353],[106.91776130603949,-6.2581904990922226],[106.91829860419728,-6.2581976226221627],[106.91883596890489,-6.258182482535517],[106.9193733336125,-6.2581673424488713],[106.91991066954182,-6.258151313832002],[106.92044796590096,-6.2581342087266876],[106.9209852262872,-6.258116678242061],[106.92152225195042,-6.2580926051895176],[106.92205907526619,-6.2580641425461181],[106.92259578886461,-6.2580337967223159],[106.92313227403525,-6.2579995388475709],[106.92366875920595,-6.2579652809728827],[106.92420524437659,-6.2579310230981946],[106.92474172954724,-6.2578967652235065],[106.92527852768194,-6.2578679698308974],[106.92581540495701,-6.2578405459044006],[106.92635228223207,-6.257813121078641],[106.92688914242007,-6.2577854057718127],[106.92742572921406,-6.2577528844879566],[106.92796234928306,-6.2577209666492308],[106.92849925533642,-6.2576940922085669],[106.92903616228909,-6.2576672177678461],[106.92957306834251,-6.257640344226445],[106.93010997439586,-6.257613469785781],[106.93064688044922,-6.2575865953450602],[106.93118378650263,-6.2575597218036592],[106.93172069255598,-6.2575328473629952],[106.93225759860934,-6.2575059729222744],[106.9327945046627,-6.2574790984815536],[106.93333141071611,-6.2574522249402094],[106.93386831676946,-6.2574253504994886],[106.93440522282282,-6.2573984760587678],[106.93494212887623,-6.2573716025174235],[106.93547903492959,-6.2573447280767027],[106.93601594098294,-6.2573178536359819],[106.9365528470363,-6.2572909800945808],[106.93708976478086,-6.2572643358803361],[106.93762670770644,-6.2572382303599738],[106.93816365063202,-6.2572121248396684],[106.938700589061,-6.2571859185952121],[106.93923752119468,-6.2571595567681015],[106.93977445242911,-6.2571331958402538],[106.94031138366347,-6.257106834912463],[106.9408448363202,-6.257042786095667],[106.94137548758874,-6.2569567659419363],[106.94190613885729,-6.2568707466875821],[106.94243679012584,-6.2567847265338514],[106.94296744229371,-6.2566987072794973],[106.94350326736196,-6.2566641832054302],[106.9440400331211,-6.2566849683365717],[106.94457565943918,-6.2567307330368749],[106.94511128575726,-6.2567764977371212],[106.9456469120754,-6.2568222624374243],[106.94618358160704,-6.2568485846943531],[106.94672078353739,-6.2568317062182359],[106.94725788834091,-6.2568091575165568],[106.9477949931445,-6.2567866079155579],[106.94833207546498,-6.2567635564928992],[106.94886901209532,-6.2567374158989537],[106.94940593613512,-6.25671101899826],[106.94994296179829,-6.2566866725518366],[106.95047998026695,-6.2566621678247429],[106.95101699783623,-6.2566376630976492],[106.95155401540552,-6.2566131583704987],[106.9520907829633,-6.256584183113489],[106.95262720698008,-6.2565490834733737],[106.95315910291032,-6.2564726770723382],[106.95369038010699,-6.2563906130363307],[106.95422222567521,-6.2563132416627241],[106.95475841317028,-6.256276005233417],[106.95529532551893,-6.2562492971673009],[106.95583012985668,-6.2561981239442161],[106.95635888445503,-6.256102284992437],[106.95688565694758,-6.2559950417377195],[106.95741242854081,-6.255887797583739],[106.95793918214758,-6.2557804679941569],[106.95846293471675,-6.2556593490996306],[106.95898663692384,-6.2555380044752837],[106.95951509204792,-6.2554425738156851],[106.96005162218466,-6.2554095480122101],[106.96058852823802,-6.2553826681755709],[106.96112401156392,-6.2553376247315668],[106.96164981278866,-6.2552280585280187],[106.96215916901048,-6.2550569553142168],[106.96266219580377,-6.2548674366827868],[106.96316210284886,-6.254669742314718],[106.9636624064949,-6.2544730515900255],[106.96416273082542,-6.2542764166232701],[106.96466305515594,-6.2540797807572517],[106.96515847008737,-6.2538719789086485],[106.965639157721,-6.2536317241247161],[106.96610449033005,-6.2533625480431283],[106.96656982293905,-6.2530933728608034],[106.96703515554805,-6.2528241967792155],[106.96750048815704,-6.2525550215969474],[106.9679641489264,-6.2522831529450968],[106.96841164348263,-6.2519852633092228],[106.96885913893817,-6.2516873736732919],[106.96930663439372,-6.2513894840374178],[106.96975412984926,-6.2510915944014869],[106.97020646006013,-6.2508012698626771],[106.97066474917887,-6.2505202685954941],[106.97113447857339,-6.2502588950319478],[106.97161072805272,-6.2500098205966879],[106.97209585024336,-6.2497784223362487],[106.97258818139949,-6.2495628359560556],[106.97308773231305,-6.2493642440645658],[106.97359589603383,-6.2491896397900177],[106.97410764984824,-6.2490250251847215],[106.97462740313222,-6.2488878273113073],[106.97515078967729,-6.2487658963290187],[106.97567871510068,-6.2486654456537281],[106.97621034393228,-6.2485857459353724],[106.9767451131965,-6.2485311373021091],[106.97728090498981,-6.2484907937151206],[106.97781830117373,-6.2484823014170274],[106.97835586643015,-6.248486097455384],[106.97889340650556,-6.2484910572164836],[106.97943064890541,-6.2485100553947177],[106.97996622576079,-6.2485536815071328],[106.98049795171914,-6.2486319899742853],[106.98102391662053,-6.2487410579533957],[106.98154163204077,-6.2488847354421182],[106.98205430766023,-6.2490464587270367],[106.98256216201423,-6.2492223742131614],[106.98306729052308,-6.249406315249189],[106.98355895528164,-6.2496235869589327],[106.98405014339949,-6.2498420403778141],[106.98454133061796,-6.2500604946960152],[106.98503251873581,-6.2502789481148966],[106.98552041533497,-6.250504096087127],[106.98599338318814,-6.2507596159634318],[106.98646635104132,-6.2510151367391131],[106.98694044574506,-6.2512684541757721],[106.98742445457498,-6.2515023840277308],[106.98790846430427,-6.2517363138797464],[106.9883924740335,-6.2519702428323853],[106.98887648376279,-6.2522041726844009],[106.98936049259271,-6.2524381025363596],[106.989844502322,-6.2526720314889985],[106.99032851205124,-6.2529059613410141],[106.99082718522646,-6.2531058689406791],[106.99132951684379,-6.2532972896381693],[106.99183184846112,-6.2534887112349793],[106.99233418007839,-6.2536801319324695],[106.99283651169571,-6.2538715535293363],[106.99333884241372,-6.2540629742268266],[106.99384117403099,-6.2542543949243168],[106.99434350564832,-6.2544458165211836],[106.99485050025044,-6.2546244704429341],[106.99535791303731,-6.254801982225672],[106.99586532492486,-6.2549794931090901],[106.99637273771174,-6.2551570048918279],[106.99688014959929,-6.2553345166745657],[106.9973868986865,-6.2555138981478535],[106.99789259376826,-6.2556962464845469],[106.99839877898052,-6.2558772647239493],[106.99890496329346,-6.256058282064032],[106.99941114760645,-6.2562393003034344],[106.99991733281871,-6.2564203176435171],[107.00042351713165,-6.2566013358829196],[107.00092970234397,-6.2567823532230022],[107.00143588665691,-6.2569633714623478],[107.00194207186917,-6.2571443888024305],[107.00244825618216,-6.2573254070418329],[107.0029544404951,-6.2575064243819156],[107.00346062570736,-6.257687442621318],[107.0039668100203,-6.2578684599614007],[107.00447299523262,-6.2580494782008032],[107.0049793207391,-6.2582301007385013],[107.00548565883616,-6.2584106882026731],[107.00599199693318,-6.2585912756667881],[107.00649833503019,-6.2587718631309599],[107.00700467402652,-6.2589524505950749],[107.0075088708378,-6.2591388620687667],[107.00801161614322,-6.2593292233649436],[107.00851628509855,-6.2595142094131688],[107.00902566650137,-6.2596860257893923],[107.00953504790419,-6.259857841266296],[107.01004442930702,-6.2600296567431997],[107.01055180252371,-6.2602073043236146],[107.01105896170179,-6.2603855742348173],[107.0115661199805,-6.2605638432467003],[107.01207327915859,-6.2607421131579599],[107.01258043743729,-6.2609203830691627],[107.01308759661538,-6.2610986529804222],[107.01359475489409,-6.2612769219923052],[107.01410191407211,-6.2614551919035648],[107.0146090732502,-6.2616334618147675],[107.01511623152891,-6.2618117317259703],[107.01562339070699,-6.2619900007379101],[107.0161305489857,-6.2621682706491129],[107.01663770816378,-6.2623465405603724],[107.01714486644249,-6.2625248104715752],[107.01765202562052,-6.2627030794834582],[107.01815912364469,-6.2628815220645606],[107.01866680083225,-6.2630582811147519],[107.01917480537304,-6.263234094977463],[107.01968280901451,-6.263409908840174],[107.02018995020609,-6.2635882183215585],[107.02069719032312,-6.2637662571070223],[107.02120443133947,-6.2639442931945268],[107.02171167145656,-6.2641223328793103],[107.02221890617761,-6.2643003860539466],[107.02272614719402,-6.2644784221413943],[107.02323338371377,-6.2646564726180713],[107.02374062203216,-6.264834515000814],[107.02424786124988,-6.2650125573835567],[107.02475509956827,-6.2651905997662993]]},"properties":{"OBJECTID":21,"LINE_ID":"LRT_JB_BK","GEOM_ID":"LRT_JB_BK_02","LINE_NAME":"Lin Bekasi","MODE":"LRT","OPERATOR":"LRT Jabodebek","STATUS":"Eksisting","STRUCTURE":"ELEVATED","COLOR":"#006838","SOURCE":"LRT Jabodebek","SRC_URL":"https://lrtjabodebek.kai.id/informasi-peta-rute","REMARK":"Cabang Lin Bekasi dari Cawang menuju Jati Mulya.","Shape_Length":0.16124706511369918,"RELATION":"Cawang - Jati Mulya"}},{"type":"Feature","id":22,"geometry":{"type":"LineString","coordinates":[[106.87539049967188,-6.2479223996989504],[106.87545006896556,-6.2479833035865227],[106.87550963825925,-6.2480442074741518],[106.87556920755293,-6.2481051122611007],[106.87562854931815,-6.2481662014090489],[106.87567528438694,-6.2482372307635501],[106.87571937365021,-6.2483100012055388],[106.87575828281854,-6.2483858194499362],[106.87578436225857,-6.2484665407981765],[106.87580534254261,-6.2485490814748914],[106.87581527915188,-6.2486336977868859],[106.87581586910716,-6.2487187853436126],[106.87580960802705,-6.248803473601356],[106.87579429257261,-6.2488872013831838],[106.87576926803735,-6.2489686215046163],[106.87573603179248,-6.2490468886030044],[106.87569795000047,-6.2491230557843664],[106.87565500737276,-6.2491965933480742],[106.87560588010734,-6.2492659508628776],[106.8755532994453,-6.2493330133078757],[106.8755007187832,-6.2494000766521935],[106.8754479492635,-6.2494669772191855],[106.87539045650442,-6.2495298200450975],[106.87533195740394,-6.2495917896293349],[106.87527338365982,-6.2496536845698643],[106.87521154807456,-6.2497122727031638],[106.87514882755642,-6.2497699669103781],[106.87508611333351,-6.2498276674128874],[106.87502385236894,-6.2498858544485643],[106.87496162917591,-6.2499440810544229],[106.87489964160523,-6.2500025621684472],[106.87483765493391,-6.2500610423831517],[106.87477566826254,-6.250119523497176],[106.87471368069185,-6.2501780046112003],[106.87465185409985,-6.2502366503011331],[106.87459075326069,-6.2502960496229321],[106.87452990153378,-6.2503557097481348],[106.87446904980686,-6.2504153689740747],[106.87440819807995,-6.2504750290992774],[106.87434734635303,-6.2505346883251605],[106.87428587319454,-6.2505937045357882],[106.87422396566353,-6.2506522692867748],[106.87416205723321,-6.2507108340377044],[106.8741001497022,-6.250769398788691],[106.8740382421712,-6.2508279635396207],[106.87397633374087,-6.2508865282906072],[106.87391442620986,-6.2509450921422172],[106.87385251777954,-6.2510036568932037],[106.87379080989803,-6.2510624311861989],[106.87372935292734,-6.2511214680812373],[106.87366790135263,-6.251180510372194],[106.87360644977787,-6.2512395535625274],[106.87354499820316,-6.2512985967528039],[106.87348354752777,-6.2513576390437606],[106.87342259867404,-6.2514171858543932],[106.87336432260548,-6.2514793389003103],[106.87330612028131,-6.2515415620933936],[106.87324791705777,-6.2516037861857399],[106.8731897147336,-6.2516660093787664],[106.87313692273085,-6.251732683316618],[106.87308799781289,-6.2518024581169129],[106.8730390737943,-6.251872232917151],[106.87299238099365,-6.2519434915988086],[106.87294693195543,-6.2520155794553602],[106.87290148381646,-6.2520876673119687],[106.87285754384061,-6.2521606463966464],[106.87281669303604,-6.2522354367159778],[106.87277584313074,-6.252310227934629],[106.87273499232612,-6.2523850182539604],[106.87269414152149,-6.252459808573235],[106.87265347327923,-6.2525346843281682],[106.87262133690524,-6.2526135135028085],[106.87259071678818,-6.2526930423499607],[106.87256009667118,-6.2527725702978501],[106.87252948374874,-6.2528521018429615],[106.87249857494936,-6.2529315191742398],[106.87246766614993,-6.2530109356061416],[106.87243675824988,-6.2530903529373631],[106.87240584945044,-6.2531697702686415],[106.87237494155039,-6.253249187599863],[106.87234403275096,-6.2533286049311414],[106.87231312395159,-6.2534080222623629],[106.87228221605147,-6.2534874395936413],[106.8722513072521,-6.2535668569248628],[106.87222039935199,-6.2536462742560843],[106.87218949055261,-6.2537256915873627],[106.8721585826525,-6.2538051089185842],[106.87212767385313,-6.2538845262498626],[106.8720967650537,-6.2539639435810841],[106.87206585715364,-6.2540433609123056],[106.87203494835427,-6.254122778243584],[106.87200404045416,-6.2542021955748055],[106.87197313165478,-6.2542816129060839],[106.87194222375467,-6.2543610293379857],[106.8719113149553,-6.2544404466692072],[106.87188040615587,-6.2545198640004855],[106.87184949825581,-6.2545992813317071],[106.87181858945638,-6.2546786986629854],[106.87178768155633,-6.2547581159942069],[106.8717567727569,-6.2548375333254285],[106.87172753669654,-6.2549175388133449],[106.87170190421955,-6.2549988123452636],[106.87167741028429,-6.2550803322914703],[106.87166676860653,-6.255164746256014],[106.87165765667555,-6.2552494695872838],[106.87165531663959,-6.2553345139766066],[106.871656694401,-6.2554197229418378],[106.87166878668523,-6.2555039066799054],[106.87168346811762,-6.255587836809184],[106.87171322488547,-6.2556675698024833],[106.87174413188626,-6.2557469826371062],[106.8717829610149,-6.2558226794730558],[106.87182435321137,-6.255897164922203],[106.87187238060596,-6.2559674874095776],[106.87192402327514,-6.2560351065349096],[106.87197979832911,-6.2560995177784662],[106.87204307372895,-6.2561559052707594],[106.87211129000411,-6.2562069831656686],[106.87217950627922,-6.2562580619599544],[106.87224772165507,-6.2563091398548636],[106.87231593793024,-6.2563602186491494],[106.87238415420541,-6.2564112965440586],[106.87245237048057,-6.2564623753382875],[106.87252058675574,-6.2565134532332536],[106.87258880213159,-6.2565645320274825],[106.87265701840676,-6.2566156099223917],[106.87272523468192,-6.2566666887166775],[106.87279266135232,-6.2567186209675469],[106.87284877095408,-6.2567827597165433],[106.87290488055584,-6.2568468984655397],[106.87295858716914,-6.2569129626630229],[106.87300907331013,-6.2569815845324683],[106.87305652513857,-6.2570518989259654],[106.87308780895529,-6.2571311687683533],[106.87311551167159,-6.2572115996355819],[106.87313690384508,-6.2572940737624663],[106.87315584536606,-6.2573771099656028],[106.87317165724625,-6.2574608503379068],[106.87318746822712,-6.2575445898109479],[106.87320328010736,-6.2576283301832518],[106.87321909198755,-6.2577120696562361],[106.8732349038678,-6.2577958091292203],[106.87325071484867,-6.2578795495015811],[106.87326652672891,-6.2579632889745653],[106.8732823386091,-6.2580470284475496],[106.87329814958997,-6.2581307688198535],[106.87331396147022,-6.2582145082928946],[106.87332977335041,-6.2582982477658788],[106.87334558523065,-6.2583819881381828],[106.87336139621152,-6.258465727611167],[106.87337720809177,-6.2585494670842081],[106.87339301997196,-6.2586332074565121],[106.87340883185215,-6.2587169469294963],[106.87342257169439,-6.2588010416347402],[106.87343553002574,-6.258885270338908],[106.87344848925642,-6.2589694990430758],[106.87346144848709,-6.2590537277473004],[106.87347195616593,-6.2591381857786246],[106.87347475305745,-6.2592233587709529],[106.87347755084835,-6.259308532662601],[106.87348034773993,-6.2593937056549294],[106.87348314463151,-6.2594788786472577],[106.87348594242235,-6.2595640525389626],[106.87348647032439,-6.2596492552088989],[106.87348587227524,-6.2597344695700485],[106.87348527332676,-6.2598196839311981],[106.87348467527761,-6.2599048982923478],[106.87348101054027,-6.2599900110301405],[106.87347579177441,-6.2600750707078987],[106.87347057210928,-6.2601601303856569],[106.87346535334342,-6.2602451909627348],[106.87346013367829,-6.260330250640493],[106.87345491491243,-6.2604153103182512],[106.8734496952473,-6.2605003708953291],[106.87344447648144,-6.2605854305730873],[106.87343925681631,-6.2606704902509023],[106.87343403805045,-6.2607555508279802],[106.87342881838532,-6.2608406105057384],[106.87342359961951,-6.2609256701834965],[106.87341837995433,-6.2610107307605745],[106.87341316118852,-6.2610957904383326],[106.87340794152334,-6.2611808501160908],[106.87340272275753,-6.2612659106931687],[106.87339750309235,-6.2613509703709269],[106.87339228432654,-6.2614360300486851],[106.87338706466136,-6.261521090625763],[106.87338184589555,-6.2616061503035212],[106.87337662623037,-6.2616912099813362],[106.87337140746456,-6.2617762705584141],[106.87336618779938,-6.2618613302361723],[106.87336096903357,-6.2619463899139305],[106.87335574936839,-6.2620314504910084],[106.87335053060258,-6.2621165101687666],[106.87334531183672,-6.2622015698465248],[106.87334009217159,-6.2622866304236027],[106.87333487340572,-6.2623716901013609],[106.8733296537406,-6.262456749779119],[106.87332443497473,-6.2625418103561969],[106.87331921530961,-6.2626268700339551],[106.87331399654374,-6.2627119297117133],[106.87330877687862,-6.2627969902888481],[106.87330355811275,-6.2628820499666062],[106.87329833844763,-6.2629671096443644],[106.87329311968176,-6.2630521693221226],[106.87328790001663,-6.2631372298992005],[106.87328268125083,-6.2632222895769587],[106.87327746158564,-6.2633073492547169],[106.87327224281984,-6.2633924098317948],[106.87326702315465,-6.263477469509553],[106.87326180438885,-6.2635625291873112],[106.87325658472366,-6.2636475897643891],[106.87325136595786,-6.2637326494421472],[106.873246677792,-6.2638177396968899],[106.87324213981299,-6.2639028389448299],[106.87323760183392,-6.2639879372934502],[106.87323306385485,-6.2640730365413333],[106.87322852587585,-6.2641581357892733],[106.87322398789678,-6.2642432341378935],[106.87322731358972,-6.2643282272658212],[106.8732341268535,-6.2644131727296894],[106.87324094011734,-6.264498117294238],[106.87324775248186,-6.2645830627581063],[106.8732545657457,-6.2646680073226548],[106.87326533602652,-6.2647525364004082],[106.87327635631885,-6.2648370393977757],[106.87328737571187,-6.2649215432945198],[106.87329839510488,-6.2650060471912639],[106.87330941539727,-6.2650905501886882],[106.87332043479029,-6.2651750540854323],[106.8733314541833,-6.2652595570828566],[106.87334247447569,-6.2653440609796007],[106.87335349386871,-6.2654285639770251],[106.87336451326172,-6.2655130678737123],[106.87337499755813,-6.2655976320250488],[106.87338386217556,-6.2656823787387452],[106.87339272679299,-6.2657671254524416],[106.87340159230968,-6.265851872166138],[106.8734104569271,-6.2659366188798344],[106.87341932154453,-6.266021365593474],[106.8734281861619,-6.2661061123071704],[106.87343528181287,-6.2661909552483621],[106.87343578183595,-6.2662761732067906],[106.87343628185897,-6.2663613911652192],[106.87343678278137,-6.2664466091236477],[106.87343728280445,-6.2665318270821331],[106.87343778282747,-6.2666170450405616],[106.87343828285054,-6.2667022638983099],[106.87343165664572,-6.2667871266245356],[106.87342269310284,-6.2668718724389123],[106.87341372956001,-6.266956618253289],[106.87340476691651,-6.2670413640676657],[106.87339266384043,-6.2671256647175824],[106.87337752914971,-6.2672095291963501],[106.87336239445898,-6.2672933945744376],[106.87334725976831,-6.2673772590532053],[106.87333212507758,-6.2674611244312928],[106.87331699038685,-6.2675449889100605],[106.87330185569613,-6.267628854288148],[106.87328672100546,-6.2677127187669157],[106.87327158631473,-6.2677965832456835],[106.873256451624,-6.2678804486237709],[106.87324131693327,-6.2679643131025387],[106.8732261822426,-6.2680481784806261],[106.87321104755188,-6.2681320429593939],[106.87319591286115,-6.2682159083374245],[106.87318077817042,-6.2682997728161922],[106.87316564347975,-6.26838363729496],[106.87315050878902,-6.2684675026730474],[106.8731353740983,-6.2685513671518152],[106.87312023940757,-6.2686352325299026],[106.87310510471684,-6.2687190970086704],[106.87308997002617,-6.2688029614874381],[106.87307483533544,-6.2688868268655256],[106.87306470087532,-6.268971378426329],[106.87305667352672,-6.269056217770185],[106.87304864617812,-6.2691410571140409],[106.8730406197289,-6.2692258964578969],[106.8730325923803,-6.2693107358017528],[106.8730245650317,-6.269395574246289],[106.8730165376831,-6.269480413590145],[106.87300954095758,-6.2695653239804869],[106.87300596885046,-6.2696504690938468],[106.87300239674329,-6.2697356142072067],[106.87299882553543,-6.2698207593205666],[106.87299525342826,-6.2699059044338696],[106.87299168132108,-6.2699910495472295],[106.87298811011323,-6.2700761946605894],[106.87298453800611,-6.2701613397739493],[106.87298468189761,-6.2702465550344186],[106.87298502993525,-6.2703317738922237],[106.8729853779729,-6.270416992749972],[106.87298572601048,-6.2705022116077203],[106.87298607404813,-6.2705874313648451],[106.87298642208577,-6.2706726502225933],[106.87298720629457,-6.2707578627851035],[106.87298947258614,-6.2708430519652438],[106.8729917379784,-6.2709282420447039],[106.87299400337059,-6.2710134312248442],[106.87299626876285,-6.2710986213043043],[106.8729985341551,-6.2711838104844446],[106.87300080044662,-6.2712689996645281]]},"properties":{"OBJECTID":22,"LINE_ID":"LRT_JB_CB","GEOM_ID":"LRT_JB_CB_02","LINE_NAME":"Lin Cibubur","MODE":"LRT","OPERATOR":"LRT Jabodebek","STATUS":"Eksisting","STRUCTURE":"ELEVATED","COLOR":"#21409A","SOURCE":"LRT Jabodebek","SRC_URL":"https://lrtjabodebek.kai.id/informasi-peta-rute","REMARK":"Segmen elevated pada cabang Lin Cibubur Cawang–Harjamukti. Batas transisi terhadap segmen at-grade belum dimodelkan sebagai segmen TRANSITION karena lokasi transisinya belum dapat ditentukan secara presisi.","Shape_Length":0.025560165210989371,"RELATION":"Cawang - Harjamukti"}},{"type":"Feature","id":25,"geometry":{"type":"LineString","coordinates":[[106.87300080044662,-6.2712689996645281],[106.87300153249481,-6.2712897083533221],[106.87300226544227,-6.2713104161427395],[106.87300299838972,-6.271331123932157],[106.87300373133718,-6.271351832620951],[106.87300446428463,-6.2713725404103684],[106.87300519723215,-6.2713932481997858],[106.8730059301796,-6.2714139559892033],[106.87300666312706,-6.2714346646779973],[106.87300739517519,-6.2714553724674147],[106.87300812812265,-6.2714760802568321],[106.87300886107016,-6.2714967889456261],[106.87300959401762,-6.2715174967350436],[106.87301032696507,-6.271538204524461],[106.87301105991253,-6.2715589123138784],[106.87301179286004,-6.2715796210026724],[106.8730125258075,-6.2716003287920898],[106.87301325875495,-6.2716210365815073],[106.87301399080309,-6.2716417452703013],[106.87301472375054,-6.2716624530597187],[106.87301545669806,-6.2716831608491361],[106.87301618964551,-6.2717038686385536],[106.87301692259297,-6.2717245773273476],[106.87301765554042,-6.271745285116765],[106.87301838848788,-6.2717659929061824],[106.87301912143539,-6.2717867015949764],[106.87301985348353,-6.2718074093843938],[106.87302058643098,-6.2718281171738113],[106.87302131937844,-6.2718488249632287],[106.87302205232589,-6.2718695336520227],[106.87302278527341,-6.2718902414414401],[106.87302351822086,-6.2719109492308576],[106.87302425116832,-6.2719316579196516],[106.87302498411577,-6.271952365709069],[106.87302571706323,-6.2719730734984864],[106.87302644911142,-6.2719937812879039],[106.87302718205888,-6.2720144899766979],[106.87302791500633,-6.2720351977661153],[106.87302875946972,-6.2720559001596143],[106.8730301543182,-6.2720765737748252],[106.87303156445518,-6.272097247390036],[106.87303297549147,-6.2721179201058703],[106.87303438562844,-6.2721385937210812],[106.87303579666474,-6.2721592664369723],[106.87303720680171,-6.2721799400521263],[106.87303861783801,-6.2722006127680174],[106.87304002797498,-6.2722212863832283],[106.87304143901127,-6.2722419590990626],[106.87304284914825,-6.2722626327142734],[106.87304426018454,-6.2722833054301645],[106.87304567032152,-6.2723039781460557],[106.87304708135775,-6.2723246517612097],[106.87304849149473,-6.2723453244771008],[106.87304990253102,-6.2723659980923117],[106.87305131356732,-6.2723866708081459],[106.87305272370429,-6.2724073444233568],[106.87305413474058,-6.2724280171392479],[106.87305554487756,-6.2724486907544019],[106.87305695591385,-6.272469363470293],[106.87305836605083,-6.2724900370855039],[106.87305977708712,-6.272510709801395],[106.8730611872241,-6.2725313825172293],[106.87306259826039,-6.2725520561324402],[106.87306400839731,-6.2725727288483313],[106.8730654194336,-6.2725934024634853],[106.87306682957058,-6.2726140751793764],[106.87306824060687,-6.2726347487945873],[106.87306965074384,-6.2726554215104215],[106.87307106178014,-6.2726760951256324],[106.87307247191711,-6.2726967678415235],[106.87307388295341,-6.2727174414567344],[106.8730752939897,-6.2727381141725687],[106.87307670412667,-6.2727587868884598],[106.87307811516297,-6.2727794605036706],[106.87307952529989,-6.2728001332195049],[106.87308093633618,-6.2728208068347158],[106.87308234647315,-6.2728414795506069],[106.87308375750945,-6.2728621531657609],[106.87308516764642,-6.272882825881652],[106.87308657868272,-6.2729034994968629],[106.87308756613834,-6.2729241928971646],[106.87308817138205,-6.2729449051831807],[106.87308877752514,-6.2729656183685734],[106.87308938276885,-6.2729863306545894],[106.87308998801262,-6.2730070429406055],[106.87309059415566,-6.2730277552266784],[106.87309119939937,-6.2730484684120142],[106.87309180464314,-6.2730691806980872],[106.87309240988685,-6.2730898929841032],[106.87309301602994,-6.2731106052701762],[106.87309362127365,-6.273131318455512],[106.87309422651742,-6.2731520307415849],[106.87309483176114,-6.273172743027601],[106.87309543790417,-6.2731934553136739],[106.87309604314794,-6.2732141684990097],[106.87309664839165,-6.2732348807850826],[106.87309800367001,-6.2732555373131618],[106.87310048939611,-6.2732761093049589],[106.87310297512226,-6.2732966803974364],[106.87310546084842,-6.2733172514899138],[106.87310794657452,-6.273337823481711],[106.87311043230068,-6.2733583945741884],[106.87311291892615,-6.2733789656666659],[106.87311540465225,-6.273399537658463],[106.87311789037841,-6.2734201087509973],[106.87312037610451,-6.2734406798434748],[106.87312286183067,-6.2734612518352719],[106.87312534755682,-6.2734818229277494],[106.87312783328292,-6.2735023940202268],[106.87313031900908,-6.273522966012024],[106.87313431829421,-6.2735432933882294],[106.87313842280003,-6.2735636045766228],[106.87314252820516,-6.2735839148657533],[106.87314663271098,-6.2736042260541467],[106.87315073811612,-6.2736245363432204],[106.87315484262194,-6.2736448475316138],[106.87315894712776,-6.2736651578207443],[106.8731630525329,-6.2736854690091377],[106.87316715703872,-6.2737057792982114],[106.87317126244386,-6.2737260904866616],[106.87317536694968,-6.2737464007757353],[106.87317952361616,-6.2737667002729722],[106.8731839797569,-6.2737869368176575],[106.87318846647463,-6.2738071661677282],[106.8731929531923,-6.2738273964171754],[106.87319743990997,-6.273847625767246],[106.87320192752702,-6.2738678560166932],[106.87320641424469,-6.2738880853668206],[106.87321090096236,-6.2739083147168913],[106.87321538768003,-6.2739285449663384],[106.87321987439776,-6.2739487743164091],[106.87322436111543,-6.2739690045658563],[106.8732288478331,-6.2739892339159837],[106.87323333455083,-6.2740094641653741],[106.8732378212685,-6.2740296935155015],[106.87324230888549,-6.274049922865629],[106.87324679560322,-6.2740701531150194],[106.87325128232089,-6.2740903824651468],[106.87325576903856,-6.2741106127145372],[106.87326025575624,-6.2741308420646646],[106.87326474247396,-6.2741510723141118],[106.87326922919164,-6.2741713016641825],[106.87327371590931,-6.2741915310143099],[106.87327820262703,-6.2742117612637003],[106.87328268934471,-6.2742319906138277],[106.8732871769617,-6.2742522208632749],[106.87329166367937,-6.2742724502133456],[106.8732961503971,-6.2742926804627928],[106.87330063711477,-6.2743129098128634],[106.87330512383244,-6.2743331391629908],[106.87330961055017,-6.274353369412438],[106.87331409726784,-6.2743735987625087],[106.87331858398551,-6.2743938290119559],[106.87332307879711,-6.274414056563387],[106.87332766983616,-6.2744342634304644],[106.87333227616369,-6.2744544658008863],[106.87333688249117,-6.2744746690706847],[106.87334148881871,-6.2744948714411066],[106.87334609604557,-6.2745150747109051],[106.8733507023731,-6.274535277081327],[106.87335530870058,-6.2745554803510686],[106.87335991502812,-6.2745756827215473],[106.87336452135565,-6.2745958859912889],[106.87336912768313,-6.2746160883617677],[106.87337373490999,-6.2746362916315093],[106.87337834123753,-6.2746564940019312],[106.87338294756506,-6.2746766972717296],[106.87338755389254,-6.2746969005414712],[106.87339216022008,-6.27471710291195],[106.87339676654761,-6.2747373061816916],[106.87340137377441,-6.2747575085521134],[106.87340598010195,-6.2747777118219119],[106.87341058642949,-6.2747979141923338],[106.87341519275702,-6.2748181174621322],[106.8734197990845,-6.2748383198325541],[106.87342440541204,-6.2748585231022957],[106.87342901263889,-6.2748787254727745],[106.87343361896643,-6.2748989287425161],[106.87343822529391,-6.274919131112938],[106.87344283162145,-6.2749393343827364],[106.87344743794898,-6.2749595367531583],[106.87345204427646,-6.2749797400229568],[106.87345665150332,-6.2749999432926984],[106.87346125783085,-6.2750201456631203],[106.87346586415839,-6.2750403489329187],[106.87347047048587,-6.2750605513033406],[106.87347507681341,-6.2750807545731391],[106.87347968314094,-6.275100956943561],[106.87348429036774,-6.2751211602133026],[106.87348889669528,-6.2751413625837813],[106.87349350302281,-6.2751615658535229],[106.87349810935035,-6.2751817682240016],[106.87350271567783,-6.2752019714937433],[106.87350732200537,-6.2752221738641651],[106.87351192923222,-6.2752423771339636],[106.8735165355597,-6.2752625804037052],[106.87352114188724,-6.2752827827741839],[106.87352574821477,-6.2753029860439256],[106.87353035454231,-6.2753231884143474],[106.87353496086979,-6.2753433916841459],[106.87353956809665,-6.2753635940545678],[106.87354417442418,-6.2753837973243662],[106.87354878075172,-6.2754039996947881],[106.8735533870792,-6.2754242029645297],[106.87355799340673,-6.2754444053350085],[106.87356259973427,-6.2754646086047501],[106.87356720696107,-6.275484810975172],[106.87357181328861,-6.2755050142449704],[106.87357641961614,-6.2755252166153923],[106.87358102594368,-6.2755454198851908],[106.87358563227116,-6.2755656231549324],[106.87359023859869,-6.2755858255253543],[106.87359484582555,-6.2756060287951527],[106.87359945215303,-6.2756262311655746],[106.87360405848057,-6.2756464344353731],[106.8736086648081,-6.275666636805795],[106.87361327113564,-6.2756868400755366],[106.87361787746312,-6.2757070424460153],[106.87362248468997,-6.2757272457157569],[106.87362709101751,-6.2757474480862356],[106.87363169734499,-6.2757676513559773],[106.87363630367253,-6.2757878537263991],[106.87364091000006,-6.2758080569961976],[106.8736455163276,-6.2758282602659392],[106.8736501235544,-6.2758484626364179],[106.87365472988193,-6.2758686659061595],[106.87365933620947,-6.2758888682765814],[106.87366394253701,-6.2759090715463799],[106.87366854886449,-6.2759292739168018],[106.87367315519202,-6.2759494771866002],[106.87367822467041,-6.2759695509539597],[106.87368378248061,-6.2759894898230755],[106.87368933939155,-6.2760094277928147],[106.87369507526756,-6.2760293189978142],[106.87370135073678,-6.276049066311316],[106.87370762710538,-6.276068812725498],[106.87371390347391,-6.2760885591396232],[106.87372017894319,-6.2761083064531249],[106.87372645531173,-6.2761280528673069],[106.87373273168026,-6.2761477992814889],[106.87373900714954,-6.2761675465949338],[106.87374528351808,-6.2761872930091158],[106.87375155988661,-6.2762070394232978],[106.87375783535589,-6.2762267867367996],[106.87376411172443,-6.2762465331509247],[106.87377038809302,-6.2762662804644265],[106.87377666356224,-6.2762860268786085],[106.87378293993078,-6.2763057732927336],[106.87378921629937,-6.2763255206062354],[106.87379549176859,-6.2763452670204174],[106.87380176813713,-6.2763650134345994],[106.87380804450572,-6.2763847607480443],[106.87381431997494,-6.2764045071622263],[106.87382059634353,-6.2764242535764083],[106.87382687271207,-6.2764440008899101],[106.87383314818129,-6.2764637473040352],[106.87383942454989,-6.276483494617537],[106.87384570091842,-6.276503241031719],[106.87385197638764,-6.2765229874458441],[106.87385825275624,-6.2765427347593459],[106.87386452912477,-6.2765624811735279],[106.87387080459399,-6.2765822275877099],[106.87387708096259,-6.2766019749011548],[106.87388335733112,-6.2766217213153368],[106.87388967057188,-6.2766414560383055],[106.87389627968963,-6.2766610945338357],[106.87390288880732,-6.2766807330293659],[106.87390949792507,-6.2767003724242159],[106.87391610704276,-6.2767200109197461],[106.87392271616051,-6.2767396494152194],[106.8739293252782,-6.2767592879107497],[106.87393593439589,-6.2767789273055996],[106.87394254351364,-6.2767985658011298],[106.87394915353065,-6.27681820429666],[106.87395576264839,-6.2768378427921903],[106.87396237176608,-6.2768574821869834],[106.87396898088383,-6.2768771206825136],[106.87397559000152,-6.2768967591780438],[106.87398219911927,-6.276916397673574],[106.87398880823696,-6.276936037068424],[106.87399541735471,-6.2769556755639542],[106.8740020264724,-6.2769753140594275],[106.87400863559014,-6.2769949525549578],[106.87401524470783,-6.2770145919498077],[106.87402185382558,-6.2770342304453379],[106.87402846294327,-6.2770538689408681],[106.87403507206096,-6.2770735074363984],[106.87404168117871,-6.2770931468311915],[106.8740482902964,-6.2771127853267217],[106.87405489941415,-6.2771324238222519],[106.87406150853184,-6.2771520623177821],[106.87406811764959,-6.2771717017126321],[106.87407472676728,-6.2771913402081623],[106.87408133588502,-6.2772109787036356],[106.87408794500271,-6.2772306180984856],[106.87409455412046,-6.2772502565940158],[106.87410116323815,-6.277269895089546],[106.87410777235584,-6.2772895335850762],[106.87411438147359,-6.2773091729799262],[106.87412099059128,-6.2773288114753996],[106.87412759970903,-6.2773484499709298]]},"properties":{"OBJECTID":25,"LINE_ID":"LRT_JB_CB","GEOM_ID":"LRT_JB_CB_03","LINE_NAME":"Lin Cibubur","MODE":"LRT","OPERATOR":"LRT Jabodebek","STATUS":"Eksisting","STRUCTURE":"AT_GRADE","COLOR":"#21409A","SOURCE":"LRT Jabodebek","SRC_URL":"https://lrtjabodebek.kai.id/informasi-peta-rute","REMARK":"Segmen at-grade pada cabang Lin Cibubur Cawang–Harjamukti terkait batasan KKOP. Batas transisi terhadap segmen elevated belum dimodelkan sebagai segmen TRANSITION karena lokasi transisinya belum dapat ditentukan secara presisi.","Shape_Length":0.0062162189229047777,"RELATION":"Cawang - Harjamukti"}},{"type":"Feature","id":26,"geometry":{"type":"LineString","coordinates":[[106.89607679980452,-6.3770365001343521],[106.89607465582077,-6.3766921856957879],[106.89607024554545,-6.376347935109095],[106.89604560861801,-6.3760046081260953],[106.89599671877363,-6.3756639314452173],[106.89593489577885,-6.3753252071925317],[106.89587230386377,-6.3749866169387701],[106.89580972453922,-6.3746480239870493],[106.89574679987498,-6.3743094948872567],[106.89568373761443,-6.3739709909684166],[106.89562141639533,-6.3736323503526364],[106.89555932360395,-6.3732936674687153],[106.89549437006917,-6.3729555223794137],[106.89542927534086,-6.3726174042697608],[106.89536613304068,-6.3722789237332904],[106.89530490989375,-6.3719400870652976],[106.89524368674682,-6.3716012494980419],[106.89519117982917,-6.3712609793107049],[106.89514180435083,-6.3709202153955857],[106.89509442626684,-6.3705791627980943],[106.89504704728347,-6.3702381110999227],[106.8949996683001,-6.369897059401751],[106.89494607949803,-6.3695569528910028],[106.8948897711461,-6.3692172600684671],[106.89483346279411,-6.3688775672458746],[106.89477715354286,-6.3685378753226587],[106.89472084519093,-6.3681981825000662],[106.89466419239864,-6.3678585472341069],[106.8946066906463,-6.3675190549603826],[106.89453543286402,-6.3671823451890077],[106.89443024456023,-6.3668546727049602],[106.89430807255957,-6.3665327477880282],[106.89418701661759,-6.3662104145789158],[106.89408633841384,-6.3658814650574982],[106.8940230585174,-6.3655432471231279],[106.89397654288319,-6.3652020821103292],[106.89393042295075,-6.364860856842995],[106.89388430391756,-6.3645196315757175],[106.89383818398505,-6.3641784063083833],[106.89379206405255,-6.363837181041049],[106.8937459441201,-6.3634959557737147],[106.89370031611674,-6.3631546657551894],[106.89365581046735,-6.362813226449191],[106.89361130481791,-6.3624717871431926],[106.89356679916852,-6.3621303478372511],[106.89352229351908,-6.3617889085312527],[106.8934722822201,-6.3614483028968039],[106.89341370487864,-6.3611089940847592],[106.89335512663786,-6.3607696861720342],[106.89329654839707,-6.3604303773599895],[106.89323797105556,-6.3600910685479448],[106.89317944317685,-6.3597517516419657],[106.89312102141804,-6.3594124158502723],[106.89306259965929,-6.3590730809578986],[106.89300417879986,-6.3587337451661483],[106.8929457570411,-6.3583944093744549],[106.89288733528235,-6.3580550744820812],[106.89282891442292,-6.3577157386903309],[106.89277049266417,-6.3573764028986375],[106.89271207090542,-6.3570370680062638],[106.8926471695313,-6.3566989355074384],[106.89257435412321,-6.3563624460699657],[106.89249595032788,-6.3560271635227537],[106.89241754563329,-6.3556918818748045],[106.89232968726532,-6.355359004114689],[106.89223779813591,-6.3550271812593451],[106.89213465309183,-6.3546987479488166],[106.89203150804769,-6.3543703155376079],[106.89192862560566,-6.3540418066839948],[106.89184043089125,-6.3537090656208193],[106.89175223707616,-6.3533763245577006],[106.89166007635151,-6.3530446276074031],[106.89156454316918,-6.352713819187386],[106.89146900998691,-6.3523830098679923],[106.89137347680457,-6.3520522014479184],[106.89127794362224,-6.3517213921285247],[106.891183097522,-6.3513903885555578],[106.89109116072854,-6.3510585657002139],[106.89099922303575,-6.3507267419455502],[106.89090728534302,-6.3503949181908865],[106.8908173531384,-6.3500625557422836],[106.89073034462979,-6.3497294090848868],[106.89064101946752,-6.3493968838590717],[106.89054878769645,-6.3490651392447148],[106.89045655502605,-6.3487333946304148],[106.89036432325497,-6.3484016500161147],[106.89027209058457,-6.3480699054017578],[106.8901798588135,-6.3477381598881379],[106.8900876261431,-6.347406415273781],[106.88999545102928,-6.3470746553709887],[106.88990450259081,-6.3467425573231253],[106.88982047083812,-6.3464087793416297],[106.88975301808739,-6.3460711477652012],[106.88968944051533,-6.3457327400738563],[106.88962586294326,-6.3453943332818312],[106.88956228537126,-6.3450559255904295],[106.88949870869851,-6.3447175178990847],[106.88943513112645,-6.3443791111070595],[106.88937155355444,-6.3440407034156578],[106.88930797598238,-6.343702295724313],[106.8892444181954,-6.3433638853350089],[106.8891816500132,-6.3430253274568713],[106.88911888273032,-6.3426867686793571],[106.88905611544743,-6.3423482108012195],[106.88899261161981,-6.3420097905193984],[106.88892833167722,-6.3416715159276578],[106.88886405263401,-6.341333241335974],[106.88879977359073,-6.3409949667442902],[106.8887354936482,-6.3406566912532298],[106.88867121460493,-6.3403184166615461],[106.88860645712236,-6.3399802338007021],[106.8885413129313,-6.3396421255835662],[106.88847616874028,-6.3393040173664872],[106.88840912068446,-6.3389663237368268],[106.88832812594234,-6.3386316662183617],[106.88823045597081,-6.3383015098067972],[106.88813383101154,-6.3379710224446626],[106.88804303096117,-6.3376389612690218],[106.88797247554936,-6.3373021912431113],[106.88791536410281,-6.336962637815418],[106.88785976711461,-6.3366228280809764],[106.88780416922708,-6.3362830183465917],[106.88774857223888,-6.3359432086121501],[106.88769297435135,-6.3356033988777085],[106.88763737736315,-6.3352635900425867],[106.88758177947562,-6.3349237803081451],[106.88752618248742,-6.3345839705737603],[106.88747058459984,-6.3342441608393187],[106.88741498761163,-6.3339043511048772],[106.88735938972411,-6.3335645413704356],[106.88730379273591,-6.333224731635994],[106.88724819484838,-6.3328849219015524],[106.88719259786018,-6.3325451121671676],[106.88713699997265,-6.3322053033320458],[106.88708140298439,-6.3318654935976042],[106.88702915327286,-6.3315251955312988],[106.88698542373839,-6.331183656400583],[106.88694620520329,-6.330841620844069],[106.88691418753979,-6.3304987920855638],[106.88688216897697,-6.3301559642263214],[106.88685280791083,-6.329812925026431],[106.88682921419695,-6.3294694289709241],[106.88680562677831,-6.3291259329154173],[106.88679608047477,-6.3287817389860379],[106.88678657194282,-6.328437544157282],[106.88677167107579,-6.3280935759577233],[106.88675227359863,-6.3277497975150823],[106.88673287522209,-6.3274060199718178],[106.88671347774488,-6.3270622415291768],[106.8867017793637,-6.3267181690082452],[106.88669477004765,-6.3263739148242735],[106.88668706825365,-6.3260296732307779],[106.88667936645965,-6.3256854316373392],[106.88667166466564,-6.3253411900438437],[106.88666396287164,-6.3249969484503481],[106.88665626017831,-6.3246527068569094],[106.88664886505313,-6.3243084589681757],[106.88664311029135,-6.323964182301097],[106.88663812085264,-6.3236198930435989],[106.88663412786275,-6.3232755884975518],[106.88663215385088,-6.3229312740589876],[106.88663163674073,-6.3225869524258655],[106.8866311187312,-6.3222426307927435],[106.88663060162105,-6.3218983091596215],[106.88663008451084,-6.3215539875264426],[106.88662951254202,-6.3212096667926403],[106.886621841325,-6.320865424299825],[106.88661415392011,-6.3205211827063863],[106.88660646561596,-6.3201769411128907],[106.88659877821112,-6.3198326995193952],[106.88659109080623,-6.3194884579259565],[106.88657413229043,-6.3191447442345066],[106.88654266051543,-6.3188018579193681],[106.88650274320707,-6.318459936576744],[106.88645619699594,-6.3181187715640021],[106.88640955545668,-6.3177776200411131],[106.88635811873223,-6.3174371600968016],[106.88630660016952,-6.3170967118437034],[106.88625190160406,-6.3167567573184442],[106.88619387194967,-6.316417365768757],[106.88613376666007,-6.3160783240553542],[106.88607366137046,-6.3157392832412711],[106.88601413524418,-6.3154001408038312],[106.88595209911017,-6.3150614938927561],[106.88587933136608,-6.3147249433014281],[106.88580641343532,-6.3143884250857241],[106.8857339451655,-6.3140518124411642],[106.88566315143333,-6.3137148445644016],[106.88559304478326,-6.3133777309974448],[106.88552293813314,-6.3130406174304881],[106.88544001614389,-6.3127064923107241],[106.88535355802037,-6.3123732152516254],[106.88526244050928,-6.3120412512027428],[106.88516164809164,-6.3117121892660748],[106.8850148076873,-6.3114016479676138],[106.8848526293454,-6.311098067421824],[106.88468842483098,-6.3107954743316554],[106.88456007268928,-6.3104765513517123],[106.88449011442731,-6.3101395537973417],[106.88442749823054,-6.3098009716374577],[106.88436612219886,-6.3094621682444085],[106.88430826341568,-6.3091227362252766],[106.88425006648743,-6.3087833635613606],[106.8841912661141,-6.3084440970174001],[106.88413246484146,-6.3081048295741766],[106.88407091883789,-6.3077660594560143],[106.88400700851668,-6.3074277156165408],[106.88394309729614,-6.3070893717770673],[106.88389910336099,-6.3067484594737948],[106.88391784613174,-6.3064062404556012],[106.88403670682862,-6.3060848344475176],[106.8841813573838,-6.3057723856870211],[106.88432993078175,-6.3054617616509177],[106.88447850507902,-6.3051511367155513],[106.88461883798902,-6.304836814667226],[106.88468788343914,-6.3045021220752346],[106.88464761089858,-6.3041632305486246],[106.88449643126535,-6.3038558134949767],[106.88428564186893,-6.3035840725468688],[106.88407534889831,-6.3033117281536875],[106.88392506139252,-6.3030037175474831],[106.88386093613337,-6.3026657793022309],[106.88380201345223,-6.3023265577244274],[106.88374333448735,-6.301987300173721],[106.8836802245628,-6.3016488061474547],[106.8836171155375,-6.3013103112218118],[106.88355400651227,-6.3009718162962258],[106.88349089748698,-6.3006333222699595],[106.88342388630338,-6.3002956295396189],[106.88334627301214,-6.2999601788191626],[106.8832588723991,-6.2996272713814392],[106.88315561404039,-6.2992987949033932],[106.8830198101162,-6.2989829026387838],[106.88287521352032,-6.2986704089121872],[106.88273801474764,-6.2983547037065364],[106.88260846021234,-6.2980356791032364],[106.88247890477771,-6.2977166544999363],[106.88234935024241,-6.2973976289973166],[106.88221979480772,-6.2970786043940166],[106.88209024027242,-6.2967595797907165],[106.88196483610835,-6.2964389301125152],[106.88183891393481,-6.2961184674932156],[106.88171124977441,-6.2957986820634915],[106.88158322588521,-6.2954790396259455],[106.88145418756079,-6.29515980548058],[106.88132515013564,-6.2948405713352713],[106.88119611181116,-6.2945213362905861],[106.88106707438601,-6.2942021021452774],[106.88093803606159,-6.2938828679999119],[106.88080899863644,-6.2935636329552267],[106.8806859668839,-6.293242057874636],[106.88056496490128,-6.2929196913905798],[106.88044323626639,-6.2925976216828303],[106.88032217312985,-6.2922752947690128],[106.88020172962621,-6.2919527232395467],[106.8800812861225,-6.2916301526094003],[106.87996432209587,-6.2913063571026555],[106.87985598796354,-6.2909795254846586],[106.87974447562709,-6.2906537550666712],[106.87963296239138,-6.2903279846487408],[106.87952174413323,-6.2900021135066595],[106.87941122464838,-6.2896760049436011],[106.87930095337634,-6.2893498136429571],[106.87919158232575,-6.2890233219686706],[106.87907669933026,-6.2886988447758085],[106.87895014853058,-6.2883786267721575],[106.87882072979289,-6.2880596048668167],[106.87870106330348,-6.2877367923190377],[106.87858118727206,-6.2874140256367355],[106.87846144613889,-6.2870911906059064],[106.8783307710483,-6.2867726948039717],[106.87817298679397,-6.2864671312530618],[106.87800099594926,-6.2861688414188279],[106.87782674330964,-6.2858718609975313],[106.87765523270286,-6.2855733778091007],[106.87750945259921,-6.2852614380648788],[106.87735371520188,-6.2849543465657689],[106.87719783481231,-6.2846473243145056],[106.877042357319,-6.2843401123062677],[106.87690820544941,-6.2840230221447086],[106.87677454550891,-6.2837057062532722],[106.87664026143898,-6.2833886430713619],[106.87650597736899,-6.2830715798894516],[106.87637169329906,-6.2827545167075414],[106.87623740922913,-6.2824374526263114],[106.87610312515915,-6.2821203894443443],[106.87596884108922,-6.281803326262434],[106.87583455701923,-6.2814862630805237],[106.8757002729493,-6.2811691989992937],[106.87556598887932,-6.2808521358173834],[106.87543170480939,-6.2805350726354732],[106.87529742073946,-6.2802180085541863],[106.87516313666947,-6.2799009453722761],[106.87503322150604,-6.279582083546245],[106.87490507171174,-6.2792624932694139],[106.87477692101817,-6.2789429029925259],[106.87464877122386,-6.2786233136149576],[106.8745195332499,-6.2783041667038901],[106.87438888873629,-6.2779855944595511],[106.87425824422263,-6.2776670222152688],[106.87412759970903,-6.2773484499709298]]},"properties":{"OBJECTID":26,"LINE_ID":"LRT_JB_CB","GEOM_ID":"LRT_JB_CB_04","LINE_NAME":"Lin Cibubur","MODE":"LRT","OPERATOR":"LRT Jabodebek","STATUS":"Eksisting","STRUCTURE":"ELEVATED","COLOR":"#21409A","SOURCE":"LRT Jabodebek","SRC_URL":"https://lrtjabodebek.kai.id/informasi-peta-rute","REMARK":"Segmen elevated pada cabang Lin Cibubur Cawang–Harjamukti. Batas transisi terhadap segmen at-grade belum dimodelkan sebagai segmen TRANSITION karena lokasi transisinya belum dapat ditentukan secara presisi.","Shape_Length":0.10327691055742014,"RELATION":"Cawang - Harjamukti"}},{"type":"Feature","id":27,"geometry":{"type":"LineString","coordinates":[[106.80116368025972,-6.1544180987162349],[106.80116704732143,-6.15459910796244],[106.80117364924456,-6.154780254804848],[106.80124346271572,-6.1561800369790944],[106.80126494392209,-6.1565415437572142],[106.80130507526906,-6.1571278630603956],[106.80134819506321,-6.1576681433700742],[106.80138441076201,-6.1584342704251753],[106.80136539369801,-6.1587469997741664],[106.80131571514818,-6.1590102088539993],[106.80116762918283,-6.159437205162817],[106.80115237128496,-6.1594756610728609],[106.80100929004675,-6.1597503131263807],[106.80060221821788,-6.1602255769487897],[106.80034945026699,-6.1604147394486404],[106.80012383284867,-6.1605640655791376],[106.80008934474751,-6.1605853075658388],[106.79988643880819,-6.1606821420671736],[106.79955638761726,-6.1608282549199771],[106.79876888277778,-6.1611693066181488],[106.79843519562786,-6.1613069721390161],[106.79793382088917,-6.1615100165739705],[106.79767941976945,-6.1616043239803275],[106.79644898083586,-6.1620535407382704],[106.79610691020582,-6.1621585257952916],[106.79566383042152,-6.1622335832132649],[106.79516924826225,-6.1622798416413502],[106.7951263550973,-6.162281829143069],[106.79435901755465,-6.1622696253429012],[106.79052161398135,-6.1621366560817705],[106.78979934326514,-6.1621169186608427],[106.78727166735365,-6.162019293655419],[106.78632434399333,-6.1619724362788588],[106.78460895463962,-6.1619101483346412],[106.78153962965024,-6.1617905843679068],[106.77661918063075,-6.161611989801429],[106.77603228036548,-6.1615929988178095],[106.7737763903682,-6.1615019325681146],[106.77355224514008,-6.1614769512003136],[106.77158413729813,-6.1612004807175822],[106.77033282420052,-6.161016649398789],[106.76970764878899,-6.160921245718896],[106.76952775200419,-6.1608973057660137],[106.7690794948229,-6.16084432760357],[106.76867782702016,-6.1607839480207645],[106.76849880977232,-6.1607598048211116],[106.76787148677977,-6.1606776391616904],[106.76684123873224,-6.1605472950216154],[106.76643905292002,-6.1604876528828072],[106.76300071091413,-6.1599625657198089],[106.76127697405315,-6.1596027739487909],[106.75924007436998,-6.1591933512920605],[106.75853508772417,-6.1590382407221682],[106.75769905816509,-6.1588405400588044],[106.75712194791964,-6.1587318911638249],[106.75685776037739,-6.1586734208416374],[106.75672425691897,-6.1586477676802929],[106.75628270328417,-6.1585540412359592],[106.75579577165757,-6.158455130200025],[106.75455799515544,-6.1581961020684162],[106.75372042235966,-6.158008911781792],[106.75353922065858,-6.1579804203600474],[106.75281713520269,-6.1579391459747512],[106.75254726394513,-6.1579190353351692],[106.75209329786748,-6.1579215768192626],[106.75065107668593,-6.1580184607832962],[106.74866805718517,-6.1581673939100483],[106.74803814324576,-6.1582234711362389],[106.74749874966761,-6.1582838012564025],[106.74565628970606,-6.158463428244545],[106.74318040215388,-6.1586688936544647],[106.74079271291345,-6.158840017552734],[106.73998262969468,-6.1589128491486349],[106.73993798644898,-6.1589187028358197],[106.73913385584285,-6.1590674830778198],[106.73852670734175,-6.1592444273883871],[106.73848112970046,-6.159260652956732],[106.73743110016522,-6.1596764895782599],[106.73609638304168,-6.1602318722030986],[106.73605547917708,-6.1602478351694003],[106.73541305836602,-6.160463462019095],[106.73537155375425,-6.1604762207009571],[106.73458034460725,-6.1606607292092121],[106.73329370074373,-6.1609054212481169],[106.73182447741777,-6.1611595786515636],[106.72747036206761,-6.1619579050332618],[106.72644709185988,-6.1621376426380721],[106.72524486735682,-6.1623433130934018],[106.72395465768136,-6.1625708613561301],[106.72141668543173,-6.1630053067494828],[106.72101568222803,-6.1630705471679903],[106.71998884890633,-6.1632284986961849],[106.71954241914739,-6.1633004246747873],[106.71433374820396,-6.1641976054351062],[106.71094667564864,-6.1647581951345387],[106.70470906876858,-6.1658024609147901],[106.69918269162798,-6.1667173673126285],[106.69588400893991,-6.1672594966284464],[106.69289615893064,-6.1677430656898764],[106.68567480884542,-6.1689304585737545],[106.68027911039269,-6.1698056131384647],[106.67965433967612,-6.1699033307740478],[106.67122466768433,-6.1712603960503998],[106.66881549723746,-6.1716441988206725],[106.66796853372091,-6.171786725177185],[106.66761409201678,-6.1718573120652422],[106.66712434191493,-6.1719380666883694],[106.66631886142636,-6.1720479917213993],[106.66221339063554,-6.1726964253996925],[106.6598065089633,-6.1730939464284234],[106.65797652799444,-6.1733786241241546],[106.65637080556826,-6.1736374103381877],[106.65168530713129,-6.1743770046949749],[106.64927648292343,-6.1747632077558023],[106.64793676467002,-6.1749680760158299],[106.64575019261736,-6.1753128643971422],[106.6444122496257,-6.1755291954160043],[106.64222463076214,-6.175867041031097],[106.63798466456069,-6.176531658908857],[106.63686997826693,-6.1767129694279674],[106.63628955761703,-6.1768022487247549],[106.63602127905887,-6.1768409717333839],[106.63512339143142,-6.1769327889170427],[106.6349884067896,-6.1769441887232688],[106.63467451641588,-6.1769673804402032],[106.63435865562752,-6.1769681970246211],[106.63399761289958,-6.1769666304056159],[106.63363667629164,-6.1769579231695957],[106.63097357866781,-6.1768476509982406],[106.63044918937862,-6.1768235051006286]]},"properties":{"OBJECTID":27,"LINE_ID":"KRL_TA","GEOM_ID":"KRL_TA_01","LINE_NAME":"Commuter Line Tangerang","MODE":"KRL","OPERATOR":"KAI Commuter","STATUS":"Eksisting","STRUCTURE":"AT_GRADE","COLOR":"#C25F28","SOURCE":"KAI Commuter","SRC_URL":"https://kci.id/files/download/documents/Jadwal%20Commuter%20Line%20Jabodetabek%20Update%20Februari%202026.pdf","REMARK":"Commuter Line Tangerang melayani relasi Duri–Tangerang. Dalam master WebGIS lintas ini direpresentasikan sebagai AT_GRADE. Shape_Length dibiarkan kosong dan harus dihitung dari geometri aktual di ArcGIS.","Shape_Length":0.17860965625518932,"RELATION":"Duri - Tangerang"}},{"type":"Feature","id":28,"geometry":{"type":"LineString","coordinates":[[106.81484369238257,-6.1378195419382564],[106.81588206220749,-6.1375082173303213],[106.81613843733908,-6.1374230659217233],[106.81630625173221,-6.1373584874042422],[106.81642619161551,-6.13730142362175],[106.81688041310065,-6.1371004350369844],[106.81704988134703,-6.1370326486377849],[106.81717869933755,-6.1369911116504454],[106.81722322926868,-6.1369781668088876],[106.81766203007868,-6.1368666176002762],[106.81779498225268,-6.1368362016293645]]},"properties":{"OBJECTID":28,"LINE_ID":"KRL_BO","GEOM_ID":"KRL_BO_ATG_01","LINE_NAME":"Commuter Line Bogor","MODE":"KRL","OPERATOR":"KAI Commuter","STATUS":"Eksisting","STRUCTURE":"AT_GRADE","COLOR":"#EC2329","SOURCE":"KAI Commuter","SRC_URL":"https://kci.id/files/download/documents/Jadwal%20Commuter%20Line%20Jabodetabek%20-%20Februari%202026.pdf","REMARK":"Segmen at-grade awal koridor Jakarta Kota–Manggarai. Berdasarkan KRL_Lin_Bogor_centerline_structure.geojson: chainage 0–345 m, confidence Tinggi. Jembatan pendek terisolasi tetap digeneralisasi sebagai at-grade agar trase tidak terpecah menjadi banyak seg","Shape_Length":0.0031169086315791998,"RELATION":"Jakarta Kota - Manggarai"}},{"type":"Feature","id":29,"geometry":{"type":"LineString","coordinates":[[106.81779498225268,-6.1368362016293645],[106.81783807956378,-6.1368263432610775],[106.81823101674809,-6.1367260355780218],[106.81888512334984,-6.1365479599203923],[106.81919336957839,-6.1364754152082241],[106.81963702582811,-6.1363849533029224],[106.81986334741561,-6.1363600582700428],[106.81999701095333,-6.1363564169150777]]},"properties":{"OBJECTID":29,"LINE_ID":"KRL_BO","GEOM_ID":"KRL_BO_TRANS_01","LINE_NAME":"Commuter Line Bogor","MODE":"KRL","OPERATOR":"KAI Commuter","STATUS":"Eksisting","STRUCTURE":"TRANSITION","COLOR":"#EC2329","SOURCE":"KAI Commuter","SRC_URL":"https://kci.id/files/download/documents/Jadwal%20Commuter%20Line%20Jabodetabek%20-%20Februari%202026.pdf","REMARK":"Segmen transisi utara pada koridor Jakarta Kota–Manggarai. Berdasarkan KRL_Lin_Bogor_centerline_structure.geojson: chainage 345–595 m, confidence Indikatif. GeoJSON tidak memiliki data Z/gradien; zona ±125 m dari batas perubahan struktur dibuat untuk revi","Shape_Length":0.0022585145019742379,"RELATION":"Jakarta Kota - Manggarai"}},{"type":"Feature","id":30,"geometry":{"type":"LineString","coordinates":[[106.81999701095333,-6.1363564169150777],[106.82013422591388,-6.1363526793326173],[106.82018177756703,-6.1363570653262514],[106.82040905513384,-6.1363890290303971],[106.82067271477405,-6.1364638930941169],[106.82087836994089,-6.1365573029771099],[106.82091938172414,-6.1365762148204226],[106.82107940888767,-6.1366649572219671],[106.82119483867092,-6.1367358957449483],[106.82123459679929,-6.136764019343957],[106.82137187920893,-6.1368872327595341],[106.82148584669454,-6.1370275126095635],[106.82156931277365,-6.1371343313842317],[106.82159841933162,-6.1371725094037402],[106.82176268499995,-6.1374428707918014],[106.82186707470578,-6.1377470089173016],[106.82238719940977,-6.1396188137571812],[106.82257451829946,-6.1401758106650846],[106.82270218335913,-6.1405134269530208],[106.82279032591288,-6.1407205201358579],[106.8229204856919,-6.1410068498861392],[106.82304980910146,-6.1412452259863244],[106.82329697697395,-6.1416756424169421],[106.82424837606175,-6.1432658767187718],[106.82453419409785,-6.1437265337524991],[106.82576034956054,-6.1457314949125248],[106.82580494784014,-6.1458126794115628],[106.82616474320838,-6.1465437023299501],[106.82625369515199,-6.1467519403497022],[106.8263993385587,-6.1471318058880797],[106.82654475173894,-6.1475616089810501],[106.82662916030756,-6.147867319121417],[106.82671296812902,-6.1482191204160017],[106.82672172662643,-6.14826412698784],[106.82682784572853,-6.1488425781224123],[106.82716545482197,-6.1508031541421815],[106.82723654712902,-6.1512495892970378],[106.82730455116416,-6.1518339732592153],[106.82730844432928,-6.1518803351093538],[106.82734963327903,-6.152783842600229],[106.82738103670556,-6.1538233275844618],[106.82744413134162,-6.1569881425886592],[106.82745379275838,-6.1584797941071656],[106.8274852519429,-6.1594279457430616],[106.8275011699431,-6.1596982810507939],[106.8275259462655,-6.1600133549323459],[106.82753251491368,-6.1600564135725904],[106.82759325062807,-6.160412910227592],[106.82765075597769,-6.1606771760108359],[106.8276611350534,-6.160719605125621],[106.82777819710617,-6.1611092471939628],[106.82779134339586,-6.1611524847992882],[106.82792537115904,-6.1614864453431437],[106.82799557313723,-6.1616517434331399],[106.82805310007058,-6.1617745053890758],[106.8281828011954,-6.1620112537163436],[106.82834109266736,-6.1622851602319315],[106.82836469177715,-6.1623220612141267],[106.82856926685827,-6.1626198096564622],[106.82948763384729,-6.1639079302067898],[106.82973010006413,-6.1642916592326173],[106.8298629254337,-6.164528089199905],[106.83000460103159,-6.1648122102153025],[106.83002284737654,-6.1648550440249892],[106.83018606623403,-6.1652765742544489],[106.83020139697697,-6.1653203262719671],[106.83031750574833,-6.1657102327409916],[106.83032938759123,-6.165755710557562],[106.8303994195976,-6.1661105137891354],[106.83045264417427,-6.1665152518773425],[106.83047257764741,-6.1669691639957023],[106.8304860836659,-6.1675570058511084],[106.83048363301333,-6.1682352547531423],[106.83047736833595,-6.1683721126827891],[106.83042757467291,-6.1688225390288949],[106.83031747786936,-6.1693567893842669],[106.82988562342285,-6.1709726939346297],[106.8298556256367,-6.1711039625777744],[106.82979934426436,-6.1713692895610279],[106.82976335969136,-6.1716364241815995],[106.82973790258222,-6.1719494143339375],[106.82973224764515,-6.1723562478425151],[106.8297795447902,-6.1728935981609538],[106.82984531401007,-6.1733848843049373],[106.82994694999184,-6.1738716468589701],[106.83009738138912,-6.1745326242811416],[106.83031920636637,-6.1755484031362471],[106.83041944390226,-6.1759412386971348],[106.83050567000072,-6.1762446339826056],[106.83124431917008,-6.1785237606629835],[106.83166867417003,-6.1797155701174233],[106.83174850339077,-6.180023264162287],[106.83185111423757,-6.1805582438678357],[106.83217619487556,-6.1827951230964118],[106.8325276031664,-6.1855304551663153],[106.83258502577837,-6.1858398264467951],[106.83266323082353,-6.1861927725783517],[106.83267450202669,-6.1862345577785618],[106.83278297195665,-6.1865786626751174],[106.83290457828372,-6.1869192260414252],[106.83300170776266,-6.1871721216959941],[106.83311226232109,-6.1874181483288453],[106.8332292812064,-6.1876628097907656],[106.83324980013822,-6.1877013052709913],[106.83356694965505,-6.1882488781831171],[106.8343823964305,-6.1893852858022456],[106.83593310103186,-6.1914424795867262],[106.83750067691477,-6.1935433102755155],[106.83957637155237,-6.1962799994224156],[106.84043277525245,-6.1974454911164685],[106.84319784970108,-6.2011340919647182],[106.84332597611296,-6.2013217103286138],[106.84349683471123,-6.2015871776061431],[106.84372308705088,-6.2019245789560955],[106.84394677542343,-6.202266066825473],[106.84409984633089,-6.2024882668200121],[106.84442003016034,-6.2029252626906555],[106.84617898537192,-6.20527813557743],[106.84636359460427,-6.2055355683118023],[106.84648734671373,-6.2057265627306606],[106.8465335098137,-6.2058042848398145],[106.84688098986584,-6.2064391729294357],[106.84697427564237,-6.2065928571745985],[106.84709664099722,-6.2067824117788177],[106.8471728558427,-6.206893014900686],[106.84730992960965,-6.2070726697678538],[106.84753727642425,-6.2073531098581043],[106.84776885095175,-6.2076312269994673],[106.84793549802487,-6.2078451460366182],[106.84818065501327,-6.2081711511776234],[106.84830961869403,-6.2083574808130493],[106.84843166658823,-6.2085476739359819],[106.84876450118082,-6.2090860890517092],[106.84883795061097,-6.209199051095311],[106.84888989815033,-6.2092729987498387],[106.85025315795696,-6.211074206809144],[106.85156828334965,-6.2127994590277922],[106.8517085551058,-6.2129753484335311],[106.85241100926072,-6.2138017948169022],[106.85325107317857,-6.2147855371227934]]},"properties":{"OBJECTID":30,"LINE_ID":"KRL_BO","GEOM_ID":"KRL_BO_EL_01","LINE_NAME":"Commuter Line Bogor","MODE":"KRL","OPERATOR":"KAI Commuter","STATUS":"Eksisting","STRUCTURE":"ELEVATED","COLOR":"#EC2329","SOURCE":"KAI Commuter","SRC_URL":"https://kci.id/files/download/documents/Jadwal%20Commuter%20Line%20Jabodetabek%20-%20Februari%202026.pdf; https://www.kai.id/en/heritage/stasiun/dari-halte-koningsplein-ke-stasiun-gambir","REMARK":"Segmen elevated utama koridor Jakarta Kota–Manggarai. Berdasarkan KRL_Lin_Bogor_centerline_structure.geojson: chainage 595–10.400 m, confidence Tinggi. Klasifikasi didasarkan pada kontinuitas panjang OSM bridge=yes/layer\u003e0; jembatan pendek terisolasi tida","Shape_Length":0.088638860763869246,"RELATION":"Jakarta Kota - Manggarai"}},{"type":"Feature","id":31,"geometry":{"type":"LineString","coordinates":[[106.85325107317857,-6.2147855371227934],[106.85340939972406,-6.2149709413558298],[106.85393446710202,-6.2156504142351992],[106.85463582858068,-6.216570899127646]]},"properties":{"OBJECTID":31,"LINE_ID":"KRL_BO","GEOM_ID":"KRL_BO_TRANS_02","LINE_NAME":"Commuter Line Bogor","MODE":"KRL","OPERATOR":"KAI Commuter","STATUS":"Eksisting","STRUCTURE":"TRANSITION","COLOR":"#EC2329","SOURCE":"KAI Commuter","SRC_URL":"https://kci.id/files/download/documents/Jadwal%20Commuter%20Line%20Jabodetabek%20-%20Februari%202026.pdf","REMARK":"Segmen transisi selatan pada koridor Jakarta Kota–Manggarai. Berdasarkan KRL_Lin_Bogor_centerline_structure.geojson: chainage 10.400–10.650 m, confidence Indikatif. GeoJSON tidak memiliki data Z/gradien; zona ±125 m dari batas perubahan struktur dibuat un","Shape_Length":0.0022597534333575185,"RELATION":"Jakarta Kota - Manggarai"}},{"type":"Feature","id":32,"geometry":{"type":"LineString","coordinates":[[106.85463582858068,-6.216570899127646],[106.85538623818439,-6.217555747599647],[106.85632062209908,-6.2187756518748074],[106.85667449812962,-6.2192446762007876],[106.85685483468296,-6.2195057646792407],[106.85700501337072,-6.2197326249606135],[106.85709862380253,-6.2198872489972814],[106.85734780525706,-6.2203183066445149],[106.85736980627161,-6.2203589380145559],[106.85766829395664,-6.2209677862343256],[106.85768782723153,-6.221009840331817],[106.8577906323319,-6.2212608141352348],[106.8578981786581,-6.2215593836585867],[106.85798899759425,-6.2218639030966187],[106.85807146272788,-6.2221699468855149],[106.8581605297847,-6.2225215251482382],[106.85823212661143,-6.222876502848294],[106.85825697757753,-6.2230097877714456],[106.85829332277871,-6.2232328106456407],[106.85832497261947,-6.2234576285666776],[106.85833085868222,-6.223503773680136],[106.8583806046812,-6.2241800341811881],[106.85840808886229,-6.2252656606816572],[106.85841342094267,-6.2259436595721809],[106.85843813161455,-6.2275257289292085],[106.85850105807742,-6.2309609089187461],[106.85853664065348,-6.233085308140403],[106.85857487263235,-6.2351192643425293],[106.85858131357679,-6.235887857338696],[106.85860238019575,-6.2374246889981464],[106.8586154239627,-6.2381480029279714],[106.85863539700603,-6.239504152694451],[106.85865363615642,-6.2409506762326714],[106.85869189331629,-6.2427132566114665],[106.85871676856408,-6.2435263732434692],[106.85873142481546,-6.244520992849516],[106.85874065096033,-6.2449277463184103],[106.85873123595786,-6.2456978942423689],[106.85869063966135,-6.2462849096208402],[106.85862728062455,-6.2467781014282195],[106.85857596171132,-6.2470455759925017],[106.85839613957023,-6.2477478457864208],[106.85826830903528,-6.2481814233339605],[106.85810876121042,-6.2486053430620814],[106.85788873217933,-6.249150617307123],[106.85763540574942,-6.2497312169221004],[106.85721513726884,-6.250682322830869],[106.85697130767977,-6.2512169778811995],[106.85664133832717,-6.2519110125830935],[106.85618843794612,-6.2528966551564622],[106.85594785041303,-6.253432564760999],[106.85543830983022,-6.2545916083160478],[106.85504516040589,-6.2554555690192615],[106.85479937928801,-6.2559893571230987],[106.85448434407726,-6.256690053103398],[106.85361632563297,-6.2586784271676379],[106.85281368520344,-6.260498237703473],[106.85111969431847,-6.2642961916159265],[106.85049801816905,-6.2657017699207245],[106.84861569395918,-6.2699107149074962],[106.84787082327995,-6.2715581775677833],[106.8475634511924,-6.2722624042864936],[106.84733521764622,-6.2728044130931266],[106.84706382563513,-6.2733759232601756],[106.84699309305688,-6.2735401151841188],[106.84694641104807,-6.2736673629584061],[106.84670870404352,-6.2743504592062891],[106.84649312665653,-6.274992820662078],[106.84644025911075,-6.2751649203247553],[106.84625239523194,-6.2758161562905457],[106.84617717413732,-6.2761229339262172],[106.84607286716914,-6.2765627491714895],[106.84554492375929,-6.2794981785980326],[106.84531841960944,-6.2806978319393352],[106.84517031026166,-6.2814976251152643],[106.84463828213109,-6.2845712209850149],[106.84459794124206,-6.2847936781856788],[106.84442900179704,-6.2856380966208008],[106.84417735170348,-6.2865533744386539],[106.84415128395466,-6.2866406797235186],[106.84384440379625,-6.2875866567987373],[106.8434306158303,-6.2886390686380764],[106.84286767440369,-6.2900212348920377],[106.84208567431449,-6.2918988646408707],[106.84140505120223,-6.2935733384387618],[106.84129944111635,-6.2938711300485579],[106.84101202138771,-6.294727627278121],[106.84078265829311,-6.2955083251490578],[106.84074651543938,-6.2956384489552306],[106.8406448560753,-6.2960323762931125],[106.84060512582596,-6.296207698226624],[106.84052366973162,-6.2966063209249228],[106.84047515130726,-6.29687215962241],[106.84044121988643,-6.2970953731528994],[106.84037383638349,-6.2976324770571068],[106.84032653294321,-6.2980819780008233],[106.84028749157454,-6.2986220919359539],[106.84022081224077,-6.2997050996106054],[106.8401300103917,-6.3006956587775562],[106.84010835381753,-6.3009664707259958],[106.84004689235024,-6.3014599260347381],[106.83999766166284,-6.3018190837836414],[106.83987083297262,-6.3025770342027272],[106.83975118986558,-6.3032444103012608],[106.83943711423149,-6.3051626822119715],[106.83866104427182,-6.3097080599789592],[106.83829054517258,-6.3118461270970556],[106.83764379142787,-6.3155422327877773],[106.83745224032867,-6.316609993356451],[106.83705751978874,-6.3189273673041271],[106.83690793465354,-6.3197279680712199],[106.83689709062827,-6.3197737003958991],[106.83659603627814,-6.3207688838768377],[106.83644814636494,-6.3211964809328265],[106.83609562920998,-6.321934220887556],[106.83575685999114,-6.3225235016582246],[106.83506569142855,-6.3235290920939065],[106.83429971905684,-6.324699553441576],[106.83411696512587,-6.3250602472325568],[106.83392462891857,-6.3255674225984535],[106.83383483341089,-6.325869274647232],[106.83382486892265,-6.3259116291183659],[106.83373394116853,-6.3263522051900623],[106.8337026231776,-6.3266670839187213],[106.83368624562382,-6.3270275456846434],[106.83368536788549,-6.3270716169615184],[106.83369331609373,-6.3275670660672176],[106.83374535806189,-6.3280159662637629],[106.83385809437561,-6.3284511266181767],[106.83397927532337,-6.3287901080769871],[106.83406181240281,-6.3289996006510023],[106.83415129404705,-6.3292070949314621],[106.83420828138713,-6.3293293496697061],[106.83481829063169,-6.3305909177366289],[106.83498938934889,-6.3309598178412898],[106.8350657247035,-6.3311752891082733],[106.83526279314344,-6.3318726450065128],[106.83533870941397,-6.3322275417675655],[106.83541892624254,-6.3326263659139954],[106.83545951534444,-6.3329890768843597],[106.83547653321551,-6.3333502913827715],[106.83548050282303,-6.3336671369287956],[106.83544902205477,-6.3342095333432553],[106.83544335722519,-6.3342561703859133],[106.83534638332901,-6.3348825940564097],[106.83431471794995,-6.3390978666731712],[106.83394137609372,-6.3406818048213722],[106.83368511517597,-6.3417825012613775],[106.83336759423912,-6.3439729098219004],[106.83334637563479,-6.3441522948924671],[106.8326379113106,-6.3493482979855003],[106.8325095591689,-6.3503342643148244],[106.83193598775568,-6.3544996110681495],[106.83165121832911,-6.35696839487548],[106.83160447876372,-6.3575995552752147],[106.83159256634394,-6.3581409678313321],[106.83160753376075,-6.3587271954036737],[106.83165732112855,-6.3594026096427001],[106.83179804974026,-6.3605228033846402],[106.83189286616289,-6.3613308388470955],[106.8319608441177,-6.3618233615588338],[106.83211823267038,-6.3628971718669618],[106.83226280498451,-6.3639720145967544],[106.83233924825777,-6.3645090636423447],[106.83236781522254,-6.3647331728975587],[106.8324413797659,-6.3653631560847543],[106.83247022911786,-6.3656327926192375],[106.83248301298073,-6.365814275808134],[106.83251062216755,-6.3663564383988387],[106.8325102651367,-6.3664933152142567],[106.83249683915784,-6.36694716977604],[106.83243203041394,-6.3675781745930635],[106.83231948385713,-6.3682480705919602],[106.83228042899867,-6.368424620100086],[106.83213460302954,-6.3689019253835113],[106.83178547721803,-6.3699769911451654],[106.83148571429433,-6.3708780497821067],[106.83120739390614,-6.3716907644172238],[106.83073502320281,-6.3731056264234667],[106.83058897779915,-6.3735331524329695],[106.83006915976398,-6.375122954160986],[106.82994025633781,-6.3755088730360399],[106.82980887617873,-6.375941246391335],[106.82892023627994,-6.3786468693575102],[106.82861596955144,-6.3795945956140372],[106.82847062202165,-6.3799758137327558],[106.82821130970422,-6.3805531101378961],[106.82819164063176,-6.3805951480475755],[106.82791693821616,-6.3811145712804205],[106.82756456135547,-6.3816975136293195],[106.82714699533761,-6.3822880102833892],[106.82647627196246,-6.3831977617672351],[106.82644709076067,-6.3832346258772077],[106.82632912398992,-6.3833716007187604],[106.82597077383218,-6.3837788380229199],[106.82480589997238,-6.3850415311417237],[106.82477727455165,-6.3850749967136835],[106.82427137532375,-6.3857110125531449],[106.82394885505568,-6.3862005746967156],[106.82355641609581,-6.3868596293683595],[106.82325327262049,-6.3874661492433233],[106.82323538060837,-6.3875065917557663],[106.82273755999046,-6.3886703108860843],[106.82239389306375,-6.3894563624211287],[106.82202853089206,-6.3902821621919657],[106.82121980475023,-6.3921987262901325],[106.82083501092706,-6.3931154223388376],[106.82019794378016,-6.3947578649834327],[106.81947892231449,-6.3964658493194406],[106.81890258188872,-6.3978896757678854],[106.81864464913133,-6.3986124168295078],[106.81835136402429,-6.3995626638857743],[106.81816145059054,-6.4001658832488602],[106.81802210423677,-6.4006430941034864],[106.81791771992687,-6.4010339493572133],[106.81777278158864,-6.4016028236113698],[106.81761055288479,-6.4023014385604711],[106.81743205724371,-6.4031916711586518],[106.8170435986832,-6.4050501273614486],[106.81681552431706,-6.4062030807075416],[106.81658936101024,-6.4074005540922485],[106.81649348968284,-6.4078421949612903],[106.81624615183847,-6.4090369919635464],[106.81612345643242,-6.4096117342940602],[106.8159872514106,-6.4102756812775965],[106.81589305911746,-6.4107637046811874],[106.81584782501716,-6.4109859262594568],[106.8156921002103,-6.4116922825727443],[106.81561663629878,-6.4120460138124145],[106.81552795415183,-6.4124430932740779],[106.81547565138027,-6.4126626186848625],[106.81510503626845,-6.41438636813632],[106.81493491421497,-6.4151820738935612],[106.81470869604954,-6.4162893057068686],[106.81458775701941,-6.4168645552549606],[106.81442357588736,-6.4176153407752849],[106.81435606288204,-6.4178787728870361],[106.8142477710179,-6.4183173380746439],[106.81422192270361,-6.4184038555534357],[106.81383277975903,-6.419562006980982],[106.81374892517283,-6.419819935241776],[106.81360386362746,-6.4202482022926688],[106.81343966720692,-6.4207180117268194],[106.81303740765031,-6.4218218773776812],[106.81273295835939,-6.4227214386434071],[106.81219648577928,-6.424257914171335],[106.81212608595018,-6.4244725292837757],[106.81181683338019,-6.4253700697728391],[106.81156258874256,-6.4260953046545524],[106.81126619737717,-6.426997018897282],[106.81103230799465,-6.4276814398465376],[106.81042301191252,-6.429384379885164],[106.80990800165301,-6.4309276291067476],[106.80970160814275,-6.43152641481214],[106.80881349974328,-6.4340414255713085],[106.80828097158962,-6.4355322775924719],[106.80818559309068,-6.4357861076426843],[106.80754367320202,-6.4371845750080752],[106.80735199709704,-6.4375940687112347],[106.80611492296538,-6.4401593290897381],[106.8056386716874,-6.4411840499039386],[106.80463591321688,-6.4433102180920514],[106.80317994589785,-6.4463721182785889],[106.80316130834774,-6.4464121318143839],[106.8030230303886,-6.4467448162202459],[106.80295838711993,-6.4469134489964404],[106.80284925169167,-6.4472103565726684],[106.80270081768867,-6.4476373618746834],[106.80264378178515,-6.4478081017624618],[106.80259276414483,-6.4479813336715779],[106.80232809906261,-6.4490313632068137],[106.80208363455216,-6.4500419655641963],[106.80204477394722,-6.4502175698848987],[106.80199969093303,-6.450438657418033],[106.80181684706992,-6.4513708074167653],[106.80156835719401,-6.4524732683266279],[106.8011930521177,-6.4540565256880882],[106.80109729500424,-6.4544981287855876],[106.80101536316852,-6.4548966381692594],[106.80096595711331,-6.4551622097681047],[106.80092230132323,-6.4554298731900417],[106.80081763822346,-6.4561455590702508],[106.80081288080987,-6.4561887526087958],[106.80076530487497,-6.4568198824316028],[106.80074463305846,-6.4577670340213444],[106.8007501881707,-6.4583094807978796],[106.80077531612801,-6.4588053516856121],[106.80077978306059,-6.4588484301108906],[106.80091817703232,-6.4598782860539927],[106.80102628543477,-6.4605018139075128],[106.80107703507718,-6.4607678135836863],[106.80123767557831,-6.4617037839024647],[106.80140609431584,-6.4626377073642516],[106.80176323398609,-6.4645025379617209],[106.80205672503791,-6.4660573632566525],[106.80214399704789,-6.4665008900039993],[106.80219162064685,-6.4667678663439006],[106.8025292576192,-6.4685446128435728],[106.80261560332747,-6.4690343485563062],[106.80268111534127,-6.469437305986844],[106.80271095574608,-6.4697091683433996],[106.80271723661122,-6.4697992165605456],[106.80274863913843,-6.4708392060644542],[106.80277234886489,-6.4723308926565437],[106.80278217575687,-6.4730993714388205],[106.80278420282878,-6.4734615949765839],[106.80277764677106,-6.4750438756742597],[106.80278817423493,-6.4760381859135236],[106.80278665977659,-6.4760845783405898],[106.80275450901343,-6.4765367691564961],[106.8026633762139,-6.4772556530259067],[106.80249815726421,-6.478098453580742],[106.80229368470583,-6.4787014777909349],[106.8020832811186,-6.479251628160057],[106.80193770516104,-6.4795826560147134],[106.80176571701429,-6.4799519131502166],[106.80166612968821,-6.4801549908601146],[106.80158166895893,-6.4803168400500795],[106.80146455384613,-6.4805110306594997],[106.80129372312689,-6.4807773738766628],[106.80121785272178,-6.4808915068375086],[106.80116546901127,-6.4809651307361378],[106.80084334624348,-6.48140156093325],[106.80067472875578,-6.48161393223711],[106.80040800332677,-6.4819230759891298],[106.8001463033093,-6.4822342692960433],[106.79976435134381,-6.4826807188400721],[106.7989236686924,-6.4836866006560285],[106.7978422905893,-6.4849624220780697],[106.79709927880873,-6.4858727527252995],[106.79707420481077,-6.4859074620596857],[106.79652467587317,-6.4867342061186832],[106.79636561008488,-6.4870074768135737],[106.79630610734102,-6.4871275857694286],[106.79611292577096,-6.4875362781766626],[106.79600637139697,-6.4877847788444001],[106.79598921233236,-6.4878264759111062],[106.795692818269,-6.4886290093213006],[106.79549446199991,-6.489371506689622],[106.79545064882842,-6.4895459059187601],[106.79526765297987,-6.4903373569833889],[106.79524065263405,-6.4904701077092568],[106.79517412708435,-6.4908706288763938],[106.79512862318745,-6.4912277973249388],[106.79510132876339,-6.4915880117772531],[106.79507826385088,-6.4919481596797937],[106.79498127106888,-6.4940248165919456],[106.79495568175935,-6.494836909795481],[106.7949538480417,-6.4952888748816235],[106.7949580928418,-6.4956052860550813],[106.79496133669642,-6.4956945473654173],[106.7949793797946,-6.4960091796798451],[106.7951254791576,-6.4973573902313433],[106.79520194131658,-6.4981677009785699],[106.79533010819802,-6.4994724356043889],[106.79542483378913,-6.5005078979211248],[106.79545982191331,-6.5009132331591104],[106.79549858539144,-6.5014093126895887],[106.79552303525992,-6.5016793233420458],[106.79554811195584,-6.5019945662961618],[106.79561782290426,-6.5027145203587793],[106.795660896833,-6.5035277332182773],[106.79570737559499,-6.5047021542809489],[106.79571396222963,-6.504928493854834],[106.79571639219779,-6.5051092809684974],[106.79574362906527,-6.5056505667202487],[106.79578122972003,-6.5061454744340494],[106.79581366916557,-6.5064602596332293],[106.79584381893716,-6.5066831296226724],[106.79585237598644,-6.5067262017527696],[106.79613853306688,-6.5080519112666479],[106.79633498726992,-6.5088875613118375],[106.79642171968669,-6.5092858188853597],[106.79661433378453,-6.5102154013196696],[106.79671278796485,-6.5107028365666224],[106.79679464155953,-6.511331734272062],[106.79679869840129,-6.511379027819828],[106.79680569332817,-6.5119683175837508],[106.7967584897126,-6.512508745382263],[106.79657789955047,-6.5138539809764211],[106.79656710318932,-6.5140328201584907],[106.79658456982207,-6.5144814001964164],[106.7966227442443,-6.5148410112036572],[106.79662878768846,-6.5148839448381182],[106.79671080855701,-6.515280508988269],[106.79687867870814,-6.5157942404118216],[106.79710729626476,-6.5162861012225335],[106.79712690418336,-6.5163245319515681],[106.79738868963636,-6.5167473176345538],[106.79741388234487,-6.5167816456563514],[106.79761485024522,-6.5170259042220664],[106.79767440425042,-6.5170937400839648],[106.79943849998682,-6.518907430733293],[106.79952932791622,-6.5190078247512702],[106.79976202030105,-6.519286189206241],[106.79993143278944,-6.5195009769884678],[106.80008676459255,-6.5197233640419654],[106.80025585872096,-6.519991386293384],[106.80032664885584,-6.5201070507997088],[106.80034877667475,-6.5201475607612451],[106.80061414412751,-6.5206718484270141],[106.80078539483014,-6.5210433466730819],[106.80096793831979,-6.521555749797983],[106.8010904772438,-6.5220385409458572],[106.80118870659362,-6.5224797987037277],[106.80119667188893,-6.5225265661480876],[106.8012655041997,-6.5234298703921354],[106.80125466287245,-6.5238365600092152],[106.8011828088396,-6.5248297901626415],[106.8010668556509,-6.5260454109669013],[106.80098042990295,-6.5268090558931817],[106.80093195824332,-6.5272128326060965],[106.800879212106,-6.5277072106192122],[106.80085815987621,-6.5279314916449493],[106.80083227199179,-6.5282922124156357],[106.80080902631556,-6.5286983570434813],[106.80076832210045,-6.5295107236409535],[106.80074774201472,-6.5298717906505885],[106.80068754499428,-6.530683698593748],[106.80065136796634,-6.5310896525653561],[106.80056562120649,-6.5318991692112149],[106.80048780826581,-6.5325272890031556],[106.80030237615381,-6.5341895940744621],[106.80027893442536,-6.5344143598347841],[106.80023669236954,-6.5351354056743958],[106.80020999059866,-6.5355421276669858],[106.80004905961647,-6.537297885788746],[106.79998388484847,-6.5381087640082001],[106.79991494911565,-6.5388744126240113],[106.79987547607243,-6.5393697861866258],[106.79981524038112,-6.5400003539331237],[106.79978015063352,-6.5402696334367647],[106.79969815404661,-6.5410335076902015],[106.79960520191861,-6.5419783066535047],[106.79957476706193,-6.5423386551047997],[106.7995043798233,-6.5434660020542879],[106.799491765033,-6.5438722240238576],[106.79949834717104,-6.5446397576186541],[106.79950402099382,-6.5448652788095387],[106.79952016202594,-6.5452717957567188],[106.79952785842397,-6.5454064107771615],[106.79957708191688,-6.5459462836939792],[106.79965891033049,-6.5466192904478362],[106.79969566202521,-6.5468877299846895],[106.79980632270372,-6.5476482641560096],[106.79988801891699,-6.5481843662154802],[106.80001025117224,-6.5488966697454885],[106.80009758793341,-6.5493402279690827],[106.80044831633677,-6.5509289136384155],[106.80072855587821,-6.5521633212802044],[106.8008165698289,-6.5525605572238987],[106.80089601593846,-6.5529595162686292],[106.80117310515476,-6.5541948151385441],[106.80146321475564,-6.5554733408219477],[106.80168455859558,-6.5565352782804212],[106.80183443421186,-6.5571965893510651],[106.80200344200529,-6.5579000030826364],[106.80216217684307,-6.5586057028908158],[106.80229713630388,-6.5592701211191411],[106.80245205082156,-6.5599766617934847],[106.80272767863954,-6.5611654899953464],[106.80277558642422,-6.5614336012796457],[106.80278895214849,-6.5615229570187807],[106.80283171401243,-6.5618834934284109],[106.80284245911224,-6.5620640979797145],[106.80284609057469,-6.562199513396763],[106.80284444481532,-6.562562843100693],[106.80283783929491,-6.5627439737553459],[106.80282252833706,-6.5629696334418099],[106.80280990365418,-6.5631055048151552],[106.80279916484966,-6.5631952589540106],[106.80275940941925,-6.5634644880955761],[106.802734546762,-6.5635978143875491],[106.80268663088339,-6.5638191105634291],[106.80265110406526,-6.5639509026120209],[106.80257441527709,-6.5642120936132073],[106.80251627500616,-6.5643837966748038],[106.80234782119504,-6.5648029688818497],[106.80219843840729,-6.5651818451659665],[106.80209453793265,-6.5654330617863366],[106.80183534792303,-6.5660103303124515],[106.80176746979294,-6.5661777508025239],[106.8015854793864,-6.5665915648488067],[106.80152906581378,-6.5667157396396192],[106.80143087423551,-6.566920661859001],[106.80134886236016,-6.5670816980618838],[106.80113008338668,-6.5674810707947131],[106.80105753597655,-6.5675952631108316],[106.80080619974638,-6.56797086316476],[106.80077673705682,-6.568007950306594],[106.80056747201127,-6.5682453461457726],[106.80033487315592,-6.5685219317417136],[106.80012083990488,-6.5687546502068699],[106.79995567581386,-6.5689123778039402],[106.79971915591437,-6.5691225979294927],[106.79968511387699,-6.5691522755570304],[106.79954137613367,-6.569265163856187],[106.79902576872433,-6.5696321915723388],[106.79894946214802,-6.5696832379910006],[106.79791357175401,-6.5703287947380318],[106.79761300123909,-6.5705289883221099],[106.79673376734956,-6.5710838286557305],[106.79631470036321,-6.5713509066189886],[106.7959033909288,-6.5716300004241361],[106.7956476758996,-6.5718142229479781],[106.79540426359597,-6.5720162439544652],[106.79519406055749,-6.5721873147926999],[106.79516055631467,-6.5722169060853162],[106.79509644184736,-6.5722779961325841],[106.79494009830694,-6.5724410540113922],[106.79464165558801,-6.5727796190840877],[106.79452413757895,-6.5729163574039262],[106.79438226862686,-6.5730921550788253],[106.79397937594752,-6.5736319488553363],[106.79390861908757,-6.573747574690799],[106.7938428993304,-6.5738650891025259],[106.79361319809067,-6.5743054664241072],[106.79347364759082,-6.574588165611317],[106.79332274944539,-6.5749151186377617],[106.7933058610767,-6.5749564541769701],[106.79319208065004,-6.5752517501680927],[106.79316345972592,-6.5753346280905589],[106.79309092220836,-6.575595960285284],[106.79299939640509,-6.5759458379300213],[106.79297094725149,-6.5760760462724761],[106.79289646270166,-6.5764744819117595],[106.7928819017784,-6.5765635813441463],[106.7928420878921,-6.5768774924023319],[106.7928021750804,-6.5773717993690184],[106.79279551739927,-6.5775062857863986],[106.79280426420547,-6.5778651197794034],[106.79282096911248,-6.5781357806417304],[106.79282860525598,-6.5782234042866321],[106.79286636599005,-6.5784919787217859],[106.79324746719692,-6.5810405305959421],[106.79331869080499,-6.5815326809884027],[106.79338292038551,-6.5820283639178001],[106.79338891796425,-6.5821184768861372],[106.79340384401223,-6.5826171302762759],[106.79339501986436,-6.582843498628506],[106.79337116534708,-6.5832948728600513],[106.79336240505103,-6.5833879418999572],[106.79332897185463,-6.5836127139555174],[106.79326046869573,-6.5840136901796313],[106.79324283388974,-6.5841036970279561],[106.79319774188235,-6.5842787608560798],[106.79302942836551,-6.5848429514410327],[106.79229879215558,-6.5873616062530687],[106.79203806340598,-6.5882273404193938],[106.79187549116102,-6.5887448498948515],[106.79157094114606,-6.5897387509425585],[106.79139152280061,-6.5903456961968914],[106.7913169447213,-6.59060648070448],[106.79127346070169,-6.5907678379653021],[106.79129642309152,-6.5907738814094614],[106.79117149916539,-6.5912519996799688],[106.7910975982756,-6.5916015041061087],[106.79100119994547,-6.5920793013186767],[106.79091640376907,-6.5926205034334657],[106.79087259869152,-6.5929687955734266],[106.79077390079493,-6.5938206972672901],[106.79071589722093,-6.5942866018451696]]},"properties":{"OBJECTID":32,"LINE_ID":"KRL_BO","GEOM_ID":"KRL_BO_ATG_02","LINE_NAME":"Commuter Line Bogor","MODE":"KRL","OPERATOR":"KAI Commuter","STATUS":"Eksisting","STRUCTURE":"AT_GRADE","COLOR":"#EC2329","SOURCE":"KAI Commuter","SRC_URL":"https://kci.id/files/download/documents/Jadwal%20Commuter%20Line%20Jabodetabek%20-%20Februari%202026.pdf","REMARK":"Segmen at-grade utama dari kawasan Manggarai menuju Bogor. Berdasarkan KRL_Lin_Bogor_centerline_structure.geojson: chainage 10.650–54.775,4 m, confidence Tinggi. Jembatan pendek terisolasi tetap digeneralisasi sebagai at-grade agar trase tidak terpecah me","Shape_Length":0.39895274726244295,"RELATION":"Manggarai - Bogor"}},{"type":"Feature","id":34,"geometry":{"type":"LineString","coordinates":[[107.1457515936612,-6.2555691614875855],[107.14426786067327,-6.2549333470962551],[107.14413080399345,-6.254869581565913],[107.14401884649266,-6.2548263232761769],[107.14391031630811,-6.2547731067933796],[107.14324223873837,-6.2544846654349158],[107.14311274175969,-6.2544190347106223],[107.14258657990678,-6.254173632207312],[107.14254205087502,-6.2541595416295195],[107.14250459321249,-6.2541353561617257],[107.14146964890523,-6.2536659118522948],[107.14112918266574,-6.2535429700320151],[107.14078079879488,-6.2534421407421519],[107.1404279866623,-6.2533608213447565],[107.14006951509612,-6.2533022323121372],[107.13979917259383,-6.2532676875537163],[107.13934824532532,-6.2532416296974134],[107.1389855721265,-6.2532348281247891],[107.13853400813804,-6.2532517731507369],[107.13819065057811,-6.2532701391056094],[107.13807037254969,-6.253282317724711],[107.13762758414578,-6.2533456290974527],[107.13736553698999,-6.2533747707290672],[107.13710041685084,-6.2533964848598202],[107.11972621099591,-6.2561359007511896],[107.11731598834223,-6.2565109297355548],[107.11124817166586,-6.2574709461272278],[107.10654522548185,-6.2582043315646274],[107.10556446442854,-6.2583645799613237],[107.09744321583179,-6.2596434096155917],[107.09503360111984,-6.2600218119570172],[107.09226555351256,-6.260447764152957],[107.09210360719578,-6.2604821353422153],[107.09202015910313,-6.2604855212897519],[107.09197551315947,-6.2604923912108461],[107.09003557568133,-6.2608090487985351],[107.08691253238754,-6.2613030230160689],[107.08486491008762,-6.2616534276635321],[107.08406143688586,-6.2617781726245312],[107.08364225568562,-6.2618409192230047],[107.08336387864017,-6.2618817853161204],[107.08323265856041,-6.2619010245126105],[107.08314330461985,-6.2619137759999148],[107.08289967198232,-6.2619481759675182],[107.08218433324043,-6.2620506968821132],[107.08075611180516,-6.2622735380932681],[107.07977547755632,-6.2624340230116786],[107.07727478850074,-6.2628162213914607],[107.07673726821042,-6.2628813826696046],[107.07628793094329,-6.2629229952000287],[107.07592816795068,-6.2629465565382816],[107.07529644907191,-6.262976150528857],[107.07484538420715,-6.2629821004435371],[107.07439412868615,-6.2629782234661775],[107.07376294310541,-6.2629537394234944],[107.07312141532111,-6.2629095179598266],[107.07268430703522,-6.2628645023948479],[107.0718795657894,-6.2627523596336232],[107.07143471074335,-6.2626767392400779],[107.07099114082854,-6.2625912973504683],[107.07011156879395,-6.2623876755507126],[107.0616527551706,-6.2600983910278956],[107.06008607860969,-6.2596621110175761],[107.05947483099874,-6.2594996341007914],[107.05933633630292,-6.2594559099622415],[107.05910354858997,-6.2593937793993746],[107.05895102986619,-6.2593599693870487],[107.05833811401283,-6.2592035530014982],[107.0581903329176,-6.2591579079110602],[107.05807323669057,-6.2591298283788319],[107.05781639840814,-6.2590878408311141],[107.05769949193808,-6.2590591776389033],[107.05754900838008,-6.2590108192938487],[107.05658448458638,-6.2587723838383909],[107.05623498016024,-6.2586806233120456],[107.05544896190014,-6.2584724338556725],[107.05466388163291,-6.2582608053917852],[107.05396999711775,-6.258060563244328],[107.05382668475374,-6.2580303703052778],[107.05371118392407,-6.2579965162261715],[107.0536017831958,-6.2579545808391686],[107.05344999652016,-6.2579088889839909],[107.05339112779836,-6.2578823140175359],[107.0533332762098,-6.2578656783583142],[107.05318963649262,-6.2578340141283775],[107.05188397646441,-6.2574829062111235],[107.03741676437221,-6.2536410258126693],[107.0335757778999,-6.252616168301472],[107.03322693447552,-6.2525188904343736],[107.0327959694585,-6.2523802464511391],[107.03237160816326,-6.2522246169724554],[107.02072571052321,-6.2477703198443351],[107.01917555450831,-6.2472009419698225],[107.01894556008961,-6.2471155846164947],[107.01869125789528,-6.2470208455355305],[107.01852199469437,-6.2469567472560357],[107.01829601394996,-6.2468710670460723],[107.01821136885962,-6.2468388848066638],[107.01790600405889,-6.2467214783135319],[107.01767796206838,-6.2466317457584069],[107.0159155984262,-6.2459301459594485],[107.01314756700668,-6.2448689585355623],[107.0130460173599,-6.2448232181169487],[107.01300029043114,-6.2448123516086866],[107.01068544987368,-6.2439234140342705],[107.01010252371253,-6.2436737487444702],[107.00937262494676,-6.2433149219460233],[107.00759897751084,-6.242417072090177],[107.00727980362012,-6.2422466289787053],[107.00704478199117,-6.2421100651273491],[107.0066638156826,-6.241863846039621],[107.00608089132015,-6.2414362813592561],[107.00580422118793,-6.2412010124167523],[107.00560187822418,-6.2410194788658373],[107.00530097046345,-6.2407363066351991],[107.00527084407423,-6.2406994542163829],[107.00523424796222,-6.2406761078160571],[107.00506702712164,-6.2405341974951511],[107.00478199329444,-6.240280213660867],[107.00458664345888,-6.240122459084148],[107.0043812652832,-6.2399464563638389],[107.00389183803793,-6.2395456725946588],[107.00360626461747,-6.239324989756426],[107.00353450411416,-6.239271937849594],[107.00308597174029,-6.2389690470837991],[107.00202025533059,-6.2383139602210349],[107.00024477147906,-6.2372064810941765],[106.99634197999842,-6.2347794339236771],[106.99629118898724,-6.2347403547835256],[106.99625106393552,-6.2347220382914088],[106.99621485902856,-6.2346917473262238],[106.99557723070467,-6.2342751219992465],[106.99546200956416,-6.2341931667811536],[106.99536036368988,-6.2341283175677518],[106.99525840665018,-6.2340641284567369],[106.99507306177242,-6.2339632011407957],[106.99462713293588,-6.2336791250914985],[106.99418856325167,-6.2334301639708656],[106.99341585945439,-6.2329603455434608],[106.99307649308577,-6.2327456333042619],[106.99295423385087,-6.2326759691206348],[106.98973426972083,-6.2306671597615946],[106.98837090739153,-6.2297794686475072],[106.98768274616185,-6.2293465709873885],[106.98469167208304,-6.2274833582703195],[106.98238684727522,-6.2260566054279707],[106.98176693379702,-6.2256888285765513],[106.98080446225617,-6.2251031837648725],[106.98053158186707,-6.2249333440985311],[106.97968685766239,-6.2244054069839194],[106.97885282549754,-6.2238652157070646],[106.97795230285658,-6.2232634721314639],[106.97702381489722,-6.2227031558259114],[106.97679042194051,-6.2225681208220749],[106.97654884065651,-6.2224452158739609],[106.97630304065285,-6.2223329966703886],[106.97588975720657,-6.2221542204408706],[106.97529179617953,-6.2219483269536795],[106.97485980773399,-6.2218205557740021],[106.97459692151079,-6.2217567470761423],[106.97451005059844,-6.2217370564199541],[106.97397730660748,-6.2216425664512371],[106.97361867226397,-6.2215982100892688],[106.97191467911921,-6.221392601687171],[106.9707172120298,-6.2212597583311435],[106.96985017204787,-6.2211569972975553],[106.96671134565213,-6.2207747269720244],[106.96536441843324,-6.220625999790002],[106.96267269089202,-6.2203080813528118],[106.96061077386815,-6.2200509858642477],[106.95908745272385,-6.2198552232399038],[106.9570214779589,-6.2196364379711895],[106.95585173067292,-6.2195347489294477],[106.95468347895945,-6.2194101352694702],[106.95163222494728,-6.2190556557938521],[106.9509770364611,-6.218976555923291],[106.95094309334917,-6.2189681517587587],[106.95089918754752,-6.2189677587550136],[106.94950187491168,-6.2188149234698926],[106.94924763297195,-6.2187826899691458],[106.94874248737597,-6.2187032528527766],[106.94854682547566,-6.2186637465346166],[106.94771959668208,-6.2185251897856233],[106.94673414746302,-6.2183867094790344],[106.94583567797423,-6.2182920414444993],[106.94558969181088,-6.2182661319763497],[106.94287399194121,-6.2179539143416491],[106.94206577931232,-6.2178683627346913],[106.94190425207961,-6.2178671711329798],[106.94182378883687,-6.2178427005800927],[106.94027066415987,-6.2176622597054916],[106.93955396924036,-6.21756995059269],[106.93939398344565,-6.217565882959093],[106.93931616510901,-6.2175412496289368],[106.93875206985223,-6.2174703452801623],[106.93866128239233,-6.2174543832131803],[106.93811781668393,-6.2174032468623182],[106.93784883215795,-6.2173747149710721],[106.9370427320365,-6.2172692226964159],[106.93605832872896,-6.2171324241220418],[106.9336346764992,-6.2168584528552628],[106.93291751752946,-6.2167674261757497],[106.93121277884671,-6.216566763145579],[106.92460066189108,-6.2157686624937583],[106.92400172330093,-6.2157067180905301],[106.92357318375548,-6.2156604623604039],[106.92296237591296,-6.2155772364002928],[106.92170771643805,-6.2154170788350598],[106.92146263948928,-6.2153858022129498],[106.92141782986903,-6.2153800834240656],[106.91991295292053,-6.2152045375593161],[106.91247340302522,-6.2142677596493172],[106.9102615555264,-6.2140043734030428],[106.90709282847132,-6.2136078191454658],[106.90628497736986,-6.2135154785564168],[106.90583500518142,-6.2134714405544855],[106.90538420201938,-6.2134370900496378],[106.90466145286382,-6.2134004300857555],[106.90294528199922,-6.2133644751903034],[106.90195218854274,-6.2133626837407974],[106.90122961295634,-6.2133539171495045],[106.90085010894541,-6.2133503702233384],[106.89858489207916,-6.2132972787463814],[106.89833903901553,-6.2132886776303167],[106.89815857835578,-6.213282586522098],[106.89743629055243,-6.2132659580574909],[106.8958756448452,-6.2132197706758348],[106.89228780403897,-6.2131416357778448],[106.89165488276666,-6.2131550626559715],[106.89120372527174,-6.2131899986194981],[106.89084492455368,-6.2132331202122941],[106.8903089277149,-6.2133199209775398],[106.88977971536161,-6.2134487380687347],[106.88857533248569,-6.2138353422272417],[106.88840283532267,-6.2138867573679022],[106.88822866362199,-6.2139316632156465],[106.88778777638481,-6.2140288493518483],[106.88752217510836,-6.2140790980718634],[106.88725532017696,-6.2141191709629311],[106.88689721373549,-6.2141597816485614],[106.88446270039339,-6.2143115026736382],[106.88432427314677,-6.2143254493599329],[106.88408376835127,-6.2143396532523525],[106.88392156213047,-6.2143434510893485],[106.87742769343339,-6.2147243517474067],[106.87697683091608,-6.2147524240850771],[106.87598586075893,-6.2148310104427082],[106.87580582997515,-6.2148424408259189],[106.87565860556026,-6.2148451828588804],[106.87530272044427,-6.2148674887435504],[106.87513318924533,-6.2148558389257573],[106.874681321286,-6.2148677999089728],[106.87458017903208,-6.2148774316481195],[106.87445422178496,-6.2148795387596465],[106.8735219467805,-6.2149003427765592],[106.87340723645485,-6.2148992689860165],[106.8731415542394,-6.2149019444690907],[106.87292546873545,-6.2149084492654652],[106.87247698942156,-6.2149203706784988],[106.87220442289583,-6.2149600847400848],[106.87204481841371,-6.214992911793388],[106.87188928875975,-6.2150439735005421],[106.87120388215351,-6.2150593285251716],[106.87033694829159,-6.2150598663197343]]},"properties":{"OBJECTID":34,"LINE_ID":"KRL_CK","GEOM_ID":"KRL_CK_COM_AG_01","LINE_NAME":"Commuter Line Cikarang","MODE":"KRL","OPERATOR":"KAI Commuter","STATUS":"Eksisting","STRUCTURE":"AT_GRADE","COLOR":"#26BAED","SOURCE":"OpenStreetMap; KAI Commuter","SRC_URL":"https://www.openstreetmap.org; https://kci.id/files/download/documents/Jadwal%20Commuter%20Line%20Jabodetabek.pdf","REMARK":"Koridor bersama Lin Cikarang antara Cikarang dan Jatinegara. Tidak ditemukan koridor elevated OSM yang kontinu \u003e= 500 m; jembatan pendek digeneralisasi sebagai AT_GRADE agar trase tidak terpecah menjadi banyak segmen kecil.","Shape_Length":0.28661953298455067,"RELATION":"Cikarang - Jatinegara"}},{"type":"Feature","id":35,"geometry":{"type":"LineString","coordinates":[[106.87277112618659,-6.2149125519726454],[106.87232592670023,-6.2148046926823781],[106.87210874672132,-6.2147829749542893],[106.87173302615827,-6.2147590853634256],[106.87055460850843,-6.2147412760890006],[106.86926473338082,-6.2147621259712764],[106.86866844509274,-6.2148747120982648],[106.86833929052591,-6.2148771132880825],[106.8681592723326,-6.2148719727632624],[106.86797721627556,-6.2148574981749789],[106.86779146130698,-6.2148280993372396],[106.86770041484232,-6.2148073501790009],[106.86752438334366,-6.2147618525773964],[106.86734766206501,-6.2147006941816585],[106.86717703639118,-6.214631698194296],[106.86700863653942,-6.21454922946333],[106.86684885848808,-6.2144571397851109],[106.86669839111789,-6.2143534461545755],[106.86648224535941,-6.214180397707139],[106.86608034283364,-6.2138153592913454],[106.86587983718482,-6.2136332519729649],[106.86567921372477,-6.2134508649654094],[106.86541205482251,-6.2132073861119466],[106.86507787574345,-6.2129029754918861],[106.86460832351537,-6.212479095333947],[106.86395710823399,-6.2118613078530416],[106.86381374011205,-6.2117428059856366],[106.86367438926169,-6.211627696361063],[106.86356174288017,-6.2115249272335404],[106.8634675766674,-6.2114539311539261],[106.86342782663297,-6.2114054253200948],[106.86327959767533,-6.2112624016384643],[106.86310692604388,-6.2110533290478429],[106.86305514937573,-6.2109808742678752],[106.86291179654222,-6.2107528592570134],[106.86278146049608,-6.2105059162150269],[106.86265454007503,-6.2101800028048615],[106.86259537637557,-6.2100091514011524],[106.86254272196908,-6.209836866478156],[106.86033111099204,-6.2017252954859714],[106.86003580241044,-6.2006804415490819],[106.8590676363624,-6.1976678925591386],[106.85903493431482,-6.1975816250918569],[106.8587118951379,-6.1968348658363652],[106.85850767798701,-6.1964296124366456],[106.85841768193052,-6.1962716734988703],[106.8579689876787,-6.1955918957493168],[106.85685048736019,-6.1940909344490365],[106.85269089446928,-6.1885905854870771],[106.85159481245068,-6.1871237858339896],[106.85154060041845,-6.1870605491050128],[106.85144857818938,-6.1869239267977605],[106.85109769780058,-6.1864474866621322],[106.85106560099678,-6.1864151740210218],[106.85104262601646,-6.1863758106950399],[106.85016633380934,-6.1852205937553322],[106.8469491270007,-6.1809207425981185],[106.84679927926339,-6.1806977377103749],[106.84665766302078,-6.1804699349394809],[106.84643355196692,-6.1799811668972779],[106.84632434998883,-6.1796401997353883],[106.84576612100972,-6.1775451058219346],[106.84574877488609,-6.1774152742954129],[106.84573333442592,-6.1773570117166514],[106.84568716952731,-6.1772504870203306],[106.84567450527425,-6.1772071369996979],[106.84562898878687,-6.1771082484468707],[106.84559211658296,-6.1769934940544431],[106.84555790547302,-6.1768475277911534],[106.84545547538994,-6.1765965746721463],[106.84542050974881,-6.1764698404107321],[106.84536415193412,-6.1763856980414857],[106.84533253896558,-6.1763041484176711],[106.84528130189062,-6.1762224513050228],[106.84525978561066,-6.1761668057534393],[106.84492136802675,-6.1755578783933061],[106.84477672106891,-6.1752449574887578],[106.84418252910052,-6.1737001848156297],[106.84398286251917,-6.173099647230913],[106.84355536708659,-6.171743362566076],[106.84338318018968,-6.171253388532989],[106.84335045116245,-6.171118930893897],[106.84329897486788,-6.1709475893597414],[106.8432064418239,-6.1705985651715878],[106.84316410354063,-6.1703417925396593],[106.84312577263637,-6.1700673266457784],[106.84310906143412,-6.1697981982281931],[106.8431160905352,-6.1686228112936874],[106.84310379410488,-6.16780880972874],[106.84309997918075,-6.1677165320922427],[106.84304887970211,-6.1672673585017606],[106.84303009016656,-6.1671764541300149],[106.84256477374538,-6.1654291325483541],[106.84216678057254,-6.1638436448682796],[106.84209262337595,-6.1635900072729441],[106.84203671792028,-6.1633647846570625],[106.84199838251942,-6.163234695924416],[106.84193811894909,-6.1630700885137344],[106.8417740709167,-6.1625526105145241],[106.8412330639548,-6.160827260269798],[106.84089513740071,-6.1597958395063301],[106.84085567694797,-6.1596490908328292],[106.84083699623045,-6.1595917878307205],[106.84081107237313,-6.1595379786946864],[106.8407994971991,-6.1594771593433961],[106.84078069687172,-6.1594198986093716],[106.84064866200623,-6.1590646816896424],[106.84061167378979,-6.158950316703681],[106.84043503524873,-6.1583309446173757],[106.84034543219599,-6.1579808106658334],[106.83891966141329,-6.1520925948972831],[106.83780845369722,-6.1483671596166687],[106.83770086240492,-6.14802206276795],[106.83720737651925,-6.1463404663393817],[106.83709365994451,-6.1459387859461572],[106.83668927798783,-6.1446443782353981],[106.83659886554528,-6.1444252044595942],[106.83647167892491,-6.1441784277921556],[106.83633705041461,-6.1439430293472697],[106.8361893394665,-6.1437170854750889],[106.83613653307458,-6.1436449634442738],[106.83597441678597,-6.14342760090301],[106.83567744895515,-6.143090114117399],[106.83548935035327,-6.1428948901869944],[106.8352875613719,-6.1427180555937184],[106.83521638003197,-6.1426623848611257],[106.83492720842401,-6.1424480755182458],[106.83455267766402,-6.1421955252033058],[106.83447692776804,-6.1421520240965606],[106.834074597165,-6.1419466279344874],[106.83399496669443,-6.1419096514092644],[106.83357676935248,-6.1417451555144567],[106.8332891319879,-6.141645202164284],[106.83324578736324,-6.1416433306751514],[106.83320361275656,-6.1416141881442172],[106.83312504708334,-6.1415715701717772],[106.83290280751862,-6.141502641633565],[106.83281694564556,-6.1414701581212512],[106.83231169662758,-6.1412482027423039],[106.8322283663461,-6.1412047753800607],[106.83199593026802,-6.1410654281269785],[106.83169610619041,-6.1408552619607235],[106.83143400957192,-6.1406032854132491],[106.83125590423663,-6.1403952011775687],[106.83105711809156,-6.1400908930801847],[106.83097015634769,-6.1399323848715994],[106.83086075022351,-6.1396791159983763],[106.8308080544482,-6.1395061457919269],[106.83074124651137,-6.1391481769467759],[106.83073197180312,-6.139055713150583],[106.83070696165703,-6.1385132807632772],[106.83072766315121,-6.1352596604049836],[106.83070870454316,-6.1348996150251764],[106.83069083051748,-6.1347198117698554],[106.83053028894176,-6.1342066783954579],[106.83049054879984,-6.1341295669259353],[106.83026153823948,-6.133742332342706],[106.83009293693954,-6.1335301031317044],[106.83003481375573,-6.1334643770792923],[106.82963944030797,-6.1330978754665466],[106.82949134534937,-6.1329949876285355],[106.82912465937557,-6.1327808347676864],[106.82903667690118,-6.132738963232498],[106.82899718407288,-6.132717025170507],[106.82896668536432,-6.132693087016321],[106.82883247953538,-6.1326329007877121],[106.82870427668109,-6.1325551184239089],[106.82855468884787,-6.1325094895212828],[106.82844923254612,-6.1324512449289728],[106.82843107433467,-6.1324486476868856],[106.82841370033208,-6.1325055981548076]]},"properties":{"OBJECTID":35,"LINE_ID":"KRL_CK","GEOM_ID":"KRL_CK_PS_AG_01","LINE_NAME":"Commuter Line Cikarang","MODE":"KRL","OPERATOR":"KAI Commuter","STATUS":"Eksisting","STRUCTURE":"AT_GRADE","COLOR":"#26BAED","SOURCE":"OpenStreetMap; KAI Commuter","SRC_URL":"https://www.openstreetmap.org; https://kci.id/files/download/documents/Jadwal%20Commuter%20Line%20Jabodetabek.pdf","REMARK":"Cabang Lin Cikarang via Pasar Senen. Tidak ditemukan koridor elevated OSM yang kontinu \u003e= 500 m; jembatan pendek digeneralisasi sebagai AT_GRADE.","Shape_Length":0.10000899006356234,"RELATION":"Cabang via Pasar Senen"}},{"type":"Feature","id":36,"geometry":{"type":"LineString","coordinates":[[106.87033694829159,-6.2150598663197343],[106.86952387752501,-6.2150522580552092],[106.86938095456748,-6.2150395488360459],[106.86932022155105,-6.2150392547577553],[106.86919997769689,-6.215040000295744],[106.86884299001201,-6.2150058089708864],[106.86875981351466,-6.214990583448639],[106.86852797728437,-6.2149728182409376],[106.86835035038843,-6.214971630236505],[106.86817483240264,-6.2149673386716699],[106.86799870197859,-6.214956438888521],[106.86773651812587,-6.2149181214740565],[106.86747278384195,-6.2148525375145596],[106.86730956588383,-6.2147958064812201],[106.8671444845304,-6.2147295974928625],[106.86698620744755,-6.2146533502718739],[106.86682889713597,-6.2145628119241678],[106.86668389854316,-6.214464965685579],[106.86654361329715,-6.2143578105644792],[106.86627541477861,-6.2141223689521325],[106.8661880807154,-6.2140493359081006],[106.86613113474414,-6.2139916093252623],[106.86607492172033,-6.2139387480747246],[106.86594164938765,-6.2138166507178312],[106.86586512517545,-6.2137513437494931],[106.86574177686157,-6.2136338131498974],[106.86547525018273,-6.2133896391205212],[106.8652765512719,-6.2132470525094163],[106.86521307712189,-6.2131948810388735],[106.8650951822969,-6.213123375043665],[106.86492911708513,-6.2129799026003525],[106.86483176277568,-6.2128885386750881],[106.86473590583745,-6.2127981738965445],[106.86467571151496,-6.2127497867732018],[106.86452472163865,-6.2126089565380767],[106.86444849150473,-6.2125414318415437],[106.86431275682833,-6.2124197391795519],[106.864200705798,-6.2123138970686682]]},"properties":{"OBJECTID":36,"LINE_ID":"KRL_CK","GEOM_ID":"KRL_CK_MG_AG_01","LINE_NAME":"Commuter Line Cikarang","MODE":"KRL","OPERATOR":"KAI Commuter","STATUS":"Eksisting","STRUCTURE":"AT_GRADE","COLOR":"#26BAED","SOURCE":"OpenStreetMap; KAI Commuter","SRC_URL":"https://www.openstreetmap.org; https://kci.id/files/download/documents/Jadwal%20Commuter%20Line%20Jabodetabek.pdf","REMARK":"Segmen AT_GRADE pertama pada cabang Lin Cikarang via Manggarai sebelum memasuki zona transisi menuju koridor elevated.","Shape_Length":0.0070524393234120677,"RELATION":"Cabang via Manggarai"}},{"type":"Feature","id":37,"geometry":{"type":"LineString","coordinates":[[106.864200705798,-6.2123138970686682],[106.86413280698349,-6.2122584799448646],[106.86401797884673,-6.2121736064267452],[106.86394749178339,-6.2121319237492116],[106.86380895302085,-6.2120443522650248],[106.86364966779797,-6.2119570325909308],[106.86356747425958,-6.2119172861537777],[106.86339482780909,-6.2118452027938247],[106.86326630389686,-6.2117987402196491],[106.86305151791328,-6.2117384919378082],[106.86296217476462,-6.2117197662541344],[106.86269229001721,-6.2116814452424478],[106.86251055861544,-6.211669192878901],[106.86241872434471,-6.2116674697778649],[106.8621467091034,-6.2116813067468684],[106.86210056848648,-6.2116880588567938]]},"properties":{"OBJECTID":37,"LINE_ID":"KRL_CK","GEOM_ID":"KRL_CK_MG_TR_01","LINE_NAME":"Commuter Line Cikarang","MODE":"KRL","OPERATOR":"KAI Commuter","STATUS":"Eksisting","STRUCTURE":"TRANSITION","COLOR":"#26BAED","SOURCE":"OpenStreetMap; KAI Commuter","SRC_URL":"https://www.openstreetmap.org; https://kci.id/files/download/documents/Jadwal%20Commuter%20Line%20Jabodetabek.pdf","REMARK":"Zona transisi indikatif ±125 m dari batas perubahan AT_GRADE–ELEVATED pada cabang via Manggarai. Perlu verifikasi elevasi/engineering bila digunakan untuk analisis rinci.","Shape_Length":0.0022528671448065331,"RELATION":"Cabang via Manggarai"}},{"type":"Feature","id":38,"geometry":{"type":"LineString","coordinates":[[106.86210056848648,-6.2116880588567938],[106.86196589501009,-6.2117077666001137],[106.86169898971667,-6.2117699322365638],[106.86143994539725,-6.2118564955807756],[106.85944964858248,-6.212716711506971],[106.85827577250893,-6.2131865290350561],[106.85552874205786,-6.2143461535520714],[106.85544644329877,-6.2143789707128576],[106.85527504510731,-6.2144360785621302],[106.85501429477392,-6.2145029971155736],[106.85474918632593,-6.2145371317831746],[106.85456880930315,-6.2145478202256754],[106.85443056282026,-6.214544290386641]]},"properties":{"OBJECTID":38,"LINE_ID":"KRL_CK","GEOM_ID":"KRL_CK_MG_EL_01","LINE_NAME":"Commuter Line Cikarang","MODE":"KRL","OPERATOR":"KAI Commuter","STATUS":"Eksisting","STRUCTURE":"ELEVATED","COLOR":"#26BAED","SOURCE":"OpenStreetMap; KAI Commuter","SRC_URL":"https://www.openstreetmap.org; https://kci.id/files/download/documents/Jadwal%20Commuter%20Line%20Jabodetabek.pdf","REMARK":"Segmen ELEVATED pada cabang Lin Cikarang via Manggarai. Koridor elevated terdeteksi dari kontinuitas tag OSM bridge=yes/layer\u003e0; jembatan pendek terisolasi tidak diklasifikasikan sebagai ELEVATED.","Shape_Length":0.0082224282370007857,"RELATION":"Cabang via Manggarai"}},{"type":"Feature","id":39,"geometry":{"type":"LineString","coordinates":[[106.85443056282026,-6.214544290386641],[106.85429996147411,-6.2145409557004996],[106.85403231693795,-6.2145101395312849],[106.85394587859946,-6.2144958223242952],[106.85377155131613,-6.2144511637901019],[106.85359852625106,-6.2143990795538571],[106.85351678327299,-6.2143680565405361],[106.85324312317164,-6.2142403294276392],[106.85316492801905,-6.2141971098087083],[106.85296775166046,-6.2140651477882898],[106.85289841572938,-6.2140099114282066],[106.85269672027749,-6.2138287483979866],[106.85247018105406,-6.2135819915156389]]},"properties":{"OBJECTID":39,"LINE_ID":"KRL_CK","GEOM_ID":"KRL_CK_MG_TR_02","LINE_NAME":"Commuter Line Cikarang","MODE":"KRL","OPERATOR":"KAI Commuter","STATUS":"Eksisting","STRUCTURE":"TRANSITION","COLOR":"#26BAED","SOURCE":"OpenStreetMap; KAI Commuter","SRC_URL":"https://www.openstreetmap.org; https://kci.id/files/download/documents/Jadwal%20Commuter%20Line%20Jabodetabek.pdf","REMARK":"Zona transisi indikatif ±125 m dari batas perubahan ELEVATED–AT_GRADE pada cabang via Manggarai. Perlu verifikasi elevasi/engineering bila digunakan untuk analisis rinci.","Shape_Length":0.0022590957321130625,"RELATION":"Cabang via Manggarai"}},{"type":"Feature","id":40,"geometry":{"type":"LineString","coordinates":[[106.85247018105406,-6.2135819915156389],[106.85236011123021,-6.2134620974977679],[106.85220626150982,-6.2132769432762416],[106.85205210871788,-6.2130763431986225],[106.85189153566591,-6.2128584419634763],[106.85173844587263,-6.2126354370757326],[106.85164345408219,-6.2125071766648148],[106.85140818244173,-6.2121511998179813],[106.8509690003192,-6.2115181472446466],[106.85092387953347,-6.2113967837345285],[106.85073238778955,-6.2111316240251995],[106.85045981137125,-6.2107692251195772],[106.85034066558933,-6.2106407353815598],[106.85031452229742,-6.2105784573299161],[106.85013074853526,-6.2103378302266492],[106.85000946056823,-6.2102055867184163],[106.84975621058072,-6.2098716513555701],[106.84970587282783,-6.2097832884679178],[106.84967784815422,-6.2097467849860664],[106.84901802096493,-6.2089535667536779],[106.84869012634829,-6.208520341740325],[106.84849298776123,-6.208290015471789],[106.84832979768208,-6.2081049502832002],[106.84828195824582,-6.2080568662313453],[106.84824028636018,-6.2079936555826976],[106.84810026371628,-6.2078284833977477],[106.84799533981317,-6.2077172831260441],[106.8478378415432,-6.2075197146630785],[106.84775265685971,-6.2074024457662063],[106.84724568653928,-6.2067443236915665],[106.84687246069558,-6.2063451533061311],[106.84666083672829,-6.2061762399414988],[106.84658582427642,-6.2061210125746129],[106.84650947992861,-6.2060726668200914],[106.84635019020919,-6.2059827346154748],[106.84626776644433,-6.2059426095637491],[106.84601564690462,-6.2058371856375629],[106.84573419687575,-6.2057416173817046],[106.8455544709621,-6.2057073136415397],[106.84521486897108,-6.2056780029374181],[106.84512254007325,-6.2056762249777648],[106.8449404435467,-6.2056778788310112],[106.84475894866659,-6.2056923336342606],[106.84449048664669,-6.2057408736423554],[106.84440000945295,-6.2057628629656847],[106.84422664624282,-6.2058137421104789],[106.84413881935109,-6.2058446617017466],[106.84389043379656,-6.2059555813848988],[106.84325319218112,-6.2062974532648241],[106.84300745962662,-6.2064034248780899],[106.84283741851209,-6.2064590785236078],[106.84274997922824,-6.2064818196801639],[106.84248634207108,-6.2065400651718505],[106.84204043841555,-6.2065732888261778],[106.84186051285246,-6.2065684450776075],[106.84168282660124,-6.2065534272987861],[106.84150528064424,-6.2065199131633904],[106.84141977939936,-6.2064972511471979],[106.84107562683874,-6.2063885797691114],[106.83739260268652,-6.2051509138835286],[106.83730436210669,-6.2051235034468846],[106.83703907559294,-6.2050595706426179],[106.83131701137103,-6.204226471074719],[106.83060649749194,-6.2040979291760436],[106.82556307427654,-6.202913155117983],[106.82314695027162,-6.2023383228552689],[106.81783519274001,-6.2011833379406198],[106.81580381579352,-6.2007453204401486],[106.81554204293099,-6.2006949943784662],[106.81527468078195,-6.200628608223667],[106.81395174028063,-6.2003337106322078],[106.8136373732662,-6.200237812325156],[106.81338968918288,-6.2001244536805302],[106.8131521287678,-6.1999939251794558],[106.81285680309907,-6.199781179757565],[106.8126537784492,-6.19959531507169],[106.8124056483021,-6.1993283297385915],[106.81225317454442,-6.1991040936789545],[106.81220429729052,-6.1990242797466522],[106.8121222980057,-6.1988631401217731],[106.81208145079836,-6.1987825051084542],[106.81114349297786,-6.1965269892291417],[106.81075430866446,-6.1956188628201971],[106.81058765889338,-6.1951902513289951],[106.81050725590518,-6.1949304012169932],[106.81044679898065,-6.1946651506761441],[106.81022786892106,-6.1930496786996514],[106.81022097471828,-6.1926880738954537],[106.81023123778147,-6.1924150100446127],[106.81025522359977,-6.1922342795882628],[106.81030599122857,-6.1919678356470627],[106.81043133064145,-6.1914387195212157],[106.8108967621759,-6.1897849930829238],[106.81093556162693,-6.1896223363017384],[106.81103442320011,-6.1890773534370851],[106.81105620657871,-6.1889185457542339],[106.81109784788742,-6.1886811427204975],[106.81112762264172,-6.1885433746769536],[106.81115932194524,-6.1882793975760819],[106.81115557806754,-6.1880998803051739],[106.81114283017752,-6.1879207443468545],[106.81105845128656,-6.1871112357948732],[106.8110177200918,-6.1868631011511752],[106.81101036363742,-6.1867704440007287],[106.81102030384403,-6.1866319358151145],[106.81103914554018,-6.1864753584509913],[106.81104804433187,-6.1862955354105793],[106.81104616295011,-6.186208730148735],[106.811006310393,-6.1858918351400121],[106.81097299320913,-6.1855099137514458],[106.81095207947493,-6.1853970785123238],[106.81087928025465,-6.1847718635306137],[106.81085288335396,-6.1845020579235666],[106.81085511277331,-6.1843566024751908],[106.81083666947677,-6.1841167218092323],[106.81080907647777,-6.1839623513813535],[106.81068481984863,-6.1828846676932017],[106.81064140327823,-6.1826414910119638],[106.81062739184074,-6.1825856494081677],[106.81051809633311,-6.1822725387466448],[106.81050849337231,-6.182211783247169],[106.81049268778736,-6.1820089060860823],[106.81039841095799,-6.1811094293566384],[106.81038347951403,-6.1808958295788443],[106.81037127931114,-6.1808396183536729],[106.81036522597446,-6.1807159705655295],[106.81033480370826,-6.1804797942070877],[106.81028225901912,-6.1801245539049887],[106.81024148105956,-6.1799483929039525],[106.81019211277584,-6.1797757968155338],[106.81012552877019,-6.1796106911804145],[106.81004622205558,-6.179449243987392],[106.80981236414937,-6.1790954434998753],[106.80949992797935,-6.1786522468037219],[106.80524031878576,-6.1724759610966657],[106.80328061960495,-6.1696548274082943],[106.80258350742298,-6.1685992436601396],[106.80253643690708,-6.1685235306363779],[106.80245057413475,-6.1683667356363117],[106.80223544461012,-6.1678696110936357],[106.80214350691739,-6.1676162963549359],[106.8020745325137,-6.167355876972124],[106.80204560132353,-6.1671780576212427],[106.80202419835814,-6.1669984989815134],[106.80199011315324,-6.166639442855967],[106.80169122347127,-6.1615848716444361],[106.80162818908974,-6.1603207072348027],[106.80152858467648,-6.1586813942309391],[106.80143859401596,-6.1575609315916608],[106.80143561006543,-6.1574422120883696],[106.8014440097333,-6.1573224763511689],[106.80146941468178,-6.1571678127443192],[106.8014720182191,-6.1570778382715616],[106.80145546259956,-6.156533516408615],[106.80141418281835,-6.1558112447930853],[106.80142137289812,-6.1556785848987374],[106.80140119301069,-6.1555869556734137],[106.8013957638035,-6.1554965980894849],[106.80137523587848,-6.1554040335692548],[106.80137275195102,-6.1551241789376832],[106.80132437022354,-6.154456472787956],[106.80126991807231,-6.1535553116282813],[106.80124042480583,-6.1533497463936442],[106.80124305262484,-6.1532862110897213],[106.80123084252943,-6.1532298253960676],[106.80122868595515,-6.1530153937453633],[106.80119603606829,-6.152473909243497],[106.80119290103164,-6.1523129225033131],[106.80117579952361,-6.1520721910787302],[106.80115736522026,-6.1519324508219029],[106.80114397611368,-6.1517526322780895],[106.80093436932572,-6.1479608773925065],[106.80092111871471,-6.1478204338658884],[106.80090660005959,-6.1475624678335521],[106.80089488549061,-6.1472102879243948],[106.80088758389496,-6.1471494451906779],[106.8008883699024,-6.1470382332278177],[106.80087011186623,-6.1468792034124817],[106.80087208228082,-6.1468203616703363],[106.80084264657097,-6.1463376766424176],[106.80079897009648,-6.1457962550930461],[106.80067105142797,-6.1434404063496117],[106.80064145024278,-6.1433001741636417],[106.80063797346378,-6.1432098885254618],[106.80064146373263,-6.1430689350832495],[106.80063214675624,-6.1428288062044203],[106.80058605740066,-6.1422862919787349],[106.80056845676893,-6.1417233415589294],[106.80043374642031,-6.1391474916633797],[106.80034596989066,-6.1376128930205596],[106.80026669105501,-6.1365631018056774],[106.80024663707269,-6.1359883010192107],[106.80024659660319,-6.1357139745202858],[106.800305283662,-6.1353564769198101],[106.80036212621121,-6.135089236179283],[106.80041438671464,-6.1349163496097958],[106.80044656175949,-6.1348293761747072],[106.80054994782188,-6.1345787576035491],[106.8005912950523,-6.1344963572210531],[106.80071994127235,-6.1342576150968284],[106.80076937160925,-6.1341792508716821],[106.80093053731451,-6.1339583045320865],[106.80110904644539,-6.1337542375679845],[106.80117511334089,-6.133688018687053],[106.80137730162124,-6.1335056838402124],[106.8015926568757,-6.133336868501658],[106.80190341401141,-6.1331494641763697],[106.80214876255542,-6.1330285323408589],[106.80257461222863,-6.1328778563279798],[106.80266392300172,-6.1328539919181253],[106.80560099638893,-6.1321020327825408],[106.80564517468514,-6.1320992727631847],[106.80568853819557,-6.1320796693412376],[106.80992529741462,-6.13098400730604],[106.81012246927662,-6.1309385321874856],[106.81016833290232,-6.1309214855380674],[106.81207484078135,-6.130423276413012],[106.81333233042278,-6.1300876494254339],[106.81341991629614,-6.1300660387166772],[106.81368832615539,-6.1300174825207705],[106.81378232959088,-6.1300113401511567],[106.81405316132441,-6.1300210879028327],[106.81414646328869,-6.1300317026009452],[106.81528199586745,-6.1302790962032532],[106.81555659665969,-6.1303489951100119],[106.8158135347669,-6.1304418330241219],[106.81589844425787,-6.1304779776764917],[106.81678303630815,-6.1309310705124744],[106.81857927651248,-6.1319782770758025],[106.81889522273639,-6.1321523264686562],[106.81929986909375,-6.132351750233056],[106.81938074872261,-6.1323877491952317],[106.81963315154877,-6.132486016316534],[106.82039895214996,-6.1327590765700961],[106.82056989078791,-6.1328111518131436],[106.82074574152284,-6.1328522939980985],[106.82092152390925,-6.1328868315619616],[106.82109858962826,-6.1329119460294237],[106.82136745454443,-6.1329282066713517],[106.8216366162369,-6.1329250122794292],[106.82181511907254,-6.1329079998042744],[106.82208277799788,-6.1328655050389784],[106.82286998965833,-6.1326687783413831],[106.82308236635816,-6.1326344737019554],[106.82313761710742,-6.1326186600230699],[106.82326054903518,-6.1326045622507195],[106.82340493159239,-6.1325740248713032],[106.82367224967464,-6.1325294256923826],[106.8238182366224,-6.1324982731767363],[106.82387764134012,-6.1324883617484716],[106.8239413951793,-6.1324848822714557],[106.82407179058072,-6.1324569924961452],[106.82435214883265,-6.1324234720655113],[106.82447098614716,-6.1324038281740627],[106.82474133404537,-6.1323507969516982],[106.82601226315546,-6.1321295790168051],[106.8264336665805,-6.1320714414438271],[106.82655821638866,-6.1320657442386732],[106.82697892283909,-6.1320211360665553],[106.82715425016858,-6.1320407853539223],[106.82722145020983,-6.1320348507277345],[106.82731405879684,-6.13204365419125],[106.82753035923872,-6.1320794894768369],[106.82771042959268,-6.1321226083716169],[106.82797054050809,-6.1322127060515186],[106.82813849969205,-6.1322858389202679],[106.82844496886031,-6.1324488905038379]]},"properties":{"OBJECTID":40,"LINE_ID":"KRL_CK","GEOM_ID":"KRL_CK_MG_AG_02","LINE_NAME":"Commuter Line Cikarang","MODE":"KRL","OPERATOR":"KAI Commuter","STATUS":"Eksisting","STRUCTURE":"AT_GRADE","COLOR":"#26BAED","SOURCE":"OpenStreetMap; KAI Commuter","SRC_URL":"https://www.openstreetmap.org; https://kci.id/files/download/documents/Jadwal%20Commuter%20Line%20Jabodetabek.pdf","REMARK":"Segmen AT_GRADE kedua pada cabang Lin Cikarang via Manggarai setelah keluar dari zona transisi struktur.","Shape_Length":0.14272823869635481,"RELATION":"Cabang via Manggarai"}},{"type":"Feature","id":41,"geometry":{"type":"LineString","coordinates":[[106.81078304380247,-6.1859657495196529],[106.81082377229933,-6.1863251051194652],[106.8109332027052,-6.1871086601365164],[106.81094234341447,-6.1872250351072466],[106.81097410117388,-6.1875211719644767],[106.81098325897028,-6.1876409095003169],[106.81102252606877,-6.1880203127871596],[106.81102901467733,-6.1882617375890732],[106.81102598126409,-6.1884425309979747],[106.81102202154909,-6.1885313552377852],[106.81099701679892,-6.1888014477285651],[106.81093988107074,-6.1891564793879752],[106.81085352457058,-6.1896001581207543],[106.81037753949192,-6.1913429983806054],[106.81034089031988,-6.1915016720644758],[106.81027767697327,-6.1917344220059363],[106.81023540703848,-6.1918666493263572],[106.81011812015521,-6.1923032324082214],[106.81005765603607,-6.1925699218643331],[106.81002013092439,-6.1928385619500546],[106.80999230140367,-6.1931100205109715],[106.80998517787373,-6.1933831176366994],[106.81000130811395,-6.1937444211680486],[106.81000946946153,-6.1938360827689394],[106.81005911743438,-6.1941943241087074],[106.81035870229232,-6.1955185920093641],[106.81037493055868,-6.195606422498372],[106.81043774640494,-6.1959617509340319],[106.81047399627795,-6.1962272613789651],[106.81047808909261,-6.1964984825189049],[106.81047613486578,-6.1965856699926007],[106.81044683945015,-6.1968553308088303],[106.81041436672967,-6.1970310250617331],[106.81034721794981,-6.1972913850893292],[106.81021354451951,-6.1976238905300534],[106.81002944250486,-6.1979514829745312],[106.80981661704328,-6.1982304041098359],[106.80978121253298,-6.1982665082927042],[106.80971552605075,-6.1983565673016869],[106.80959589553419,-6.1985008788124674],[106.80929919300343,-6.1988428685035046],[106.8087757093316,-6.1994654817465289],[106.8079452618644,-6.200417658747881],[106.80781706530536,-6.200545098977102],[106.80754856641329,-6.2007848978047377],[106.80726080314361,-6.2010013951982046],[106.80711175130637,-6.2011021723273529],[106.80672130074748,-6.2013236096967717],[106.80630859106867,-6.2015092027874061],[106.80534121372608,-6.2019604412213312],[106.80222125690557,-6.2033938751271762],[106.80172958675109,-6.2036222534641752],[106.80132341154626,-6.2038200593482316],[106.80074960271207,-6.2040861939226488],[106.80055423848739,-6.2041698884295329],[106.80050368399787,-6.2042002522397866],[106.8003903793126,-6.2042461167648071],[106.80003116850366,-6.2044275145181587],[106.79981248126109,-6.2045289607428913],[106.79968405447562,-6.2045810539723902],[106.79935790814102,-6.2047336743195842],[106.79920045753516,-6.2048196872787003],[106.79897364761581,-6.204963555423717],[106.79883314293528,-6.205077187462166],[106.79876706974454,-6.2051354014775484],[106.79863811505703,-6.205262040410787],[106.79846517722621,-6.2054678718447462],[106.79831293549364,-6.2056896752382613],[106.7982191389022,-6.2058412865461037],[106.79813562156176,-6.2060013982458599],[106.79805896065255,-6.2061646872504639],[106.79723270852276,-6.2079733983536016],[106.7969344582587,-6.2086322830533618],[106.79688311956039,-6.2087619005412193],[106.79678333168545,-6.2089813863818222],[106.79660837757461,-6.2093337605445527],[106.79650684141768,-6.2095523821366783],[106.7962784280071,-6.2101198003884406],[106.7962490777328,-6.2102026944987188],[106.79617606897045,-6.2104601434208462],[106.79614998593314,-6.2106390779310345],[106.79613139244987,-6.2109057538973502],[106.79613176566852,-6.2111755424173225],[106.79616554060726,-6.2120784383691898],[106.79618311425935,-6.2123490920369022],[106.79618230397023,-6.2125321751197475],[106.79616876377747,-6.2127130431723572],[106.79613258405158,-6.2129840080054919],[106.79611385297198,-6.2130747585931658],[106.79606998044528,-6.2132501803515083],[106.79597899063799,-6.2135116717262235],[106.79584984979078,-6.2137500379338348],[106.79570024756845,-6.2139842546695832],[106.79565446847897,-6.2140439444723938],[106.7956240992728,-6.2141034256325156],[106.79547373622398,-6.2142876148814707],[106.7952262338037,-6.2145258093186158],[106.79461910868497,-6.2150685915422059],[106.79415358541968,-6.2154946777371265],[106.79384405226125,-6.215822203631717],[106.79361028968316,-6.2160979240798611],[106.79327023263517,-6.2165188040995076],[106.79310842211606,-6.2167363447064758],[106.79291298594558,-6.2170370375292237],[106.79249518880198,-6.2177351020932292],[106.7923721057881,-6.2179734817906933],[106.79233597192763,-6.2180547957921704],[106.79195293627907,-6.2189725485442295],[106.79147601590546,-6.2201451277953765],[106.79014114679654,-6.2233114374728302],[106.78984484896068,-6.2239716684576933],[106.78968406816529,-6.2242963938634261],[106.78927859892826,-6.2250035020099403],[106.78850297053572,-6.226330975993676],[106.78729116825286,-6.2283449888301448],[106.78634218924071,-6.2299887255991848],[106.78602037314175,-6.2305338280736464],[106.78441192307184,-6.2332042003135371],[106.78434742009745,-6.2333252742419631],[106.78407192358048,-6.2337925143130519],[106.78400053719508,-6.2339240572493964],[106.78393417082538,-6.2340261285029896],[106.78387809629714,-6.2341317188037237],[106.78379643156012,-6.2342597525854444],[106.78352095213029,-6.2347270016497873],[106.78330965641555,-6.2351094347525873],[106.78319371851535,-6.2353571044467913],[106.78302292197031,-6.2357756390344434],[106.78296006835251,-6.2359459886164359],[106.78231985177979,-6.2377775712778316],[106.7822990261792,-6.237819703616367],[106.78229100242788,-6.2378633180376255],[106.7821011078799,-6.2384233753384706],[106.78206046661728,-6.238562582297277],[106.78198246391963,-6.2387907142200447],[106.78183444720202,-6.2391906031637632],[106.78169201887164,-6.2395224844750032],[106.7815415200252,-6.2398498718740143],[106.78131512649196,-6.2402405247803472],[106.78118333804071,-6.2404472186641442],[106.78103018889215,-6.2406710167539927],[106.78086846021131,-6.2408901941271324],[106.78041620824149,-6.2414554027445774],[106.78029948613244,-6.241593457671911],[106.78019675027986,-6.2417052901669763],[106.78012440431786,-6.2418005400628545],[106.78004057491268,-6.2418888948565723],[106.77994808503615,-6.2420065621530512],[106.77948497914855,-6.2425617685107682],[106.77919003029569,-6.2429040306964225],[106.77767545595759,-6.2447011945045006],[106.77431066590458,-6.2487214752158593],[106.77389935826881,-6.2492037303678103],[106.77353520208794,-6.2496059719380241],[106.77298165048285,-6.250201849235907],[106.77233630957306,-6.2508356707296002],[106.77193252206831,-6.2511997468707818],[106.77152132594847,-6.251553783879956],[106.77068431612832,-6.2522441016839139],[106.77025476934222,-6.2525748885202574],[106.76897940117846,-6.253585919854288],[106.76875754742292,-6.2537458561862422],[106.7686041815378,-6.2538415017838247],[106.76836461293658,-6.253973877492399],[106.7682018419415,-6.2540523568307549],[106.76811594049832,-6.2540877883207031],[106.76775044702555,-6.2542311258657151],[106.76758673983625,-6.2542862084417266],[106.76749557645974,-6.2543282454521432],[106.7666805613589,-6.2546324914962383],[106.76602506080798,-6.2549360144854518],[106.76521283810206,-6.2553308249575821],[106.76457159000694,-6.2556625587799886],[106.7639417552079,-6.2560174609370165],[106.76331787302149,-6.2563826054728224],[106.763242219353,-6.2564290086917254],[106.76301926302864,-6.2565832738989116],[106.76280657696202,-6.256749688946968],[106.76274091296284,-6.2568073696643296],[106.76255562384301,-6.2570053707012221],[106.76249943869817,-6.2570735528021828],[106.76238955323538,-6.257217039634611],[106.76234183430824,-6.2572919333759955],[106.76219907412803,-6.2575225105553614],[106.76211518356894,-6.2576810898103759],[106.76207761618912,-6.2577610035673956],[106.76197876450846,-6.2580135817613609],[106.76194873524599,-6.2580974471394484],[106.76187011651274,-6.2583559734493406],[106.76153725583976,-6.2596707301200354],[106.76135002418431,-6.260462327774178],[106.76121424544112,-6.260988007590413],[106.76110101090302,-6.2613323247269363],[106.76103258868307,-6.2615021293197515],[106.76091066759329,-6.2617459292312105],[106.76072634704332,-6.2620570335052435],[106.76047156910766,-6.2624314347628456],[106.76036380694421,-6.2625771519140017],[106.76030386892847,-6.2626475355552884],[106.76011824795881,-6.2628457461342464],[106.75999034727676,-6.2629734525627327],[106.75978694671028,-6.2631551650787856],[106.75957140709482,-6.2633210369362473],[106.75838077755088,-6.2641415882636124],[106.75756559157884,-6.2647106441808091],[106.75719201050293,-6.2649647746046071],[106.75689790431488,-6.2651745702501671],[106.75682878422106,-6.2652314514702425],[106.75656782794294,-6.2654793388003895],[106.75574088513378,-6.2663141848516943],[106.75435511979299,-6.2677400527611553],[106.75352278554817,-6.2685692231910366],[106.75315239077025,-6.2689652810228722],[106.75283705878331,-6.2692886322645336],[106.75258952488673,-6.2695530536304886],[106.75045095774556,-6.2717407786140029],[106.74956758787397,-6.2726671810455059],[106.74890968703249,-6.2732880316173123],[106.74823477551456,-6.2738901861831096],[106.74689942167106,-6.274970212605183],[106.74569594890897,-6.2759256145753852],[106.74541021540915,-6.2761470429516066],[106.74244337176424,-6.2785150604216824],[106.74231105900822,-6.2786107392941517],[106.74225095371861,-6.2786687032979671],[106.74180506265355,-6.2790196430420337],[106.74082444729049,-6.2798188957253842],[106.73898748038795,-6.2812844965822023],[106.73638508790157,-6.2833849558509769],[106.73546556078708,-6.2841178124870112],[106.73473913520297,-6.284655916437373],[106.73400736045136,-6.2851614334533679],[106.73306154525415,-6.2858302601583205],[106.73210615857244,-6.2865138870062083],[106.73151362405457,-6.2869272756731789],[106.7313857116813,-6.2870234338843147],[106.73123584236032,-6.2871103200851621],[106.73118782575762,-6.287154463307786],[106.73111188970199,-6.2871957484849759],[106.73098104733754,-6.2873030870677553],[106.7308442190855,-6.2873904598018271],[106.72953920836784,-6.2883141948441903],[106.72921679601836,-6.2885330349715218],[106.72752690154533,-6.2897439334357159],[106.72687612603244,-6.2901965487316716],[106.72686060823054,-6.2902002890120912],[106.72673840565295,-6.2902708048537193],[106.72654068160722,-6.2903707833849012],[106.72621182921262,-6.2905197983499761],[106.72613041178914,-6.2905544402351552],[106.72587409961005,-6.2906422455431539],[106.72561444375162,-6.2907159737631559],[106.72543993570451,-6.29075813308134],[106.72499513731577,-6.2908323811094533],[106.72418910194557,-6.290936144887155],[106.7238291078271,-6.290988618529866],[106.72356596439778,-6.2910537195534744],[106.72321837282971,-6.2911605041538792],[106.72296178276014,-6.2912502897690388],[106.72271212196694,-6.2913559987802614],[106.72238721130083,-6.2915165340607473],[106.72215186681524,-6.2916561511104305],[106.72207775548407,-6.2917076220090848],[106.72193179911329,-6.2918141278196913],[106.72172110504505,-6.291986905571207],[106.72158875451748,-6.2921121829308504],[106.72120457043462,-6.2924949550780411],[106.72063402074355,-6.2930737605455533],[106.72029621469864,-6.2933734416309903],[106.72008493786967,-6.2935419736830909],[106.71979325355585,-6.293752816139488],[106.7196420145674,-6.2938517775374407],[106.71941149854189,-6.2939928353010828],[106.71917332928575,-6.2941197997888594],[106.71901003668393,-6.2941964121346814],[106.71867842337059,-6.2943389366925544],[106.71844831743596,-6.2944213046994264],[106.71783615611378,-6.2945805485534265],[106.71642572506721,-6.2948975406889076],[106.71599260437523,-6.2950262669486392],[106.71565463375441,-6.2951510110103186],[106.71533362164939,-6.2953131515806149],[106.71488490941113,-6.2955783499608629],[106.71188051277551,-6.297284291936478],[106.71132764645375,-6.2975912188596226],[106.71118061269516,-6.2976672088745431],[106.71111267071325,-6.2977146283274124],[106.71103406187251,-6.297759553060871],[106.70565704503667,-6.3007843508170822],[106.70376903351416,-6.3018516680199923],[106.70338073053637,-6.3020818962624503],[106.7009946852566,-6.3035507041016672],[106.70029210249857,-6.3039609757183825],[106.70004911647362,-6.3040876578190819],[106.69895583134661,-6.3045880873702913],[106.69887537889571,-6.3046098446685619],[106.69865958747005,-6.3047216303988876],[106.69741099841889,-6.3052743771107771],[106.69415567384533,-6.306760388980706],[106.69403965050952,-6.3068223954371661],[106.69399479322522,-6.3068327960966144],[106.69346284603358,-6.3070718997483368],[106.69264307981433,-6.3074531304575316],[106.69116176330482,-6.3081255661419391],[106.69074787911137,-6.3083082211474562],[106.69024111653437,-6.3085032670120995],[106.69015466830336,-6.308532545340654],[106.68317884392854,-6.310751505577457],[106.68223556841679,-6.3110638239362515],[106.68181402289889,-6.3112182627126003],[106.68128951130194,-6.3114564769348362],[106.6811174242298,-6.3115441599350106],[106.68100180558889,-6.3115942359851829],[106.6809674236078,-6.3116234441665711],[106.68068286642119,-6.3117784432205326],[106.68045099511738,-6.3119171744380083],[106.68007241111292,-6.31216171718944],[106.68000031875977,-6.3122135451189934],[106.6794246186513,-6.3126498826858892],[106.67892978827916,-6.3130434242145839],[106.6782296984419,-6.3136160333531848],[106.67808580511587,-6.3137265204625237],[106.67786346302847,-6.3138838991225725],[106.67740186350528,-6.3141685480400156],[106.67677673845577,-6.3145334029941296],[106.67505001944289,-6.3155198423667684],[106.67426162517393,-6.3159620129364953],[106.67323081325151,-6.3165257826387347],[106.67275871234477,-6.3167925872081128],[106.67245853843087,-6.3169894533006072],[106.67224054456551,-6.3171491836878317],[106.67203407101562,-6.3173179018996279],[106.67186566127128,-6.317478482146214],[106.67184187600185,-6.3175186485667041],[106.67180246591113,-6.3175418753572217],[106.67160206008708,-6.3177507752780002],[106.67156293238349,-6.3177962944633919],[106.67151724502492,-6.31787289691664],[106.67146481005301,-6.3179449002369097],[106.67142236025376,-6.3180275614227526],[106.6713368104455,-6.3181345825449284],[106.67103025674101,-6.3185840888845632],[106.67065493008101,-6.3190994381884593],[106.67039554491851,-6.319356655085528],[106.67010931679158,-6.3195821483973873],[106.66987890868472,-6.3197251190189832],[106.66979666208636,-6.3197693440799299],[106.66946743917106,-6.3199234249260599],[106.66912348805857,-6.3200395795628879],[106.66885811790786,-6.3201051932000496],[106.66867822831762,-6.3201350722757184],[106.66840621397563,-6.320154478746133],[106.66795399707934,-6.3201598647858646],[106.66780264837359,-6.3201679281073666],[106.66774239829311,-6.3201679793687049],[106.66768287306621,-6.3201600959116604],[106.66752784973056,-6.3201603090509479],[106.66741665305614,-6.3201525263179974],[106.6672961537945,-6.3201521171264403],[106.66714055579206,-6.3201591696099513],[106.66574939361971,-6.3201591003621616],[106.66442966010078,-6.3201694254785821],[106.66428830286293,-6.3201669928124034],[106.66410757780255,-6.3201690594544857],[106.66385481614691,-6.3201804736498843],[106.66379710395324,-6.3201752719711521],[106.66373427461713,-6.320180907123131],[106.6635258423438,-6.3201758655237086],[106.66226047464124,-6.3201784375847865],[106.66135674501783,-6.3201718167758827],[106.66081604832203,-6.3201960975717952],[106.66063824875624,-6.3202121774500029],[106.66029733825161,-6.3202803793359976],[106.66005349427343,-6.3203536390091699],[106.65988262308463,-6.3204126003611805],[106.65979710655131,-6.320447208072153],[106.65947327507166,-6.3206094484672235],[106.65919067660849,-6.3207656508141099],[106.6578752346544,-6.3216120819320167],[106.65734067493224,-6.3219710463266665],[106.65694805341002,-6.3221922696574779],[106.65670386858875,-6.3223100970333235],[106.65637240456289,-6.3224515873708356],[106.65603307596575,-6.322573014732825],[106.6557742798592,-6.3226489139162254],[106.65542270789172,-6.3227276378701163],[106.65515678285931,-6.3227720679765298],[106.65488763285805,-6.322800177186366],[106.65470817853969,-6.3228126381926586],[106.6495634035283,-6.3230747509988987],[106.64541120846059,-6.3232803333206675],[106.64432816481303,-6.3233401966926976],[106.64407678541539,-6.3233724877500777],[106.64379023712979,-6.3234301360918721],[106.64344568257224,-6.3235465119619221],[106.64311621863862,-6.3236953893306804],[106.6424666733983,-6.3240148096356847],[106.64179613078687,-6.3243527784579214],[106.64161984208209,-6.3244437556747357],[106.64150530802362,-6.3245091148037318],[106.64146374855324,-6.3245243241382241],[106.63972862537582,-6.3254078289081122],[106.6393949067496,-6.3255441220635475],[106.6392232306676,-6.325600629165649],[106.63905094034868,-6.325650806839235],[106.63878779062412,-6.3257158889770722],[106.63861132385358,-6.3257484237507242],[106.63834344549366,-6.3257865711932482],[106.63798415644374,-6.325810893357982],[106.63581660055576,-6.3258761292798908],[106.63175116668305,-6.3259889941966776],[106.6313896787907,-6.3260032196728275],[106.63120817491739,-6.3260166915170544],[106.6309394934629,-6.3260528298741292],[106.63067274645016,-6.3261139289146513],[106.63041403038324,-6.3261980029354277],[106.63024434899756,-6.3262666589790797],[106.63008077940452,-6.326347130315753],[106.62992651959325,-6.3264413828634929],[106.62977571767527,-6.3265443624323439],[106.62963290713304,-6.3266559305267265],[106.62895489924927,-6.3272545399649971],[106.62874679612781,-6.327427330306989],[106.62860213657939,-6.3275338199297835],[106.62837374205463,-6.327676141240886],[106.62829412057727,-6.327718644999436],[106.62813254837846,-6.3277954542967336],[106.62796552628805,-6.3278619870410466],[106.62788100800219,-6.3278894388464551],[106.62762116958135,-6.3279638199742863],[106.62718139750353,-6.3280646384722559],[106.62594583063566,-6.3283374415196363],[106.62541478006813,-6.3284428933248478],[106.62514788286853,-6.3284869205348855],[106.62111904870517,-6.3290433931380221],[106.62058237377761,-6.3291288431215662],[106.62033390998204,-6.32919043768851],[106.62020751296643,-6.3292147805376544],[106.61971352076245,-6.3293809752517518],[106.6170256459169,-6.3304491477099418],[106.61669191020354,-6.3305890930121791],[106.61644352734697,-6.3307017348971044],[106.61612505043081,-6.3308747905390987],[106.6159700333904,-6.3309708795024449],[106.61575050887893,-6.3311317457334439],[106.61443920380628,-6.3322410855575981],[106.61402161350674,-6.3325855034182155],[106.61387844593361,-6.332695527376643],[106.61358083328889,-6.3328994522478865],[106.61304739681998,-6.333238882468379],[106.61297006771451,-6.3332827433039256],[106.61264764996912,-6.3334443415830606],[106.61207150829352,-6.3336933791460979],[106.61175724110387,-6.3338088053320689],[106.61141154620594,-6.3339181745840278],[106.61115184178414,-6.3339960765576393],[106.61088913452602,-6.3340662974216571],[106.61044855215903,-6.3341686771427135],[106.60991733161961,-6.3342773206417746],[106.60523353739791,-6.3352815719869113],[106.5941212372054,-6.3376789082549863],[106.59288376467407,-6.337942784631764],[106.59182108977154,-6.3381598396048844],[106.59121024145952,-6.3383313331244722],[106.59069317984643,-6.3384960610443386],[106.5906066111063,-6.3385277612471214],[106.59019199486471,-6.3387093739383999],[106.58484852004324,-6.3411516933958865],[106.58361055918004,-6.3417041954921842],[106.58270613797794,-6.3421198711350826],[106.58254666209882,-6.3422047725321704],[106.5823894039479,-6.342296298335441],[106.58216626236316,-6.3424541014755391],[106.58202304982393,-6.342564370948935],[106.58181810242354,-6.3427507626375359],[106.58163183124407,-6.342947597253783],[106.58152985352001,-6.3430781446406286],[106.58146363913568,-6.3431328189244027],[106.58104403975068,-6.3436175112391311],[106.58084452425544,-6.3438186077424916],[106.58071267195231,-6.343940636750915],[106.58050712020747,-6.3441117264749778],[106.5802871910011,-6.3442697598414952],[106.58006137033601,-6.3444116737596801],[106.57982004356023,-6.3445282456819427],[106.57956693566558,-6.3446251116595249],[106.57939720931381,-6.34468075181519],[106.57913663254959,-6.344748120029692],[106.57904836319148,-6.344767014785873],[106.57887231820297,-6.3447949504265466],[106.57851371983236,-6.3448209866991192],[106.57815288035118,-6.3448197959967274],[106.57788293265128,-6.3448069168057373],[106.57671029764219,-6.3447301479778844],[106.57436443317209,-6.3445889598125973],[106.57264902133534,-6.344509359918959],[106.5715494292628,-6.3444496179554335],[106.56633399811557,-6.3441248367917638],[106.56616842932959,-6.3441203977380951],[106.56608596959188,-6.3441093279830625],[106.56543217505492,-6.3440640426214259],[106.56489005832958,-6.3440379146180135],[106.56425682679117,-6.3440321994264082],[106.56385358517485,-6.3440511778195514],[106.56344515806762,-6.3441067694118374],[106.56282294502296,-6.3442267515632693],[106.56238492752243,-6.3443396965197394],[106.56203658591977,-6.344440817189934],[106.56160948708822,-6.3445907422689061],[106.56135707436954,-6.3446913656139827],[106.56110872838519,-6.3448019111792178],[106.55906791215449,-6.3457721861374239],[106.55540202728179,-6.3475352134792615],[106.5532799887805,-6.3485455001746232],[106.55228557152196,-6.3490333266266816],[106.55221579492309,-6.349079874636459],[106.55197859693476,-6.3491830097880211],[106.55116866210415,-6.3495773139418361],[106.54904123396585,-6.3505745460784055],[106.54838092473994,-6.3508692853891375],[106.54813129812095,-6.3509721390529421],[106.54787680706903,-6.3510648591558834],[106.54770661306981,-6.3511191719122166],[106.54761920706079,-6.3511417700765946],[106.54726865222659,-6.3512172052098208],[106.5470911179608,-6.3512423529521698],[106.54692823275178,-6.3512735980980324],[106.54684573074593,-6.3512724343752893],[106.5466535869935,-6.3512887858487375],[106.54639426568286,-6.3512872219276915],[106.54634918356805,-6.3512841156693298],[106.54626561946282,-6.3512677749877753],[106.54610622182474,-6.3512652029267542],[106.54601797494962,-6.3512561818272957],[106.54574876289513,-6.3512244645373812],[106.54529984021553,-6.3511619094944649],[106.54511967273476,-6.3511480896125931],[106.54475667757868,-6.3511323694632438],[106.54448557604854,-6.3511471830959749],[106.54430377809695,-6.3511659339606581],[106.54421477579132,-6.3511811055235512],[106.54394889032909,-6.3512380128240125],[106.5437747492054,-6.3512859763666825],[106.54351820410187,-6.3513798107296111],[106.5432713177172,-6.3514945210552582],[106.54311062775332,-6.3515796203031982],[106.54280507769226,-6.3517747318183524],[106.54155626021333,-6.3526703054901645],[106.54027087629999,-6.3536142878690498],[106.54020399821599,-6.3536695314236908],[106.54015341225022,-6.3536995220152903],[106.53944142797957,-6.3542169163775384],[106.53928938319854,-6.3543145989395384],[106.53905876824763,-6.3544523966607471],[106.53881702238772,-6.3545717861589424],[106.53856545413248,-6.3546723807257308],[106.53839542740712,-6.3547273095176706],[106.53822314698073,-6.3547760626651097],[106.53795819681341,-6.3548293564895744],[106.53771175919042,-6.3548653590490289],[106.5374403932596,-6.354882822983825],[106.53707830102286,-6.3548811448488891],[106.53662664440418,-6.3548557677794406],[106.53545352196255,-6.3548099877906452],[106.53491203386335,-6.3548135500053036],[106.53464364468851,-6.3548356508445636],[106.53446760509598,-6.3548661936198982],[106.53420677921957,-6.3549357606767671],[106.53386453771833,-6.3550473458582815],[106.53361122837555,-6.3551451066612685],[106.53327091322211,-6.3552671185826171],[106.53056062097596,-6.3562773756003708],[106.52963310428441,-6.3566349001804383],[106.52937665181111,-6.3567267614308207],[106.52903147851998,-6.3568394266981159],[106.52867852519387,-6.3569255700589906],[106.52850147026669,-6.3569611679234868],[106.52823217367592,-6.3570048255122629],[106.52805228948165,-6.3570214908490925],[106.52787021903544,-6.3570313573112571],[106.52759920653818,-6.3570366147479263],[106.52714347958795,-6.3570011634728871],[106.52669800400975,-6.3569230330714959],[106.52652136906602,-6.3568846383153641],[106.52643207268204,-6.3568599654150262],[106.52608941389542,-6.3567409050686479],[106.5257562348624,-6.3565983948999474],[106.52469833446065,-6.3560860304459084],[106.5243711790867,-6.3559330881414553],[106.52420631896649,-6.355862472475053],[106.52403744517204,-6.3557979829904525],[106.52378054573563,-6.3557149674717266],[106.52369535745487,-6.3556937389748214],[106.52342886045363,-6.3556449921226204],[106.52307314261151,-6.3556031403725797],[106.52289261000601,-6.355593771235533],[106.52262377476745,-6.3555989378406821],[106.52244554352706,-6.3556120607479443],[106.52226630414668,-6.3556346085503037],[106.52207314146239,-6.3556742740484538],[106.52138880954601,-6.3558367671530505],[106.52112159398644,-6.3558956349755249],[106.52094322874706,-6.3559245697630331],[106.52067272886342,-6.3559533004044511],[106.52057664349735,-6.3559533120956075],[106.5203967332227,-6.3559375289937066],[106.52030391059708,-6.3559211469433308],[106.52012783233363,-6.3558803617892181],[106.52003969967245,-6.3558512228556197],[106.51986962258508,-6.3557830389560195],[106.51970647927067,-6.3556959962731412],[106.51955699396018,-6.3555947775768686],[106.51934012424738,-6.3554127404055976],[106.51889516038341,-6.3549685328714531],[106.51850654803883,-6.3545923968216016],[106.51844092990507,-6.3545337511316689],[106.51830034968145,-6.3544242334915566],[106.51815614878728,-6.3543225012823541],[106.51800060744216,-6.3542348830333708],[106.51784167115625,-6.3541551941068519],[106.51759116410102,-6.3540518736949707],[106.51733711281759,-6.3539747145613887],[106.51716320731623,-6.3539373000663204],[106.51698406955921,-6.3539144033269963],[106.51689744416177,-6.3539073274611724],[106.51680710006769,-6.3539070855435398],[106.51651930801972,-6.3539139401761418],[106.51610055399743,-6.3539380096314062],[106.51563725655421,-6.3539749762641122],[106.51509978392795,-6.3540272106871498],[106.51492140879606,-6.3540558019336686],[106.51474923359029,-6.3540991798332129],[106.51440771064739,-6.3542070463180949],[106.51415675303178,-6.3543093513953863],[106.51391347922373,-6.354425416100014],[106.51383476156508,-6.3544660591612683],[106.51324344113198,-6.3548144412334295],[106.51320713280302,-6.354843813990783],[106.51316537278376,-6.3548602095310116],[106.51289906284154,-6.3550151870012428],[106.51273905636242,-6.3551005308647746],[106.51248728306172,-6.3552056786990647],[106.51231084956612,-6.3552525864376435],[106.51221958546557,-6.3552694622158583],[106.51213040779214,-6.3552835797733565],[106.51194937426425,-6.3553010814796949],[106.51185779180372,-6.3553020041841251],[106.51167656312293,-6.3552934894029818],[106.51149619869068,-6.3552660924561337],[106.51131619848383,-6.3552286258004074],[106.51114306909744,-6.3551722077311297],[106.51097538330737,-6.3551002179007128],[106.51081390014144,-6.3550136023957862],[106.51054987627583,-6.3548513754905116],[106.51051360212108,-6.3548216735813412],[106.51047342400938,-6.3548028534688683],[106.50906541213914,-6.3538881206401925],[106.50875817944649,-6.3536805265350154],[106.50855434990336,-6.3535113118974778],[106.50842464158399,-6.353382540671646],[106.50825087907486,-6.3531724779274441],[106.50819982905892,-6.3530979367203599],[106.50806317977197,-6.3528612252653147],[106.50801942055989,-6.3527808105858981],[106.5073807697068,-6.351482852351694],[106.50729915802975,-6.3513214914935929],[106.50721247597505,-6.351164129920619],[106.50711958500091,-6.3510103395555007],[106.5070195758928,-6.3508598595947774],[106.50691403235675,-6.3507147476873911],[106.50674643470029,-6.3505015274234893],[106.50650566640343,-6.3502337003249636],[106.50631703000698,-6.3500403038169111],[106.50496038651266,-6.348712167932149],[106.50361672113485,-6.34737076524857],[106.50265294287908,-6.3464170144335981],[106.502390071045,-6.3461695353956884],[106.50212000373523,-6.3459310279944816],[106.50190932225746,-6.3457629788783265],[106.50161406583652,-6.3455553541961649],[106.50146329089824,-6.3454558118361888],[106.50112477348955,-6.3452543304229607],[106.50067793993503,-6.3450143427376702],[106.49970783854599,-6.3445292547212944],[106.49816150285113,-6.3437822400582604],[106.4969441616438,-6.3431850956156381],[106.49621070605929,-6.3428333374885142],[106.49580762991826,-6.3426276544426514],[106.49557155338454,-6.3424909098275748],[106.49534621025947,-6.3423381752665478],[106.49520134296768,-6.3422285569023416],[106.49499084944819,-6.3420575364261254],[106.49479079795702,-6.3418710575032264],[106.49460362475753,-6.3416748182382321],[106.49433390548541,-6.3413466205500413],[106.4941792238921,-6.3411250896511433],[106.49403796378107,-6.3408952409225776],[106.49371098377492,-6.3402731277026305],[106.49362616961207,-6.3400903063225087],[106.49346355779704,-6.3397672338707025],[106.49334452892691,-6.3395158131042422],[106.49322069857647,-6.3392821782298938],[106.49212464443684,-6.337100655870529],[106.49195883013596,-6.3367787282556378],[106.49189799369753,-6.3366474470220169],[106.49178860196247,-6.3364328139231816],[106.49159377553235,-6.3360743054847717],[106.49148500882615,-6.335859104913709],[106.4914270682047,-6.3357307869462147],[106.49118177272072,-6.3352468842362555],[106.49109464909884,-6.3350874946920612],[106.49104563874528,-6.3350087707381135],[106.49089165772386,-6.3347860113652814],[106.49078112384984,-6.3346421567101174],[106.49060035202467,-6.3344361139354532],[106.49046896557036,-6.3343119193595498],[106.49025968793433,-6.3341370776639678],[106.49010971249328,-6.3340328957015117],[106.489953436402,-6.3339386350598943],[106.48971014910416,-6.3338152507731706],[106.48954081575613,-6.3337437393820437],[106.48936894002463,-6.3336815926313648],[106.48919562088128,-6.3336305588031792],[106.48901925483483,-6.3335861502805528],[106.48874930173895,-6.3335420439301515],[106.48856717193752,-6.3335253749959861],[106.48838524178552,-6.3335177001816874],[106.4882011613546,-6.3335215303942505],[106.4880211278728,-6.3335370751758546],[106.48784013211645,-6.3335616851236409],[106.48757187514201,-6.3336182803593033],[106.48739700286944,-6.3336679607077713],[106.48594938125899,-6.3341834071384824],[106.48569369051148,-6.3342700604148945],[106.48543350944897,-6.3343413002107809],[106.48516895768131,-6.3343944312579765],[106.48481226227614,-6.3344339825422367],[106.48463219192217,-6.3344456800240891],[106.48436384861276,-6.3344514096048101],[106.48400348037637,-6.3344262384800913],[106.4838253354709,-6.3344051952435052],[106.48355990506565,-6.3343593999662744],[106.48329754404648,-6.3343009602210714],[106.48295269451131,-6.3341953789135346],[106.48252238150275,-6.3340437469213384],[106.48245907552598,-6.3340274341187524],[106.48237138263329,-6.3339895213992463],[106.48193339570969,-6.3338271658909662],[106.48057391125707,-6.3333329155815363],[106.47972173526995,-6.3330318063727304],[106.47810849091417,-6.3324417198094807],[106.47640632609114,-6.331833284378547],[106.47580934442578,-6.3316248098370806],[106.47530161957417,-6.3314369846290788],[106.47505142278499,-6.3313323952737619],[106.47466924239166,-6.3311514291950743],[106.47304995549109,-6.3302892041833729],[106.47272877701153,-6.3301232639773843],[106.47231553853135,-6.3299337156684032],[106.47214670880362,-6.3298656801569564],[106.47188982825304,-6.3297769548425435],[106.47171488133677,-6.3297263850645891],[106.47153744060046,-6.329681741818888],[106.47126977448056,-6.3296285819934042],[106.47002158023179,-6.3294269701784742],[106.46796748820907,-6.3291059247985686],[106.46734590558913,-6.3289890489054415],[106.46529470398747,-6.328650906514099],[106.46475639768965,-6.3285815624890915],[106.46457858553333,-6.3285542006158266],[106.46431315692672,-6.3285054528643059],[106.46413739342603,-6.3284640867481698],[106.4638800794022,-6.3283837323233456],[106.46363046447442,-6.3282838581135366],[106.46346669163455,-6.3282073356999149],[106.46135835520397,-6.3271692896309446],[106.46095165839239,-6.3269721564398083],[106.46080409853039,-6.3269056488765614],[106.46051629299257,-6.3267524988287391],[106.4602960849964,-6.3266608021542652],[106.46003835998238,-6.3265765374771945],[106.45977113722824,-6.3265142198553121],[106.4595027588453,-6.3264759555008823],[106.45922817244224,-6.3264666286319766],[106.45895681910196,-6.3264788666063509],[106.45832585565375,-6.3265245557635694],[106.45811033222611,-6.3265463679205141],[106.45781912545232,-6.3265546983406011],[106.45760460117145,-6.3265767605090559],[106.45510917225056,-6.3267616440346046],[106.45384680198839,-6.3268491624588137],[106.45294342130194,-6.3268996063317218],[106.45258157907665,-6.3269013752981778],[106.45203934004354,-6.3268939343075772],[106.4498702013488,-6.3268912210529606],[106.44797214349967,-6.3268726680391296],[106.44546130829281,-6.3268710654472784],[106.44532954412324,-6.3268701733197759],[106.4452627002135,-6.3268627826911938],[106.44516330804032,-6.3268690473685751],[106.4425489761544,-6.326841962486526],[106.44029142151197,-6.3268300563619846],[106.43957303676632,-6.3269009535161445],[106.43921627840859,-6.3269595911121996],[106.43886309665464,-6.3270331412663836],[106.43851246537804,-6.3271187908994193],[106.43790808678881,-6.3272987308516804],[106.43773923367877,-6.3273631852627545],[106.43587248123009,-6.3281207255909635],[106.43438410414313,-6.3287092284480764],[106.43204360682705,-6.3296725876197684],[106.43189516922672,-6.3297416078888205],[106.43181497578058,-6.3297665928539573],[106.43168940434259,-6.3298178137410446],[106.43160818387065,-6.329842738451589],[106.43145769221877,-6.329911638211513],[106.43078726831783,-6.3301828224792303],[106.42978608366087,-6.3305997868506552],[106.4270231648872,-6.3317249601387289],[106.42274615201336,-6.3334437102589618],[106.42216710013162,-6.3336986995353186],[106.42091575645708,-6.3342231337905446],[106.42057578034803,-6.3343488707037636],[106.42005659363696,-6.3345074085900137],[106.41961980011376,-6.334623491281036],[106.41926559852863,-6.3346998572125699],[106.4188208505019,-6.3347829824486439],[106.41846331692858,-6.3348400291440043],[106.41434140832939,-6.3353850201025352],[106.41254401159694,-6.3356328309903347],[106.41067164468069,-6.3358653695910903],[106.41058978569009,-6.3358814179929936],[106.41042570977874,-6.3358981480810144],[106.40935193184623,-6.3360506641068355],[106.40755974218843,-6.3362876246740711],[106.4072010062215,-6.3363265554261261],[106.40684153550853,-6.33634145089718],[106.40648288587653,-6.336337832025265],[106.40612577138728,-6.3363086679106573],[106.4057698215201,-6.3362453241623484],[106.40568407206234,-6.3362245687088148],[106.40551125024405,-6.3361793103268838],[106.40516975518011,-6.3360691676579108],[106.40472993184096,-6.3358858165771039],[106.4046454270449,-6.3358628685764984],[106.40450216774093,-6.3357919228589026],[106.40441859554181,-6.3357574932136913],[106.40426328172515,-6.3357074423445283],[106.40418757499663,-6.335662266700183],[106.40406178052683,-6.3356107508354285],[106.40398659990171,-6.3355662793602505],[106.40383233739254,-6.3355176368294224],[106.4035810524237,-6.3354156896822929],[106.39998198717905,-6.3339476561593528],[106.39831286164929,-6.3332537635503172],[106.39818017567461,-6.3332064556133787],[106.39787969958854,-6.3330662719907878],[106.39772853794176,-6.3330110365300811],[106.39461812023012,-6.3317248234417889],[106.39459584851966,-6.3317211047451565],[106.39456256820802,-6.331701408692993],[106.39347311149498,-6.331238555514858],[106.39327784439706,-6.3311660602654456],[106.39322334997769,-6.3311329112548265],[106.39316682398982,-6.3311191489295311],[106.39311131603449,-6.3310956901139548],[106.39297356058142,-6.3310273470343645],[106.39264050835283,-6.3308865950402833],[106.39249516352106,-6.3308135709894486],[106.39227313169971,-6.3307197330291842],[106.39214093585559,-6.3306754585055387],[106.39180710121678,-6.3305345815056739],[106.3908016924442,-6.3301274071540661],[106.39021909813295,-6.329881483943268],[106.39013084945918,-6.3298485291862221],[106.38960061997267,-6.3297205106929937],[106.38915243024053,-6.3296623749185983],[106.38897025277498,-6.3296496998736984],[106.38887844998055,-6.3296453696380581],[106.38842666565813,-6.329649788906579],[106.38833362449725,-6.3296562586293703],[106.38044457545686,-6.3302987747686075],[106.3803981767345,-6.3302904416505044],[106.38035420708104,-6.330306463072759],[106.37698435924085,-6.330610706418895],[106.37635313319061,-6.3306813859371687],[106.37537727883841,-6.3308720215265453],[106.37467945079607,-6.3310718104156649],[106.37342024974481,-6.331460161057521],[106.37337571531708,-6.3314853753497573],[106.3733338707616,-6.3314867989765276],[106.3710523204083,-6.3321903709887692],[106.37087893741307,-6.332234608640249],[106.37052644723781,-6.3323145205985725],[106.37017113319132,-6.332374220293957],[106.36972447230659,-6.3324323704574681],[106.36927646243885,-6.3324591783483584],[106.36566225440959,-6.3325591361951297],[106.36512163055886,-6.3325525756408183],[106.36503126488105,-6.3325509163916536],[106.36458354999093,-6.3325108201182161],[106.3640505829681,-6.332428813638785],[106.36362539069927,-6.3323026405543601],[106.36329340776462,-6.3321689329498554],[106.36257835410782,-6.3317896384809842],[106.36182868734409,-6.3312847788694171],[106.36170932662418,-6.3311852697843278],[106.36162867092651,-6.3311500649235199],[106.36151805791212,-6.3310725829333023],[106.36137192707281,-6.3309963887722915],[106.36125337034684,-6.3308808447750948],[106.36114320249686,-6.3308014040615035],[106.36108114837634,-6.3307372329368832],[106.36094383898705,-6.3306584909965409],[106.35984151477413,-6.3298687405498981],[106.35952505863463,-6.3296858894921684],[106.35911005388596,-6.3294894316918544],[106.35868013747842,-6.3293434339522605],[106.35833101076759,-6.3292494512011785],[106.35797343132884,-6.3291768974957563],[106.35743001688184,-6.3291133496013572],[106.35688804674601,-6.329133051049439],[106.35679587612884,-6.3291403940139048],[106.35625980734432,-6.3292319701792508],[106.35591061678161,-6.329325720905274],[106.35582163965699,-6.3293509675730206],[106.35523105127209,-6.3295781174361423],[106.35423823300812,-6.3300181098478561],[106.34761224850655,-6.3328231492689042],[106.34710777020751,-6.3330232196458383],[106.34659254051337,-6.3331981845485075],[106.34615922466855,-6.3333266976688947],[106.34562823525494,-6.333443166169161],[106.345094136885,-6.3335406769606379],[106.33620695009074,-6.3345979289512115],[106.33606995996075,-6.3346076677096335],[106.33583060000223,-6.3346361222592122],[106.33534330684819,-6.3347071749960833],[106.33528346685858,-6.3347142877341298],[106.33521961049667,-6.3347152769883905],[106.33516380396645,-6.3347285329953706],[106.33510396847345,-6.3347356817063201],[106.33495034897948,-6.3347474457380031],[106.33126994814967,-6.3351833399391353],[106.3301930189927,-6.3353125392422385],[106.32991195117569,-6.3353524124838145],[106.32965442671048,-6.3353766671993981],[106.32929538587342,-6.3354193526209883],[106.32915555028848,-6.3354299493326494],[106.32891618673267,-6.3354583840970804],[106.32875681967153,-6.3354833483778066],[106.32656996343314,-6.3357409061178487],[106.32643435286315,-6.3357514317830805],[106.32641686374734,-6.335746774194206],[106.32629260531957,-6.3357606147604884],[106.32596951218329,-6.33578155907162],[106.32587656545121,-6.3357829008601243],[106.32506167895338,-6.3357529966034463],[106.32066487998031,-6.3352250729786874],[106.31985502429001,-6.3351481539640986],[106.31895446387745,-6.335155192058437],[106.31848024686599,-6.3351827634737106],[106.31830197695473,-6.335201553009199],[106.31823492170435,-6.3352033849282066],[106.31734812361708,-6.335363287086011],[106.31726322671659,-6.3353827439184442],[106.31657393683776,-6.3355958607602929],[106.31555761659081,-6.3359750814847757],[106.31546790202214,-6.3360048418498991],[106.31476158168169,-6.336159917346265],[106.31466883729706,-6.3361748182132374],[106.3139477150151,-6.3362287469590797],[106.31141945274561,-6.3363266201773172],[106.31079019081471,-6.3363929343863674],[106.31070582901089,-6.3364097975740492],[106.31044460923141,-6.3364826444584423],[106.31036251461842,-6.3365109200428833],[106.31003526841295,-6.3366579843784052],[106.30980240515692,-6.3367969395271189],[106.30972875517796,-6.3368450973233621],[106.30835577819664,-6.3378790829532932],[106.3080551932926,-6.3380797882516049],[106.30797467429187,-6.3381283048773298],[106.3073337589459,-6.3384796646047903],[106.30695200573052,-6.3386390451557872],[106.3069004664834,-6.3386441694927953],[106.30686755399449,-6.3386732229907921],[106.30599108102365,-6.3390152324669771],[106.30222275257802,-6.3403812594875149],[106.30206907552747,-6.3404198808727301],[106.30193422398531,-6.3404882761129784],[106.30072621054626,-6.3409364865295856],[106.30063820828673,-6.3409673179872925],[106.30010948426536,-6.3410978078175049],[106.29966557710475,-6.3411828297237776],[106.2995704297316,-6.3411918058571359],[106.2991156146939,-6.3412095953465268],[106.29848384365454,-6.3411777269704999],[106.29804441331908,-6.3411295125169431],[106.29794406606584,-6.3411123822306195],[106.29787526792933,-6.341112062071943],[106.28906656766804,-6.3402353085126038],[106.28898123459635,-6.3402329477922876],[106.28891973086093,-6.3402202835392245],[106.28874244211005,-6.3402046596173136],[106.28865649839872,-6.3401889745414906],[106.288498559461,-6.3401906535757462],[106.28831995230399,-6.3401812187881887],[106.28787022023454,-6.3401924818974749],[106.28751265248701,-6.3402300438813768],[106.28724704581458,-6.3402847793190631],[106.28716119113614,-6.3403063027935787],[106.28560588290526,-6.3407885201740442],[106.28516589409082,-6.3408919512025363],[106.28471606759251,-6.3409515456772283],[106.28462438980381,-6.3409588121994034],[106.28426197740839,-6.3409682946510202],[106.28335813626904,-6.3409548210081539],[106.28164082416475,-6.340942731421876],[106.28155281740868,-6.3409455642863009],[106.28065577064734,-6.3410344334922684],[106.27977251139237,-6.3412208944287158],[106.27654550287269,-6.3421028649552227],[106.27557811383895,-6.3423380295763536],[106.27495385033995,-6.3424414507123288],[106.27459270688797,-6.3424763983670687],[106.27450102100539,-6.3424798247840499],[106.27124795642811,-6.3424996791168269],[106.27098075255975,-6.3425267882806224],[106.27071780158536,-6.3425759901897436],[106.27063294335574,-6.3425961574866392],[106.27037287290983,-6.3426729128246393],[106.27029269745009,-6.3427018026460473],[106.26996839382639,-6.3428499821409332],[106.26951570028939,-6.3431482521900193],[106.26913170056758,-6.3435226579442769],[106.26907630772547,-6.3435829377023651],[106.26880292191737,-6.3440515474409267],[106.26876540489957,-6.3441272703572054],[106.26861742235621,-6.3445501270866771],[106.26855129880346,-6.3449057217216591],[106.2685386795165,-6.3452605087654206],[106.26857314603393,-6.3456191925716325],[106.26868313401945,-6.3463623500423978],[106.26872399561597,-6.3466963276733281],[106.26873437738965,-6.3470604991426853],[106.2687150095901,-6.3473310979517805],[106.26867989915809,-6.3476019890405269],[106.26859856717022,-6.3479604327277457],[106.26854341444709,-6.3481326870738144],[106.26840402132859,-6.3484729563617748],[106.26823721957209,-6.34879392440007],[106.26818497075988,-6.3488740917658788],[106.26792174189495,-6.3492415925254022],[106.26785853934018,-6.349313689375208],[106.26773237165168,-6.3494487261777408],[106.26732487444349,-6.3498119083928373],[106.26702322833938,-6.3500230575180581],[106.26670658783883,-6.3502037888737277],[106.266048850674,-6.3505167817240249],[106.26601192810807,-6.35052445833702],[106.26599443719357,-6.3505426911921745],[106.26540047814962,-6.3508253508092594],[106.26049493809097,-6.3531443381406234],[106.26024555788626,-6.3532508691322391],[106.25990070115648,-6.353371095],[106.25946187786343,-6.3534975684579535],[106.25919624960727,-6.3535519639519293],[106.25883738054074,-6.3536085034296548],[106.25847286283243,-6.3536344416760926],[106.25810979573055,-6.3536371045686906],[106.25783896489639,-6.3536251876522556],[106.25765732522547,-6.3536096554611845],[106.25738697103196,-6.3535765154437627],[106.25711854768286,-6.3535304125983885],[106.25535153364643,-6.3531497529587],[106.25517425119079,-6.3531173827609564],[106.25490667590242,-6.353081795688297],[106.25477268770942,-6.353058869271365],[106.25465442506174,-6.3530500568145953],[106.25432009669515,-6.3530708986030504],[106.25409766017896,-6.3530619053825603],[106.25364637947689,-6.3530553322377727],[106.25346238807879,-6.353047036891212],[106.25307427395865,-6.3530121126188419],[106.25279141199411,-6.3529801669011476],[106.25195340212787,-6.3528400003656884]]},"properties":{"OBJECTID":41,"LINE_ID":"KRL_RK","GEOM_ID":"KRL_RK_AG_01","LINE_NAME":"Commuter Line Rangkasbitung","MODE":"KRL","OPERATOR":"KAI Commuter","STATUS":"Eksisting","STRUCTURE":"AT_GRADE","COLOR":"#98CA3F","SOURCE":"OpenStreetMap; KAI Commuter","SRC_URL":"https://www.openstreetmap.org; https://kci.id/files/download/annual_report/AR%20KCI%2019082024%20LR%20-%20LK%20under%2010MB.pdf","REMARK":"Koridor Commuter Line Rangkasbitung Tanah Abang–Rangkasbitung. Tidak ditemukan koridor elevated OSM yang kontinu \u003e= 500 m. Segmen bridge/layer\u003e0 yang ada merupakan jembatan pendek dan digeneralisasi sebagai AT_GRADE; karena itu tidak dibuat segmen TRANSIT","Shape_Length":0.65769495146390367,"RELATION":"Tanah Abang - Rangkasbitung"}}]}